STRUCTURE,STRUCTURE_ID,STRUCTURE_NAME,ACTION,PATENT_AUTHORITIES,Patent authorities,FREQ,Frequency of observation,MEASURE,Measure,UNIT_MEASURE,Unit of measure,DATE_TYPE,Reference date type,REF_AREA,Reference area,PARTNER_AREA,Counterpart area,AGENT_ROLE,Agent role,COOPERATION_TYPE,Cooperation type,WIPO,World Intellectual Property Organization domains,OECD_TECHNOLOGY_PATENT,Selected OECD technology domains,TIME_PERIOD,Time period,OBS_VALUE,Observation value,OBS_STATUS,Observation status,DECIMALS,Decimals,UNIT_MULT,Unit multiplier
DATAFLOW,OECD.STI.PIE:DSD_PATENTS@DF_PATENTS_OECDSPECIFIC(1.0),Patents in OECD selected technologies,I,6F0,European Patent Office,A,Annual,AP,Patent applications,PATN,Patents,PRIORITY,Priority date,COL,Colombia,_Z,Not applicable,INVENTOR,Inventor,_Z,Not applicable,_Z,Not applicable,AI,Technologies related to artificial intelligence,2010,,0,,A,Normal value,1,One,0,Units
DATAFLOW,OECD.STI.PIE:DSD_PATENTS@DF_PATENTS_OECDSPECIFIC(1.0),Patents in OECD selected technologies,I,6F0,European Patent Office,A,Annual,AP,Patent applications,PATN,Patents,PRIORITY,Priority date,GTM,Guatemala,_Z,Not applicable,INVENTOR,Inventor,_Z,Not applicable,_Z,Not applicable,AI,Technologies related to artificial intelligence,2010,,0,,A,Normal value,1,One,0,Units
DATAFLOW,OECD.STI.PIE:DSD_PATENTS@DF_PATENTS_OECDSPECIFIC(1.0),Patents in OECD selected technologies,I,6F0,European Patent Office,A,Annual,AP,Patent applications,PATN,Patents,PRIORITY,Priority date,VEN,Venezuela,_Z,Not applicable,INVENTOR,Inventor,_Z,Not applicable,_Z,Not applicable,AI,Technologies related to artificial intelligence,2010,,0,,A,Normal value,1,One,0,Units
DATAFLOW,OECD.STI.PIE:DSD_PATENTS@DF_PATENTS_OECDSPECIFIC(1.0),Patents in OECD selected technologies,I,6F0,European Patent Office,A,Annual,AP,Patent applications,PATN,Patents,PRIORITY,Priority date,LBN,Lebanon,_Z,Not applicable,INVENTOR,Inventor,_Z,Not applicable,_Z,Not applicable,AI,Technologies related to artificial intelligence,2010,,0,,A,Normal value,1,One,0,Units
DATAFLOW,OECD.STI.PIE:DSD_PATENTS@DF_PATENTS_OECDSPECIFIC(1.0),Patents in OECD selected technologies,I,6F0,European Patent Office,A,Annual,AP,Patent applications,PATN,Patents,PRIORITY,Priority date,HRV,Croatia,_Z,Not applicable,INVENTOR,Inventor,_Z,Not applicable,_Z,Not applicable,AI,Technologies related to artificial intelligence,2010,,0,,A,Normal value,1,One,0,Units
DATAFLOW,OECD.STI.PIE:DSD_PATENTS@DF_PATENTS_OECDSPECIFIC(1.0),Patents in OECD selected technologies,I,6F0,European Patent Office,A,Annual,AP,Patent applications,PATN,Patents,PRIORITY,Priority date,THA,Thailand,_Z,Not applicable,INVENTOR,Inventor,_Z,Not applicable,_Z,Not applicable,AI,Technologies related to artificial intelligence,2010,,0,,A,Normal value,1,One,0,Units
DATAFLOW,OECD.STI.PIE:DSD_PATENTS@DF_PATENTS_OECDSPECIFIC(1.0),Patents in OECD selected technologies,I,6F0,European Patent Office,A,Annual,AP,Patent applications,PATN,Patents,PRIORITY,Priority date,UKR,Ukraine,_Z,Not applicable,INVENTOR,Inventor,_Z,Not applicable,_Z,Not applicable,AI,Technologies related to artificial intelligence,2010,,0,,A,Normal value,1,One,0,Units
DATAFLOW,OECD.STI.PIE:DSD_PATENTS@DF_PATENTS_OECDSPECIFIC(1.0),Patents in OECD selected technologies,I,6F0,European Patent Office,A,Annual,AP,Patent applications,PATN,Patents,PRIORITY,Priority date,DJI,Djibouti,_Z,Not applicable,INVENTOR,Inventor,_Z,Not applicable,_Z,Not applicable,AI,Technologies related to artificial intelligence,2010,,0,,A,Normal value,1,One,0,Units
DATAFLOW,OECD.STI.PIE:DSD_PATENTS@DF_PATENTS_OECDSPECIFIC(1.0),Patents in OECD selected technologies,I,6F0,European Patent Office,A,Annual,AP,Patent applications,PATN,Patents,PRIORITY,Priority date,PAN,Panama,_Z,Not applicable,INVENTOR,Inventor,_Z,Not applicable,_Z,Not applicable,AI,Technologies related to artificial intelligence,2010,,0,,A,Normal value,1,One,0,Units
DATAFLOW,OECD.STI.PIE:DSD_PATENTS@DF_PATENTS_OECDSPECIFIC(1.0),Patents in OECD selected technologies,I,6F0,European Patent Office,A,Annual,AP,Patent applications,PATN,Patents,PRIORITY,Priority date,ARM,Armenia,_Z,Not applicable,INVENTOR,Inventor,_Z,Not applicable,_Z,Not applicable,AI,Technologies related to artificial intelligence,2010,,0,,A,Normal value,1,One,0,Units
DATAFLOW,OECD.STI.PIE:DSD_PATENTS@DF_PATENTS_OECDSPECIFIC(1.0),Patents in OECD selected technologies,I,6F0,European Patent Office,A,Annual,AP,Patent applications,PATN,Patents,PRIORITY,Priority date,CYM,Cayman Islands,_Z,Not applicable,INVENTOR,Inventor,_Z,Not applicable,_Z,Not applicable,AI,Technologies related to artificial intelligence,2010,,0,,A,Normal value,1,One,0,Units
DATAFLOW,OECD.STI.PIE:DSD_PATENTS@DF_PATENTS_OECDSPECIFIC(1.0),Patents in OECD selected technologies,I,6F0,European Patent Office,A,Annual,AP,Patent applications,PATN,Patents,PRIORITY,Priority date,KWT,Kuwait,_Z,Not applicable,INVENTOR,Inventor,_Z,Not applicable,_Z,Not applicable,AI,Technologies related to artificial intelligence,2010,,0,,A,Normal value,1,One,0,Units
DATAFLOW,OECD.STI.PIE:DSD_PATENTS@DF_PATENTS_OECDSPECIFIC(1.0),Patents in OECD selected technologies,I,6F0,European Patent Office,A,Annual,AP,Patent applications,PATN,Patents,PRIORITY,Priority date,MNG,Mongolia,_Z,Not applicable,INVENTOR,Inventor,_Z,Not applicable,_Z,Not applicable,AI,Technologies related to artificial intelligence,2010,,0,,A,Normal value,1,One,0,Units
DATAFLOW,OECD.STI.PIE:DSD_PATENTS@DF_PATENTS_OECDSPECIFIC(1.0),Patents in OECD selected technologies,I,6F0,European Patent Office,A,Annual,AP,Patent applications,PATN,Patents,PRIORITY,Priority date,YUG_F,Former Yugoslavia,_Z,Not applicable,INVENTOR,Inventor,_Z,Not applicable,_Z,Not applicable,AI,Technologies related to artificial intelligence,2010,,0,,A,Normal value,1,One,0,Units
DATAFLOW,OECD.STI.PIE:DSD_PATENTS@DF_PATENTS_OECDSPECIFIC(1.0),Patents in OECD selected technologies,I,6F0,European Patent Office,A,Annual,AP,Patent applications,PATN,Patents,PRIORITY,Priority date,LUX,Luxembourg,_Z,Not applicable,INVENTOR,Inventor,_Z,Not applicable,_Z,Not applicable,AI,Technologies related to artificial intelligence,2010,,0,,A,Normal value,1,One,0,Units
DATAFLOW,OECD.STI.PIE:DSD_PATENTS@DF_PATENTS_OECDSPECIFIC(1.0),Patents in OECD selected technologies,I,6F0,European Patent Office,A,Annual,AP,Patent applications,PATN,Patents,PRIORITY,Priority date,MYS,Malaysia,_Z,Not applicable,INVENTOR,Inventor,_Z,Not applicable,_Z,Not applicable,AI,Technologies related to artificial intelligence,2010,,0,,A,Normal value,1,One,0,Units
DATAFLOW,OECD.STI.PIE:DSD_PATENTS@DF_PATENTS_OECDSPECIFIC(1.0),Patents in OECD selected technologies,I,6F0,European Patent Office,A,Annual,AP,Patent applications,PATN,Patents,PRIORITY,Priority date,BIH,Bosnia and Herzegovina,_Z,Not applicable,INVENTOR,Inventor,_Z,Not applicable,_Z,Not applicable,AI,Technologies related to artificial intelligence,2010,,0,,A,Normal value,1,One,0,Units
DATAFLOW,OECD.STI.PIE:DSD_PATENTS@DF_PATENTS_OECDSPECIFIC(1.0),Patents in OECD selected technologies,I,6F0,European Patent Office,A,Annual,AP,Patent applications,PATN,Patents,PRIORITY,Priority date,SLV,El Salvador,_Z,Not applicable,INVENTOR,Inventor,_Z,Not applicable,_Z,Not applicable,AI,Technologies related to artificial intelligence,2010,,0,,A,Normal value,1,One,0,Units
DATAFLOW,OECD.STI.PIE:DSD_PATENTS@DF_PATENTS_OECDSPECIFIC(1.0),Patents in OECD selected technologies,I,6F0,European Patent Office,A,Annual,AP,Patent applications,PATN,Patents,PRIORITY,Priority date,ZWE,Zimbabwe,_Z,Not applicable,INVENTOR,Inventor,_Z,Not applicable,_Z,Not applicable,AI,Technologies related to artificial intelligence,2010,,0,,A,Normal value,1,One,0,Units
DATAFLOW,OECD.STI.PIE:DSD_PATENTS@DF_PATENTS_OECDSPECIFIC(1.0),Patents in OECD selected technologies,I,6F0,European Patent Office,A,Annual,AP,Patent applications,PATN,Patents,PRIORITY,Priority date,KEN,Kenya,_Z,Not applicable,INVENTOR,Inventor,_Z,Not applicable,_Z,Not applicable,AI,Technologies related to artificial intelligence,2010,,0,,A,Normal value,1,One,0,Units
DATAFLOW,OECD.STI.PIE:DSD_PATENTS@DF_PATENTS_OECDSPECIFIC(1.0),Patents in OECD selected technologies,I,6F0,European Patent Office,A,Annual,AP,Patent applications,PATN,Patents,PRIORITY,Priority date,CUB,Cuba,_Z,Not applicable,INVENTOR,Inventor,_Z,Not applicable,_Z,Not applicable,AI,Technologies related to artificial intelligence,2010,,0,,A,Normal value,1,One,0,Units
DATAFLOW,OECD.STI.PIE:DSD_PATENTS@DF_PATENTS_OECDSPECIFIC(1.0),Patents in OECD selected technologies,I,6F0,European Patent Office,A,Annual,AP,Patent applications,PATN,Patents,PRIORITY,Priority date,LTU,Lithuania,_Z,Not applicable,INVENTOR,Inventor,_Z,Not applicable,_Z,Not applicable,AI,Technologies related to artificial intelligence,2010,,0,,A,Normal value,1,One,0,Units
DATAFLOW,OECD.STI.PIE:DSD_PATENTS@DF_PATENTS_OECDSPECIFIC(1.0),Patents in OECD selected technologies,I,6F0,European Patent Office,A,Annual,AP,Patent applications,PATN,Patents,PRIORITY,Priority date,JOR,Jordan,_Z,Not applicable,INVENTOR,Inventor,_Z,Not applicable,_Z,Not applicable,AI,Technologies related to artificial intelligence,2010,,0,,A,Normal value,1,One,0,Units
DATAFLOW,OECD.STI.PIE:DSD_PATENTS@DF_PATENTS_OECDSPECIFIC(1.0),Patents in OECD selected technologies,I,6F0,European Patent Office,A,Annual,AP,Patent applications,PATN,Patents,PRIORITY,Priority date,SVN,Slovenia,_Z,Not applicable,INVENTOR,Inventor,_Z,Not applicable,_Z,Not applicable,AI,Technologies related to artificial intelligence,2010,,0,,A,Normal value,1,One,0,Units
DATAFLOW,OECD.STI.PIE:DSD_PATENTS@DF_PATENTS_OECDSPECIFIC(1.0),Patents in OECD selected technologies,I,6F0,European Patent Office,A,Annual,AP,Patent applications,PATN,Patents,PRIORITY,Priority date,POL,Poland,_Z,Not applicable,INVENTOR,Inventor,_Z,Not applicable,_Z,Not applicable,AI,Technologies related to artificial intelligence,2010,,0,,A,Normal value,1,One,0,Units
DATAFLOW,OECD.STI.PIE:DSD_PATENTS@DF_PATENTS_OECDSPECIFIC(1.0),Patents in OECD selected technologies,I,6F0,European Patent Office,A,Annual,AP,Patent applications,PATN,Patents,PRIORITY,Priority date,PRK,Democratic People’s Republic of Korea,_Z,Not applicable,INVENTOR,Inventor,_Z,Not applicable,_Z,Not applicable,AI,Technologies related to artificial intelligence,2010,,0,,A,Normal value,1,One,0,Units
DATAFLOW,OECD.STI.PIE:DSD_PATENTS@DF_PATENTS_OECDSPECIFIC(1.0),Patents in OECD selected technologies,I,6F0,European Patent Office,A,Annual,AP,Patent applications,PATN,Patents,PRIORITY,Priority date,ISL,Iceland,_Z,Not applicable,INVENTOR,Inventor,_Z,Not applicable,_Z,Not applicable,AI,Technologies related to artificial intelligence,2010,,0,,A,Normal value,1,One,0,Units
DATAFLOW,OECD.STI.PIE:DSD_PATENTS@DF_PATENTS_OECDSPECIFIC(1.0),Patents in OECD selected technologies,I,6F0,European Patent Office,A,Annual,AP,Patent applications,PATN,Patents,PRIORITY,Priority date,GEO,Georgia,_Z,Not applicable,INVENTOR,Inventor,_Z,Not applicable,_Z,Not applicable,AI,Technologies related to artificial intelligence,2010,,0,,A,Normal value,1,One,0,Units
DATAFLOW,OECD.STI.PIE:DSD_PATENTS@DF_PATENTS_OECDSPECIFIC(1.0),Patents in OECD selected technologies,I,6F0,European Patent Office,A,Annual,AP,Patent applications,PATN,Patents,PRIORITY,Priority date,IRN,Iran,_Z,Not applicable,INVENTOR,Inventor,_Z,Not applicable,_Z,Not applicable,AI,Technologies related to artificial intelligence,2010,,0,,A,Normal value,1,One,0,Units
DATAFLOW,OECD.STI.PIE:DSD_PATENTS@DF_PATENTS_OECDSPECIFIC(1.0),Patents in OECD selected technologies,I,6F0,European Patent Office,A,Annual,AP,Patent applications,PATN,Patents,PRIORITY,Priority date,MKD,North Macedonia,_Z,Not applicable,INVENTOR,Inventor,_Z,Not applicable,_Z,Not applicable,AI,Technologies related to artificial intelligence,2010,,0,,A,Normal value,1,One,0,Units
DATAFLOW,OECD.STI.PIE:DSD_PATENTS@DF_PATENTS_OECDSPECIFIC(1.0),Patents in OECD selected technologies,I,6F0,European Patent Office,A,Annual,AP,Patent applications,PATN,Patents,PRIORITY,Priority date,BGR,Bulgaria,_Z,Not applicable,INVENTOR,Inventor,_Z,Not applicable,_Z,Not applicable,AI,Technologies related to artificial intelligence,2010,,0,,A,Normal value,1,One,0,Units
DATAFLOW,OECD.STI.PIE:DSD_PATENTS@DF_PATENTS_OECDSPECIFIC(1.0),Patents in OECD selected technologies,I,6F0,European Patent Office,A,Annual,AP,Patent applications,PATN,Patents,PRIORITY,Priority date,URY,Uruguay,_Z,Not applicable,INVENTOR,Inventor,_Z,Not applicable,_Z,Not applicable,AI,Technologies related to artificial intelligence,2010,,0,,A,Normal value,1,One,0,Units
DATAFLOW,OECD.STI.PIE:DSD_PATENTS@DF_PATENTS_OECDSPECIFIC(1.0),Patents in OECD selected technologies,I,6F0,European Patent Office,A,Annual,AP,Patent applications,PATN,Patents,PRIORITY,Priority date,KAZ,Kazakhstan,_Z,Not applicable,INVENTOR,Inventor,_Z,Not applicable,_Z,Not applicable,AI,Technologies related to artificial intelligence,2010,,0,,A,Normal value,1,One,0,Units
DATAFLOW,OECD.STI.PIE:DSD_PATENTS@DF_PATENTS_OECDSPECIFIC(1.0),Patents in OECD selected technologies,I,6F0,European Patent Office,A,Annual,AP,Patent applications,PATN,Patents,PRIORITY,Priority date,MEX,Mexico,_Z,Not applicable,INVENTOR,Inventor,_Z,Not applicable,_Z,Not applicable,AI,Technologies related to artificial intelligence,2010,,0,,A,Normal value,1,One,0,Units
DATAFLOW,OECD.STI.PIE:DSD_PATENTS@DF_PATENTS_OECDSPECIFIC(1.0),Patents in OECD selected technologies,I,6F0,European Patent Office,A,Annual,AP,Patent applications,PATN,Patents,PRIORITY,Priority date,CRI,Costa Rica,_Z,Not applicable,INVENTOR,Inventor,_Z,Not applicable,_Z,Not applicable,AI,Technologies related to artificial intelligence,2010,,0,,A,Normal value,1,One,0,Units
DATAFLOW,OECD.STI.PIE:DSD_PATENTS@DF_PATENTS_OECDSPECIFIC(1.0),Patents in OECD selected technologies,I,6F0,European Patent Office,A,Annual,AP,Patent applications,PATN,Patents,PRIORITY,Priority date,GRC,Greece,_Z,Not applicable,INVENTOR,Inventor,_Z,Not applicable,_Z,Not applicable,AI,Technologies related to artificial intelligence,2010,,0,,A,Normal value,1,One,0,Units
DATAFLOW,OECD.STI.PIE:DSD_PATENTS@DF_PATENTS_OECDSPECIFIC(1.0),Patents in OECD selected technologies,I,6F0,European Patent Office,A,Annual,AP,Patent applications,PATN,Patents,PRIORITY,Priority date,CHL,Chile,_Z,Not applicable,INVENTOR,Inventor,_Z,Not applicable,_Z,Not applicable,AI,Technologies related to artificial intelligence,2010,,0,,A,Normal value,1,One,0,Units
DATAFLOW,OECD.STI.PIE:DSD_PATENTS@DF_PATENTS_OECDSPECIFIC(1.0),Patents in OECD selected technologies,I,6F0,European Patent Office,A,Annual,AP,Patent applications,PATN,Patents,PRIORITY,Priority date,SYC,Seychelles,_Z,Not applicable,INVENTOR,Inventor,_Z,Not applicable,_Z,Not applicable,AI,Technologies related to artificial intelligence,2010,,0,,A,Normal value,1,One,0,Units
DATAFLOW,OECD.STI.PIE:DSD_PATENTS@DF_PATENTS_OECDSPECIFIC(1.0),Patents in OECD selected technologies,I,6F0,European Patent Office,A,Annual,AP,Patent applications,PATN,Patents,PRIORITY,Priority date,ZAF,South Africa,_Z,Not applicable,INVENTOR,Inventor,_Z,Not applicable,_Z,Not applicable,AI,Technologies related to artificial intelligence,2010,,0,,A,Normal value,1,One,0,Units
DATAFLOW,OECD.STI.PIE:DSD_PATENTS@DF_PATENTS_OECDSPECIFIC(1.0),Patents in OECD selected technologies,I,6F0,European Patent Office,A,Annual,AP,Patent applications,PATN,Patents,PRIORITY,Priority date,BLR,Belarus,_Z,Not applicable,INVENTOR,Inventor,_Z,Not applicable,_Z,Not applicable,AI,Technologies related to artificial intelligence,2010,,0,,A,Normal value,1,One,0,Units
DATAFLOW,OECD.STI.PIE:DSD_PATENTS@DF_PATENTS_OECDSPECIFIC(1.0),Patents in OECD selected technologies,I,6F0,European Patent Office,A,Annual,AP,Patent applications,PATN,Patents,PRIORITY,Priority date,ARE,United Arab Emirates,_Z,Not applicable,INVENTOR,Inventor,_Z,Not applicable,_Z,Not applicable,AI,Technologies related to artificial intelligence,2010,,0,,A,Normal value,1,One,0,Units
DATAFLOW,OECD.STI.PIE:DSD_PATENTS@DF_PATENTS_OECDSPECIFIC(1.0),Patents in OECD selected technologies,I,6F0,European Patent Office,A,Annual,AP,Patent applications,PATN,Patents,PRIORITY,Priority date,MDA,Moldova,_Z,Not applicable,INVENTOR,Inventor,_Z,Not applicable,_Z,Not applicable,AI,Technologies related to artificial intelligence,2010,,0,,A,Normal value,1,One,0,Units
DATAFLOW,OECD.STI.PIE:DSD_PATENTS@DF_PATENTS_OECDSPECIFIC(1.0),Patents in OECD selected technologies,I,6F0,European Patent Office,A,Annual,AP,Patent applications,PATN,Patents,PRIORITY,Priority date,SVK,Slovak Republic,_Z,Not applicable,INVENTOR,Inventor,_Z,Not applicable,_Z,Not applicable,AI,Technologies related to artificial intelligence,2010,,0,,A,Normal value,1,One,0,Units
DATAFLOW,OECD.STI.PIE:DSD_PATENTS@DF_PATENTS_OECDSPECIFIC(1.0),Patents in OECD selected technologies,I,6F0,European Patent Office,A,Annual,AP,Patent applications,PATN,Patents,PRIORITY,Priority date,PER,Peru,_Z,Not applicable,INVENTOR,Inventor,_Z,Not applicable,_Z,Not applicable,AI,Technologies related to artificial intelligence,2010,,0,,A,Normal value,1,One,0,Units
DATAFLOW,OECD.STI.PIE:DSD_PATENTS@DF_PATENTS_OECDSPECIFIC(1.0),Patents in OECD selected technologies,I,6F0,European Patent Office,A,Annual,AP,Patent applications,PATN,Patents,PRIORITY,Priority date,LKA,Sri Lanka,_Z,Not applicable,INVENTOR,Inventor,_Z,Not applicable,_Z,Not applicable,AI,Technologies related to artificial intelligence,2010,,0,,A,Normal value,1,One,0,Units
DATAFLOW,OECD.STI.PIE:DSD_PATENTS@DF_PATENTS_OECDSPECIFIC(1.0),Patents in OECD selected technologies,I,6F0,European Patent Office,A,Annual,AP,Patent applications,PATN,Patents,PRIORITY,Priority date,PHL,Philippines,_Z,Not applicable,INVENTOR,Inventor,_Z,Not applicable,_Z,Not applicable,AI,Technologies related to artificial intelligence,2010,,0,,A,Normal value,1,One,0,Units
DATAFLOW,OECD.STI.PIE:DSD_PATENTS@DF_PATENTS_OECDSPECIFIC(1.0),Patents in OECD selected technologies,I,6F0,European Patent Office,A,Annual,AP,Patent applications,PATN,Patents,PRIORITY,Priority date,MCO,Monaco,_Z,Not applicable,INVENTOR,Inventor,_Z,Not applicable,_Z,Not applicable,AI,Technologies related to artificial intelligence,2010,,0,,A,Normal value,1,One,0,Units
DATAFLOW,OECD.STI.PIE:DSD_PATENTS@DF_PATENTS_OECDSPECIFIC(1.0),Patents in OECD selected technologies,I,6F0,European Patent Office,A,Annual,AP,Patent applications,PATN,Patents,PRIORITY,Priority date,LVA,Latvia,_Z,Not applicable,INVENTOR,Inventor,_Z,Not applicable,_Z,Not applicable,AI,Technologies related to artificial intelligence,2010,,0,,A,Normal value,1,One,0,Units
DATAFLOW,OECD.STI.PIE:DSD_PATENTS@DF_PATENTS_OECDSPECIFIC(1.0),Patents in OECD selected technologies,I,6F0,European Patent Office,A,Annual,AP,Patent applications,PATN,Patents,PRIORITY,Priority date,PRT,Portugal,_Z,Not applicable,INVENTOR,Inventor,_Z,Not applicable,_Z,Not applicable,AI,Technologies related to artificial intelligence,2010,,0,,A,Normal value,1,One,0,Units
DATAFLOW,OECD.STI.PIE:DSD_PATENTS@DF_PATENTS_OECDSPECIFIC(1.0),Patents in OECD selected technologies,I,6F0,European Patent Office,A,Annual,AP,Patent applications,PATN,Patents,PRIORITY,Priority date,JAM,Jamaica,_Z,Not applicable,INVENTOR,Inventor,_Z,Not applicable,_Z,Not applicable,AI,Technologies related to artificial intelligence,2010,,0,,A,Normal value,1,One,0,Units
DATAFLOW,OECD.STI.PIE:DSD_PATENTS@DF_PATENTS_OECDSPECIFIC(1.0),Patents in OECD selected technologies,I,6F0,European Patent Office,A,Annual,AP,Patent applications,PATN,Patents,PRIORITY,Priority date,ECU,Ecuador,_Z,Not applicable,INVENTOR,Inventor,_Z,Not applicable,_Z,Not applicable,AI,Technologies related to artificial intelligence,2010,,0,,A,Normal value,1,One,0,Units
DATAFLOW,OECD.STI.PIE:DSD_PATENTS@DF_PATENTS_OECDSPECIFIC(1.0),Patents in OECD selected technologies,I,6F0,European Patent Office,A,Annual,AP,Patent applications,PATN,Patents,PRIORITY,Priority date,HUN,Hungary,_Z,Not applicable,INVENTOR,Inventor,_Z,Not applicable,_Z,Not applicable,AI,Technologies related to artificial intelligence,2010,,0,,A,Normal value,1,One,0,Units
DATAFLOW,OECD.STI.PIE:DSD_PATENTS@DF_PATENTS_OECDSPECIFIC(1.0),Patents in OECD selected technologies,I,6F0,European Patent Office,A,Annual,AP,Patent applications,PATN,Patents,PRIORITY,Priority date,LIE,Liechtenstein,_Z,Not applicable,INVENTOR,Inventor,_Z,Not applicable,_Z,Not applicable,AI,Technologies related to artificial intelligence,2010,,0,,A,Normal value,1,One,0,Units
DATAFLOW,OECD.STI.PIE:DSD_PATENTS@DF_PATENTS_OECDSPECIFIC(1.0),Patents in OECD selected technologies,I,6F0,European Patent Office,A,Annual,AP,Patent applications,PATN,Patents,PRIORITY,Priority date,MLT,Malta,_Z,Not applicable,INVENTOR,Inventor,_Z,Not applicable,_Z,Not applicable,AI,Technologies related to artificial intelligence,2010,,0,,A,Normal value,1,One,0,Units
DATAFLOW,OECD.STI.PIE:DSD_PATENTS@DF_PATENTS_OECDSPECIFIC(1.0),Patents in OECD selected technologies,I,6F0,European Patent Office,A,Annual,AP,Patent applications,PATN,Patents,PRIORITY,Priority date,MAR,Morocco,_Z,Not applicable,INVENTOR,Inventor,_Z,Not applicable,_Z,Not applicable,AI,Technologies related to artificial intelligence,2010,,0,,A,Normal value,1,One,0,Units
DATAFLOW,OECD.STI.PIE:DSD_PATENTS@DF_PATENTS_OECDSPECIFIC(1.0),Patents in OECD selected technologies,I,6F0,European Patent Office,A,Annual,AP,Patent applications,PATN,Patents,PRIORITY,Priority date,AND,Andorra,_Z,Not applicable,INVENTOR,Inventor,_Z,Not applicable,_Z,Not applicable,AI,Technologies related to artificial intelligence,2010,,0,,A,Normal value,1,One,0,Units
DATAFLOW,OECD.STI.PIE:DSD_PATENTS@DF_PATENTS_OECDSPECIFIC(1.0),Patents in OECD selected technologies,I,6F0,European Patent Office,A,Annual,AP,Patent applications,PATN,Patents,PRIORITY,Priority date,NOR,Norway,_Z,Not applicable,INVENTOR,Inventor,_Z,Not applicable,_Z,Not applicable,AI,Technologies related to artificial intelligence,2010,,0,,A,Normal value,1,One,0,Units
DATAFLOW,OECD.STI.PIE:DSD_PATENTS@DF_PATENTS_OECDSPECIFIC(1.0),Patents in OECD selected technologies,I,6F0,European Patent Office,A,Annual,AP,Patent applications,PATN,Patents,PRIORITY,Priority date,UZB,Uzbekistan,_Z,Not applicable,INVENTOR,Inventor,_Z,Not applicable,_Z,Not applicable,AI,Technologies related to artificial intelligence,2010,,0,,A,Normal value,1,One,0,Units
DATAFLOW,OECD.STI.PIE:DSD_PATENTS@DF_PATENTS_OECDSPECIFIC(1.0),Patents in OECD selected technologies,I,6F0,European Patent Office,A,Annual,AP,Patent applications,PATN,Patents,PRIORITY,Priority date,NGA,Nigeria,_Z,Not applicable,INVENTOR,Inventor,_Z,Not applicable,_Z,Not applicable,AI,Technologies related to artificial intelligence,2010,,0,,A,Normal value,1,One,0,Units
DATAFLOW,OECD.STI.PIE:DSD_PATENTS@DF_PATENTS_OECDSPECIFIC(1.0),Patents in OECD selected technologies,I,6F0,European Patent Office,A,Annual,AP,Patent applications,PATN,Patents,PRIORITY,Priority date,BMU,Bermuda,_Z,Not applicable,INVENTOR,Inventor,_Z,Not applicable,_Z,Not applicable,AI,Technologies related to artificial intelligence,2010,,0,,A,Normal value,1,One,0,Units
DATAFLOW,OECD.STI.PIE:DSD_PATENTS@DF_PATENTS_OECDSPECIFIC(1.0),Patents in OECD selected technologies,I,6F0,European Patent Office,A,Annual,AP,Patent applications,PATN,Patents,PRIORITY,Priority date,TUN,Tunisia,_Z,Not applicable,INVENTOR,Inventor,_Z,Not applicable,_Z,Not applicable,AI,Technologies related to artificial intelligence,2010,,0,,A,Normal value,1,One,0,Units
DATAFLOW,OECD.STI.PIE:DSD_PATENTS@DF_PATENTS_OECDSPECIFIC(1.0),Patents in OECD selected technologies,I,6F0,European Patent Office,A,Annual,AP,Patent applications,PATN,Patents,PRIORITY,Priority date,IDN,Indonesia,_Z,Not applicable,INVENTOR,Inventor,_Z,Not applicable,_Z,Not applicable,AI,Technologies related to artificial intelligence,2010,,0,,A,Normal value,1,One,0,Units
DATAFLOW,OECD.STI.PIE:DSD_PATENTS@DF_PATENTS_OECDSPECIFIC(1.0),Patents in OECD selected technologies,I,6F0,European Patent Office,A,Annual,AP,Patent applications,PATN,Patents,PRIORITY,Priority date,CYP,Cyprus,_Z,Not applicable,INVENTOR,Inventor,_Z,Not applicable,_Z,Not applicable,AI,Technologies related to artificial intelligence,2010,,0,,A,Normal value,1,One,0,Units
DATAFLOW,OECD.STI.PIE:DSD_PATENTS@DF_PATENTS_OECDSPECIFIC(1.0),Patents in OECD selected technologies,I,6F0,European Patent Office,A,Annual,AP,Patent applications,PATN,Patents,PRIORITY,Priority date,DZA,Algeria,_Z,Not applicable,INVENTOR,Inventor,_Z,Not applicable,_Z,Not applicable,AI,Technologies related to artificial intelligence,2010,,0,,A,Normal value,1,One,0,Units
DATAFLOW,OECD.STI.PIE:DSD_PATENTS@DF_PATENTS_OECDSPECIFIC(1.0),Patents in OECD selected technologies,I,6F0,European Patent Office,A,Annual,AP,Patent applications,PATN,Patents,PRIORITY,Priority date,PAK,Pakistan,_Z,Not applicable,INVENTOR,Inventor,_Z,Not applicable,_Z,Not applicable,AI,Technologies related to artificial intelligence,2010,,0,,A,Normal value,1,One,0,Units
DATAFLOW,OECD.STI.PIE:DSD_PATENTS@DF_PATENTS_OECDSPECIFIC(1.0),Patents in OECD selected technologies,I,6F0,European Patent Office,A,Annual,AP,Patent applications,PATN,Patents,PRIORITY,Priority date,TTO,Trinidad and Tobago,_Z,Not applicable,INVENTOR,Inventor,_Z,Not applicable,_Z,Not applicable,AI,Technologies related to artificial intelligence,2010,,0,,A,Normal value,1,One,0,Units
DATAFLOW,OECD.STI.PIE:DSD_PATENTS@DF_PATENTS_OECDSPECIFIC(1.0),Patents in OECD selected technologies,I,6F0,European Patent Office,A,Annual,AP,Patent applications,PATN,Patents,PRIORITY,Priority date,EST,Estonia,_Z,Not applicable,INVENTOR,Inventor,_Z,Not applicable,_Z,Not applicable,AI,Technologies related to artificial intelligence,2010,,0,,A,Normal value,1,One,0,Units
DATAFLOW,OECD.STI.PIE:DSD_PATENTS@DF_PATENTS_OECDSPECIFIC(1.0),Patents in OECD selected technologies,I,6F0,European Patent Office,A,Annual,AP,Patent applications,PATN,Patents,PRIORITY,Priority date,NZL,New Zealand,_Z,Not applicable,INVENTOR,Inventor,_Z,Not applicable,_Z,Not applicable,AI,Technologies related to artificial intelligence,2011,,0,,A,Normal value,1,One,0,Units
DATAFLOW,OECD.STI.PIE:DSD_PATENTS@DF_PATENTS_OECDSPECIFIC(1.0),Patents in OECD selected technologies,I,6F0,European Patent Office,A,Annual,AP,Patent applications,PATN,Patents,PRIORITY,Priority date,EST,Estonia,_Z,Not applicable,INVENTOR,Inventor,_Z,Not applicable,_Z,Not applicable,AI,Technologies related to artificial intelligence,2011,,0,,A,Normal value,1,One,0,Units
DATAFLOW,OECD.STI.PIE:DSD_PATENTS@DF_PATENTS_OECDSPECIFIC(1.0),Patents in OECD selected technologies,I,6F0,European Patent Office,A,Annual,AP,Patent applications,PATN,Patents,PRIORITY,Priority date,TTO,Trinidad and Tobago,_Z,Not applicable,INVENTOR,Inventor,_Z,Not applicable,_Z,Not applicable,AI,Technologies related to artificial intelligence,2011,,0,,A,Normal value,1,One,0,Units
DATAFLOW,OECD.STI.PIE:DSD_PATENTS@DF_PATENTS_OECDSPECIFIC(1.0),Patents in OECD selected technologies,I,6F0,European Patent Office,A,Annual,AP,Patent applications,PATN,Patents,PRIORITY,Priority date,PAK,Pakistan,_Z,Not applicable,INVENTOR,Inventor,_Z,Not applicable,_Z,Not applicable,AI,Technologies related to artificial intelligence,2011,,0,,A,Normal value,1,One,0,Units
DATAFLOW,OECD.STI.PIE:DSD_PATENTS@DF_PATENTS_OECDSPECIFIC(1.0),Patents in OECD selected technologies,I,6F0,European Patent Office,A,Annual,AP,Patent applications,PATN,Patents,PRIORITY,Priority date,DZA,Algeria,_Z,Not applicable,INVENTOR,Inventor,_Z,Not applicable,_Z,Not applicable,AI,Technologies related to artificial intelligence,2011,,0,,A,Normal value,1,One,0,Units
DATAFLOW,OECD.STI.PIE:DSD_PATENTS@DF_PATENTS_OECDSPECIFIC(1.0),Patents in OECD selected technologies,I,6F0,European Patent Office,A,Annual,AP,Patent applications,PATN,Patents,PRIORITY,Priority date,CYP,Cyprus,_Z,Not applicable,INVENTOR,Inventor,_Z,Not applicable,_Z,Not applicable,AI,Technologies related to artificial intelligence,2011,,0,,A,Normal value,1,One,0,Units
DATAFLOW,OECD.STI.PIE:DSD_PATENTS@DF_PATENTS_OECDSPECIFIC(1.0),Patents in OECD selected technologies,I,6F0,European Patent Office,A,Annual,AP,Patent applications,PATN,Patents,PRIORITY,Priority date,TUN,Tunisia,_Z,Not applicable,INVENTOR,Inventor,_Z,Not applicable,_Z,Not applicable,AI,Technologies related to artificial intelligence,2011,,0,,A,Normal value,1,One,0,Units
DATAFLOW,OECD.STI.PIE:DSD_PATENTS@DF_PATENTS_OECDSPECIFIC(1.0),Patents in OECD selected technologies,I,6F0,European Patent Office,A,Annual,AP,Patent applications,PATN,Patents,PRIORITY,Priority date,BMU,Bermuda,_Z,Not applicable,INVENTOR,Inventor,_Z,Not applicable,_Z,Not applicable,AI,Technologies related to artificial intelligence,2011,,0,,A,Normal value,1,One,0,Units
DATAFLOW,OECD.STI.PIE:DSD_PATENTS@DF_PATENTS_OECDSPECIFIC(1.0),Patents in OECD selected technologies,I,6F0,European Patent Office,A,Annual,AP,Patent applications,PATN,Patents,PRIORITY,Priority date,NGA,Nigeria,_Z,Not applicable,INVENTOR,Inventor,_Z,Not applicable,_Z,Not applicable,AI,Technologies related to artificial intelligence,2011,,0,,A,Normal value,1,One,0,Units
DATAFLOW,OECD.STI.PIE:DSD_PATENTS@DF_PATENTS_OECDSPECIFIC(1.0),Patents in OECD selected technologies,I,6F0,European Patent Office,A,Annual,AP,Patent applications,PATN,Patents,PRIORITY,Priority date,UZB,Uzbekistan,_Z,Not applicable,INVENTOR,Inventor,_Z,Not applicable,_Z,Not applicable,AI,Technologies related to artificial intelligence,2011,,0,,A,Normal value,1,One,0,Units
DATAFLOW,OECD.STI.PIE:DSD_PATENTS@DF_PATENTS_OECDSPECIFIC(1.0),Patents in OECD selected technologies,I,6F0,European Patent Office,A,Annual,AP,Patent applications,PATN,Patents,PRIORITY,Priority date,AND,Andorra,_Z,Not applicable,INVENTOR,Inventor,_Z,Not applicable,_Z,Not applicable,AI,Technologies related to artificial intelligence,2011,,0,,A,Normal value,1,One,0,Units
DATAFLOW,OECD.STI.PIE:DSD_PATENTS@DF_PATENTS_OECDSPECIFIC(1.0),Patents in OECD selected technologies,I,6F0,European Patent Office,A,Annual,AP,Patent applications,PATN,Patents,PRIORITY,Priority date,MAR,Morocco,_Z,Not applicable,INVENTOR,Inventor,_Z,Not applicable,_Z,Not applicable,AI,Technologies related to artificial intelligence,2011,,0,,A,Normal value,1,One,0,Units
DATAFLOW,OECD.STI.PIE:DSD_PATENTS@DF_PATENTS_OECDSPECIFIC(1.0),Patents in OECD selected technologies,I,6F0,European Patent Office,A,Annual,AP,Patent applications,PATN,Patents,PRIORITY,Priority date,MLT,Malta,_Z,Not applicable,INVENTOR,Inventor,_Z,Not applicable,_Z,Not applicable,AI,Technologies related to artificial intelligence,2011,,0,,A,Normal value,1,One,0,Units
DATAFLOW,OECD.STI.PIE:DSD_PATENTS@DF_PATENTS_OECDSPECIFIC(1.0),Patents in OECD selected technologies,I,6F0,European Patent Office,A,Annual,AP,Patent applications,PATN,Patents,PRIORITY,Priority date,LIE,Liechtenstein,_Z,Not applicable,INVENTOR,Inventor,_Z,Not applicable,_Z,Not applicable,AI,Technologies related to artificial intelligence,2011,,0,,A,Normal value,1,One,0,Units
DATAFLOW,OECD.STI.PIE:DSD_PATENTS@DF_PATENTS_OECDSPECIFIC(1.0),Patents in OECD selected technologies,I,6F0,European Patent Office,A,Annual,AP,Patent applications,PATN,Patents,PRIORITY,Priority date,ECU,Ecuador,_Z,Not applicable,INVENTOR,Inventor,_Z,Not applicable,_Z,Not applicable,AI,Technologies related to artificial intelligence,2011,,0,,A,Normal value,1,One,0,Units
DATAFLOW,OECD.STI.PIE:DSD_PATENTS@DF_PATENTS_OECDSPECIFIC(1.0),Patents in OECD selected technologies,I,6F0,European Patent Office,A,Annual,AP,Patent applications,PATN,Patents,PRIORITY,Priority date,JAM,Jamaica,_Z,Not applicable,INVENTOR,Inventor,_Z,Not applicable,_Z,Not applicable,AI,Technologies related to artificial intelligence,2011,,0,,A,Normal value,1,One,0,Units
DATAFLOW,OECD.STI.PIE:DSD_PATENTS@DF_PATENTS_OECDSPECIFIC(1.0),Patents in OECD selected technologies,I,6F0,European Patent Office,A,Annual,AP,Patent applications,PATN,Patents,PRIORITY,Priority date,PRT,Portugal,_Z,Not applicable,INVENTOR,Inventor,_Z,Not applicable,_Z,Not applicable,AI,Technologies related to artificial intelligence,2011,,0,,A,Normal value,1,One,0,Units
DATAFLOW,OECD.STI.PIE:DSD_PATENTS@DF_PATENTS_OECDSPECIFIC(1.0),Patents in OECD selected technologies,I,6F0,European Patent Office,A,Annual,AP,Patent applications,PATN,Patents,PRIORITY,Priority date,LVA,Latvia,_Z,Not applicable,INVENTOR,Inventor,_Z,Not applicable,_Z,Not applicable,AI,Technologies related to artificial intelligence,2011,,0,,A,Normal value,1,One,0,Units
DATAFLOW,OECD.STI.PIE:DSD_PATENTS@DF_PATENTS_OECDSPECIFIC(1.0),Patents in OECD selected technologies,I,6F0,European Patent Office,A,Annual,AP,Patent applications,PATN,Patents,PRIORITY,Priority date,MCO,Monaco,_Z,Not applicable,INVENTOR,Inventor,_Z,Not applicable,_Z,Not applicable,AI,Technologies related to artificial intelligence,2011,,0,,A,Normal value,1,One,0,Units
DATAFLOW,OECD.STI.PIE:DSD_PATENTS@DF_PATENTS_OECDSPECIFIC(1.0),Patents in OECD selected technologies,I,6F0,European Patent Office,A,Annual,AP,Patent applications,PATN,Patents,PRIORITY,Priority date,PHL,Philippines,_Z,Not applicable,INVENTOR,Inventor,_Z,Not applicable,_Z,Not applicable,AI,Technologies related to artificial intelligence,2011,,0,,A,Normal value,1,One,0,Units
DATAFLOW,OECD.STI.PIE:DSD_PATENTS@DF_PATENTS_OECDSPECIFIC(1.0),Patents in OECD selected technologies,I,6F0,European Patent Office,A,Annual,AP,Patent applications,PATN,Patents,PRIORITY,Priority date,LKA,Sri Lanka,_Z,Not applicable,INVENTOR,Inventor,_Z,Not applicable,_Z,Not applicable,AI,Technologies related to artificial intelligence,2011,,0,,A,Normal value,1,One,0,Units
DATAFLOW,OECD.STI.PIE:DSD_PATENTS@DF_PATENTS_OECDSPECIFIC(1.0),Patents in OECD selected technologies,I,6F0,European Patent Office,A,Annual,AP,Patent applications,PATN,Patents,PRIORITY,Priority date,PER,Peru,_Z,Not applicable,INVENTOR,Inventor,_Z,Not applicable,_Z,Not applicable,AI,Technologies related to artificial intelligence,2011,,0,,A,Normal value,1,One,0,Units
DATAFLOW,OECD.STI.PIE:DSD_PATENTS@DF_PATENTS_OECDSPECIFIC(1.0),Patents in OECD selected technologies,I,6F0,European Patent Office,A,Annual,AP,Patent applications,PATN,Patents,PRIORITY,Priority date,BRA,Brazil,_Z,Not applicable,INVENTOR,Inventor,_Z,Not applicable,_Z,Not applicable,AI,Technologies related to artificial intelligence,2011,,0,,A,Normal value,1,One,0,Units
DATAFLOW,OECD.STI.PIE:DSD_PATENTS@DF_PATENTS_OECDSPECIFIC(1.0),Patents in OECD selected technologies,I,6F0,European Patent Office,A,Annual,AP,Patent applications,PATN,Patents,PRIORITY,Priority date,SVK,Slovak Republic,_Z,Not applicable,INVENTOR,Inventor,_Z,Not applicable,_Z,Not applicable,AI,Technologies related to artificial intelligence,2011,,0,,A,Normal value,1,One,0,Units
DATAFLOW,OECD.STI.PIE:DSD_PATENTS@DF_PATENTS_OECDSPECIFIC(1.0),Patents in OECD selected technologies,I,6F0,European Patent Office,A,Annual,AP,Patent applications,PATN,Patents,PRIORITY,Priority date,MDA,Moldova,_Z,Not applicable,INVENTOR,Inventor,_Z,Not applicable,_Z,Not applicable,AI,Technologies related to artificial intelligence,2011,,0,,A,Normal value,1,One,0,Units
DATAFLOW,OECD.STI.PIE:DSD_PATENTS@DF_PATENTS_OECDSPECIFIC(1.0),Patents in OECD selected technologies,I,6F0,European Patent Office,A,Annual,AP,Patent applications,PATN,Patents,PRIORITY,Priority date,ARE,United Arab Emirates,_Z,Not applicable,INVENTOR,Inventor,_Z,Not applicable,_Z,Not applicable,AI,Technologies related to artificial intelligence,2011,,0,,A,Normal value,1,One,0,Units
DATAFLOW,OECD.STI.PIE:DSD_PATENTS@DF_PATENTS_OECDSPECIFIC(1.0),Patents in OECD selected technologies,I,6F0,European Patent Office,A,Annual,AP,Patent applications,PATN,Patents,PRIORITY,Priority date,BLR,Belarus,_Z,Not applicable,INVENTOR,Inventor,_Z,Not applicable,_Z,Not applicable,AI,Technologies related to artificial intelligence,2011,,0,,A,Normal value,1,One,0,Units
DATAFLOW,OECD.STI.PIE:DSD_PATENTS@DF_PATENTS_OECDSPECIFIC(1.0),Patents in OECD selected technologies,I,6F0,European Patent Office,A,Annual,AP,Patent applications,PATN,Patents,PRIORITY,Priority date,SYC,Seychelles,_Z,Not applicable,INVENTOR,Inventor,_Z,Not applicable,_Z,Not applicable,AI,Technologies related to artificial intelligence,2011,,0,,A,Normal value,1,One,0,Units
DATAFLOW,OECD.STI.PIE:DSD_PATENTS@DF_PATENTS_OECDSPECIFIC(1.0),Patents in OECD selected technologies,I,6F0,European Patent Office,A,Annual,AP,Patent applications,PATN,Patents,PRIORITY,Priority date,CHL,Chile,_Z,Not applicable,INVENTOR,Inventor,_Z,Not applicable,_Z,Not applicable,AI,Technologies related to artificial intelligence,2011,,0,,A,Normal value,1,One,0,Units
DATAFLOW,OECD.STI.PIE:DSD_PATENTS@DF_PATENTS_OECDSPECIFIC(1.0),Patents in OECD selected technologies,I,6F0,European Patent Office,A,Annual,AP,Patent applications,PATN,Patents,PRIORITY,Priority date,GRC,Greece,_Z,Not applicable,INVENTOR,Inventor,_Z,Not applicable,_Z,Not applicable,AI,Technologies related to artificial intelligence,2011,,0,,A,Normal value,1,One,0,Units
DATAFLOW,OECD.STI.PIE:DSD_PATENTS@DF_PATENTS_OECDSPECIFIC(1.0),Patents in OECD selected technologies,I,6F0,European Patent Office,A,Annual,AP,Patent applications,PATN,Patents,PRIORITY,Priority date,CRI,Costa Rica,_Z,Not applicable,INVENTOR,Inventor,_Z,Not applicable,_Z,Not applicable,AI,Technologies related to artificial intelligence,2011,,0,,A,Normal value,1,One,0,Units
DATAFLOW,OECD.STI.PIE:DSD_PATENTS@DF_PATENTS_OECDSPECIFIC(1.0),Patents in OECD selected technologies,I,6F0,European Patent Office,A,Annual,AP,Patent applications,PATN,Patents,PRIORITY,Priority date,MEX,Mexico,_Z,Not applicable,INVENTOR,Inventor,_Z,Not applicable,_Z,Not applicable,AI,Technologies related to artificial intelligence,2011,,0,,A,Normal value,1,One,0,Units
DATAFLOW,OECD.STI.PIE:DSD_PATENTS@DF_PATENTS_OECDSPECIFIC(1.0),Patents in OECD selected technologies,I,6F0,European Patent Office,A,Annual,AP,Patent applications,PATN,Patents,PRIORITY,Priority date,KAZ,Kazakhstan,_Z,Not applicable,INVENTOR,Inventor,_Z,Not applicable,_Z,Not applicable,AI,Technologies related to artificial intelligence,2011,,0,,A,Normal value,1,One,0,Units
DATAFLOW,OECD.STI.PIE:DSD_PATENTS@DF_PATENTS_OECDSPECIFIC(1.0),Patents in OECD selected technologies,I,6F0,European Patent Office,A,Annual,AP,Patent applications,PATN,Patents,PRIORITY,Priority date,URY,Uruguay,_Z,Not applicable,INVENTOR,Inventor,_Z,Not applicable,_Z,Not applicable,AI,Technologies related to artificial intelligence,2011,,0,,A,Normal value,1,One,0,Units
DATAFLOW,OECD.STI.PIE:DSD_PATENTS@DF_PATENTS_OECDSPECIFIC(1.0),Patents in OECD selected technologies,I,6F0,European Patent Office,A,Annual,AP,Patent applications,PATN,Patents,PRIORITY,Priority date,MKD,North Macedonia,_Z,Not applicable,INVENTOR,Inventor,_Z,Not applicable,_Z,Not applicable,AI,Technologies related to artificial intelligence,2011,,0,,A,Normal value,1,One,0,Units
DATAFLOW,OECD.STI.PIE:DSD_PATENTS@DF_PATENTS_OECDSPECIFIC(1.0),Patents in OECD selected technologies,I,6F0,European Patent Office,A,Annual,AP,Patent applications,PATN,Patents,PRIORITY,Priority date,IRN,Iran,_Z,Not applicable,INVENTOR,Inventor,_Z,Not applicable,_Z,Not applicable,AI,Technologies related to artificial intelligence,2011,,0,,A,Normal value,1,One,0,Units
DATAFLOW,OECD.STI.PIE:DSD_PATENTS@DF_PATENTS_OECDSPECIFIC(1.0),Patents in OECD selected technologies,I,6F0,European Patent Office,A,Annual,AP,Patent applications,PATN,Patents,PRIORITY,Priority date,GEO,Georgia,_Z,Not applicable,INVENTOR,Inventor,_Z,Not applicable,_Z,Not applicable,AI,Technologies related to artificial intelligence,2011,,0,,A,Normal value,1,One,0,Units
DATAFLOW,OECD.STI.PIE:DSD_PATENTS@DF_PATENTS_OECDSPECIFIC(1.0),Patents in OECD selected technologies,I,6F0,European Patent Office,A,Annual,AP,Patent applications,PATN,Patents,PRIORITY,Priority date,ISL,Iceland,_Z,Not applicable,INVENTOR,Inventor,_Z,Not applicable,_Z,Not applicable,AI,Technologies related to artificial intelligence,2011,,0,,A,Normal value,1,One,0,Units
DATAFLOW,OECD.STI.PIE:DSD_PATENTS@DF_PATENTS_OECDSPECIFIC(1.0),Patents in OECD selected technologies,I,6F0,European Patent Office,A,Annual,AP,Patent applications,PATN,Patents,PRIORITY,Priority date,PRK,Democratic People’s Republic of Korea,_Z,Not applicable,INVENTOR,Inventor,_Z,Not applicable,_Z,Not applicable,AI,Technologies related to artificial intelligence,2011,,0,,A,Normal value,1,One,0,Units
DATAFLOW,OECD.STI.PIE:DSD_PATENTS@DF_PATENTS_OECDSPECIFIC(1.0),Patents in OECD selected technologies,I,6F0,European Patent Office,A,Annual,AP,Patent applications,PATN,Patents,PRIORITY,Priority date,SVN,Slovenia,_Z,Not applicable,INVENTOR,Inventor,_Z,Not applicable,_Z,Not applicable,AI,Technologies related to artificial intelligence,2011,,0,,A,Normal value,1,One,0,Units
DATAFLOW,OECD.STI.PIE:DSD_PATENTS@DF_PATENTS_OECDSPECIFIC(1.0),Patents in OECD selected technologies,I,6F0,European Patent Office,A,Annual,AP,Patent applications,PATN,Patents,PRIORITY,Priority date,JOR,Jordan,_Z,Not applicable,INVENTOR,Inventor,_Z,Not applicable,_Z,Not applicable,AI,Technologies related to artificial intelligence,2011,,0,,A,Normal value,1,One,0,Units
DATAFLOW,OECD.STI.PIE:DSD_PATENTS@DF_PATENTS_OECDSPECIFIC(1.0),Patents in OECD selected technologies,I,6F0,European Patent Office,A,Annual,AP,Patent applications,PATN,Patents,PRIORITY,Priority date,LTU,Lithuania,_Z,Not applicable,INVENTOR,Inventor,_Z,Not applicable,_Z,Not applicable,AI,Technologies related to artificial intelligence,2011,,0,,A,Normal value,1,One,0,Units
DATAFLOW,OECD.STI.PIE:DSD_PATENTS@DF_PATENTS_OECDSPECIFIC(1.0),Patents in OECD selected technologies,I,6F0,European Patent Office,A,Annual,AP,Patent applications,PATN,Patents,PRIORITY,Priority date,ROU,Romania,_Z,Not applicable,INVENTOR,Inventor,_Z,Not applicable,_Z,Not applicable,AI,Technologies related to artificial intelligence,2011,,0,,A,Normal value,1,One,0,Units
DATAFLOW,OECD.STI.PIE:DSD_PATENTS@DF_PATENTS_OECDSPECIFIC(1.0),Patents in OECD selected technologies,I,6F0,European Patent Office,A,Annual,AP,Patent applications,PATN,Patents,PRIORITY,Priority date,PRI,Puerto Rico,_Z,Not applicable,INVENTOR,Inventor,_Z,Not applicable,_Z,Not applicable,AI,Technologies related to artificial intelligence,2011,,0,,A,Normal value,1,One,0,Units
DATAFLOW,OECD.STI.PIE:DSD_PATENTS@DF_PATENTS_OECDSPECIFIC(1.0),Patents in OECD selected technologies,I,6F0,European Patent Office,A,Annual,AP,Patent applications,PATN,Patents,PRIORITY,Priority date,CUB,Cuba,_Z,Not applicable,INVENTOR,Inventor,_Z,Not applicable,_Z,Not applicable,AI,Technologies related to artificial intelligence,2011,,0,,A,Normal value,1,One,0,Units
DATAFLOW,OECD.STI.PIE:DSD_PATENTS@DF_PATENTS_OECDSPECIFIC(1.0),Patents in OECD selected technologies,I,6F0,European Patent Office,A,Annual,AP,Patent applications,PATN,Patents,PRIORITY,Priority date,KEN,Kenya,_Z,Not applicable,INVENTOR,Inventor,_Z,Not applicable,_Z,Not applicable,AI,Technologies related to artificial intelligence,2011,,0,,A,Normal value,1,One,0,Units
DATAFLOW,OECD.STI.PIE:DSD_PATENTS@DF_PATENTS_OECDSPECIFIC(1.0),Patents in OECD selected technologies,I,6F0,European Patent Office,A,Annual,AP,Patent applications,PATN,Patents,PRIORITY,Priority date,ZWE,Zimbabwe,_Z,Not applicable,INVENTOR,Inventor,_Z,Not applicable,_Z,Not applicable,AI,Technologies related to artificial intelligence,2011,,0,,A,Normal value,1,One,0,Units
DATAFLOW,OECD.STI.PIE:DSD_PATENTS@DF_PATENTS_OECDSPECIFIC(1.0),Patents in OECD selected technologies,I,6F0,European Patent Office,A,Annual,AP,Patent applications,PATN,Patents,PRIORITY,Priority date,SLV,El Salvador,_Z,Not applicable,INVENTOR,Inventor,_Z,Not applicable,_Z,Not applicable,AI,Technologies related to artificial intelligence,2011,,0,,A,Normal value,1,One,0,Units
DATAFLOW,OECD.STI.PIE:DSD_PATENTS@DF_PATENTS_OECDSPECIFIC(1.0),Patents in OECD selected technologies,I,6F0,European Patent Office,A,Annual,AP,Patent applications,PATN,Patents,PRIORITY,Priority date,BIH,Bosnia and Herzegovina,_Z,Not applicable,INVENTOR,Inventor,_Z,Not applicable,_Z,Not applicable,AI,Technologies related to artificial intelligence,2011,,0,,A,Normal value,1,One,0,Units
DATAFLOW,OECD.STI.PIE:DSD_PATENTS@DF_PATENTS_OECDSPECIFIC(1.0),Patents in OECD selected technologies,I,6F0,European Patent Office,A,Annual,AP,Patent applications,PATN,Patents,PRIORITY,Priority date,MYS,Malaysia,_Z,Not applicable,INVENTOR,Inventor,_Z,Not applicable,_Z,Not applicable,AI,Technologies related to artificial intelligence,2011,,0,,A,Normal value,1,One,0,Units
DATAFLOW,OECD.STI.PIE:DSD_PATENTS@DF_PATENTS_OECDSPECIFIC(1.0),Patents in OECD selected technologies,I,6F0,European Patent Office,A,Annual,AP,Patent applications,PATN,Patents,PRIORITY,Priority date,LUX,Luxembourg,_Z,Not applicable,INVENTOR,Inventor,_Z,Not applicable,_Z,Not applicable,AI,Technologies related to artificial intelligence,2011,,0,,A,Normal value,1,One,0,Units
DATAFLOW,OECD.STI.PIE:DSD_PATENTS@DF_PATENTS_OECDSPECIFIC(1.0),Patents in OECD selected technologies,I,6F0,European Patent Office,A,Annual,AP,Patent applications,PATN,Patents,PRIORITY,Priority date,YUG_F,Former Yugoslavia,_Z,Not applicable,INVENTOR,Inventor,_Z,Not applicable,_Z,Not applicable,AI,Technologies related to artificial intelligence,2011,,0,,A,Normal value,1,One,0,Units
DATAFLOW,OECD.STI.PIE:DSD_PATENTS@DF_PATENTS_OECDSPECIFIC(1.0),Patents in OECD selected technologies,I,6F0,European Patent Office,A,Annual,AP,Patent applications,PATN,Patents,PRIORITY,Priority date,MNG,Mongolia,_Z,Not applicable,INVENTOR,Inventor,_Z,Not applicable,_Z,Not applicable,AI,Technologies related to artificial intelligence,2011,,0,,A,Normal value,1,One,0,Units
DATAFLOW,OECD.STI.PIE:DSD_PATENTS@DF_PATENTS_OECDSPECIFIC(1.0),Patents in OECD selected technologies,I,6F0,European Patent Office,A,Annual,AP,Patent applications,PATN,Patents,PRIORITY,Priority date,KWT,Kuwait,_Z,Not applicable,INVENTOR,Inventor,_Z,Not applicable,_Z,Not applicable,AI,Technologies related to artificial intelligence,2011,,0,,A,Normal value,1,One,0,Units
DATAFLOW,OECD.STI.PIE:DSD_PATENTS@DF_PATENTS_OECDSPECIFIC(1.0),Patents in OECD selected technologies,I,6F0,European Patent Office,A,Annual,AP,Patent applications,PATN,Patents,PRIORITY,Priority date,CYM,Cayman Islands,_Z,Not applicable,INVENTOR,Inventor,_Z,Not applicable,_Z,Not applicable,AI,Technologies related to artificial intelligence,2011,,0,,A,Normal value,1,One,0,Units
DATAFLOW,OECD.STI.PIE:DSD_PATENTS@DF_PATENTS_OECDSPECIFIC(1.0),Patents in OECD selected technologies,I,6F0,European Patent Office,A,Annual,AP,Patent applications,PATN,Patents,PRIORITY,Priority date,ARM,Armenia,_Z,Not applicable,INVENTOR,Inventor,_Z,Not applicable,_Z,Not applicable,AI,Technologies related to artificial intelligence,2011,,0,,A,Normal value,1,One,0,Units
DATAFLOW,OECD.STI.PIE:DSD_PATENTS@DF_PATENTS_OECDSPECIFIC(1.0),Patents in OECD selected technologies,I,6F0,European Patent Office,A,Annual,AP,Patent applications,PATN,Patents,PRIORITY,Priority date,PAN,Panama,_Z,Not applicable,INVENTOR,Inventor,_Z,Not applicable,_Z,Not applicable,AI,Technologies related to artificial intelligence,2011,,0,,A,Normal value,1,One,0,Units
DATAFLOW,OECD.STI.PIE:DSD_PATENTS@DF_PATENTS_OECDSPECIFIC(1.0),Patents in OECD selected technologies,I,6F0,European Patent Office,A,Annual,AP,Patent applications,PATN,Patents,PRIORITY,Priority date,DJI,Djibouti,_Z,Not applicable,INVENTOR,Inventor,_Z,Not applicable,_Z,Not applicable,AI,Technologies related to artificial intelligence,2011,,0,,A,Normal value,1,One,0,Units
DATAFLOW,OECD.STI.PIE:DSD_PATENTS@DF_PATENTS_OECDSPECIFIC(1.0),Patents in OECD selected technologies,I,6F0,European Patent Office,A,Annual,AP,Patent applications,PATN,Patents,PRIORITY,Priority date,HRV,Croatia,_Z,Not applicable,INVENTOR,Inventor,_Z,Not applicable,_Z,Not applicable,AI,Technologies related to artificial intelligence,2011,,0,,A,Normal value,1,One,0,Units
DATAFLOW,OECD.STI.PIE:DSD_PATENTS@DF_PATENTS_OECDSPECIFIC(1.0),Patents in OECD selected technologies,I,6F0,European Patent Office,A,Annual,AP,Patent applications,PATN,Patents,PRIORITY,Priority date,LBN,Lebanon,_Z,Not applicable,INVENTOR,Inventor,_Z,Not applicable,_Z,Not applicable,AI,Technologies related to artificial intelligence,2011,,0,,A,Normal value,1,One,0,Units
DATAFLOW,OECD.STI.PIE:DSD_PATENTS@DF_PATENTS_OECDSPECIFIC(1.0),Patents in OECD selected technologies,I,6F0,European Patent Office,A,Annual,AP,Patent applications,PATN,Patents,PRIORITY,Priority date,VEN,Venezuela,_Z,Not applicable,INVENTOR,Inventor,_Z,Not applicable,_Z,Not applicable,AI,Technologies related to artificial intelligence,2011,,0,,A,Normal value,1,One,0,Units
DATAFLOW,OECD.STI.PIE:DSD_PATENTS@DF_PATENTS_OECDSPECIFIC(1.0),Patents in OECD selected technologies,I,6F0,European Patent Office,A,Annual,AP,Patent applications,PATN,Patents,PRIORITY,Priority date,GTM,Guatemala,_Z,Not applicable,INVENTOR,Inventor,_Z,Not applicable,_Z,Not applicable,AI,Technologies related to artificial intelligence,2011,,0,,A,Normal value,1,One,0,Units
DATAFLOW,OECD.STI.PIE:DSD_PATENTS@DF_PATENTS_OECDSPECIFIC(1.0),Patents in OECD selected technologies,I,6F0,European Patent Office,A,Annual,AP,Patent applications,PATN,Patents,PRIORITY,Priority date,COL,Colombia,_Z,Not applicable,INVENTOR,Inventor,_Z,Not applicable,_Z,Not applicable,AI,Technologies related to artificial intelligence,2011,,0,,A,Normal value,1,One,0,Units
DATAFLOW,OECD.STI.PIE:DSD_PATENTS@DF_PATENTS_OECDSPECIFIC(1.0),Patents in OECD selected technologies,I,6F0,European Patent Office,A,Annual,AP,Patent applications,PATN,Patents,PRIORITY,Priority date,COL,Colombia,_Z,Not applicable,INVENTOR,Inventor,_Z,Not applicable,_Z,Not applicable,AI,Technologies related to artificial intelligence,2012,,0,,A,Normal value,1,One,0,Units
DATAFLOW,OECD.STI.PIE:DSD_PATENTS@DF_PATENTS_OECDSPECIFIC(1.0),Patents in OECD selected technologies,I,6F0,European Patent Office,A,Annual,AP,Patent applications,PATN,Patents,PRIORITY,Priority date,GTM,Guatemala,_Z,Not applicable,INVENTOR,Inventor,_Z,Not applicable,_Z,Not applicable,AI,Technologies related to artificial intelligence,2012,,0,,A,Normal value,1,One,0,Units
DATAFLOW,OECD.STI.PIE:DSD_PATENTS@DF_PATENTS_OECDSPECIFIC(1.0),Patents in OECD selected technologies,I,6F0,European Patent Office,A,Annual,AP,Patent applications,PATN,Patents,PRIORITY,Priority date,VEN,Venezuela,_Z,Not applicable,INVENTOR,Inventor,_Z,Not applicable,_Z,Not applicable,AI,Technologies related to artificial intelligence,2012,,0,,A,Normal value,1,One,0,Units
DATAFLOW,OECD.STI.PIE:DSD_PATENTS@DF_PATENTS_OECDSPECIFIC(1.0),Patents in OECD selected technologies,I,6F0,European Patent Office,A,Annual,AP,Patent applications,PATN,Patents,PRIORITY,Priority date,LBN,Lebanon,_Z,Not applicable,INVENTOR,Inventor,_Z,Not applicable,_Z,Not applicable,AI,Technologies related to artificial intelligence,2012,,0,,A,Normal value,1,One,0,Units
DATAFLOW,OECD.STI.PIE:DSD_PATENTS@DF_PATENTS_OECDSPECIFIC(1.0),Patents in OECD selected technologies,I,6F0,European Patent Office,A,Annual,AP,Patent applications,PATN,Patents,PRIORITY,Priority date,HRV,Croatia,_Z,Not applicable,INVENTOR,Inventor,_Z,Not applicable,_Z,Not applicable,AI,Technologies related to artificial intelligence,2012,,0,,A,Normal value,1,One,0,Units
DATAFLOW,OECD.STI.PIE:DSD_PATENTS@DF_PATENTS_OECDSPECIFIC(1.0),Patents in OECD selected technologies,I,6F0,European Patent Office,A,Annual,AP,Patent applications,PATN,Patents,PRIORITY,Priority date,THA,Thailand,_Z,Not applicable,INVENTOR,Inventor,_Z,Not applicable,_Z,Not applicable,AI,Technologies related to artificial intelligence,2012,,0,,A,Normal value,1,One,0,Units
DATAFLOW,OECD.STI.PIE:DSD_PATENTS@DF_PATENTS_OECDSPECIFIC(1.0),Patents in OECD selected technologies,I,6F0,European Patent Office,A,Annual,AP,Patent applications,PATN,Patents,PRIORITY,Priority date,DJI,Djibouti,_Z,Not applicable,INVENTOR,Inventor,_Z,Not applicable,_Z,Not applicable,AI,Technologies related to artificial intelligence,2012,,0,,A,Normal value,1,One,0,Units
DATAFLOW,OECD.STI.PIE:DSD_PATENTS@DF_PATENTS_OECDSPECIFIC(1.0),Patents in OECD selected technologies,I,6F0,European Patent Office,A,Annual,AP,Patent applications,PATN,Patents,PRIORITY,Priority date,PAN,Panama,_Z,Not applicable,INVENTOR,Inventor,_Z,Not applicable,_Z,Not applicable,AI,Technologies related to artificial intelligence,2012,,0,,A,Normal value,1,One,0,Units
DATAFLOW,OECD.STI.PIE:DSD_PATENTS@DF_PATENTS_OECDSPECIFIC(1.0),Patents in OECD selected technologies,I,6F0,European Patent Office,A,Annual,AP,Patent applications,PATN,Patents,PRIORITY,Priority date,ARM,Armenia,_Z,Not applicable,INVENTOR,Inventor,_Z,Not applicable,_Z,Not applicable,AI,Technologies related to artificial intelligence,2012,,0,,A,Normal value,1,One,0,Units
DATAFLOW,OECD.STI.PIE:DSD_PATENTS@DF_PATENTS_OECDSPECIFIC(1.0),Patents in OECD selected technologies,I,6F0,European Patent Office,A,Annual,AP,Patent applications,PATN,Patents,PRIORITY,Priority date,CYM,Cayman Islands,_Z,Not applicable,INVENTOR,Inventor,_Z,Not applicable,_Z,Not applicable,AI,Technologies related to artificial intelligence,2012,,0,,A,Normal value,1,One,0,Units
DATAFLOW,OECD.STI.PIE:DSD_PATENTS@DF_PATENTS_OECDSPECIFIC(1.0),Patents in OECD selected technologies,I,6F0,European Patent Office,A,Annual,AP,Patent applications,PATN,Patents,PRIORITY,Priority date,MNG,Mongolia,_Z,Not applicable,INVENTOR,Inventor,_Z,Not applicable,_Z,Not applicable,AI,Technologies related to artificial intelligence,2012,,0,,A,Normal value,1,One,0,Units
DATAFLOW,OECD.STI.PIE:DSD_PATENTS@DF_PATENTS_OECDSPECIFIC(1.0),Patents in OECD selected technologies,I,6F0,European Patent Office,A,Annual,AP,Patent applications,PATN,Patents,PRIORITY,Priority date,YUG_F,Former Yugoslavia,_Z,Not applicable,INVENTOR,Inventor,_Z,Not applicable,_Z,Not applicable,AI,Technologies related to artificial intelligence,2012,,0,,A,Normal value,1,One,0,Units
DATAFLOW,OECD.STI.PIE:DSD_PATENTS@DF_PATENTS_OECDSPECIFIC(1.0),Patents in OECD selected technologies,I,6F0,European Patent Office,A,Annual,AP,Patent applications,PATN,Patents,PRIORITY,Priority date,LUX,Luxembourg,_Z,Not applicable,INVENTOR,Inventor,_Z,Not applicable,_Z,Not applicable,AI,Technologies related to artificial intelligence,2012,,0,,A,Normal value,1,One,0,Units
DATAFLOW,OECD.STI.PIE:DSD_PATENTS@DF_PATENTS_OECDSPECIFIC(1.0),Patents in OECD selected technologies,I,6F0,European Patent Office,A,Annual,AP,Patent applications,PATN,Patents,PRIORITY,Priority date,MYS,Malaysia,_Z,Not applicable,INVENTOR,Inventor,_Z,Not applicable,_Z,Not applicable,AI,Technologies related to artificial intelligence,2012,,0,,A,Normal value,1,One,0,Units
DATAFLOW,OECD.STI.PIE:DSD_PATENTS@DF_PATENTS_OECDSPECIFIC(1.0),Patents in OECD selected technologies,I,6F0,European Patent Office,A,Annual,AP,Patent applications,PATN,Patents,PRIORITY,Priority date,BIH,Bosnia and Herzegovina,_Z,Not applicable,INVENTOR,Inventor,_Z,Not applicable,_Z,Not applicable,AI,Technologies related to artificial intelligence,2012,,0,,A,Normal value,1,One,0,Units
DATAFLOW,OECD.STI.PIE:DSD_PATENTS@DF_PATENTS_OECDSPECIFIC(1.0),Patents in OECD selected technologies,I,6F0,European Patent Office,A,Annual,AP,Patent applications,PATN,Patents,PRIORITY,Priority date,SLV,El Salvador,_Z,Not applicable,INVENTOR,Inventor,_Z,Not applicable,_Z,Not applicable,AI,Technologies related to artificial intelligence,2012,,0,,A,Normal value,1,One,0,Units
DATAFLOW,OECD.STI.PIE:DSD_PATENTS@DF_PATENTS_OECDSPECIFIC(1.0),Patents in OECD selected technologies,I,6F0,European Patent Office,A,Annual,AP,Patent applications,PATN,Patents,PRIORITY,Priority date,ZWE,Zimbabwe,_Z,Not applicable,INVENTOR,Inventor,_Z,Not applicable,_Z,Not applicable,AI,Technologies related to artificial intelligence,2012,,0,,A,Normal value,1,One,0,Units
DATAFLOW,OECD.STI.PIE:DSD_PATENTS@DF_PATENTS_OECDSPECIFIC(1.0),Patents in OECD selected technologies,I,6F0,European Patent Office,A,Annual,AP,Patent applications,PATN,Patents,PRIORITY,Priority date,KEN,Kenya,_Z,Not applicable,INVENTOR,Inventor,_Z,Not applicable,_Z,Not applicable,AI,Technologies related to artificial intelligence,2012,,0,,A,Normal value,1,One,0,Units
DATAFLOW,OECD.STI.PIE:DSD_PATENTS@DF_PATENTS_OECDSPECIFIC(1.0),Patents in OECD selected technologies,I,6F0,European Patent Office,A,Annual,AP,Patent applications,PATN,Patents,PRIORITY,Priority date,CUB,Cuba,_Z,Not applicable,INVENTOR,Inventor,_Z,Not applicable,_Z,Not applicable,AI,Technologies related to artificial intelligence,2012,,0,,A,Normal value,1,One,0,Units
DATAFLOW,OECD.STI.PIE:DSD_PATENTS@DF_PATENTS_OECDSPECIFIC(1.0),Patents in OECD selected technologies,I,6F0,European Patent Office,A,Annual,AP,Patent applications,PATN,Patents,PRIORITY,Priority date,PRI,Puerto Rico,_Z,Not applicable,INVENTOR,Inventor,_Z,Not applicable,_Z,Not applicable,AI,Technologies related to artificial intelligence,2012,,0,,A,Normal value,1,One,0,Units
DATAFLOW,OECD.STI.PIE:DSD_PATENTS@DF_PATENTS_OECDSPECIFIC(1.0),Patents in OECD selected technologies,I,6F0,European Patent Office,A,Annual,AP,Patent applications,PATN,Patents,PRIORITY,Priority date,ROU,Romania,_Z,Not applicable,INVENTOR,Inventor,_Z,Not applicable,_Z,Not applicable,AI,Technologies related to artificial intelligence,2012,,0,,A,Normal value,1,One,0,Units
DATAFLOW,OECD.STI.PIE:DSD_PATENTS@DF_PATENTS_OECDSPECIFIC(1.0),Patents in OECD selected technologies,I,6F0,European Patent Office,A,Annual,AP,Patent applications,PATN,Patents,PRIORITY,Priority date,LTU,Lithuania,_Z,Not applicable,INVENTOR,Inventor,_Z,Not applicable,_Z,Not applicable,AI,Technologies related to artificial intelligence,2012,,0,,A,Normal value,1,One,0,Units
DATAFLOW,OECD.STI.PIE:DSD_PATENTS@DF_PATENTS_OECDSPECIFIC(1.0),Patents in OECD selected technologies,I,6F0,European Patent Office,A,Annual,AP,Patent applications,PATN,Patents,PRIORITY,Priority date,JOR,Jordan,_Z,Not applicable,INVENTOR,Inventor,_Z,Not applicable,_Z,Not applicable,AI,Technologies related to artificial intelligence,2012,,0,,A,Normal value,1,One,0,Units
DATAFLOW,OECD.STI.PIE:DSD_PATENTS@DF_PATENTS_OECDSPECIFIC(1.0),Patents in OECD selected technologies,I,6F0,European Patent Office,A,Annual,AP,Patent applications,PATN,Patents,PRIORITY,Priority date,SVN,Slovenia,_Z,Not applicable,INVENTOR,Inventor,_Z,Not applicable,_Z,Not applicable,AI,Technologies related to artificial intelligence,2012,,0,,A,Normal value,1,One,0,Units
DATAFLOW,OECD.STI.PIE:DSD_PATENTS@DF_PATENTS_OECDSPECIFIC(1.0),Patents in OECD selected technologies,I,6F0,European Patent Office,A,Annual,AP,Patent applications,PATN,Patents,PRIORITY,Priority date,PRK,Democratic People’s Republic of Korea,_Z,Not applicable,INVENTOR,Inventor,_Z,Not applicable,_Z,Not applicable,AI,Technologies related to artificial intelligence,2012,,0,,A,Normal value,1,One,0,Units
DATAFLOW,OECD.STI.PIE:DSD_PATENTS@DF_PATENTS_OECDSPECIFIC(1.0),Patents in OECD selected technologies,I,6F0,European Patent Office,A,Annual,AP,Patent applications,PATN,Patents,PRIORITY,Priority date,ISL,Iceland,_Z,Not applicable,INVENTOR,Inventor,_Z,Not applicable,_Z,Not applicable,AI,Technologies related to artificial intelligence,2012,,0,,A,Normal value,1,One,0,Units
DATAFLOW,OECD.STI.PIE:DSD_PATENTS@DF_PATENTS_OECDSPECIFIC(1.0),Patents in OECD selected technologies,I,6F0,European Patent Office,A,Annual,AP,Patent applications,PATN,Patents,PRIORITY,Priority date,ARG,Argentina,_Z,Not applicable,INVENTOR,Inventor,_Z,Not applicable,_Z,Not applicable,AI,Technologies related to artificial intelligence,2012,,0,,A,Normal value,1,One,0,Units
DATAFLOW,OECD.STI.PIE:DSD_PATENTS@DF_PATENTS_OECDSPECIFIC(1.0),Patents in OECD selected technologies,I,6F0,European Patent Office,A,Annual,AP,Patent applications,PATN,Patents,PRIORITY,Priority date,GEO,Georgia,_Z,Not applicable,INVENTOR,Inventor,_Z,Not applicable,_Z,Not applicable,AI,Technologies related to artificial intelligence,2012,,0,,A,Normal value,1,One,0,Units
DATAFLOW,OECD.STI.PIE:DSD_PATENTS@DF_PATENTS_OECDSPECIFIC(1.0),Patents in OECD selected technologies,I,6F0,European Patent Office,A,Annual,AP,Patent applications,PATN,Patents,PRIORITY,Priority date,IRN,Iran,_Z,Not applicable,INVENTOR,Inventor,_Z,Not applicable,_Z,Not applicable,AI,Technologies related to artificial intelligence,2012,,0,,A,Normal value,1,One,0,Units
DATAFLOW,OECD.STI.PIE:DSD_PATENTS@DF_PATENTS_OECDSPECIFIC(1.0),Patents in OECD selected technologies,I,6F0,European Patent Office,A,Annual,AP,Patent applications,PATN,Patents,PRIORITY,Priority date,MKD,North Macedonia,_Z,Not applicable,INVENTOR,Inventor,_Z,Not applicable,_Z,Not applicable,AI,Technologies related to artificial intelligence,2012,,0,,A,Normal value,1,One,0,Units
DATAFLOW,OECD.STI.PIE:DSD_PATENTS@DF_PATENTS_OECDSPECIFIC(1.0),Patents in OECD selected technologies,I,6F0,European Patent Office,A,Annual,AP,Patent applications,PATN,Patents,PRIORITY,Priority date,BGR,Bulgaria,_Z,Not applicable,INVENTOR,Inventor,_Z,Not applicable,_Z,Not applicable,AI,Technologies related to artificial intelligence,2012,,0,,A,Normal value,1,One,0,Units
DATAFLOW,OECD.STI.PIE:DSD_PATENTS@DF_PATENTS_OECDSPECIFIC(1.0),Patents in OECD selected technologies,I,6F0,European Patent Office,A,Annual,AP,Patent applications,PATN,Patents,PRIORITY,Priority date,URY,Uruguay,_Z,Not applicable,INVENTOR,Inventor,_Z,Not applicable,_Z,Not applicable,AI,Technologies related to artificial intelligence,2012,,0,,A,Normal value,1,One,0,Units
DATAFLOW,OECD.STI.PIE:DSD_PATENTS@DF_PATENTS_OECDSPECIFIC(1.0),Patents in OECD selected technologies,I,6F0,European Patent Office,A,Annual,AP,Patent applications,PATN,Patents,PRIORITY,Priority date,KAZ,Kazakhstan,_Z,Not applicable,INVENTOR,Inventor,_Z,Not applicable,_Z,Not applicable,AI,Technologies related to artificial intelligence,2012,,0,,A,Normal value,1,One,0,Units
DATAFLOW,OECD.STI.PIE:DSD_PATENTS@DF_PATENTS_OECDSPECIFIC(1.0),Patents in OECD selected technologies,I,6F0,European Patent Office,A,Annual,AP,Patent applications,PATN,Patents,PRIORITY,Priority date,MEX,Mexico,_Z,Not applicable,INVENTOR,Inventor,_Z,Not applicable,_Z,Not applicable,AI,Technologies related to artificial intelligence,2012,,0,,A,Normal value,1,One,0,Units
DATAFLOW,OECD.STI.PIE:DSD_PATENTS@DF_PATENTS_OECDSPECIFIC(1.0),Patents in OECD selected technologies,I,6F0,European Patent Office,A,Annual,AP,Patent applications,PATN,Patents,PRIORITY,Priority date,CRI,Costa Rica,_Z,Not applicable,INVENTOR,Inventor,_Z,Not applicable,_Z,Not applicable,AI,Technologies related to artificial intelligence,2012,,0,,A,Normal value,1,One,0,Units
DATAFLOW,OECD.STI.PIE:DSD_PATENTS@DF_PATENTS_OECDSPECIFIC(1.0),Patents in OECD selected technologies,I,6F0,European Patent Office,A,Annual,AP,Patent applications,PATN,Patents,PRIORITY,Priority date,CHL,Chile,_Z,Not applicable,INVENTOR,Inventor,_Z,Not applicable,_Z,Not applicable,AI,Technologies related to artificial intelligence,2012,,0,,A,Normal value,1,One,0,Units
DATAFLOW,OECD.STI.PIE:DSD_PATENTS@DF_PATENTS_OECDSPECIFIC(1.0),Patents in OECD selected technologies,I,6F0,European Patent Office,A,Annual,AP,Patent applications,PATN,Patents,PRIORITY,Priority date,SYC,Seychelles,_Z,Not applicable,INVENTOR,Inventor,_Z,Not applicable,_Z,Not applicable,AI,Technologies related to artificial intelligence,2012,,0,,A,Normal value,1,One,0,Units
DATAFLOW,OECD.STI.PIE:DSD_PATENTS@DF_PATENTS_OECDSPECIFIC(1.0),Patents in OECD selected technologies,I,6F0,European Patent Office,A,Annual,AP,Patent applications,PATN,Patents,PRIORITY,Priority date,ZAF,South Africa,_Z,Not applicable,INVENTOR,Inventor,_Z,Not applicable,_Z,Not applicable,AI,Technologies related to artificial intelligence,2012,,0,,A,Normal value,1,One,0,Units
DATAFLOW,OECD.STI.PIE:DSD_PATENTS@DF_PATENTS_OECDSPECIFIC(1.0),Patents in OECD selected technologies,I,6F0,European Patent Office,A,Annual,AP,Patent applications,PATN,Patents,PRIORITY,Priority date,BLR,Belarus,_Z,Not applicable,INVENTOR,Inventor,_Z,Not applicable,_Z,Not applicable,AI,Technologies related to artificial intelligence,2012,,0,,A,Normal value,1,One,0,Units
DATAFLOW,OECD.STI.PIE:DSD_PATENTS@DF_PATENTS_OECDSPECIFIC(1.0),Patents in OECD selected technologies,I,6F0,European Patent Office,A,Annual,AP,Patent applications,PATN,Patents,PRIORITY,Priority date,ARE,United Arab Emirates,_Z,Not applicable,INVENTOR,Inventor,_Z,Not applicable,_Z,Not applicable,AI,Technologies related to artificial intelligence,2012,,0,,A,Normal value,1,One,0,Units
DATAFLOW,OECD.STI.PIE:DSD_PATENTS@DF_PATENTS_OECDSPECIFIC(1.0),Patents in OECD selected technologies,I,6F0,European Patent Office,A,Annual,AP,Patent applications,PATN,Patents,PRIORITY,Priority date,MDA,Moldova,_Z,Not applicable,INVENTOR,Inventor,_Z,Not applicable,_Z,Not applicable,AI,Technologies related to artificial intelligence,2012,,0,,A,Normal value,1,One,0,Units
DATAFLOW,OECD.STI.PIE:DSD_PATENTS@DF_PATENTS_OECDSPECIFIC(1.0),Patents in OECD selected technologies,I,6F0,European Patent Office,A,Annual,AP,Patent applications,PATN,Patents,PRIORITY,Priority date,PER,Peru,_Z,Not applicable,INVENTOR,Inventor,_Z,Not applicable,_Z,Not applicable,AI,Technologies related to artificial intelligence,2012,,0,,A,Normal value,1,One,0,Units
DATAFLOW,OECD.STI.PIE:DSD_PATENTS@DF_PATENTS_OECDSPECIFIC(1.0),Patents in OECD selected technologies,I,6F0,European Patent Office,A,Annual,AP,Patent applications,PATN,Patents,PRIORITY,Priority date,LKA,Sri Lanka,_Z,Not applicable,INVENTOR,Inventor,_Z,Not applicable,_Z,Not applicable,AI,Technologies related to artificial intelligence,2012,,0,,A,Normal value,1,One,0,Units
DATAFLOW,OECD.STI.PIE:DSD_PATENTS@DF_PATENTS_OECDSPECIFIC(1.0),Patents in OECD selected technologies,I,6F0,European Patent Office,A,Annual,AP,Patent applications,PATN,Patents,PRIORITY,Priority date,PHL,Philippines,_Z,Not applicable,INVENTOR,Inventor,_Z,Not applicable,_Z,Not applicable,AI,Technologies related to artificial intelligence,2012,,0,,A,Normal value,1,One,0,Units
DATAFLOW,OECD.STI.PIE:DSD_PATENTS@DF_PATENTS_OECDSPECIFIC(1.0),Patents in OECD selected technologies,I,6F0,European Patent Office,A,Annual,AP,Patent applications,PATN,Patents,PRIORITY,Priority date,MCO,Monaco,_Z,Not applicable,INVENTOR,Inventor,_Z,Not applicable,_Z,Not applicable,AI,Technologies related to artificial intelligence,2012,,0,,A,Normal value,1,One,0,Units
DATAFLOW,OECD.STI.PIE:DSD_PATENTS@DF_PATENTS_OECDSPECIFIC(1.0),Patents in OECD selected technologies,I,6F0,European Patent Office,A,Annual,AP,Patent applications,PATN,Patents,PRIORITY,Priority date,PRT,Portugal,_Z,Not applicable,INVENTOR,Inventor,_Z,Not applicable,_Z,Not applicable,AI,Technologies related to artificial intelligence,2012,,0,,A,Normal value,1,One,0,Units
DATAFLOW,OECD.STI.PIE:DSD_PATENTS@DF_PATENTS_OECDSPECIFIC(1.0),Patents in OECD selected technologies,I,6F0,European Patent Office,A,Annual,AP,Patent applications,PATN,Patents,PRIORITY,Priority date,JAM,Jamaica,_Z,Not applicable,INVENTOR,Inventor,_Z,Not applicable,_Z,Not applicable,AI,Technologies related to artificial intelligence,2012,,0,,A,Normal value,1,One,0,Units
DATAFLOW,OECD.STI.PIE:DSD_PATENTS@DF_PATENTS_OECDSPECIFIC(1.0),Patents in OECD selected technologies,I,6F0,European Patent Office,A,Annual,AP,Patent applications,PATN,Patents,PRIORITY,Priority date,ECU,Ecuador,_Z,Not applicable,INVENTOR,Inventor,_Z,Not applicable,_Z,Not applicable,AI,Technologies related to artificial intelligence,2012,,0,,A,Normal value,1,One,0,Units
DATAFLOW,OECD.STI.PIE:DSD_PATENTS@DF_PATENTS_OECDSPECIFIC(1.0),Patents in OECD selected technologies,I,6F0,European Patent Office,A,Annual,AP,Patent applications,PATN,Patents,PRIORITY,Priority date,LIE,Liechtenstein,_Z,Not applicable,INVENTOR,Inventor,_Z,Not applicable,_Z,Not applicable,AI,Technologies related to artificial intelligence,2012,,0,,A,Normal value,1,One,0,Units
DATAFLOW,OECD.STI.PIE:DSD_PATENTS@DF_PATENTS_OECDSPECIFIC(1.0),Patents in OECD selected technologies,I,6F0,European Patent Office,A,Annual,AP,Patent applications,PATN,Patents,PRIORITY,Priority date,MLT,Malta,_Z,Not applicable,INVENTOR,Inventor,_Z,Not applicable,_Z,Not applicable,AI,Technologies related to artificial intelligence,2012,,0,,A,Normal value,1,One,0,Units
DATAFLOW,OECD.STI.PIE:DSD_PATENTS@DF_PATENTS_OECDSPECIFIC(1.0),Patents in OECD selected technologies,I,6F0,European Patent Office,A,Annual,AP,Patent applications,PATN,Patents,PRIORITY,Priority date,MAR,Morocco,_Z,Not applicable,INVENTOR,Inventor,_Z,Not applicable,_Z,Not applicable,AI,Technologies related to artificial intelligence,2012,,0,,A,Normal value,1,One,0,Units
DATAFLOW,OECD.STI.PIE:DSD_PATENTS@DF_PATENTS_OECDSPECIFIC(1.0),Patents in OECD selected technologies,I,6F0,European Patent Office,A,Annual,AP,Patent applications,PATN,Patents,PRIORITY,Priority date,AND,Andorra,_Z,Not applicable,INVENTOR,Inventor,_Z,Not applicable,_Z,Not applicable,AI,Technologies related to artificial intelligence,2012,,0,,A,Normal value,1,One,0,Units
DATAFLOW,OECD.STI.PIE:DSD_PATENTS@DF_PATENTS_OECDSPECIFIC(1.0),Patents in OECD selected technologies,I,6F0,European Patent Office,A,Annual,AP,Patent applications,PATN,Patents,PRIORITY,Priority date,UZB,Uzbekistan,_Z,Not applicable,INVENTOR,Inventor,_Z,Not applicable,_Z,Not applicable,AI,Technologies related to artificial intelligence,2012,,0,,A,Normal value,1,One,0,Units
DATAFLOW,OECD.STI.PIE:DSD_PATENTS@DF_PATENTS_OECDSPECIFIC(1.0),Patents in OECD selected technologies,I,6F0,European Patent Office,A,Annual,AP,Patent applications,PATN,Patents,PRIORITY,Priority date,NGA,Nigeria,_Z,Not applicable,INVENTOR,Inventor,_Z,Not applicable,_Z,Not applicable,AI,Technologies related to artificial intelligence,2012,,0,,A,Normal value,1,One,0,Units
DATAFLOW,OECD.STI.PIE:DSD_PATENTS@DF_PATENTS_OECDSPECIFIC(1.0),Patents in OECD selected technologies,I,6F0,European Patent Office,A,Annual,AP,Patent applications,PATN,Patents,PRIORITY,Priority date,BMU,Bermuda,_Z,Not applicable,INVENTOR,Inventor,_Z,Not applicable,_Z,Not applicable,AI,Technologies related to artificial intelligence,2012,,0,,A,Normal value,1,One,0,Units
DATAFLOW,OECD.STI.PIE:DSD_PATENTS@DF_PATENTS_OECDSPECIFIC(1.0),Patents in OECD selected technologies,I,6F0,European Patent Office,A,Annual,AP,Patent applications,PATN,Patents,PRIORITY,Priority date,TUN,Tunisia,_Z,Not applicable,INVENTOR,Inventor,_Z,Not applicable,_Z,Not applicable,AI,Technologies related to artificial intelligence,2012,,0,,A,Normal value,1,One,0,Units
DATAFLOW,OECD.STI.PIE:DSD_PATENTS@DF_PATENTS_OECDSPECIFIC(1.0),Patents in OECD selected technologies,I,6F0,European Patent Office,A,Annual,AP,Patent applications,PATN,Patents,PRIORITY,Priority date,IDN,Indonesia,_Z,Not applicable,INVENTOR,Inventor,_Z,Not applicable,_Z,Not applicable,AI,Technologies related to artificial intelligence,2012,,0,,A,Normal value,1,One,0,Units
DATAFLOW,OECD.STI.PIE:DSD_PATENTS@DF_PATENTS_OECDSPECIFIC(1.0),Patents in OECD selected technologies,I,6F0,European Patent Office,A,Annual,AP,Patent applications,PATN,Patents,PRIORITY,Priority date,CYP,Cyprus,_Z,Not applicable,INVENTOR,Inventor,_Z,Not applicable,_Z,Not applicable,AI,Technologies related to artificial intelligence,2012,,0,,A,Normal value,1,One,0,Units
DATAFLOW,OECD.STI.PIE:DSD_PATENTS@DF_PATENTS_OECDSPECIFIC(1.0),Patents in OECD selected technologies,I,6F0,European Patent Office,A,Annual,AP,Patent applications,PATN,Patents,PRIORITY,Priority date,DZA,Algeria,_Z,Not applicable,INVENTOR,Inventor,_Z,Not applicable,_Z,Not applicable,AI,Technologies related to artificial intelligence,2012,,0,,A,Normal value,1,One,0,Units
DATAFLOW,OECD.STI.PIE:DSD_PATENTS@DF_PATENTS_OECDSPECIFIC(1.0),Patents in OECD selected technologies,I,6F0,European Patent Office,A,Annual,AP,Patent applications,PATN,Patents,PRIORITY,Priority date,EGY,Egypt,_Z,Not applicable,INVENTOR,Inventor,_Z,Not applicable,_Z,Not applicable,AI,Technologies related to artificial intelligence,2012,,0,,A,Normal value,1,One,0,Units
DATAFLOW,OECD.STI.PIE:DSD_PATENTS@DF_PATENTS_OECDSPECIFIC(1.0),Patents in OECD selected technologies,I,6F0,European Patent Office,A,Annual,AP,Patent applications,PATN,Patents,PRIORITY,Priority date,PAK,Pakistan,_Z,Not applicable,INVENTOR,Inventor,_Z,Not applicable,_Z,Not applicable,AI,Technologies related to artificial intelligence,2012,,0,,A,Normal value,1,One,0,Units
DATAFLOW,OECD.STI.PIE:DSD_PATENTS@DF_PATENTS_OECDSPECIFIC(1.0),Patents in OECD selected technologies,I,6F0,European Patent Office,A,Annual,AP,Patent applications,PATN,Patents,PRIORITY,Priority date,TTO,Trinidad and Tobago,_Z,Not applicable,INVENTOR,Inventor,_Z,Not applicable,_Z,Not applicable,AI,Technologies related to artificial intelligence,2012,,0,,A,Normal value,1,One,0,Units
DATAFLOW,OECD.STI.PIE:DSD_PATENTS@DF_PATENTS_OECDSPECIFIC(1.0),Patents in OECD selected technologies,I,6F0,European Patent Office,A,Annual,AP,Patent applications,PATN,Patents,PRIORITY,Priority date,EST,Estonia,_Z,Not applicable,INVENTOR,Inventor,_Z,Not applicable,_Z,Not applicable,AI,Technologies related to artificial intelligence,2012,,0,,A,Normal value,1,One,0,Units
DATAFLOW,OECD.STI.PIE:DSD_PATENTS@DF_PATENTS_OECDSPECIFIC(1.0),Patents in OECD selected technologies,I,6F0,European Patent Office,A,Annual,AP,Patent applications,PATN,Patents,PRIORITY,Priority date,NZL,New Zealand,_Z,Not applicable,INVENTOR,Inventor,_Z,Not applicable,_Z,Not applicable,AI,Technologies related to artificial intelligence,2012,,0,,A,Normal value,1,One,0,Units
DATAFLOW,OECD.STI.PIE:DSD_PATENTS@DF_PATENTS_OECDSPECIFIC(1.0),Patents in OECD selected technologies,I,6F0,European Patent Office,A,Annual,AP,Patent applications,PATN,Patents,PRIORITY,Priority date,EST,Estonia,_Z,Not applicable,INVENTOR,Inventor,_Z,Not applicable,_Z,Not applicable,AI,Technologies related to artificial intelligence,2013,,0,,A,Normal value,1,One,0,Units
DATAFLOW,OECD.STI.PIE:DSD_PATENTS@DF_PATENTS_OECDSPECIFIC(1.0),Patents in OECD selected technologies,I,6F0,European Patent Office,A,Annual,AP,Patent applications,PATN,Patents,PRIORITY,Priority date,TTO,Trinidad and Tobago,_Z,Not applicable,INVENTOR,Inventor,_Z,Not applicable,_Z,Not applicable,AI,Technologies related to artificial intelligence,2013,,0,,A,Normal value,1,One,0,Units
DATAFLOW,OECD.STI.PIE:DSD_PATENTS@DF_PATENTS_OECDSPECIFIC(1.0),Patents in OECD selected technologies,I,6F0,European Patent Office,A,Annual,AP,Patent applications,PATN,Patents,PRIORITY,Priority date,PAK,Pakistan,_Z,Not applicable,INVENTOR,Inventor,_Z,Not applicable,_Z,Not applicable,AI,Technologies related to artificial intelligence,2013,,0,,A,Normal value,1,One,0,Units
DATAFLOW,OECD.STI.PIE:DSD_PATENTS@DF_PATENTS_OECDSPECIFIC(1.0),Patents in OECD selected technologies,I,6F0,European Patent Office,A,Annual,AP,Patent applications,PATN,Patents,PRIORITY,Priority date,EGY,Egypt,_Z,Not applicable,INVENTOR,Inventor,_Z,Not applicable,_Z,Not applicable,AI,Technologies related to artificial intelligence,2013,,0,,A,Normal value,1,One,0,Units
DATAFLOW,OECD.STI.PIE:DSD_PATENTS@DF_PATENTS_OECDSPECIFIC(1.0),Patents in OECD selected technologies,I,6F0,European Patent Office,A,Annual,AP,Patent applications,PATN,Patents,PRIORITY,Priority date,DZA,Algeria,_Z,Not applicable,INVENTOR,Inventor,_Z,Not applicable,_Z,Not applicable,AI,Technologies related to artificial intelligence,2013,,0,,A,Normal value,1,One,0,Units
DATAFLOW,OECD.STI.PIE:DSD_PATENTS@DF_PATENTS_OECDSPECIFIC(1.0),Patents in OECD selected technologies,I,6F0,European Patent Office,A,Annual,AP,Patent applications,PATN,Patents,PRIORITY,Priority date,CYP,Cyprus,_Z,Not applicable,INVENTOR,Inventor,_Z,Not applicable,_Z,Not applicable,AI,Technologies related to artificial intelligence,2013,,0,,A,Normal value,1,One,0,Units
DATAFLOW,OECD.STI.PIE:DSD_PATENTS@DF_PATENTS_OECDSPECIFIC(1.0),Patents in OECD selected technologies,I,6F0,European Patent Office,A,Annual,AP,Patent applications,PATN,Patents,PRIORITY,Priority date,IDN,Indonesia,_Z,Not applicable,INVENTOR,Inventor,_Z,Not applicable,_Z,Not applicable,AI,Technologies related to artificial intelligence,2013,,0,,A,Normal value,1,One,0,Units
DATAFLOW,OECD.STI.PIE:DSD_PATENTS@DF_PATENTS_OECDSPECIFIC(1.0),Patents in OECD selected technologies,I,6F0,European Patent Office,A,Annual,AP,Patent applications,PATN,Patents,PRIORITY,Priority date,TUN,Tunisia,_Z,Not applicable,INVENTOR,Inventor,_Z,Not applicable,_Z,Not applicable,AI,Technologies related to artificial intelligence,2013,,0,,A,Normal value,1,One,0,Units
DATAFLOW,OECD.STI.PIE:DSD_PATENTS@DF_PATENTS_OECDSPECIFIC(1.0),Patents in OECD selected technologies,I,6F0,European Patent Office,A,Annual,AP,Patent applications,PATN,Patents,PRIORITY,Priority date,BMU,Bermuda,_Z,Not applicable,INVENTOR,Inventor,_Z,Not applicable,_Z,Not applicable,AI,Technologies related to artificial intelligence,2013,,0,,A,Normal value,1,One,0,Units
DATAFLOW,OECD.STI.PIE:DSD_PATENTS@DF_PATENTS_OECDSPECIFIC(1.0),Patents in OECD selected technologies,I,6F0,European Patent Office,A,Annual,AP,Patent applications,PATN,Patents,PRIORITY,Priority date,NGA,Nigeria,_Z,Not applicable,INVENTOR,Inventor,_Z,Not applicable,_Z,Not applicable,AI,Technologies related to artificial intelligence,2013,,0,,A,Normal value,1,One,0,Units
DATAFLOW,OECD.STI.PIE:DSD_PATENTS@DF_PATENTS_OECDSPECIFIC(1.0),Patents in OECD selected technologies,I,6F0,European Patent Office,A,Annual,AP,Patent applications,PATN,Patents,PRIORITY,Priority date,UZB,Uzbekistan,_Z,Not applicable,INVENTOR,Inventor,_Z,Not applicable,_Z,Not applicable,AI,Technologies related to artificial intelligence,2013,,0,,A,Normal value,1,One,0,Units
DATAFLOW,OECD.STI.PIE:DSD_PATENTS@DF_PATENTS_OECDSPECIFIC(1.0),Patents in OECD selected technologies,I,6F0,European Patent Office,A,Annual,AP,Patent applications,PATN,Patents,PRIORITY,Priority date,AND,Andorra,_Z,Not applicable,INVENTOR,Inventor,_Z,Not applicable,_Z,Not applicable,AI,Technologies related to artificial intelligence,2013,,0,,A,Normal value,1,One,0,Units
DATAFLOW,OECD.STI.PIE:DSD_PATENTS@DF_PATENTS_OECDSPECIFIC(1.0),Patents in OECD selected technologies,I,6F0,European Patent Office,A,Annual,AP,Patent applications,PATN,Patents,PRIORITY,Priority date,MAR,Morocco,_Z,Not applicable,INVENTOR,Inventor,_Z,Not applicable,_Z,Not applicable,AI,Technologies related to artificial intelligence,2013,,0,,A,Normal value,1,One,0,Units
DATAFLOW,OECD.STI.PIE:DSD_PATENTS@DF_PATENTS_OECDSPECIFIC(1.0),Patents in OECD selected technologies,I,6F0,European Patent Office,A,Annual,AP,Patent applications,PATN,Patents,PRIORITY,Priority date,MLT,Malta,_Z,Not applicable,INVENTOR,Inventor,_Z,Not applicable,_Z,Not applicable,AI,Technologies related to artificial intelligence,2013,,0,,A,Normal value,1,One,0,Units
DATAFLOW,OECD.STI.PIE:DSD_PATENTS@DF_PATENTS_OECDSPECIFIC(1.0),Patents in OECD selected technologies,I,6F0,European Patent Office,A,Annual,AP,Patent applications,PATN,Patents,PRIORITY,Priority date,LIE,Liechtenstein,_Z,Not applicable,INVENTOR,Inventor,_Z,Not applicable,_Z,Not applicable,AI,Technologies related to artificial intelligence,2013,,0,,A,Normal value,1,One,0,Units
DATAFLOW,OECD.STI.PIE:DSD_PATENTS@DF_PATENTS_OECDSPECIFIC(1.0),Patents in OECD selected technologies,I,6F0,European Patent Office,A,Annual,AP,Patent applications,PATN,Patents,PRIORITY,Priority date,ECU,Ecuador,_Z,Not applicable,INVENTOR,Inventor,_Z,Not applicable,_Z,Not applicable,AI,Technologies related to artificial intelligence,2013,,0,,A,Normal value,1,One,0,Units
DATAFLOW,OECD.STI.PIE:DSD_PATENTS@DF_PATENTS_OECDSPECIFIC(1.0),Patents in OECD selected technologies,I,6F0,European Patent Office,A,Annual,AP,Patent applications,PATN,Patents,PRIORITY,Priority date,JAM,Jamaica,_Z,Not applicable,INVENTOR,Inventor,_Z,Not applicable,_Z,Not applicable,AI,Technologies related to artificial intelligence,2013,,0,,A,Normal value,1,One,0,Units
DATAFLOW,OECD.STI.PIE:DSD_PATENTS@DF_PATENTS_OECDSPECIFIC(1.0),Patents in OECD selected technologies,I,6F0,European Patent Office,A,Annual,AP,Patent applications,PATN,Patents,PRIORITY,Priority date,LVA,Latvia,_Z,Not applicable,INVENTOR,Inventor,_Z,Not applicable,_Z,Not applicable,AI,Technologies related to artificial intelligence,2013,,0,,A,Normal value,1,One,0,Units
DATAFLOW,OECD.STI.PIE:DSD_PATENTS@DF_PATENTS_OECDSPECIFIC(1.0),Patents in OECD selected technologies,I,6F0,European Patent Office,A,Annual,AP,Patent applications,PATN,Patents,PRIORITY,Priority date,MCO,Monaco,_Z,Not applicable,INVENTOR,Inventor,_Z,Not applicable,_Z,Not applicable,AI,Technologies related to artificial intelligence,2013,,0,,A,Normal value,1,One,0,Units
DATAFLOW,OECD.STI.PIE:DSD_PATENTS@DF_PATENTS_OECDSPECIFIC(1.0),Patents in OECD selected technologies,I,6F0,European Patent Office,A,Annual,AP,Patent applications,PATN,Patents,PRIORITY,Priority date,PHL,Philippines,_Z,Not applicable,INVENTOR,Inventor,_Z,Not applicable,_Z,Not applicable,AI,Technologies related to artificial intelligence,2013,,0,,A,Normal value,1,One,0,Units
DATAFLOW,OECD.STI.PIE:DSD_PATENTS@DF_PATENTS_OECDSPECIFIC(1.0),Patents in OECD selected technologies,I,6F0,European Patent Office,A,Annual,AP,Patent applications,PATN,Patents,PRIORITY,Priority date,LKA,Sri Lanka,_Z,Not applicable,INVENTOR,Inventor,_Z,Not applicable,_Z,Not applicable,AI,Technologies related to artificial intelligence,2013,,0,,A,Normal value,1,One,0,Units
DATAFLOW,OECD.STI.PIE:DSD_PATENTS@DF_PATENTS_OECDSPECIFIC(1.0),Patents in OECD selected technologies,I,6F0,European Patent Office,A,Annual,AP,Patent applications,PATN,Patents,PRIORITY,Priority date,PER,Peru,_Z,Not applicable,INVENTOR,Inventor,_Z,Not applicable,_Z,Not applicable,AI,Technologies related to artificial intelligence,2013,,0,,A,Normal value,1,One,0,Units
DATAFLOW,OECD.STI.PIE:DSD_PATENTS@DF_PATENTS_OECDSPECIFIC(1.0),Patents in OECD selected technologies,I,6F0,European Patent Office,A,Annual,AP,Patent applications,PATN,Patents,PRIORITY,Priority date,SVK,Slovak Republic,_Z,Not applicable,INVENTOR,Inventor,_Z,Not applicable,_Z,Not applicable,AI,Technologies related to artificial intelligence,2013,,0,,A,Normal value,1,One,0,Units
DATAFLOW,OECD.STI.PIE:DSD_PATENTS@DF_PATENTS_OECDSPECIFIC(1.0),Patents in OECD selected technologies,I,6F0,European Patent Office,A,Annual,AP,Patent applications,PATN,Patents,PRIORITY,Priority date,MDA,Moldova,_Z,Not applicable,INVENTOR,Inventor,_Z,Not applicable,_Z,Not applicable,AI,Technologies related to artificial intelligence,2013,,0,,A,Normal value,1,One,0,Units
DATAFLOW,OECD.STI.PIE:DSD_PATENTS@DF_PATENTS_OECDSPECIFIC(1.0),Patents in OECD selected technologies,I,6F0,European Patent Office,A,Annual,AP,Patent applications,PATN,Patents,PRIORITY,Priority date,BLR,Belarus,_Z,Not applicable,INVENTOR,Inventor,_Z,Not applicable,_Z,Not applicable,AI,Technologies related to artificial intelligence,2013,,0,,A,Normal value,1,One,0,Units
DATAFLOW,OECD.STI.PIE:DSD_PATENTS@DF_PATENTS_OECDSPECIFIC(1.0),Patents in OECD selected technologies,I,6F0,European Patent Office,A,Annual,AP,Patent applications,PATN,Patents,PRIORITY,Priority date,SYC,Seychelles,_Z,Not applicable,INVENTOR,Inventor,_Z,Not applicable,_Z,Not applicable,AI,Technologies related to artificial intelligence,2013,,0,,A,Normal value,1,One,0,Units
DATAFLOW,OECD.STI.PIE:DSD_PATENTS@DF_PATENTS_OECDSPECIFIC(1.0),Patents in OECD selected technologies,I,6F0,European Patent Office,A,Annual,AP,Patent applications,PATN,Patents,PRIORITY,Priority date,CHL,Chile,_Z,Not applicable,INVENTOR,Inventor,_Z,Not applicable,_Z,Not applicable,AI,Technologies related to artificial intelligence,2013,,0,,A,Normal value,1,One,0,Units
DATAFLOW,OECD.STI.PIE:DSD_PATENTS@DF_PATENTS_OECDSPECIFIC(1.0),Patents in OECD selected technologies,I,6F0,European Patent Office,A,Annual,AP,Patent applications,PATN,Patents,PRIORITY,Priority date,GRC,Greece,_Z,Not applicable,INVENTOR,Inventor,_Z,Not applicable,_Z,Not applicable,AI,Technologies related to artificial intelligence,2013,,0,,A,Normal value,1,One,0,Units
DATAFLOW,OECD.STI.PIE:DSD_PATENTS@DF_PATENTS_OECDSPECIFIC(1.0),Patents in OECD selected technologies,I,6F0,European Patent Office,A,Annual,AP,Patent applications,PATN,Patents,PRIORITY,Priority date,CRI,Costa Rica,_Z,Not applicable,INVENTOR,Inventor,_Z,Not applicable,_Z,Not applicable,AI,Technologies related to artificial intelligence,2013,,0,,A,Normal value,1,One,0,Units
DATAFLOW,OECD.STI.PIE:DSD_PATENTS@DF_PATENTS_OECDSPECIFIC(1.0),Patents in OECD selected technologies,I,6F0,European Patent Office,A,Annual,AP,Patent applications,PATN,Patents,PRIORITY,Priority date,KAZ,Kazakhstan,_Z,Not applicable,INVENTOR,Inventor,_Z,Not applicable,_Z,Not applicable,AI,Technologies related to artificial intelligence,2013,,0,,A,Normal value,1,One,0,Units
DATAFLOW,OECD.STI.PIE:DSD_PATENTS@DF_PATENTS_OECDSPECIFIC(1.0),Patents in OECD selected technologies,I,6F0,European Patent Office,A,Annual,AP,Patent applications,PATN,Patents,PRIORITY,Priority date,URY,Uruguay,_Z,Not applicable,INVENTOR,Inventor,_Z,Not applicable,_Z,Not applicable,AI,Technologies related to artificial intelligence,2013,,0,,A,Normal value,1,One,0,Units
DATAFLOW,OECD.STI.PIE:DSD_PATENTS@DF_PATENTS_OECDSPECIFIC(1.0),Patents in OECD selected technologies,I,6F0,European Patent Office,A,Annual,AP,Patent applications,PATN,Patents,PRIORITY,Priority date,BGR,Bulgaria,_Z,Not applicable,INVENTOR,Inventor,_Z,Not applicable,_Z,Not applicable,AI,Technologies related to artificial intelligence,2013,,0,,A,Normal value,1,One,0,Units
DATAFLOW,OECD.STI.PIE:DSD_PATENTS@DF_PATENTS_OECDSPECIFIC(1.0),Patents in OECD selected technologies,I,6F0,European Patent Office,A,Annual,AP,Patent applications,PATN,Patents,PRIORITY,Priority date,MKD,North Macedonia,_Z,Not applicable,INVENTOR,Inventor,_Z,Not applicable,_Z,Not applicable,AI,Technologies related to artificial intelligence,2013,,0,,A,Normal value,1,One,0,Units
DATAFLOW,OECD.STI.PIE:DSD_PATENTS@DF_PATENTS_OECDSPECIFIC(1.0),Patents in OECD selected technologies,I,6F0,European Patent Office,A,Annual,AP,Patent applications,PATN,Patents,PRIORITY,Priority date,IRN,Iran,_Z,Not applicable,INVENTOR,Inventor,_Z,Not applicable,_Z,Not applicable,AI,Technologies related to artificial intelligence,2013,,0,,A,Normal value,1,One,0,Units
DATAFLOW,OECD.STI.PIE:DSD_PATENTS@DF_PATENTS_OECDSPECIFIC(1.0),Patents in OECD selected technologies,I,6F0,European Patent Office,A,Annual,AP,Patent applications,PATN,Patents,PRIORITY,Priority date,GEO,Georgia,_Z,Not applicable,INVENTOR,Inventor,_Z,Not applicable,_Z,Not applicable,AI,Technologies related to artificial intelligence,2013,,0,,A,Normal value,1,One,0,Units
DATAFLOW,OECD.STI.PIE:DSD_PATENTS@DF_PATENTS_OECDSPECIFIC(1.0),Patents in OECD selected technologies,I,6F0,European Patent Office,A,Annual,AP,Patent applications,PATN,Patents,PRIORITY,Priority date,ARG,Argentina,_Z,Not applicable,INVENTOR,Inventor,_Z,Not applicable,_Z,Not applicable,AI,Technologies related to artificial intelligence,2013,,0,,A,Normal value,1,One,0,Units
DATAFLOW,OECD.STI.PIE:DSD_PATENTS@DF_PATENTS_OECDSPECIFIC(1.0),Patents in OECD selected technologies,I,6F0,European Patent Office,A,Annual,AP,Patent applications,PATN,Patents,PRIORITY,Priority date,ISL,Iceland,_Z,Not applicable,INVENTOR,Inventor,_Z,Not applicable,_Z,Not applicable,AI,Technologies related to artificial intelligence,2013,,0,,A,Normal value,1,One,0,Units
DATAFLOW,OECD.STI.PIE:DSD_PATENTS@DF_PATENTS_OECDSPECIFIC(1.0),Patents in OECD selected technologies,I,6F0,European Patent Office,A,Annual,AP,Patent applications,PATN,Patents,PRIORITY,Priority date,PRK,Democratic People’s Republic of Korea,_Z,Not applicable,INVENTOR,Inventor,_Z,Not applicable,_Z,Not applicable,AI,Technologies related to artificial intelligence,2013,,0,,A,Normal value,1,One,0,Units
DATAFLOW,OECD.STI.PIE:DSD_PATENTS@DF_PATENTS_OECDSPECIFIC(1.0),Patents in OECD selected technologies,I,6F0,European Patent Office,A,Annual,AP,Patent applications,PATN,Patents,PRIORITY,Priority date,SVN,Slovenia,_Z,Not applicable,INVENTOR,Inventor,_Z,Not applicable,_Z,Not applicable,AI,Technologies related to artificial intelligence,2013,,0,,A,Normal value,1,One,0,Units
DATAFLOW,OECD.STI.PIE:DSD_PATENTS@DF_PATENTS_OECDSPECIFIC(1.0),Patents in OECD selected technologies,I,6F0,European Patent Office,A,Annual,AP,Patent applications,PATN,Patents,PRIORITY,Priority date,JOR,Jordan,_Z,Not applicable,INVENTOR,Inventor,_Z,Not applicable,_Z,Not applicable,AI,Technologies related to artificial intelligence,2013,,0,,A,Normal value,1,One,0,Units
DATAFLOW,OECD.STI.PIE:DSD_PATENTS@DF_PATENTS_OECDSPECIFIC(1.0),Patents in OECD selected technologies,I,6F0,European Patent Office,A,Annual,AP,Patent applications,PATN,Patents,PRIORITY,Priority date,LTU,Lithuania,_Z,Not applicable,INVENTOR,Inventor,_Z,Not applicable,_Z,Not applicable,AI,Technologies related to artificial intelligence,2013,,0,,A,Normal value,1,One,0,Units
DATAFLOW,OECD.STI.PIE:DSD_PATENTS@DF_PATENTS_OECDSPECIFIC(1.0),Patents in OECD selected technologies,I,6F0,European Patent Office,A,Annual,AP,Patent applications,PATN,Patents,PRIORITY,Priority date,ROU,Romania,_Z,Not applicable,INVENTOR,Inventor,_Z,Not applicable,_Z,Not applicable,AI,Technologies related to artificial intelligence,2013,,0,,A,Normal value,1,One,0,Units
DATAFLOW,OECD.STI.PIE:DSD_PATENTS@DF_PATENTS_OECDSPECIFIC(1.0),Patents in OECD selected technologies,I,6F0,European Patent Office,A,Annual,AP,Patent applications,PATN,Patents,PRIORITY,Priority date,PRI,Puerto Rico,_Z,Not applicable,INVENTOR,Inventor,_Z,Not applicable,_Z,Not applicable,AI,Technologies related to artificial intelligence,2013,,0,,A,Normal value,1,One,0,Units
DATAFLOW,OECD.STI.PIE:DSD_PATENTS@DF_PATENTS_OECDSPECIFIC(1.0),Patents in OECD selected technologies,I,6F0,European Patent Office,A,Annual,AP,Patent applications,PATN,Patents,PRIORITY,Priority date,CUB,Cuba,_Z,Not applicable,INVENTOR,Inventor,_Z,Not applicable,_Z,Not applicable,AI,Technologies related to artificial intelligence,2013,,0,,A,Normal value,1,One,0,Units
DATAFLOW,OECD.STI.PIE:DSD_PATENTS@DF_PATENTS_OECDSPECIFIC(1.0),Patents in OECD selected technologies,I,6F0,European Patent Office,A,Annual,AP,Patent applications,PATN,Patents,PRIORITY,Priority date,KEN,Kenya,_Z,Not applicable,INVENTOR,Inventor,_Z,Not applicable,_Z,Not applicable,AI,Technologies related to artificial intelligence,2013,,0,,A,Normal value,1,One,0,Units
DATAFLOW,OECD.STI.PIE:DSD_PATENTS@DF_PATENTS_OECDSPECIFIC(1.0),Patents in OECD selected technologies,I,6F0,European Patent Office,A,Annual,AP,Patent applications,PATN,Patents,PRIORITY,Priority date,ZWE,Zimbabwe,_Z,Not applicable,INVENTOR,Inventor,_Z,Not applicable,_Z,Not applicable,AI,Technologies related to artificial intelligence,2013,,0,,A,Normal value,1,One,0,Units
DATAFLOW,OECD.STI.PIE:DSD_PATENTS@DF_PATENTS_OECDSPECIFIC(1.0),Patents in OECD selected technologies,I,6F0,European Patent Office,A,Annual,AP,Patent applications,PATN,Patents,PRIORITY,Priority date,SLV,El Salvador,_Z,Not applicable,INVENTOR,Inventor,_Z,Not applicable,_Z,Not applicable,AI,Technologies related to artificial intelligence,2013,,0,,A,Normal value,1,One,0,Units
DATAFLOW,OECD.STI.PIE:DSD_PATENTS@DF_PATENTS_OECDSPECIFIC(1.0),Patents in OECD selected technologies,I,6F0,European Patent Office,A,Annual,AP,Patent applications,PATN,Patents,PRIORITY,Priority date,BIH,Bosnia and Herzegovina,_Z,Not applicable,INVENTOR,Inventor,_Z,Not applicable,_Z,Not applicable,AI,Technologies related to artificial intelligence,2013,,0,,A,Normal value,1,One,0,Units
DATAFLOW,OECD.STI.PIE:DSD_PATENTS@DF_PATENTS_OECDSPECIFIC(1.0),Patents in OECD selected technologies,I,6F0,European Patent Office,A,Annual,AP,Patent applications,PATN,Patents,PRIORITY,Priority date,LUX,Luxembourg,_Z,Not applicable,INVENTOR,Inventor,_Z,Not applicable,_Z,Not applicable,AI,Technologies related to artificial intelligence,2013,,0,,A,Normal value,1,One,0,Units
DATAFLOW,OECD.STI.PIE:DSD_PATENTS@DF_PATENTS_OECDSPECIFIC(1.0),Patents in OECD selected technologies,I,6F0,European Patent Office,A,Annual,AP,Patent applications,PATN,Patents,PRIORITY,Priority date,YUG_F,Former Yugoslavia,_Z,Not applicable,INVENTOR,Inventor,_Z,Not applicable,_Z,Not applicable,AI,Technologies related to artificial intelligence,2013,,0,,A,Normal value,1,One,0,Units
DATAFLOW,OECD.STI.PIE:DSD_PATENTS@DF_PATENTS_OECDSPECIFIC(1.0),Patents in OECD selected technologies,I,6F0,European Patent Office,A,Annual,AP,Patent applications,PATN,Patents,PRIORITY,Priority date,MNG,Mongolia,_Z,Not applicable,INVENTOR,Inventor,_Z,Not applicable,_Z,Not applicable,AI,Technologies related to artificial intelligence,2013,,0,,A,Normal value,1,One,0,Units
DATAFLOW,OECD.STI.PIE:DSD_PATENTS@DF_PATENTS_OECDSPECIFIC(1.0),Patents in OECD selected technologies,I,6F0,European Patent Office,A,Annual,AP,Patent applications,PATN,Patents,PRIORITY,Priority date,KWT,Kuwait,_Z,Not applicable,INVENTOR,Inventor,_Z,Not applicable,_Z,Not applicable,AI,Technologies related to artificial intelligence,2013,,0,,A,Normal value,1,One,0,Units
DATAFLOW,OECD.STI.PIE:DSD_PATENTS@DF_PATENTS_OECDSPECIFIC(1.0),Patents in OECD selected technologies,I,6F0,European Patent Office,A,Annual,AP,Patent applications,PATN,Patents,PRIORITY,Priority date,CYM,Cayman Islands,_Z,Not applicable,INVENTOR,Inventor,_Z,Not applicable,_Z,Not applicable,AI,Technologies related to artificial intelligence,2013,,0,,A,Normal value,1,One,0,Units
DATAFLOW,OECD.STI.PIE:DSD_PATENTS@DF_PATENTS_OECDSPECIFIC(1.0),Patents in OECD selected technologies,I,6F0,European Patent Office,A,Annual,AP,Patent applications,PATN,Patents,PRIORITY,Priority date,ARM,Armenia,_Z,Not applicable,INVENTOR,Inventor,_Z,Not applicable,_Z,Not applicable,AI,Technologies related to artificial intelligence,2013,,0,,A,Normal value,1,One,0,Units
DATAFLOW,OECD.STI.PIE:DSD_PATENTS@DF_PATENTS_OECDSPECIFIC(1.0),Patents in OECD selected technologies,I,6F0,European Patent Office,A,Annual,AP,Patent applications,PATN,Patents,PRIORITY,Priority date,PAN,Panama,_Z,Not applicable,INVENTOR,Inventor,_Z,Not applicable,_Z,Not applicable,AI,Technologies related to artificial intelligence,2013,,0,,A,Normal value,1,One,0,Units
DATAFLOW,OECD.STI.PIE:DSD_PATENTS@DF_PATENTS_OECDSPECIFIC(1.0),Patents in OECD selected technologies,I,6F0,European Patent Office,A,Annual,AP,Patent applications,PATN,Patents,PRIORITY,Priority date,DJI,Djibouti,_Z,Not applicable,INVENTOR,Inventor,_Z,Not applicable,_Z,Not applicable,AI,Technologies related to artificial intelligence,2013,,0,,A,Normal value,1,One,0,Units
DATAFLOW,OECD.STI.PIE:DSD_PATENTS@DF_PATENTS_OECDSPECIFIC(1.0),Patents in OECD selected technologies,I,6F0,European Patent Office,A,Annual,AP,Patent applications,PATN,Patents,PRIORITY,Priority date,THA,Thailand,_Z,Not applicable,INVENTOR,Inventor,_Z,Not applicable,_Z,Not applicable,AI,Technologies related to artificial intelligence,2013,,0,,A,Normal value,1,One,0,Units
DATAFLOW,OECD.STI.PIE:DSD_PATENTS@DF_PATENTS_OECDSPECIFIC(1.0),Patents in OECD selected technologies,I,6F0,European Patent Office,A,Annual,AP,Patent applications,PATN,Patents,PRIORITY,Priority date,HRV,Croatia,_Z,Not applicable,INVENTOR,Inventor,_Z,Not applicable,_Z,Not applicable,AI,Technologies related to artificial intelligence,2013,,0,,A,Normal value,1,One,0,Units
DATAFLOW,OECD.STI.PIE:DSD_PATENTS@DF_PATENTS_OECDSPECIFIC(1.0),Patents in OECD selected technologies,I,6F0,European Patent Office,A,Annual,AP,Patent applications,PATN,Patents,PRIORITY,Priority date,LBN,Lebanon,_Z,Not applicable,INVENTOR,Inventor,_Z,Not applicable,_Z,Not applicable,AI,Technologies related to artificial intelligence,2013,,0,,A,Normal value,1,One,0,Units
DATAFLOW,OECD.STI.PIE:DSD_PATENTS@DF_PATENTS_OECDSPECIFIC(1.0),Patents in OECD selected technologies,I,6F0,European Patent Office,A,Annual,AP,Patent applications,PATN,Patents,PRIORITY,Priority date,VEN,Venezuela,_Z,Not applicable,INVENTOR,Inventor,_Z,Not applicable,_Z,Not applicable,AI,Technologies related to artificial intelligence,2013,,0,,A,Normal value,1,One,0,Units
DATAFLOW,OECD.STI.PIE:DSD_PATENTS@DF_PATENTS_OECDSPECIFIC(1.0),Patents in OECD selected technologies,I,6F0,European Patent Office,A,Annual,AP,Patent applications,PATN,Patents,PRIORITY,Priority date,GTM,Guatemala,_Z,Not applicable,INVENTOR,Inventor,_Z,Not applicable,_Z,Not applicable,AI,Technologies related to artificial intelligence,2013,,0,,A,Normal value,1,One,0,Units
DATAFLOW,OECD.STI.PIE:DSD_PATENTS@DF_PATENTS_OECDSPECIFIC(1.0),Patents in OECD selected technologies,I,6F0,European Patent Office,A,Annual,AP,Patent applications,PATN,Patents,PRIORITY,Priority date,GTM,Guatemala,_Z,Not applicable,INVENTOR,Inventor,_Z,Not applicable,_Z,Not applicable,AI,Technologies related to artificial intelligence,2014,,0,,A,Normal value,1,One,0,Units
DATAFLOW,OECD.STI.PIE:DSD_PATENTS@DF_PATENTS_OECDSPECIFIC(1.0),Patents in OECD selected technologies,I,6F0,European Patent Office,A,Annual,AP,Patent applications,PATN,Patents,PRIORITY,Priority date,VEN,Venezuela,_Z,Not applicable,INVENTOR,Inventor,_Z,Not applicable,_Z,Not applicable,AI,Technologies related to artificial intelligence,2014,,0,,A,Normal value,1,One,0,Units
DATAFLOW,OECD.STI.PIE:DSD_PATENTS@DF_PATENTS_OECDSPECIFIC(1.0),Patents in OECD selected technologies,I,6F0,European Patent Office,A,Annual,AP,Patent applications,PATN,Patents,PRIORITY,Priority date,LBN,Lebanon,_Z,Not applicable,INVENTOR,Inventor,_Z,Not applicable,_Z,Not applicable,AI,Technologies related to artificial intelligence,2014,,0,,A,Normal value,1,One,0,Units
DATAFLOW,OECD.STI.PIE:DSD_PATENTS@DF_PATENTS_OECDSPECIFIC(1.0),Patents in OECD selected technologies,I,6F0,European Patent Office,A,Annual,AP,Patent applications,PATN,Patents,PRIORITY,Priority date,THA,Thailand,_Z,Not applicable,INVENTOR,Inventor,_Z,Not applicable,_Z,Not applicable,AI,Technologies related to artificial intelligence,2014,,0,,A,Normal value,1,One,0,Units
DATAFLOW,OECD.STI.PIE:DSD_PATENTS@DF_PATENTS_OECDSPECIFIC(1.0),Patents in OECD selected technologies,I,6F0,European Patent Office,A,Annual,AP,Patent applications,PATN,Patents,PRIORITY,Priority date,UKR,Ukraine,_Z,Not applicable,INVENTOR,Inventor,_Z,Not applicable,_Z,Not applicable,AI,Technologies related to artificial intelligence,2014,,0,,A,Normal value,1,One,0,Units
DATAFLOW,OECD.STI.PIE:DSD_PATENTS@DF_PATENTS_OECDSPECIFIC(1.0),Patents in OECD selected technologies,I,6F0,European Patent Office,A,Annual,AP,Patent applications,PATN,Patents,PRIORITY,Priority date,DJI,Djibouti,_Z,Not applicable,INVENTOR,Inventor,_Z,Not applicable,_Z,Not applicable,AI,Technologies related to artificial intelligence,2014,,0,,A,Normal value,1,One,0,Units
DATAFLOW,OECD.STI.PIE:DSD_PATENTS@DF_PATENTS_OECDSPECIFIC(1.0),Patents in OECD selected technologies,I,6F0,European Patent Office,A,Annual,AP,Patent applications,PATN,Patents,PRIORITY,Priority date,PAN,Panama,_Z,Not applicable,INVENTOR,Inventor,_Z,Not applicable,_Z,Not applicable,AI,Technologies related to artificial intelligence,2014,,0,,A,Normal value,1,One,0,Units
DATAFLOW,OECD.STI.PIE:DSD_PATENTS@DF_PATENTS_OECDSPECIFIC(1.0),Patents in OECD selected technologies,I,6F0,European Patent Office,A,Annual,AP,Patent applications,PATN,Patents,PRIORITY,Priority date,ARM,Armenia,_Z,Not applicable,INVENTOR,Inventor,_Z,Not applicable,_Z,Not applicable,AI,Technologies related to artificial intelligence,2014,,0,,A,Normal value,1,One,0,Units
DATAFLOW,OECD.STI.PIE:DSD_PATENTS@DF_PATENTS_OECDSPECIFIC(1.0),Patents in OECD selected technologies,I,6F0,European Patent Office,A,Annual,AP,Patent applications,PATN,Patents,PRIORITY,Priority date,CYM,Cayman Islands,_Z,Not applicable,INVENTOR,Inventor,_Z,Not applicable,_Z,Not applicable,AI,Technologies related to artificial intelligence,2014,,0,,A,Normal value,1,One,0,Units
DATAFLOW,OECD.STI.PIE:DSD_PATENTS@DF_PATENTS_OECDSPECIFIC(1.0),Patents in OECD selected technologies,I,6F0,European Patent Office,A,Annual,AP,Patent applications,PATN,Patents,PRIORITY,Priority date,KWT,Kuwait,_Z,Not applicable,INVENTOR,Inventor,_Z,Not applicable,_Z,Not applicable,AI,Technologies related to artificial intelligence,2014,,0,,A,Normal value,1,One,0,Units
DATAFLOW,OECD.STI.PIE:DSD_PATENTS@DF_PATENTS_OECDSPECIFIC(1.0),Patents in OECD selected technologies,I,6F0,European Patent Office,A,Annual,AP,Patent applications,PATN,Patents,PRIORITY,Priority date,MNG,Mongolia,_Z,Not applicable,INVENTOR,Inventor,_Z,Not applicable,_Z,Not applicable,AI,Technologies related to artificial intelligence,2014,,0,,A,Normal value,1,One,0,Units
DATAFLOW,OECD.STI.PIE:DSD_PATENTS@DF_PATENTS_OECDSPECIFIC(1.0),Patents in OECD selected technologies,I,6F0,European Patent Office,A,Annual,AP,Patent applications,PATN,Patents,PRIORITY,Priority date,YUG_F,Former Yugoslavia,_Z,Not applicable,INVENTOR,Inventor,_Z,Not applicable,_Z,Not applicable,AI,Technologies related to artificial intelligence,2014,,0,,A,Normal value,1,One,0,Units
DATAFLOW,OECD.STI.PIE:DSD_PATENTS@DF_PATENTS_OECDSPECIFIC(1.0),Patents in OECD selected technologies,I,6F0,European Patent Office,A,Annual,AP,Patent applications,PATN,Patents,PRIORITY,Priority date,MYS,Malaysia,_Z,Not applicable,INVENTOR,Inventor,_Z,Not applicable,_Z,Not applicable,AI,Technologies related to artificial intelligence,2014,,0,,A,Normal value,1,One,0,Units
DATAFLOW,OECD.STI.PIE:DSD_PATENTS@DF_PATENTS_OECDSPECIFIC(1.0),Patents in OECD selected technologies,I,6F0,European Patent Office,A,Annual,AP,Patent applications,PATN,Patents,PRIORITY,Priority date,BIH,Bosnia and Herzegovina,_Z,Not applicable,INVENTOR,Inventor,_Z,Not applicable,_Z,Not applicable,AI,Technologies related to artificial intelligence,2014,,0,,A,Normal value,1,One,0,Units
DATAFLOW,OECD.STI.PIE:DSD_PATENTS@DF_PATENTS_OECDSPECIFIC(1.0),Patents in OECD selected technologies,I,6F0,European Patent Office,A,Annual,AP,Patent applications,PATN,Patents,PRIORITY,Priority date,SLV,El Salvador,_Z,Not applicable,INVENTOR,Inventor,_Z,Not applicable,_Z,Not applicable,AI,Technologies related to artificial intelligence,2014,,0,,A,Normal value,1,One,0,Units
DATAFLOW,OECD.STI.PIE:DSD_PATENTS@DF_PATENTS_OECDSPECIFIC(1.0),Patents in OECD selected technologies,I,6F0,European Patent Office,A,Annual,AP,Patent applications,PATN,Patents,PRIORITY,Priority date,ZWE,Zimbabwe,_Z,Not applicable,INVENTOR,Inventor,_Z,Not applicable,_Z,Not applicable,AI,Technologies related to artificial intelligence,2014,,0,,A,Normal value,1,One,0,Units
DATAFLOW,OECD.STI.PIE:DSD_PATENTS@DF_PATENTS_OECDSPECIFIC(1.0),Patents in OECD selected technologies,I,6F0,European Patent Office,A,Annual,AP,Patent applications,PATN,Patents,PRIORITY,Priority date,KEN,Kenya,_Z,Not applicable,INVENTOR,Inventor,_Z,Not applicable,_Z,Not applicable,AI,Technologies related to artificial intelligence,2014,,0,,A,Normal value,1,One,0,Units
DATAFLOW,OECD.STI.PIE:DSD_PATENTS@DF_PATENTS_OECDSPECIFIC(1.0),Patents in OECD selected technologies,I,6F0,European Patent Office,A,Annual,AP,Patent applications,PATN,Patents,PRIORITY,Priority date,CUB,Cuba,_Z,Not applicable,INVENTOR,Inventor,_Z,Not applicable,_Z,Not applicable,AI,Technologies related to artificial intelligence,2014,,0,,A,Normal value,1,One,0,Units
DATAFLOW,OECD.STI.PIE:DSD_PATENTS@DF_PATENTS_OECDSPECIFIC(1.0),Patents in OECD selected technologies,I,6F0,European Patent Office,A,Annual,AP,Patent applications,PATN,Patents,PRIORITY,Priority date,PRI,Puerto Rico,_Z,Not applicable,INVENTOR,Inventor,_Z,Not applicable,_Z,Not applicable,AI,Technologies related to artificial intelligence,2014,,0,,A,Normal value,1,One,0,Units
DATAFLOW,OECD.STI.PIE:DSD_PATENTS@DF_PATENTS_OECDSPECIFIC(1.0),Patents in OECD selected technologies,I,6F0,European Patent Office,A,Annual,AP,Patent applications,PATN,Patents,PRIORITY,Priority date,LTU,Lithuania,_Z,Not applicable,INVENTOR,Inventor,_Z,Not applicable,_Z,Not applicable,AI,Technologies related to artificial intelligence,2014,,0,,A,Normal value,1,One,0,Units
DATAFLOW,OECD.STI.PIE:DSD_PATENTS@DF_PATENTS_OECDSPECIFIC(1.0),Patents in OECD selected technologies,I,6F0,European Patent Office,A,Annual,AP,Patent applications,PATN,Patents,PRIORITY,Priority date,JOR,Jordan,_Z,Not applicable,INVENTOR,Inventor,_Z,Not applicable,_Z,Not applicable,AI,Technologies related to artificial intelligence,2014,,0,,A,Normal value,1,One,0,Units
DATAFLOW,OECD.STI.PIE:DSD_PATENTS@DF_PATENTS_OECDSPECIFIC(1.0),Patents in OECD selected technologies,I,6F0,European Patent Office,A,Annual,AP,Patent applications,PATN,Patents,PRIORITY,Priority date,SVN,Slovenia,_Z,Not applicable,INVENTOR,Inventor,_Z,Not applicable,_Z,Not applicable,AI,Technologies related to artificial intelligence,2014,,0,,A,Normal value,1,One,0,Units
DATAFLOW,OECD.STI.PIE:DSD_PATENTS@DF_PATENTS_OECDSPECIFIC(1.0),Patents in OECD selected technologies,I,6F0,European Patent Office,A,Annual,AP,Patent applications,PATN,Patents,PRIORITY,Priority date,PRK,Democratic People’s Republic of Korea,_Z,Not applicable,INVENTOR,Inventor,_Z,Not applicable,_Z,Not applicable,AI,Technologies related to artificial intelligence,2014,,0,,A,Normal value,1,One,0,Units
DATAFLOW,OECD.STI.PIE:DSD_PATENTS@DF_PATENTS_OECDSPECIFIC(1.0),Patents in OECD selected technologies,I,6F0,European Patent Office,A,Annual,AP,Patent applications,PATN,Patents,PRIORITY,Priority date,ISL,Iceland,_Z,Not applicable,INVENTOR,Inventor,_Z,Not applicable,_Z,Not applicable,AI,Technologies related to artificial intelligence,2014,,0,,A,Normal value,1,One,0,Units
DATAFLOW,OECD.STI.PIE:DSD_PATENTS@DF_PATENTS_OECDSPECIFIC(1.0),Patents in OECD selected technologies,I,6F0,European Patent Office,A,Annual,AP,Patent applications,PATN,Patents,PRIORITY,Priority date,ARG,Argentina,_Z,Not applicable,INVENTOR,Inventor,_Z,Not applicable,_Z,Not applicable,AI,Technologies related to artificial intelligence,2014,,0,,A,Normal value,1,One,0,Units
DATAFLOW,OECD.STI.PIE:DSD_PATENTS@DF_PATENTS_OECDSPECIFIC(1.0),Patents in OECD selected technologies,I,6F0,European Patent Office,A,Annual,AP,Patent applications,PATN,Patents,PRIORITY,Priority date,GEO,Georgia,_Z,Not applicable,INVENTOR,Inventor,_Z,Not applicable,_Z,Not applicable,AI,Technologies related to artificial intelligence,2014,,0,,A,Normal value,1,One,0,Units
DATAFLOW,OECD.STI.PIE:DSD_PATENTS@DF_PATENTS_OECDSPECIFIC(1.0),Patents in OECD selected technologies,I,6F0,European Patent Office,A,Annual,AP,Patent applications,PATN,Patents,PRIORITY,Priority date,IRN,Iran,_Z,Not applicable,INVENTOR,Inventor,_Z,Not applicable,_Z,Not applicable,AI,Technologies related to artificial intelligence,2014,,0,,A,Normal value,1,One,0,Units
DATAFLOW,OECD.STI.PIE:DSD_PATENTS@DF_PATENTS_OECDSPECIFIC(1.0),Patents in OECD selected technologies,I,6F0,European Patent Office,A,Annual,AP,Patent applications,PATN,Patents,PRIORITY,Priority date,MKD,North Macedonia,_Z,Not applicable,INVENTOR,Inventor,_Z,Not applicable,_Z,Not applicable,AI,Technologies related to artificial intelligence,2014,,0,,A,Normal value,1,One,0,Units
DATAFLOW,OECD.STI.PIE:DSD_PATENTS@DF_PATENTS_OECDSPECIFIC(1.0),Patents in OECD selected technologies,I,6F0,European Patent Office,A,Annual,AP,Patent applications,PATN,Patents,PRIORITY,Priority date,BGR,Bulgaria,_Z,Not applicable,INVENTOR,Inventor,_Z,Not applicable,_Z,Not applicable,AI,Technologies related to artificial intelligence,2014,,0,,A,Normal value,1,One,0,Units
DATAFLOW,OECD.STI.PIE:DSD_PATENTS@DF_PATENTS_OECDSPECIFIC(1.0),Patents in OECD selected technologies,I,6F0,European Patent Office,A,Annual,AP,Patent applications,PATN,Patents,PRIORITY,Priority date,URY,Uruguay,_Z,Not applicable,INVENTOR,Inventor,_Z,Not applicable,_Z,Not applicable,AI,Technologies related to artificial intelligence,2014,,0,,A,Normal value,1,One,0,Units
DATAFLOW,OECD.STI.PIE:DSD_PATENTS@DF_PATENTS_OECDSPECIFIC(1.0),Patents in OECD selected technologies,I,6F0,European Patent Office,A,Annual,AP,Patent applications,PATN,Patents,PRIORITY,Priority date,KAZ,Kazakhstan,_Z,Not applicable,INVENTOR,Inventor,_Z,Not applicable,_Z,Not applicable,AI,Technologies related to artificial intelligence,2014,,0,,A,Normal value,1,One,0,Units
DATAFLOW,OECD.STI.PIE:DSD_PATENTS@DF_PATENTS_OECDSPECIFIC(1.0),Patents in OECD selected technologies,I,6F0,European Patent Office,A,Annual,AP,Patent applications,PATN,Patents,PRIORITY,Priority date,CRI,Costa Rica,_Z,Not applicable,INVENTOR,Inventor,_Z,Not applicable,_Z,Not applicable,AI,Technologies related to artificial intelligence,2014,,0,,A,Normal value,1,One,0,Units
DATAFLOW,OECD.STI.PIE:DSD_PATENTS@DF_PATENTS_OECDSPECIFIC(1.0),Patents in OECD selected technologies,I,6F0,European Patent Office,A,Annual,AP,Patent applications,PATN,Patents,PRIORITY,Priority date,CHL,Chile,_Z,Not applicable,INVENTOR,Inventor,_Z,Not applicable,_Z,Not applicable,AI,Technologies related to artificial intelligence,2014,,0,,A,Normal value,1,One,0,Units
DATAFLOW,OECD.STI.PIE:DSD_PATENTS@DF_PATENTS_OECDSPECIFIC(1.0),Patents in OECD selected technologies,I,6F0,European Patent Office,A,Annual,AP,Patent applications,PATN,Patents,PRIORITY,Priority date,SYC,Seychelles,_Z,Not applicable,INVENTOR,Inventor,_Z,Not applicable,_Z,Not applicable,AI,Technologies related to artificial intelligence,2014,,0,,A,Normal value,1,One,0,Units
DATAFLOW,OECD.STI.PIE:DSD_PATENTS@DF_PATENTS_OECDSPECIFIC(1.0),Patents in OECD selected technologies,I,6F0,European Patent Office,A,Annual,AP,Patent applications,PATN,Patents,PRIORITY,Priority date,ZAF,South Africa,_Z,Not applicable,INVENTOR,Inventor,_Z,Not applicable,_Z,Not applicable,AI,Technologies related to artificial intelligence,2014,,0,,A,Normal value,1,One,0,Units
DATAFLOW,OECD.STI.PIE:DSD_PATENTS@DF_PATENTS_OECDSPECIFIC(1.0),Patents in OECD selected technologies,I,6F0,European Patent Office,A,Annual,AP,Patent applications,PATN,Patents,PRIORITY,Priority date,BLR,Belarus,_Z,Not applicable,INVENTOR,Inventor,_Z,Not applicable,_Z,Not applicable,AI,Technologies related to artificial intelligence,2014,,0,,A,Normal value,1,One,0,Units
DATAFLOW,OECD.STI.PIE:DSD_PATENTS@DF_PATENTS_OECDSPECIFIC(1.0),Patents in OECD selected technologies,I,6F0,European Patent Office,A,Annual,AP,Patent applications,PATN,Patents,PRIORITY,Priority date,MDA,Moldova,_Z,Not applicable,INVENTOR,Inventor,_Z,Not applicable,_Z,Not applicable,AI,Technologies related to artificial intelligence,2014,,0,,A,Normal value,1,One,0,Units
DATAFLOW,OECD.STI.PIE:DSD_PATENTS@DF_PATENTS_OECDSPECIFIC(1.0),Patents in OECD selected technologies,I,6F0,European Patent Office,A,Annual,AP,Patent applications,PATN,Patents,PRIORITY,Priority date,SVK,Slovak Republic,_Z,Not applicable,INVENTOR,Inventor,_Z,Not applicable,_Z,Not applicable,AI,Technologies related to artificial intelligence,2014,,0,,A,Normal value,1,One,0,Units
DATAFLOW,OECD.STI.PIE:DSD_PATENTS@DF_PATENTS_OECDSPECIFIC(1.0),Patents in OECD selected technologies,I,6F0,European Patent Office,A,Annual,AP,Patent applications,PATN,Patents,PRIORITY,Priority date,PER,Peru,_Z,Not applicable,INVENTOR,Inventor,_Z,Not applicable,_Z,Not applicable,AI,Technologies related to artificial intelligence,2014,,0,,A,Normal value,1,One,0,Units
DATAFLOW,OECD.STI.PIE:DSD_PATENTS@DF_PATENTS_OECDSPECIFIC(1.0),Patents in OECD selected technologies,I,6F0,European Patent Office,A,Annual,AP,Patent applications,PATN,Patents,PRIORITY,Priority date,LKA,Sri Lanka,_Z,Not applicable,INVENTOR,Inventor,_Z,Not applicable,_Z,Not applicable,AI,Technologies related to artificial intelligence,2014,,0,,A,Normal value,1,One,0,Units
DATAFLOW,OECD.STI.PIE:DSD_PATENTS@DF_PATENTS_OECDSPECIFIC(1.0),Patents in OECD selected technologies,I,6F0,European Patent Office,A,Annual,AP,Patent applications,PATN,Patents,PRIORITY,Priority date,PHL,Philippines,_Z,Not applicable,INVENTOR,Inventor,_Z,Not applicable,_Z,Not applicable,AI,Technologies related to artificial intelligence,2014,,0,,A,Normal value,1,One,0,Units
DATAFLOW,OECD.STI.PIE:DSD_PATENTS@DF_PATENTS_OECDSPECIFIC(1.0),Patents in OECD selected technologies,I,6F0,European Patent Office,A,Annual,AP,Patent applications,PATN,Patents,PRIORITY,Priority date,MCO,Monaco,_Z,Not applicable,INVENTOR,Inventor,_Z,Not applicable,_Z,Not applicable,AI,Technologies related to artificial intelligence,2014,,0,,A,Normal value,1,One,0,Units
DATAFLOW,OECD.STI.PIE:DSD_PATENTS@DF_PATENTS_OECDSPECIFIC(1.0),Patents in OECD selected technologies,I,6F0,European Patent Office,A,Annual,AP,Patent applications,PATN,Patents,PRIORITY,Priority date,LVA,Latvia,_Z,Not applicable,INVENTOR,Inventor,_Z,Not applicable,_Z,Not applicable,AI,Technologies related to artificial intelligence,2014,,0,,A,Normal value,1,One,0,Units
DATAFLOW,OECD.STI.PIE:DSD_PATENTS@DF_PATENTS_OECDSPECIFIC(1.0),Patents in OECD selected technologies,I,6F0,European Patent Office,A,Annual,AP,Patent applications,PATN,Patents,PRIORITY,Priority date,JAM,Jamaica,_Z,Not applicable,INVENTOR,Inventor,_Z,Not applicable,_Z,Not applicable,AI,Technologies related to artificial intelligence,2014,,0,,A,Normal value,1,One,0,Units
DATAFLOW,OECD.STI.PIE:DSD_PATENTS@DF_PATENTS_OECDSPECIFIC(1.0),Patents in OECD selected technologies,I,6F0,European Patent Office,A,Annual,AP,Patent applications,PATN,Patents,PRIORITY,Priority date,MLT,Malta,_Z,Not applicable,INVENTOR,Inventor,_Z,Not applicable,_Z,Not applicable,AI,Technologies related to artificial intelligence,2014,,0,,A,Normal value,1,One,0,Units
DATAFLOW,OECD.STI.PIE:DSD_PATENTS@DF_PATENTS_OECDSPECIFIC(1.0),Patents in OECD selected technologies,I,6F0,European Patent Office,A,Annual,AP,Patent applications,PATN,Patents,PRIORITY,Priority date,MAR,Morocco,_Z,Not applicable,INVENTOR,Inventor,_Z,Not applicable,_Z,Not applicable,AI,Technologies related to artificial intelligence,2014,,0,,A,Normal value,1,One,0,Units
DATAFLOW,OECD.STI.PIE:DSD_PATENTS@DF_PATENTS_OECDSPECIFIC(1.0),Patents in OECD selected technologies,I,6F0,European Patent Office,A,Annual,AP,Patent applications,PATN,Patents,PRIORITY,Priority date,AND,Andorra,_Z,Not applicable,INVENTOR,Inventor,_Z,Not applicable,_Z,Not applicable,AI,Technologies related to artificial intelligence,2014,,0,,A,Normal value,1,One,0,Units
DATAFLOW,OECD.STI.PIE:DSD_PATENTS@DF_PATENTS_OECDSPECIFIC(1.0),Patents in OECD selected technologies,I,6F0,European Patent Office,A,Annual,AP,Patent applications,PATN,Patents,PRIORITY,Priority date,UZB,Uzbekistan,_Z,Not applicable,INVENTOR,Inventor,_Z,Not applicable,_Z,Not applicable,AI,Technologies related to artificial intelligence,2014,,0,,A,Normal value,1,One,0,Units
DATAFLOW,OECD.STI.PIE:DSD_PATENTS@DF_PATENTS_OECDSPECIFIC(1.0),Patents in OECD selected technologies,I,6F0,European Patent Office,A,Annual,AP,Patent applications,PATN,Patents,PRIORITY,Priority date,NGA,Nigeria,_Z,Not applicable,INVENTOR,Inventor,_Z,Not applicable,_Z,Not applicable,AI,Technologies related to artificial intelligence,2014,,0,,A,Normal value,1,One,0,Units
DATAFLOW,OECD.STI.PIE:DSD_PATENTS@DF_PATENTS_OECDSPECIFIC(1.0),Patents in OECD selected technologies,I,6F0,European Patent Office,A,Annual,AP,Patent applications,PATN,Patents,PRIORITY,Priority date,BMU,Bermuda,_Z,Not applicable,INVENTOR,Inventor,_Z,Not applicable,_Z,Not applicable,AI,Technologies related to artificial intelligence,2014,,0,,A,Normal value,1,One,0,Units
DATAFLOW,OECD.STI.PIE:DSD_PATENTS@DF_PATENTS_OECDSPECIFIC(1.0),Patents in OECD selected technologies,I,6F0,European Patent Office,A,Annual,AP,Patent applications,PATN,Patents,PRIORITY,Priority date,TUN,Tunisia,_Z,Not applicable,INVENTOR,Inventor,_Z,Not applicable,_Z,Not applicable,AI,Technologies related to artificial intelligence,2014,,0,,A,Normal value,1,One,0,Units
DATAFLOW,OECD.STI.PIE:DSD_PATENTS@DF_PATENTS_OECDSPECIFIC(1.0),Patents in OECD selected technologies,I,6F0,European Patent Office,A,Annual,AP,Patent applications,PATN,Patents,PRIORITY,Priority date,IDN,Indonesia,_Z,Not applicable,INVENTOR,Inventor,_Z,Not applicable,_Z,Not applicable,AI,Technologies related to artificial intelligence,2014,,0,,A,Normal value,1,One,0,Units
DATAFLOW,OECD.STI.PIE:DSD_PATENTS@DF_PATENTS_OECDSPECIFIC(1.0),Patents in OECD selected technologies,I,6F0,European Patent Office,A,Annual,AP,Patent applications,PATN,Patents,PRIORITY,Priority date,CYP,Cyprus,_Z,Not applicable,INVENTOR,Inventor,_Z,Not applicable,_Z,Not applicable,AI,Technologies related to artificial intelligence,2014,,0,,A,Normal value,1,One,0,Units
DATAFLOW,OECD.STI.PIE:DSD_PATENTS@DF_PATENTS_OECDSPECIFIC(1.0),Patents in OECD selected technologies,I,6F0,European Patent Office,A,Annual,AP,Patent applications,PATN,Patents,PRIORITY,Priority date,DZA,Algeria,_Z,Not applicable,INVENTOR,Inventor,_Z,Not applicable,_Z,Not applicable,AI,Technologies related to artificial intelligence,2014,,0,,A,Normal value,1,One,0,Units
DATAFLOW,OECD.STI.PIE:DSD_PATENTS@DF_PATENTS_OECDSPECIFIC(1.0),Patents in OECD selected technologies,I,6F0,European Patent Office,A,Annual,AP,Patent applications,PATN,Patents,PRIORITY,Priority date,EGY,Egypt,_Z,Not applicable,INVENTOR,Inventor,_Z,Not applicable,_Z,Not applicable,AI,Technologies related to artificial intelligence,2014,,0,,A,Normal value,1,One,0,Units
DATAFLOW,OECD.STI.PIE:DSD_PATENTS@DF_PATENTS_OECDSPECIFIC(1.0),Patents in OECD selected technologies,I,6F0,European Patent Office,A,Annual,AP,Patent applications,PATN,Patents,PRIORITY,Priority date,PAK,Pakistan,_Z,Not applicable,INVENTOR,Inventor,_Z,Not applicable,_Z,Not applicable,AI,Technologies related to artificial intelligence,2014,,0,,A,Normal value,1,One,0,Units
DATAFLOW,OECD.STI.PIE:DSD_PATENTS@DF_PATENTS_OECDSPECIFIC(1.0),Patents in OECD selected technologies,I,6F0,European Patent Office,A,Annual,AP,Patent applications,PATN,Patents,PRIORITY,Priority date,TTO,Trinidad and Tobago,_Z,Not applicable,INVENTOR,Inventor,_Z,Not applicable,_Z,Not applicable,AI,Technologies related to artificial intelligence,2014,,0,,A,Normal value,1,One,0,Units
DATAFLOW,OECD.STI.PIE:DSD_PATENTS@DF_PATENTS_OECDSPECIFIC(1.0),Patents in OECD selected technologies,I,6F0,European Patent Office,A,Annual,AP,Patent applications,PATN,Patents,PRIORITY,Priority date,EST,Estonia,_Z,Not applicable,INVENTOR,Inventor,_Z,Not applicable,_Z,Not applicable,AI,Technologies related to artificial intelligence,2014,,0,,A,Normal value,1,One,0,Units
DATAFLOW,OECD.STI.PIE:DSD_PATENTS@DF_PATENTS_OECDSPECIFIC(1.0),Patents in OECD selected technologies,I,6F0,European Patent Office,A,Annual,AP,Patent applications,PATN,Patents,PRIORITY,Priority date,NZL,New Zealand,_Z,Not applicable,INVENTOR,Inventor,_Z,Not applicable,_Z,Not applicable,AI,Technologies related to artificial intelligence,2014,,0,,A,Normal value,1,One,0,Units
DATAFLOW,OECD.STI.PIE:DSD_PATENTS@DF_PATENTS_OECDSPECIFIC(1.0),Patents in OECD selected technologies,I,6F0,European Patent Office,A,Annual,AP,Patent applications,PATN,Patents,PRIORITY,Priority date,TTO,Trinidad and Tobago,_Z,Not applicable,INVENTOR,Inventor,_Z,Not applicable,_Z,Not applicable,AI,Technologies related to artificial intelligence,2015,,0,,A,Normal value,1,One,0,Units
DATAFLOW,OECD.STI.PIE:DSD_PATENTS@DF_PATENTS_OECDSPECIFIC(1.0),Patents in OECD selected technologies,I,6F0,European Patent Office,A,Annual,AP,Patent applications,PATN,Patents,PRIORITY,Priority date,PAK,Pakistan,_Z,Not applicable,INVENTOR,Inventor,_Z,Not applicable,_Z,Not applicable,AI,Technologies related to artificial intelligence,2015,,0,,A,Normal value,1,One,0,Units
DATAFLOW,OECD.STI.PIE:DSD_PATENTS@DF_PATENTS_OECDSPECIFIC(1.0),Patents in OECD selected technologies,I,6F0,European Patent Office,A,Annual,AP,Patent applications,PATN,Patents,PRIORITY,Priority date,EGY,Egypt,_Z,Not applicable,INVENTOR,Inventor,_Z,Not applicable,_Z,Not applicable,AI,Technologies related to artificial intelligence,2015,,0,,A,Normal value,1,One,0,Units
DATAFLOW,OECD.STI.PIE:DSD_PATENTS@DF_PATENTS_OECDSPECIFIC(1.0),Patents in OECD selected technologies,I,6F0,European Patent Office,A,Annual,AP,Patent applications,PATN,Patents,PRIORITY,Priority date,DZA,Algeria,_Z,Not applicable,INVENTOR,Inventor,_Z,Not applicable,_Z,Not applicable,AI,Technologies related to artificial intelligence,2015,,0,,A,Normal value,1,One,0,Units
DATAFLOW,OECD.STI.PIE:DSD_PATENTS@DF_PATENTS_OECDSPECIFIC(1.0),Patents in OECD selected technologies,I,6F0,European Patent Office,A,Annual,AP,Patent applications,PATN,Patents,PRIORITY,Priority date,CYP,Cyprus,_Z,Not applicable,INVENTOR,Inventor,_Z,Not applicable,_Z,Not applicable,AI,Technologies related to artificial intelligence,2015,,0,,A,Normal value,1,One,0,Units
DATAFLOW,OECD.STI.PIE:DSD_PATENTS@DF_PATENTS_OECDSPECIFIC(1.0),Patents in OECD selected technologies,I,6F0,European Patent Office,A,Annual,AP,Patent applications,PATN,Patents,PRIORITY,Priority date,TUN,Tunisia,_Z,Not applicable,INVENTOR,Inventor,_Z,Not applicable,_Z,Not applicable,AI,Technologies related to artificial intelligence,2015,,0,,A,Normal value,1,One,0,Units
DATAFLOW,OECD.STI.PIE:DSD_PATENTS@DF_PATENTS_OECDSPECIFIC(1.0),Patents in OECD selected technologies,I,6F0,European Patent Office,A,Annual,AP,Patent applications,PATN,Patents,PRIORITY,Priority date,BMU,Bermuda,_Z,Not applicable,INVENTOR,Inventor,_Z,Not applicable,_Z,Not applicable,AI,Technologies related to artificial intelligence,2015,,0,,A,Normal value,1,One,0,Units
DATAFLOW,OECD.STI.PIE:DSD_PATENTS@DF_PATENTS_OECDSPECIFIC(1.0),Patents in OECD selected technologies,I,6F0,European Patent Office,A,Annual,AP,Patent applications,PATN,Patents,PRIORITY,Priority date,NGA,Nigeria,_Z,Not applicable,INVENTOR,Inventor,_Z,Not applicable,_Z,Not applicable,AI,Technologies related to artificial intelligence,2015,,0,,A,Normal value,1,One,0,Units
DATAFLOW,OECD.STI.PIE:DSD_PATENTS@DF_PATENTS_OECDSPECIFIC(1.0),Patents in OECD selected technologies,I,6F0,European Patent Office,A,Annual,AP,Patent applications,PATN,Patents,PRIORITY,Priority date,UZB,Uzbekistan,_Z,Not applicable,INVENTOR,Inventor,_Z,Not applicable,_Z,Not applicable,AI,Technologies related to artificial intelligence,2015,,0,,A,Normal value,1,One,0,Units
DATAFLOW,OECD.STI.PIE:DSD_PATENTS@DF_PATENTS_OECDSPECIFIC(1.0),Patents in OECD selected technologies,I,6F0,European Patent Office,A,Annual,AP,Patent applications,PATN,Patents,PRIORITY,Priority date,AND,Andorra,_Z,Not applicable,INVENTOR,Inventor,_Z,Not applicable,_Z,Not applicable,AI,Technologies related to artificial intelligence,2015,,0,,A,Normal value,1,One,0,Units
DATAFLOW,OECD.STI.PIE:DSD_PATENTS@DF_PATENTS_OECDSPECIFIC(1.0),Patents in OECD selected technologies,I,6F0,European Patent Office,A,Annual,AP,Patent applications,PATN,Patents,PRIORITY,Priority date,MAR,Morocco,_Z,Not applicable,INVENTOR,Inventor,_Z,Not applicable,_Z,Not applicable,AI,Technologies related to artificial intelligence,2015,,0,,A,Normal value,1,One,0,Units
DATAFLOW,OECD.STI.PIE:DSD_PATENTS@DF_PATENTS_OECDSPECIFIC(1.0),Patents in OECD selected technologies,I,6F0,European Patent Office,A,Annual,AP,Patent applications,PATN,Patents,PRIORITY,Priority date,MLT,Malta,_Z,Not applicable,INVENTOR,Inventor,_Z,Not applicable,_Z,Not applicable,AI,Technologies related to artificial intelligence,2015,,0,,A,Normal value,1,One,0,Units
DATAFLOW,OECD.STI.PIE:DSD_PATENTS@DF_PATENTS_OECDSPECIFIC(1.0),Patents in OECD selected technologies,I,6F0,European Patent Office,A,Annual,AP,Patent applications,PATN,Patents,PRIORITY,Priority date,LIE,Liechtenstein,_Z,Not applicable,INVENTOR,Inventor,_Z,Not applicable,_Z,Not applicable,AI,Technologies related to artificial intelligence,2015,,0,,A,Normal value,1,One,0,Units
DATAFLOW,OECD.STI.PIE:DSD_PATENTS@DF_PATENTS_OECDSPECIFIC(1.0),Patents in OECD selected technologies,I,6F0,European Patent Office,A,Annual,AP,Patent applications,PATN,Patents,PRIORITY,Priority date,ECU,Ecuador,_Z,Not applicable,INVENTOR,Inventor,_Z,Not applicable,_Z,Not applicable,AI,Technologies related to artificial intelligence,2015,,0,,A,Normal value,1,One,0,Units
DATAFLOW,OECD.STI.PIE:DSD_PATENTS@DF_PATENTS_OECDSPECIFIC(1.0),Patents in OECD selected technologies,I,6F0,European Patent Office,A,Annual,AP,Patent applications,PATN,Patents,PRIORITY,Priority date,JAM,Jamaica,_Z,Not applicable,INVENTOR,Inventor,_Z,Not applicable,_Z,Not applicable,AI,Technologies related to artificial intelligence,2015,,0,,A,Normal value,1,One,0,Units
DATAFLOW,OECD.STI.PIE:DSD_PATENTS@DF_PATENTS_OECDSPECIFIC(1.0),Patents in OECD selected technologies,I,6F0,European Patent Office,A,Annual,AP,Patent applications,PATN,Patents,PRIORITY,Priority date,MCO,Monaco,_Z,Not applicable,INVENTOR,Inventor,_Z,Not applicable,_Z,Not applicable,AI,Technologies related to artificial intelligence,2015,,0,,A,Normal value,1,One,0,Units
DATAFLOW,OECD.STI.PIE:DSD_PATENTS@DF_PATENTS_OECDSPECIFIC(1.0),Patents in OECD selected technologies,I,6F0,European Patent Office,A,Annual,AP,Patent applications,PATN,Patents,PRIORITY,Priority date,PHL,Philippines,_Z,Not applicable,INVENTOR,Inventor,_Z,Not applicable,_Z,Not applicable,AI,Technologies related to artificial intelligence,2015,,0,,A,Normal value,1,One,0,Units
DATAFLOW,OECD.STI.PIE:DSD_PATENTS@DF_PATENTS_OECDSPECIFIC(1.0),Patents in OECD selected technologies,I,6F0,European Patent Office,A,Annual,AP,Patent applications,PATN,Patents,PRIORITY,Priority date,PER,Peru,_Z,Not applicable,INVENTOR,Inventor,_Z,Not applicable,_Z,Not applicable,AI,Technologies related to artificial intelligence,2015,,0,,A,Normal value,1,One,0,Units
DATAFLOW,OECD.STI.PIE:DSD_PATENTS@DF_PATENTS_OECDSPECIFIC(1.0),Patents in OECD selected technologies,I,6F0,European Patent Office,A,Annual,AP,Patent applications,PATN,Patents,PRIORITY,Priority date,MDA,Moldova,_Z,Not applicable,INVENTOR,Inventor,_Z,Not applicable,_Z,Not applicable,AI,Technologies related to artificial intelligence,2015,,0,,A,Normal value,1,One,0,Units
DATAFLOW,OECD.STI.PIE:DSD_PATENTS@DF_PATENTS_OECDSPECIFIC(1.0),Patents in OECD selected technologies,I,6F0,European Patent Office,A,Annual,AP,Patent applications,PATN,Patents,PRIORITY,Priority date,ARE,United Arab Emirates,_Z,Not applicable,INVENTOR,Inventor,_Z,Not applicable,_Z,Not applicable,AI,Technologies related to artificial intelligence,2015,,0,,A,Normal value,1,One,0,Units
DATAFLOW,OECD.STI.PIE:DSD_PATENTS@DF_PATENTS_OECDSPECIFIC(1.0),Patents in OECD selected technologies,I,6F0,European Patent Office,A,Annual,AP,Patent applications,PATN,Patents,PRIORITY,Priority date,BLR,Belarus,_Z,Not applicable,INVENTOR,Inventor,_Z,Not applicable,_Z,Not applicable,AI,Technologies related to artificial intelligence,2015,,0,,A,Normal value,1,One,0,Units
DATAFLOW,OECD.STI.PIE:DSD_PATENTS@DF_PATENTS_OECDSPECIFIC(1.0),Patents in OECD selected technologies,I,6F0,European Patent Office,A,Annual,AP,Patent applications,PATN,Patents,PRIORITY,Priority date,ZAF,South Africa,_Z,Not applicable,INVENTOR,Inventor,_Z,Not applicable,_Z,Not applicable,AI,Technologies related to artificial intelligence,2015,,0,,A,Normal value,1,One,0,Units
DATAFLOW,OECD.STI.PIE:DSD_PATENTS@DF_PATENTS_OECDSPECIFIC(1.0),Patents in OECD selected technologies,I,6F0,European Patent Office,A,Annual,AP,Patent applications,PATN,Patents,PRIORITY,Priority date,SYC,Seychelles,_Z,Not applicable,INVENTOR,Inventor,_Z,Not applicable,_Z,Not applicable,AI,Technologies related to artificial intelligence,2015,,0,,A,Normal value,1,One,0,Units
DATAFLOW,OECD.STI.PIE:DSD_PATENTS@DF_PATENTS_OECDSPECIFIC(1.0),Patents in OECD selected technologies,I,6F0,European Patent Office,A,Annual,AP,Patent applications,PATN,Patents,PRIORITY,Priority date,CRI,Costa Rica,_Z,Not applicable,INVENTOR,Inventor,_Z,Not applicable,_Z,Not applicable,AI,Technologies related to artificial intelligence,2015,,0,,A,Normal value,1,One,0,Units
DATAFLOW,OECD.STI.PIE:DSD_PATENTS@DF_PATENTS_OECDSPECIFIC(1.0),Patents in OECD selected technologies,I,6F0,European Patent Office,A,Annual,AP,Patent applications,PATN,Patents,PRIORITY,Priority date,MEX,Mexico,_Z,Not applicable,INVENTOR,Inventor,_Z,Not applicable,_Z,Not applicable,AI,Technologies related to artificial intelligence,2015,,0,,A,Normal value,1,One,0,Units
DATAFLOW,OECD.STI.PIE:DSD_PATENTS@DF_PATENTS_OECDSPECIFIC(1.0),Patents in OECD selected technologies,I,6F0,European Patent Office,A,Annual,AP,Patent applications,PATN,Patents,PRIORITY,Priority date,KAZ,Kazakhstan,_Z,Not applicable,INVENTOR,Inventor,_Z,Not applicable,_Z,Not applicable,AI,Technologies related to artificial intelligence,2015,,0,,A,Normal value,1,One,0,Units
DATAFLOW,OECD.STI.PIE:DSD_PATENTS@DF_PATENTS_OECDSPECIFIC(1.0),Patents in OECD selected technologies,I,6F0,European Patent Office,A,Annual,AP,Patent applications,PATN,Patents,PRIORITY,Priority date,URY,Uruguay,_Z,Not applicable,INVENTOR,Inventor,_Z,Not applicable,_Z,Not applicable,AI,Technologies related to artificial intelligence,2015,,0,,A,Normal value,1,One,0,Units
DATAFLOW,OECD.STI.PIE:DSD_PATENTS@DF_PATENTS_OECDSPECIFIC(1.0),Patents in OECD selected technologies,I,6F0,European Patent Office,A,Annual,AP,Patent applications,PATN,Patents,PRIORITY,Priority date,BGR,Bulgaria,_Z,Not applicable,INVENTOR,Inventor,_Z,Not applicable,_Z,Not applicable,AI,Technologies related to artificial intelligence,2015,,0,,A,Normal value,1,One,0,Units
DATAFLOW,OECD.STI.PIE:DSD_PATENTS@DF_PATENTS_OECDSPECIFIC(1.0),Patents in OECD selected technologies,I,6F0,European Patent Office,A,Annual,AP,Patent applications,PATN,Patents,PRIORITY,Priority date,MKD,North Macedonia,_Z,Not applicable,INVENTOR,Inventor,_Z,Not applicable,_Z,Not applicable,AI,Technologies related to artificial intelligence,2015,,0,,A,Normal value,1,One,0,Units
DATAFLOW,OECD.STI.PIE:DSD_PATENTS@DF_PATENTS_OECDSPECIFIC(1.0),Patents in OECD selected technologies,I,6F0,European Patent Office,A,Annual,AP,Patent applications,PATN,Patents,PRIORITY,Priority date,GEO,Georgia,_Z,Not applicable,INVENTOR,Inventor,_Z,Not applicable,_Z,Not applicable,AI,Technologies related to artificial intelligence,2015,,0,,A,Normal value,1,One,0,Units
DATAFLOW,OECD.STI.PIE:DSD_PATENTS@DF_PATENTS_OECDSPECIFIC(1.0),Patents in OECD selected technologies,I,6F0,European Patent Office,A,Annual,AP,Patent applications,PATN,Patents,PRIORITY,Priority date,ARG,Argentina,_Z,Not applicable,INVENTOR,Inventor,_Z,Not applicable,_Z,Not applicable,AI,Technologies related to artificial intelligence,2015,,0,,A,Normal value,1,One,0,Units
DATAFLOW,OECD.STI.PIE:DSD_PATENTS@DF_PATENTS_OECDSPECIFIC(1.0),Patents in OECD selected technologies,I,6F0,European Patent Office,A,Annual,AP,Patent applications,PATN,Patents,PRIORITY,Priority date,PRK,Democratic People’s Republic of Korea,_Z,Not applicable,INVENTOR,Inventor,_Z,Not applicable,_Z,Not applicable,AI,Technologies related to artificial intelligence,2015,,0,,A,Normal value,1,One,0,Units
DATAFLOW,OECD.STI.PIE:DSD_PATENTS@DF_PATENTS_OECDSPECIFIC(1.0),Patents in OECD selected technologies,I,6F0,European Patent Office,A,Annual,AP,Patent applications,PATN,Patents,PRIORITY,Priority date,JOR,Jordan,_Z,Not applicable,INVENTOR,Inventor,_Z,Not applicable,_Z,Not applicable,AI,Technologies related to artificial intelligence,2015,,0,,A,Normal value,1,One,0,Units
DATAFLOW,OECD.STI.PIE:DSD_PATENTS@DF_PATENTS_OECDSPECIFIC(1.0),Patents in OECD selected technologies,I,6F0,European Patent Office,A,Annual,AP,Patent applications,PATN,Patents,PRIORITY,Priority date,LTU,Lithuania,_Z,Not applicable,INVENTOR,Inventor,_Z,Not applicable,_Z,Not applicable,AI,Technologies related to artificial intelligence,2015,,0,,A,Normal value,1,One,0,Units
DATAFLOW,OECD.STI.PIE:DSD_PATENTS@DF_PATENTS_OECDSPECIFIC(1.0),Patents in OECD selected technologies,I,6F0,European Patent Office,A,Annual,AP,Patent applications,PATN,Patents,PRIORITY,Priority date,PRI,Puerto Rico,_Z,Not applicable,INVENTOR,Inventor,_Z,Not applicable,_Z,Not applicable,AI,Technologies related to artificial intelligence,2015,,0,,A,Normal value,1,One,0,Units
DATAFLOW,OECD.STI.PIE:DSD_PATENTS@DF_PATENTS_OECDSPECIFIC(1.0),Patents in OECD selected technologies,I,6F0,European Patent Office,A,Annual,AP,Patent applications,PATN,Patents,PRIORITY,Priority date,CUB,Cuba,_Z,Not applicable,INVENTOR,Inventor,_Z,Not applicable,_Z,Not applicable,AI,Technologies related to artificial intelligence,2015,,0,,A,Normal value,1,One,0,Units
DATAFLOW,OECD.STI.PIE:DSD_PATENTS@DF_PATENTS_OECDSPECIFIC(1.0),Patents in OECD selected technologies,I,6F0,European Patent Office,A,Annual,AP,Patent applications,PATN,Patents,PRIORITY,Priority date,KEN,Kenya,_Z,Not applicable,INVENTOR,Inventor,_Z,Not applicable,_Z,Not applicable,AI,Technologies related to artificial intelligence,2015,,0,,A,Normal value,1,One,0,Units
DATAFLOW,OECD.STI.PIE:DSD_PATENTS@DF_PATENTS_OECDSPECIFIC(1.0),Patents in OECD selected technologies,I,6F0,European Patent Office,A,Annual,AP,Patent applications,PATN,Patents,PRIORITY,Priority date,ZWE,Zimbabwe,_Z,Not applicable,INVENTOR,Inventor,_Z,Not applicable,_Z,Not applicable,AI,Technologies related to artificial intelligence,2015,,0,,A,Normal value,1,One,0,Units
DATAFLOW,OECD.STI.PIE:DSD_PATENTS@DF_PATENTS_OECDSPECIFIC(1.0),Patents in OECD selected technologies,I,6F0,European Patent Office,A,Annual,AP,Patent applications,PATN,Patents,PRIORITY,Priority date,SLV,El Salvador,_Z,Not applicable,INVENTOR,Inventor,_Z,Not applicable,_Z,Not applicable,AI,Technologies related to artificial intelligence,2015,,0,,A,Normal value,1,One,0,Units
DATAFLOW,OECD.STI.PIE:DSD_PATENTS@DF_PATENTS_OECDSPECIFIC(1.0),Patents in OECD selected technologies,I,6F0,European Patent Office,A,Annual,AP,Patent applications,PATN,Patents,PRIORITY,Priority date,BIH,Bosnia and Herzegovina,_Z,Not applicable,INVENTOR,Inventor,_Z,Not applicable,_Z,Not applicable,AI,Technologies related to artificial intelligence,2015,,0,,A,Normal value,1,One,0,Units
DATAFLOW,OECD.STI.PIE:DSD_PATENTS@DF_PATENTS_OECDSPECIFIC(1.0),Patents in OECD selected technologies,I,6F0,European Patent Office,A,Annual,AP,Patent applications,PATN,Patents,PRIORITY,Priority date,MYS,Malaysia,_Z,Not applicable,INVENTOR,Inventor,_Z,Not applicable,_Z,Not applicable,AI,Technologies related to artificial intelligence,2015,,0,,A,Normal value,1,One,0,Units
DATAFLOW,OECD.STI.PIE:DSD_PATENTS@DF_PATENTS_OECDSPECIFIC(1.0),Patents in OECD selected technologies,I,6F0,European Patent Office,A,Annual,AP,Patent applications,PATN,Patents,PRIORITY,Priority date,YUG_F,Former Yugoslavia,_Z,Not applicable,INVENTOR,Inventor,_Z,Not applicable,_Z,Not applicable,AI,Technologies related to artificial intelligence,2015,,0,,A,Normal value,1,One,0,Units
DATAFLOW,OECD.STI.PIE:DSD_PATENTS@DF_PATENTS_OECDSPECIFIC(1.0),Patents in OECD selected technologies,I,6F0,European Patent Office,A,Annual,AP,Patent applications,PATN,Patents,PRIORITY,Priority date,MNG,Mongolia,_Z,Not applicable,INVENTOR,Inventor,_Z,Not applicable,_Z,Not applicable,AI,Technologies related to artificial intelligence,2015,,0,,A,Normal value,1,One,0,Units
DATAFLOW,OECD.STI.PIE:DSD_PATENTS@DF_PATENTS_OECDSPECIFIC(1.0),Patents in OECD selected technologies,I,6F0,European Patent Office,A,Annual,AP,Patent applications,PATN,Patents,PRIORITY,Priority date,KWT,Kuwait,_Z,Not applicable,INVENTOR,Inventor,_Z,Not applicable,_Z,Not applicable,AI,Technologies related to artificial intelligence,2015,,0,,A,Normal value,1,One,0,Units
DATAFLOW,OECD.STI.PIE:DSD_PATENTS@DF_PATENTS_OECDSPECIFIC(1.0),Patents in OECD selected technologies,I,6F0,European Patent Office,A,Annual,AP,Patent applications,PATN,Patents,PRIORITY,Priority date,ARM,Armenia,_Z,Not applicable,INVENTOR,Inventor,_Z,Not applicable,_Z,Not applicable,AI,Technologies related to artificial intelligence,2015,,0,,A,Normal value,1,One,0,Units
DATAFLOW,OECD.STI.PIE:DSD_PATENTS@DF_PATENTS_OECDSPECIFIC(1.0),Patents in OECD selected technologies,I,6F0,European Patent Office,A,Annual,AP,Patent applications,PATN,Patents,PRIORITY,Priority date,PAN,Panama,_Z,Not applicable,INVENTOR,Inventor,_Z,Not applicable,_Z,Not applicable,AI,Technologies related to artificial intelligence,2015,,0,,A,Normal value,1,One,0,Units
DATAFLOW,OECD.STI.PIE:DSD_PATENTS@DF_PATENTS_OECDSPECIFIC(1.0),Patents in OECD selected technologies,I,6F0,European Patent Office,A,Annual,AP,Patent applications,PATN,Patents,PRIORITY,Priority date,DJI,Djibouti,_Z,Not applicable,INVENTOR,Inventor,_Z,Not applicable,_Z,Not applicable,AI,Technologies related to artificial intelligence,2015,,0,,A,Normal value,1,One,0,Units
DATAFLOW,OECD.STI.PIE:DSD_PATENTS@DF_PATENTS_OECDSPECIFIC(1.0),Patents in OECD selected technologies,I,6F0,European Patent Office,A,Annual,AP,Patent applications,PATN,Patents,PRIORITY,Priority date,UKR,Ukraine,_Z,Not applicable,INVENTOR,Inventor,_Z,Not applicable,_Z,Not applicable,AI,Technologies related to artificial intelligence,2015,,0,,A,Normal value,1,One,0,Units
DATAFLOW,OECD.STI.PIE:DSD_PATENTS@DF_PATENTS_OECDSPECIFIC(1.0),Patents in OECD selected technologies,I,6F0,European Patent Office,A,Annual,AP,Patent applications,PATN,Patents,PRIORITY,Priority date,HRV,Croatia,_Z,Not applicable,INVENTOR,Inventor,_Z,Not applicable,_Z,Not applicable,AI,Technologies related to artificial intelligence,2015,,0,,A,Normal value,1,One,0,Units
DATAFLOW,OECD.STI.PIE:DSD_PATENTS@DF_PATENTS_OECDSPECIFIC(1.0),Patents in OECD selected technologies,I,6F0,European Patent Office,A,Annual,AP,Patent applications,PATN,Patents,PRIORITY,Priority date,LBN,Lebanon,_Z,Not applicable,INVENTOR,Inventor,_Z,Not applicable,_Z,Not applicable,AI,Technologies related to artificial intelligence,2015,,0,,A,Normal value,1,One,0,Units
DATAFLOW,OECD.STI.PIE:DSD_PATENTS@DF_PATENTS_OECDSPECIFIC(1.0),Patents in OECD selected technologies,I,6F0,European Patent Office,A,Annual,AP,Patent applications,PATN,Patents,PRIORITY,Priority date,VEN,Venezuela,_Z,Not applicable,INVENTOR,Inventor,_Z,Not applicable,_Z,Not applicable,AI,Technologies related to artificial intelligence,2015,,0,,A,Normal value,1,One,0,Units
DATAFLOW,OECD.STI.PIE:DSD_PATENTS@DF_PATENTS_OECDSPECIFIC(1.0),Patents in OECD selected technologies,I,6F0,European Patent Office,A,Annual,AP,Patent applications,PATN,Patents,PRIORITY,Priority date,GTM,Guatemala,_Z,Not applicable,INVENTOR,Inventor,_Z,Not applicable,_Z,Not applicable,AI,Technologies related to artificial intelligence,2015,,0,,A,Normal value,1,One,0,Units
DATAFLOW,OECD.STI.PIE:DSD_PATENTS@DF_PATENTS_OECDSPECIFIC(1.0),Patents in OECD selected technologies,I,6F0,European Patent Office,A,Annual,AP,Patent applications,PATN,Patents,PRIORITY,Priority date,COL,Colombia,_Z,Not applicable,INVENTOR,Inventor,_Z,Not applicable,_Z,Not applicable,AI,Technologies related to artificial intelligence,2015,,0,,A,Normal value,1,One,0,Units
DATAFLOW,OECD.STI.PIE:DSD_PATENTS@DF_PATENTS_OECDSPECIFIC(1.0),Patents in OECD selected technologies,I,6F0,European Patent Office,A,Annual,AP,Patent applications,PATN,Patents,PRIORITY,Priority date,GTM,Guatemala,_Z,Not applicable,INVENTOR,Inventor,_Z,Not applicable,_Z,Not applicable,AI,Technologies related to artificial intelligence,2016,,0,,A,Normal value,1,One,0,Units
DATAFLOW,OECD.STI.PIE:DSD_PATENTS@DF_PATENTS_OECDSPECIFIC(1.0),Patents in OECD selected technologies,I,6F0,European Patent Office,A,Annual,AP,Patent applications,PATN,Patents,PRIORITY,Priority date,VEN,Venezuela,_Z,Not applicable,INVENTOR,Inventor,_Z,Not applicable,_Z,Not applicable,AI,Technologies related to artificial intelligence,2016,,0,,A,Normal value,1,One,0,Units
DATAFLOW,OECD.STI.PIE:DSD_PATENTS@DF_PATENTS_OECDSPECIFIC(1.0),Patents in OECD selected technologies,I,6F0,European Patent Office,A,Annual,AP,Patent applications,PATN,Patents,PRIORITY,Priority date,LBN,Lebanon,_Z,Not applicable,INVENTOR,Inventor,_Z,Not applicable,_Z,Not applicable,AI,Technologies related to artificial intelligence,2016,,0,,A,Normal value,1,One,0,Units
DATAFLOW,OECD.STI.PIE:DSD_PATENTS@DF_PATENTS_OECDSPECIFIC(1.0),Patents in OECD selected technologies,I,6F0,European Patent Office,A,Annual,AP,Patent applications,PATN,Patents,PRIORITY,Priority date,THA,Thailand,_Z,Not applicable,INVENTOR,Inventor,_Z,Not applicable,_Z,Not applicable,AI,Technologies related to artificial intelligence,2016,,0,,A,Normal value,1,One,0,Units
DATAFLOW,OECD.STI.PIE:DSD_PATENTS@DF_PATENTS_OECDSPECIFIC(1.0),Patents in OECD selected technologies,I,6F0,European Patent Office,A,Annual,AP,Patent applications,PATN,Patents,PRIORITY,Priority date,DJI,Djibouti,_Z,Not applicable,INVENTOR,Inventor,_Z,Not applicable,_Z,Not applicable,AI,Technologies related to artificial intelligence,2016,,0,,A,Normal value,1,One,0,Units
DATAFLOW,OECD.STI.PIE:DSD_PATENTS@DF_PATENTS_OECDSPECIFIC(1.0),Patents in OECD selected technologies,I,6F0,European Patent Office,A,Annual,AP,Patent applications,PATN,Patents,PRIORITY,Priority date,PAN,Panama,_Z,Not applicable,INVENTOR,Inventor,_Z,Not applicable,_Z,Not applicable,AI,Technologies related to artificial intelligence,2016,,0,,A,Normal value,1,One,0,Units
DATAFLOW,OECD.STI.PIE:DSD_PATENTS@DF_PATENTS_OECDSPECIFIC(1.0),Patents in OECD selected technologies,I,6F0,European Patent Office,A,Annual,AP,Patent applications,PATN,Patents,PRIORITY,Priority date,ARM,Armenia,_Z,Not applicable,INVENTOR,Inventor,_Z,Not applicable,_Z,Not applicable,AI,Technologies related to artificial intelligence,2016,,0,,A,Normal value,1,One,0,Units
DATAFLOW,OECD.STI.PIE:DSD_PATENTS@DF_PATENTS_OECDSPECIFIC(1.0),Patents in OECD selected technologies,I,6F0,European Patent Office,A,Annual,AP,Patent applications,PATN,Patents,PRIORITY,Priority date,CYM,Cayman Islands,_Z,Not applicable,INVENTOR,Inventor,_Z,Not applicable,_Z,Not applicable,AI,Technologies related to artificial intelligence,2016,,0,,A,Normal value,1,One,0,Units
DATAFLOW,OECD.STI.PIE:DSD_PATENTS@DF_PATENTS_OECDSPECIFIC(1.0),Patents in OECD selected technologies,I,6F0,European Patent Office,A,Annual,AP,Patent applications,PATN,Patents,PRIORITY,Priority date,KWT,Kuwait,_Z,Not applicable,INVENTOR,Inventor,_Z,Not applicable,_Z,Not applicable,AI,Technologies related to artificial intelligence,2016,,0,,A,Normal value,1,One,0,Units
DATAFLOW,OECD.STI.PIE:DSD_PATENTS@DF_PATENTS_OECDSPECIFIC(1.0),Patents in OECD selected technologies,I,6F0,European Patent Office,A,Annual,AP,Patent applications,PATN,Patents,PRIORITY,Priority date,MNG,Mongolia,_Z,Not applicable,INVENTOR,Inventor,_Z,Not applicable,_Z,Not applicable,AI,Technologies related to artificial intelligence,2016,,0,,A,Normal value,1,One,0,Units
DATAFLOW,OECD.STI.PIE:DSD_PATENTS@DF_PATENTS_OECDSPECIFIC(1.0),Patents in OECD selected technologies,I,6F0,European Patent Office,A,Annual,AP,Patent applications,PATN,Patents,PRIORITY,Priority date,YUG_F,Former Yugoslavia,_Z,Not applicable,INVENTOR,Inventor,_Z,Not applicable,_Z,Not applicable,AI,Technologies related to artificial intelligence,2016,,0,,A,Normal value,1,One,0,Units
DATAFLOW,OECD.STI.PIE:DSD_PATENTS@DF_PATENTS_OECDSPECIFIC(1.0),Patents in OECD selected technologies,I,6F0,European Patent Office,A,Annual,AP,Patent applications,PATN,Patents,PRIORITY,Priority date,MYS,Malaysia,_Z,Not applicable,INVENTOR,Inventor,_Z,Not applicable,_Z,Not applicable,AI,Technologies related to artificial intelligence,2016,,0,,A,Normal value,1,One,0,Units
DATAFLOW,OECD.STI.PIE:DSD_PATENTS@DF_PATENTS_OECDSPECIFIC(1.0),Patents in OECD selected technologies,I,6F0,European Patent Office,A,Annual,AP,Patent applications,PATN,Patents,PRIORITY,Priority date,SLV,El Salvador,_Z,Not applicable,INVENTOR,Inventor,_Z,Not applicable,_Z,Not applicable,AI,Technologies related to artificial intelligence,2016,,0,,A,Normal value,1,One,0,Units
DATAFLOW,OECD.STI.PIE:DSD_PATENTS@DF_PATENTS_OECDSPECIFIC(1.0),Patents in OECD selected technologies,I,6F0,European Patent Office,A,Annual,AP,Patent applications,PATN,Patents,PRIORITY,Priority date,ZWE,Zimbabwe,_Z,Not applicable,INVENTOR,Inventor,_Z,Not applicable,_Z,Not applicable,AI,Technologies related to artificial intelligence,2016,,0,,A,Normal value,1,One,0,Units
DATAFLOW,OECD.STI.PIE:DSD_PATENTS@DF_PATENTS_OECDSPECIFIC(1.0),Patents in OECD selected technologies,I,6F0,European Patent Office,A,Annual,AP,Patent applications,PATN,Patents,PRIORITY,Priority date,KEN,Kenya,_Z,Not applicable,INVENTOR,Inventor,_Z,Not applicable,_Z,Not applicable,AI,Technologies related to artificial intelligence,2016,,0,,A,Normal value,1,One,0,Units
DATAFLOW,OECD.STI.PIE:DSD_PATENTS@DF_PATENTS_OECDSPECIFIC(1.0),Patents in OECD selected technologies,I,6F0,European Patent Office,A,Annual,AP,Patent applications,PATN,Patents,PRIORITY,Priority date,CUB,Cuba,_Z,Not applicable,INVENTOR,Inventor,_Z,Not applicable,_Z,Not applicable,AI,Technologies related to artificial intelligence,2016,,0,,A,Normal value,1,One,0,Units
DATAFLOW,OECD.STI.PIE:DSD_PATENTS@DF_PATENTS_OECDSPECIFIC(1.0),Patents in OECD selected technologies,I,6F0,European Patent Office,A,Annual,AP,Patent applications,PATN,Patents,PRIORITY,Priority date,PRI,Puerto Rico,_Z,Not applicable,INVENTOR,Inventor,_Z,Not applicable,_Z,Not applicable,AI,Technologies related to artificial intelligence,2016,,0,,A,Normal value,1,One,0,Units
DATAFLOW,OECD.STI.PIE:DSD_PATENTS@DF_PATENTS_OECDSPECIFIC(1.0),Patents in OECD selected technologies,I,6F0,European Patent Office,A,Annual,AP,Patent applications,PATN,Patents,PRIORITY,Priority date,LTU,Lithuania,_Z,Not applicable,INVENTOR,Inventor,_Z,Not applicable,_Z,Not applicable,AI,Technologies related to artificial intelligence,2016,,0,,A,Normal value,1,One,0,Units
DATAFLOW,OECD.STI.PIE:DSD_PATENTS@DF_PATENTS_OECDSPECIFIC(1.0),Patents in OECD selected technologies,I,6F0,European Patent Office,A,Annual,AP,Patent applications,PATN,Patents,PRIORITY,Priority date,JOR,Jordan,_Z,Not applicable,INVENTOR,Inventor,_Z,Not applicable,_Z,Not applicable,AI,Technologies related to artificial intelligence,2016,,0,,A,Normal value,1,One,0,Units
DATAFLOW,OECD.STI.PIE:DSD_PATENTS@DF_PATENTS_OECDSPECIFIC(1.0),Patents in OECD selected technologies,I,6F0,European Patent Office,A,Annual,AP,Patent applications,PATN,Patents,PRIORITY,Priority date,PRK,Democratic People’s Republic of Korea,_Z,Not applicable,INVENTOR,Inventor,_Z,Not applicable,_Z,Not applicable,AI,Technologies related to artificial intelligence,2016,,0,,A,Normal value,1,One,0,Units
DATAFLOW,OECD.STI.PIE:DSD_PATENTS@DF_PATENTS_OECDSPECIFIC(1.0),Patents in OECD selected technologies,I,6F0,European Patent Office,A,Annual,AP,Patent applications,PATN,Patents,PRIORITY,Priority date,GEO,Georgia,_Z,Not applicable,INVENTOR,Inventor,_Z,Not applicable,_Z,Not applicable,AI,Technologies related to artificial intelligence,2016,,0,,A,Normal value,1,One,0,Units
DATAFLOW,OECD.STI.PIE:DSD_PATENTS@DF_PATENTS_OECDSPECIFIC(1.0),Patents in OECD selected technologies,I,6F0,European Patent Office,A,Annual,AP,Patent applications,PATN,Patents,PRIORITY,Priority date,IRN,Iran,_Z,Not applicable,INVENTOR,Inventor,_Z,Not applicable,_Z,Not applicable,AI,Technologies related to artificial intelligence,2016,,0,,A,Normal value,1,One,0,Units
DATAFLOW,OECD.STI.PIE:DSD_PATENTS@DF_PATENTS_OECDSPECIFIC(1.0),Patents in OECD selected technologies,I,6F0,European Patent Office,A,Annual,AP,Patent applications,PATN,Patents,PRIORITY,Priority date,MKD,North Macedonia,_Z,Not applicable,INVENTOR,Inventor,_Z,Not applicable,_Z,Not applicable,AI,Technologies related to artificial intelligence,2016,,0,,A,Normal value,1,One,0,Units
DATAFLOW,OECD.STI.PIE:DSD_PATENTS@DF_PATENTS_OECDSPECIFIC(1.0),Patents in OECD selected technologies,I,6F0,European Patent Office,A,Annual,AP,Patent applications,PATN,Patents,PRIORITY,Priority date,BGR,Bulgaria,_Z,Not applicable,INVENTOR,Inventor,_Z,Not applicable,_Z,Not applicable,AI,Technologies related to artificial intelligence,2016,,0,,A,Normal value,1,One,0,Units
DATAFLOW,OECD.STI.PIE:DSD_PATENTS@DF_PATENTS_OECDSPECIFIC(1.0),Patents in OECD selected technologies,I,6F0,European Patent Office,A,Annual,AP,Patent applications,PATN,Patents,PRIORITY,Priority date,URY,Uruguay,_Z,Not applicable,INVENTOR,Inventor,_Z,Not applicable,_Z,Not applicable,AI,Technologies related to artificial intelligence,2016,,0,,A,Normal value,1,One,0,Units
DATAFLOW,OECD.STI.PIE:DSD_PATENTS@DF_PATENTS_OECDSPECIFIC(1.0),Patents in OECD selected technologies,I,6F0,European Patent Office,A,Annual,AP,Patent applications,PATN,Patents,PRIORITY,Priority date,KAZ,Kazakhstan,_Z,Not applicable,INVENTOR,Inventor,_Z,Not applicable,_Z,Not applicable,AI,Technologies related to artificial intelligence,2016,,0,,A,Normal value,1,One,0,Units
DATAFLOW,OECD.STI.PIE:DSD_PATENTS@DF_PATENTS_OECDSPECIFIC(1.0),Patents in OECD selected technologies,I,6F0,European Patent Office,A,Annual,AP,Patent applications,PATN,Patents,PRIORITY,Priority date,MEX,Mexico,_Z,Not applicable,INVENTOR,Inventor,_Z,Not applicable,_Z,Not applicable,AI,Technologies related to artificial intelligence,2016,,0,,A,Normal value,1,One,0,Units
DATAFLOW,OECD.STI.PIE:DSD_PATENTS@DF_PATENTS_OECDSPECIFIC(1.0),Patents in OECD selected technologies,I,6F0,European Patent Office,A,Annual,AP,Patent applications,PATN,Patents,PRIORITY,Priority date,CRI,Costa Rica,_Z,Not applicable,INVENTOR,Inventor,_Z,Not applicable,_Z,Not applicable,AI,Technologies related to artificial intelligence,2016,,0,,A,Normal value,1,One,0,Units
DATAFLOW,OECD.STI.PIE:DSD_PATENTS@DF_PATENTS_OECDSPECIFIC(1.0),Patents in OECD selected technologies,I,6F0,European Patent Office,A,Annual,AP,Patent applications,PATN,Patents,PRIORITY,Priority date,CHL,Chile,_Z,Not applicable,INVENTOR,Inventor,_Z,Not applicable,_Z,Not applicable,AI,Technologies related to artificial intelligence,2016,,0,,A,Normal value,1,One,0,Units
DATAFLOW,OECD.STI.PIE:DSD_PATENTS@DF_PATENTS_OECDSPECIFIC(1.0),Patents in OECD selected technologies,I,6F0,European Patent Office,A,Annual,AP,Patent applications,PATN,Patents,PRIORITY,Priority date,SYC,Seychelles,_Z,Not applicable,INVENTOR,Inventor,_Z,Not applicable,_Z,Not applicable,AI,Technologies related to artificial intelligence,2016,,0,,A,Normal value,1,One,0,Units
DATAFLOW,OECD.STI.PIE:DSD_PATENTS@DF_PATENTS_OECDSPECIFIC(1.0),Patents in OECD selected technologies,I,6F0,European Patent Office,A,Annual,AP,Patent applications,PATN,Patents,PRIORITY,Priority date,ZAF,South Africa,_Z,Not applicable,INVENTOR,Inventor,_Z,Not applicable,_Z,Not applicable,AI,Technologies related to artificial intelligence,2016,,0,,A,Normal value,1,One,0,Units
DATAFLOW,OECD.STI.PIE:DSD_PATENTS@DF_PATENTS_OECDSPECIFIC(1.0),Patents in OECD selected technologies,I,6F0,European Patent Office,A,Annual,AP,Patent applications,PATN,Patents,PRIORITY,Priority date,ARE,United Arab Emirates,_Z,Not applicable,INVENTOR,Inventor,_Z,Not applicable,_Z,Not applicable,AI,Technologies related to artificial intelligence,2016,,0,,A,Normal value,1,One,0,Units
DATAFLOW,OECD.STI.PIE:DSD_PATENTS@DF_PATENTS_OECDSPECIFIC(1.0),Patents in OECD selected technologies,I,6F0,European Patent Office,A,Annual,AP,Patent applications,PATN,Patents,PRIORITY,Priority date,MDA,Moldova,_Z,Not applicable,INVENTOR,Inventor,_Z,Not applicable,_Z,Not applicable,AI,Technologies related to artificial intelligence,2016,,0,,A,Normal value,1,One,0,Units
DATAFLOW,OECD.STI.PIE:DSD_PATENTS@DF_PATENTS_OECDSPECIFIC(1.0),Patents in OECD selected technologies,I,6F0,European Patent Office,A,Annual,AP,Patent applications,PATN,Patents,PRIORITY,Priority date,PER,Peru,_Z,Not applicable,INVENTOR,Inventor,_Z,Not applicable,_Z,Not applicable,AI,Technologies related to artificial intelligence,2016,,0,,A,Normal value,1,One,0,Units
DATAFLOW,OECD.STI.PIE:DSD_PATENTS@DF_PATENTS_OECDSPECIFIC(1.0),Patents in OECD selected technologies,I,6F0,European Patent Office,A,Annual,AP,Patent applications,PATN,Patents,PRIORITY,Priority date,LKA,Sri Lanka,_Z,Not applicable,INVENTOR,Inventor,_Z,Not applicable,_Z,Not applicable,AI,Technologies related to artificial intelligence,2016,,0,,A,Normal value,1,One,0,Units
DATAFLOW,OECD.STI.PIE:DSD_PATENTS@DF_PATENTS_OECDSPECIFIC(1.0),Patents in OECD selected technologies,I,6F0,European Patent Office,A,Annual,AP,Patent applications,PATN,Patents,PRIORITY,Priority date,PHL,Philippines,_Z,Not applicable,INVENTOR,Inventor,_Z,Not applicable,_Z,Not applicable,AI,Technologies related to artificial intelligence,2016,,0,,A,Normal value,1,One,0,Units
DATAFLOW,OECD.STI.PIE:DSD_PATENTS@DF_PATENTS_OECDSPECIFIC(1.0),Patents in OECD selected technologies,I,6F0,European Patent Office,A,Annual,AP,Patent applications,PATN,Patents,PRIORITY,Priority date,MCO,Monaco,_Z,Not applicable,INVENTOR,Inventor,_Z,Not applicable,_Z,Not applicable,AI,Technologies related to artificial intelligence,2016,,0,,A,Normal value,1,One,0,Units
DATAFLOW,OECD.STI.PIE:DSD_PATENTS@DF_PATENTS_OECDSPECIFIC(1.0),Patents in OECD selected technologies,I,6F0,European Patent Office,A,Annual,AP,Patent applications,PATN,Patents,PRIORITY,Priority date,JAM,Jamaica,_Z,Not applicable,INVENTOR,Inventor,_Z,Not applicable,_Z,Not applicable,AI,Technologies related to artificial intelligence,2016,,0,,A,Normal value,1,One,0,Units
DATAFLOW,OECD.STI.PIE:DSD_PATENTS@DF_PATENTS_OECDSPECIFIC(1.0),Patents in OECD selected technologies,I,6F0,European Patent Office,A,Annual,AP,Patent applications,PATN,Patents,PRIORITY,Priority date,ECU,Ecuador,_Z,Not applicable,INVENTOR,Inventor,_Z,Not applicable,_Z,Not applicable,AI,Technologies related to artificial intelligence,2016,,0,,A,Normal value,1,One,0,Units
DATAFLOW,OECD.STI.PIE:DSD_PATENTS@DF_PATENTS_OECDSPECIFIC(1.0),Patents in OECD selected technologies,I,6F0,European Patent Office,A,Annual,AP,Patent applications,PATN,Patents,PRIORITY,Priority date,LIE,Liechtenstein,_Z,Not applicable,INVENTOR,Inventor,_Z,Not applicable,_Z,Not applicable,AI,Technologies related to artificial intelligence,2016,,0,,A,Normal value,1,One,0,Units
DATAFLOW,OECD.STI.PIE:DSD_PATENTS@DF_PATENTS_OECDSPECIFIC(1.0),Patents in OECD selected technologies,I,6F0,European Patent Office,A,Annual,AP,Patent applications,PATN,Patents,PRIORITY,Priority date,MAR,Morocco,_Z,Not applicable,INVENTOR,Inventor,_Z,Not applicable,_Z,Not applicable,AI,Technologies related to artificial intelligence,2016,,0,,A,Normal value,1,One,0,Units
DATAFLOW,OECD.STI.PIE:DSD_PATENTS@DF_PATENTS_OECDSPECIFIC(1.0),Patents in OECD selected technologies,I,6F0,European Patent Office,A,Annual,AP,Patent applications,PATN,Patents,PRIORITY,Priority date,AND,Andorra,_Z,Not applicable,INVENTOR,Inventor,_Z,Not applicable,_Z,Not applicable,AI,Technologies related to artificial intelligence,2016,,0,,A,Normal value,1,One,0,Units
DATAFLOW,OECD.STI.PIE:DSD_PATENTS@DF_PATENTS_OECDSPECIFIC(1.0),Patents in OECD selected technologies,I,6F0,European Patent Office,A,Annual,AP,Patent applications,PATN,Patents,PRIORITY,Priority date,UZB,Uzbekistan,_Z,Not applicable,INVENTOR,Inventor,_Z,Not applicable,_Z,Not applicable,AI,Technologies related to artificial intelligence,2016,,0,,A,Normal value,1,One,0,Units
DATAFLOW,OECD.STI.PIE:DSD_PATENTS@DF_PATENTS_OECDSPECIFIC(1.0),Patents in OECD selected technologies,I,6F0,European Patent Office,A,Annual,AP,Patent applications,PATN,Patents,PRIORITY,Priority date,NGA,Nigeria,_Z,Not applicable,INVENTOR,Inventor,_Z,Not applicable,_Z,Not applicable,AI,Technologies related to artificial intelligence,2016,,0,,A,Normal value,1,One,0,Units
DATAFLOW,OECD.STI.PIE:DSD_PATENTS@DF_PATENTS_OECDSPECIFIC(1.0),Patents in OECD selected technologies,I,6F0,European Patent Office,A,Annual,AP,Patent applications,PATN,Patents,PRIORITY,Priority date,BMU,Bermuda,_Z,Not applicable,INVENTOR,Inventor,_Z,Not applicable,_Z,Not applicable,AI,Technologies related to artificial intelligence,2016,,0,,A,Normal value,1,One,0,Units
DATAFLOW,OECD.STI.PIE:DSD_PATENTS@DF_PATENTS_OECDSPECIFIC(1.0),Patents in OECD selected technologies,I,6F0,European Patent Office,A,Annual,AP,Patent applications,PATN,Patents,PRIORITY,Priority date,TUN,Tunisia,_Z,Not applicable,INVENTOR,Inventor,_Z,Not applicable,_Z,Not applicable,AI,Technologies related to artificial intelligence,2016,,0,,A,Normal value,1,One,0,Units
DATAFLOW,OECD.STI.PIE:DSD_PATENTS@DF_PATENTS_OECDSPECIFIC(1.0),Patents in OECD selected technologies,I,6F0,European Patent Office,A,Annual,AP,Patent applications,PATN,Patents,PRIORITY,Priority date,IDN,Indonesia,_Z,Not applicable,INVENTOR,Inventor,_Z,Not applicable,_Z,Not applicable,AI,Technologies related to artificial intelligence,2016,,0,,A,Normal value,1,One,0,Units
DATAFLOW,OECD.STI.PIE:DSD_PATENTS@DF_PATENTS_OECDSPECIFIC(1.0),Patents in OECD selected technologies,I,6F0,European Patent Office,A,Annual,AP,Patent applications,PATN,Patents,PRIORITY,Priority date,DZA,Algeria,_Z,Not applicable,INVENTOR,Inventor,_Z,Not applicable,_Z,Not applicable,AI,Technologies related to artificial intelligence,2016,,0,,A,Normal value,1,One,0,Units
DATAFLOW,OECD.STI.PIE:DSD_PATENTS@DF_PATENTS_OECDSPECIFIC(1.0),Patents in OECD selected technologies,I,6F0,European Patent Office,A,Annual,AP,Patent applications,PATN,Patents,PRIORITY,Priority date,PAK,Pakistan,_Z,Not applicable,INVENTOR,Inventor,_Z,Not applicable,_Z,Not applicable,AI,Technologies related to artificial intelligence,2016,,0,,A,Normal value,1,One,0,Units
DATAFLOW,OECD.STI.PIE:DSD_PATENTS@DF_PATENTS_OECDSPECIFIC(1.0),Patents in OECD selected technologies,I,6F0,European Patent Office,A,Annual,AP,Patent applications,PATN,Patents,PRIORITY,Priority date,TTO,Trinidad and Tobago,_Z,Not applicable,INVENTOR,Inventor,_Z,Not applicable,_Z,Not applicable,AI,Technologies related to artificial intelligence,2016,,0,,A,Normal value,1,One,0,Units
DATAFLOW,OECD.STI.PIE:DSD_PATENTS@DF_PATENTS_OECDSPECIFIC(1.0),Patents in OECD selected technologies,I,6F0,European Patent Office,A,Annual,AP,Patent applications,PATN,Patents,PRIORITY,Priority date,TTO,Trinidad and Tobago,_Z,Not applicable,INVENTOR,Inventor,_Z,Not applicable,_Z,Not applicable,AI,Technologies related to artificial intelligence,2017,,0,,A,Normal value,1,One,0,Units
DATAFLOW,OECD.STI.PIE:DSD_PATENTS@DF_PATENTS_OECDSPECIFIC(1.0),Patents in OECD selected technologies,I,6F0,European Patent Office,A,Annual,AP,Patent applications,PATN,Patents,PRIORITY,Priority date,PAK,Pakistan,_Z,Not applicable,INVENTOR,Inventor,_Z,Not applicable,_Z,Not applicable,AI,Technologies related to artificial intelligence,2017,,0,,A,Normal value,1,One,0,Units
DATAFLOW,OECD.STI.PIE:DSD_PATENTS@DF_PATENTS_OECDSPECIFIC(1.0),Patents in OECD selected technologies,I,6F0,European Patent Office,A,Annual,AP,Patent applications,PATN,Patents,PRIORITY,Priority date,DZA,Algeria,_Z,Not applicable,INVENTOR,Inventor,_Z,Not applicable,_Z,Not applicable,AI,Technologies related to artificial intelligence,2017,,0,,A,Normal value,1,One,0,Units
DATAFLOW,OECD.STI.PIE:DSD_PATENTS@DF_PATENTS_OECDSPECIFIC(1.0),Patents in OECD selected technologies,I,6F0,European Patent Office,A,Annual,AP,Patent applications,PATN,Patents,PRIORITY,Priority date,CYP,Cyprus,_Z,Not applicable,INVENTOR,Inventor,_Z,Not applicable,_Z,Not applicable,AI,Technologies related to artificial intelligence,2017,,0,,A,Normal value,1,One,0,Units
DATAFLOW,OECD.STI.PIE:DSD_PATENTS@DF_PATENTS_OECDSPECIFIC(1.0),Patents in OECD selected technologies,I,6F0,European Patent Office,A,Annual,AP,Patent applications,PATN,Patents,PRIORITY,Priority date,IDN,Indonesia,_Z,Not applicable,INVENTOR,Inventor,_Z,Not applicable,_Z,Not applicable,AI,Technologies related to artificial intelligence,2017,,0,,A,Normal value,1,One,0,Units
DATAFLOW,OECD.STI.PIE:DSD_PATENTS@DF_PATENTS_OECDSPECIFIC(1.0),Patents in OECD selected technologies,I,6F0,European Patent Office,A,Annual,AP,Patent applications,PATN,Patents,PRIORITY,Priority date,BMU,Bermuda,_Z,Not applicable,INVENTOR,Inventor,_Z,Not applicable,_Z,Not applicable,AI,Technologies related to artificial intelligence,2017,,0,,A,Normal value,1,One,0,Units
DATAFLOW,OECD.STI.PIE:DSD_PATENTS@DF_PATENTS_OECDSPECIFIC(1.0),Patents in OECD selected technologies,I,6F0,European Patent Office,A,Annual,AP,Patent applications,PATN,Patents,PRIORITY,Priority date,NGA,Nigeria,_Z,Not applicable,INVENTOR,Inventor,_Z,Not applicable,_Z,Not applicable,AI,Technologies related to artificial intelligence,2017,,0,,A,Normal value,1,One,0,Units
DATAFLOW,OECD.STI.PIE:DSD_PATENTS@DF_PATENTS_OECDSPECIFIC(1.0),Patents in OECD selected technologies,I,6F0,European Patent Office,A,Annual,AP,Patent applications,PATN,Patents,PRIORITY,Priority date,UZB,Uzbekistan,_Z,Not applicable,INVENTOR,Inventor,_Z,Not applicable,_Z,Not applicable,AI,Technologies related to artificial intelligence,2017,,0,,A,Normal value,1,One,0,Units
DATAFLOW,OECD.STI.PIE:DSD_PATENTS@DF_PATENTS_OECDSPECIFIC(1.0),Patents in OECD selected technologies,I,6F0,European Patent Office,A,Annual,AP,Patent applications,PATN,Patents,PRIORITY,Priority date,AND,Andorra,_Z,Not applicable,INVENTOR,Inventor,_Z,Not applicable,_Z,Not applicable,AI,Technologies related to artificial intelligence,2017,,0,,A,Normal value,1,One,0,Units
DATAFLOW,OECD.STI.PIE:DSD_PATENTS@DF_PATENTS_OECDSPECIFIC(1.0),Patents in OECD selected technologies,I,6F0,European Patent Office,A,Annual,AP,Patent applications,PATN,Patents,PRIORITY,Priority date,MAR,Morocco,_Z,Not applicable,INVENTOR,Inventor,_Z,Not applicable,_Z,Not applicable,AI,Technologies related to artificial intelligence,2017,,0,,A,Normal value,1,One,0,Units
DATAFLOW,OECD.STI.PIE:DSD_PATENTS@DF_PATENTS_OECDSPECIFIC(1.0),Patents in OECD selected technologies,I,6F0,European Patent Office,A,Annual,AP,Patent applications,PATN,Patents,PRIORITY,Priority date,MLT,Malta,_Z,Not applicable,INVENTOR,Inventor,_Z,Not applicable,_Z,Not applicable,AI,Technologies related to artificial intelligence,2017,,0,,A,Normal value,1,One,0,Units
DATAFLOW,OECD.STI.PIE:DSD_PATENTS@DF_PATENTS_OECDSPECIFIC(1.0),Patents in OECD selected technologies,I,6F0,European Patent Office,A,Annual,AP,Patent applications,PATN,Patents,PRIORITY,Priority date,LIE,Liechtenstein,_Z,Not applicable,INVENTOR,Inventor,_Z,Not applicable,_Z,Not applicable,AI,Technologies related to artificial intelligence,2017,,0,,A,Normal value,1,One,0,Units
DATAFLOW,OECD.STI.PIE:DSD_PATENTS@DF_PATENTS_OECDSPECIFIC(1.0),Patents in OECD selected technologies,I,6F0,European Patent Office,A,Annual,AP,Patent applications,PATN,Patents,PRIORITY,Priority date,ECU,Ecuador,_Z,Not applicable,INVENTOR,Inventor,_Z,Not applicable,_Z,Not applicable,AI,Technologies related to artificial intelligence,2017,,0,,A,Normal value,1,One,0,Units
DATAFLOW,OECD.STI.PIE:DSD_PATENTS@DF_PATENTS_OECDSPECIFIC(1.0),Patents in OECD selected technologies,I,6F0,European Patent Office,A,Annual,AP,Patent applications,PATN,Patents,PRIORITY,Priority date,JAM,Jamaica,_Z,Not applicable,INVENTOR,Inventor,_Z,Not applicable,_Z,Not applicable,AI,Technologies related to artificial intelligence,2017,,0,,A,Normal value,1,One,0,Units
DATAFLOW,OECD.STI.PIE:DSD_PATENTS@DF_PATENTS_OECDSPECIFIC(1.0),Patents in OECD selected technologies,I,6F0,European Patent Office,A,Annual,AP,Patent applications,PATN,Patents,PRIORITY,Priority date,LVA,Latvia,_Z,Not applicable,INVENTOR,Inventor,_Z,Not applicable,_Z,Not applicable,AI,Technologies related to artificial intelligence,2017,,0,,A,Normal value,1,One,0,Units
DATAFLOW,OECD.STI.PIE:DSD_PATENTS@DF_PATENTS_OECDSPECIFIC(1.0),Patents in OECD selected technologies,I,6F0,European Patent Office,A,Annual,AP,Patent applications,PATN,Patents,PRIORITY,Priority date,MCO,Monaco,_Z,Not applicable,INVENTOR,Inventor,_Z,Not applicable,_Z,Not applicable,AI,Technologies related to artificial intelligence,2017,,0,,A,Normal value,1,One,0,Units
DATAFLOW,OECD.STI.PIE:DSD_PATENTS@DF_PATENTS_OECDSPECIFIC(1.0),Patents in OECD selected technologies,I,6F0,European Patent Office,A,Annual,AP,Patent applications,PATN,Patents,PRIORITY,Priority date,PHL,Philippines,_Z,Not applicable,INVENTOR,Inventor,_Z,Not applicable,_Z,Not applicable,AI,Technologies related to artificial intelligence,2017,,0,,A,Normal value,1,One,0,Units
DATAFLOW,OECD.STI.PIE:DSD_PATENTS@DF_PATENTS_OECDSPECIFIC(1.0),Patents in OECD selected technologies,I,6F0,European Patent Office,A,Annual,AP,Patent applications,PATN,Patents,PRIORITY,Priority date,LKA,Sri Lanka,_Z,Not applicable,INVENTOR,Inventor,_Z,Not applicable,_Z,Not applicable,AI,Technologies related to artificial intelligence,2017,,0,,A,Normal value,1,One,0,Units
DATAFLOW,OECD.STI.PIE:DSD_PATENTS@DF_PATENTS_OECDSPECIFIC(1.0),Patents in OECD selected technologies,I,6F0,European Patent Office,A,Annual,AP,Patent applications,PATN,Patents,PRIORITY,Priority date,PER,Peru,_Z,Not applicable,INVENTOR,Inventor,_Z,Not applicable,_Z,Not applicable,AI,Technologies related to artificial intelligence,2017,,0,,A,Normal value,1,One,0,Units
DATAFLOW,OECD.STI.PIE:DSD_PATENTS@DF_PATENTS_OECDSPECIFIC(1.0),Patents in OECD selected technologies,I,6F0,European Patent Office,A,Annual,AP,Patent applications,PATN,Patents,PRIORITY,Priority date,MDA,Moldova,_Z,Not applicable,INVENTOR,Inventor,_Z,Not applicable,_Z,Not applicable,AI,Technologies related to artificial intelligence,2017,,0,,A,Normal value,1,One,0,Units
DATAFLOW,OECD.STI.PIE:DSD_PATENTS@DF_PATENTS_OECDSPECIFIC(1.0),Patents in OECD selected technologies,I,6F0,European Patent Office,A,Annual,AP,Patent applications,PATN,Patents,PRIORITY,Priority date,BLR,Belarus,_Z,Not applicable,INVENTOR,Inventor,_Z,Not applicable,_Z,Not applicable,AI,Technologies related to artificial intelligence,2017,,0,,A,Normal value,1,One,0,Units
DATAFLOW,OECD.STI.PIE:DSD_PATENTS@DF_PATENTS_OECDSPECIFIC(1.0),Patents in OECD selected technologies,I,6F0,European Patent Office,A,Annual,AP,Patent applications,PATN,Patents,PRIORITY,Priority date,SYC,Seychelles,_Z,Not applicable,INVENTOR,Inventor,_Z,Not applicable,_Z,Not applicable,AI,Technologies related to artificial intelligence,2017,,0,,A,Normal value,1,One,0,Units
DATAFLOW,OECD.STI.PIE:DSD_PATENTS@DF_PATENTS_OECDSPECIFIC(1.0),Patents in OECD selected technologies,I,6F0,European Patent Office,A,Annual,AP,Patent applications,PATN,Patents,PRIORITY,Priority date,CHL,Chile,_Z,Not applicable,INVENTOR,Inventor,_Z,Not applicable,_Z,Not applicable,AI,Technologies related to artificial intelligence,2017,,0,,A,Normal value,1,One,0,Units
DATAFLOW,OECD.STI.PIE:DSD_PATENTS@DF_PATENTS_OECDSPECIFIC(1.0),Patents in OECD selected technologies,I,6F0,European Patent Office,A,Annual,AP,Patent applications,PATN,Patents,PRIORITY,Priority date,KAZ,Kazakhstan,_Z,Not applicable,INVENTOR,Inventor,_Z,Not applicable,_Z,Not applicable,AI,Technologies related to artificial intelligence,2017,,0,,A,Normal value,1,One,0,Units
DATAFLOW,OECD.STI.PIE:DSD_PATENTS@DF_PATENTS_OECDSPECIFIC(1.0),Patents in OECD selected technologies,I,6F0,European Patent Office,A,Annual,AP,Patent applications,PATN,Patents,PRIORITY,Priority date,URY,Uruguay,_Z,Not applicable,INVENTOR,Inventor,_Z,Not applicable,_Z,Not applicable,AI,Technologies related to artificial intelligence,2017,,0,,A,Normal value,1,One,0,Units
DATAFLOW,OECD.STI.PIE:DSD_PATENTS@DF_PATENTS_OECDSPECIFIC(1.0),Patents in OECD selected technologies,I,6F0,European Patent Office,A,Annual,AP,Patent applications,PATN,Patents,PRIORITY,Priority date,BGR,Bulgaria,_Z,Not applicable,INVENTOR,Inventor,_Z,Not applicable,_Z,Not applicable,AI,Technologies related to artificial intelligence,2017,,0,,A,Normal value,1,One,0,Units
DATAFLOW,OECD.STI.PIE:DSD_PATENTS@DF_PATENTS_OECDSPECIFIC(1.0),Patents in OECD selected technologies,I,6F0,European Patent Office,A,Annual,AP,Patent applications,PATN,Patents,PRIORITY,Priority date,MKD,North Macedonia,_Z,Not applicable,INVENTOR,Inventor,_Z,Not applicable,_Z,Not applicable,AI,Technologies related to artificial intelligence,2017,,0,,A,Normal value,1,One,0,Units
DATAFLOW,OECD.STI.PIE:DSD_PATENTS@DF_PATENTS_OECDSPECIFIC(1.0),Patents in OECD selected technologies,I,6F0,European Patent Office,A,Annual,AP,Patent applications,PATN,Patents,PRIORITY,Priority date,IRN,Iran,_Z,Not applicable,INVENTOR,Inventor,_Z,Not applicable,_Z,Not applicable,AI,Technologies related to artificial intelligence,2017,,0,,A,Normal value,1,One,0,Units
DATAFLOW,OECD.STI.PIE:DSD_PATENTS@DF_PATENTS_OECDSPECIFIC(1.0),Patents in OECD selected technologies,I,6F0,European Patent Office,A,Annual,AP,Patent applications,PATN,Patents,PRIORITY,Priority date,GEO,Georgia,_Z,Not applicable,INVENTOR,Inventor,_Z,Not applicable,_Z,Not applicable,AI,Technologies related to artificial intelligence,2017,,0,,A,Normal value,1,One,0,Units
DATAFLOW,OECD.STI.PIE:DSD_PATENTS@DF_PATENTS_OECDSPECIFIC(1.0),Patents in OECD selected technologies,I,6F0,European Patent Office,A,Annual,AP,Patent applications,PATN,Patents,PRIORITY,Priority date,ISL,Iceland,_Z,Not applicable,INVENTOR,Inventor,_Z,Not applicable,_Z,Not applicable,AI,Technologies related to artificial intelligence,2017,,0,,A,Normal value,1,One,0,Units
DATAFLOW,OECD.STI.PIE:DSD_PATENTS@DF_PATENTS_OECDSPECIFIC(1.0),Patents in OECD selected technologies,I,6F0,European Patent Office,A,Annual,AP,Patent applications,PATN,Patents,PRIORITY,Priority date,PRK,Democratic People’s Republic of Korea,_Z,Not applicable,INVENTOR,Inventor,_Z,Not applicable,_Z,Not applicable,AI,Technologies related to artificial intelligence,2017,,0,,A,Normal value,1,One,0,Units
DATAFLOW,OECD.STI.PIE:DSD_PATENTS@DF_PATENTS_OECDSPECIFIC(1.0),Patents in OECD selected technologies,I,6F0,European Patent Office,A,Annual,AP,Patent applications,PATN,Patents,PRIORITY,Priority date,SVN,Slovenia,_Z,Not applicable,INVENTOR,Inventor,_Z,Not applicable,_Z,Not applicable,AI,Technologies related to artificial intelligence,2017,,0,,A,Normal value,1,One,0,Units
DATAFLOW,OECD.STI.PIE:DSD_PATENTS@DF_PATENTS_OECDSPECIFIC(1.0),Patents in OECD selected technologies,I,6F0,European Patent Office,A,Annual,AP,Patent applications,PATN,Patents,PRIORITY,Priority date,JOR,Jordan,_Z,Not applicable,INVENTOR,Inventor,_Z,Not applicable,_Z,Not applicable,AI,Technologies related to artificial intelligence,2017,,0,,A,Normal value,1,One,0,Units
DATAFLOW,OECD.STI.PIE:DSD_PATENTS@DF_PATENTS_OECDSPECIFIC(1.0),Patents in OECD selected technologies,I,6F0,European Patent Office,A,Annual,AP,Patent applications,PATN,Patents,PRIORITY,Priority date,CUB,Cuba,_Z,Not applicable,INVENTOR,Inventor,_Z,Not applicable,_Z,Not applicable,AI,Technologies related to artificial intelligence,2017,,0,,A,Normal value,1,One,0,Units
DATAFLOW,OECD.STI.PIE:DSD_PATENTS@DF_PATENTS_OECDSPECIFIC(1.0),Patents in OECD selected technologies,I,6F0,European Patent Office,A,Annual,AP,Patent applications,PATN,Patents,PRIORITY,Priority date,KEN,Kenya,_Z,Not applicable,INVENTOR,Inventor,_Z,Not applicable,_Z,Not applicable,AI,Technologies related to artificial intelligence,2017,,0,,A,Normal value,1,One,0,Units
DATAFLOW,OECD.STI.PIE:DSD_PATENTS@DF_PATENTS_OECDSPECIFIC(1.0),Patents in OECD selected technologies,I,6F0,European Patent Office,A,Annual,AP,Patent applications,PATN,Patents,PRIORITY,Priority date,ZWE,Zimbabwe,_Z,Not applicable,INVENTOR,Inventor,_Z,Not applicable,_Z,Not applicable,AI,Technologies related to artificial intelligence,2017,,0,,A,Normal value,1,One,0,Units
DATAFLOW,OECD.STI.PIE:DSD_PATENTS@DF_PATENTS_OECDSPECIFIC(1.0),Patents in OECD selected technologies,I,6F0,European Patent Office,A,Annual,AP,Patent applications,PATN,Patents,PRIORITY,Priority date,SLV,El Salvador,_Z,Not applicable,INVENTOR,Inventor,_Z,Not applicable,_Z,Not applicable,AI,Technologies related to artificial intelligence,2017,,0,,A,Normal value,1,One,0,Units
DATAFLOW,OECD.STI.PIE:DSD_PATENTS@DF_PATENTS_OECDSPECIFIC(1.0),Patents in OECD selected technologies,I,6F0,European Patent Office,A,Annual,AP,Patent applications,PATN,Patents,PRIORITY,Priority date,BIH,Bosnia and Herzegovina,_Z,Not applicable,INVENTOR,Inventor,_Z,Not applicable,_Z,Not applicable,AI,Technologies related to artificial intelligence,2017,,0,,A,Normal value,1,One,0,Units
DATAFLOW,OECD.STI.PIE:DSD_PATENTS@DF_PATENTS_OECDSPECIFIC(1.0),Patents in OECD selected technologies,I,6F0,European Patent Office,A,Annual,AP,Patent applications,PATN,Patents,PRIORITY,Priority date,YUG_F,Former Yugoslavia,_Z,Not applicable,INVENTOR,Inventor,_Z,Not applicable,_Z,Not applicable,AI,Technologies related to artificial intelligence,2017,,0,,A,Normal value,1,One,0,Units
DATAFLOW,OECD.STI.PIE:DSD_PATENTS@DF_PATENTS_OECDSPECIFIC(1.0),Patents in OECD selected technologies,I,6F0,European Patent Office,A,Annual,AP,Patent applications,PATN,Patents,PRIORITY,Priority date,MNG,Mongolia,_Z,Not applicable,INVENTOR,Inventor,_Z,Not applicable,_Z,Not applicable,AI,Technologies related to artificial intelligence,2017,,0,,A,Normal value,1,One,0,Units
DATAFLOW,OECD.STI.PIE:DSD_PATENTS@DF_PATENTS_OECDSPECIFIC(1.0),Patents in OECD selected technologies,I,6F0,European Patent Office,A,Annual,AP,Patent applications,PATN,Patents,PRIORITY,Priority date,KWT,Kuwait,_Z,Not applicable,INVENTOR,Inventor,_Z,Not applicable,_Z,Not applicable,AI,Technologies related to artificial intelligence,2017,,0,,A,Normal value,1,One,0,Units
DATAFLOW,OECD.STI.PIE:DSD_PATENTS@DF_PATENTS_OECDSPECIFIC(1.0),Patents in OECD selected technologies,I,6F0,European Patent Office,A,Annual,AP,Patent applications,PATN,Patents,PRIORITY,Priority date,ARM,Armenia,_Z,Not applicable,INVENTOR,Inventor,_Z,Not applicable,_Z,Not applicable,AI,Technologies related to artificial intelligence,2017,,0,,A,Normal value,1,One,0,Units
DATAFLOW,OECD.STI.PIE:DSD_PATENTS@DF_PATENTS_OECDSPECIFIC(1.0),Patents in OECD selected technologies,I,6F0,European Patent Office,A,Annual,AP,Patent applications,PATN,Patents,PRIORITY,Priority date,PAN,Panama,_Z,Not applicable,INVENTOR,Inventor,_Z,Not applicable,_Z,Not applicable,AI,Technologies related to artificial intelligence,2017,,0,,A,Normal value,1,One,0,Units
DATAFLOW,OECD.STI.PIE:DSD_PATENTS@DF_PATENTS_OECDSPECIFIC(1.0),Patents in OECD selected technologies,I,6F0,European Patent Office,A,Annual,AP,Patent applications,PATN,Patents,PRIORITY,Priority date,DJI,Djibouti,_Z,Not applicable,INVENTOR,Inventor,_Z,Not applicable,_Z,Not applicable,AI,Technologies related to artificial intelligence,2017,,0,,A,Normal value,1,One,0,Units
DATAFLOW,OECD.STI.PIE:DSD_PATENTS@DF_PATENTS_OECDSPECIFIC(1.0),Patents in OECD selected technologies,I,6F0,European Patent Office,A,Annual,AP,Patent applications,PATN,Patents,PRIORITY,Priority date,HRV,Croatia,_Z,Not applicable,INVENTOR,Inventor,_Z,Not applicable,_Z,Not applicable,AI,Technologies related to artificial intelligence,2017,,0,,A,Normal value,1,One,0,Units
DATAFLOW,OECD.STI.PIE:DSD_PATENTS@DF_PATENTS_OECDSPECIFIC(1.0),Patents in OECD selected technologies,I,6F0,European Patent Office,A,Annual,AP,Patent applications,PATN,Patents,PRIORITY,Priority date,VEN,Venezuela,_Z,Not applicable,INVENTOR,Inventor,_Z,Not applicable,_Z,Not applicable,AI,Technologies related to artificial intelligence,2017,,0,,A,Normal value,1,One,0,Units
DATAFLOW,OECD.STI.PIE:DSD_PATENTS@DF_PATENTS_OECDSPECIFIC(1.0),Patents in OECD selected technologies,I,6F0,European Patent Office,A,Annual,AP,Patent applications,PATN,Patents,PRIORITY,Priority date,GTM,Guatemala,_Z,Not applicable,INVENTOR,Inventor,_Z,Not applicable,_Z,Not applicable,AI,Technologies related to artificial intelligence,2017,,0,,A,Normal value,1,One,0,Units
DATAFLOW,OECD.STI.PIE:DSD_PATENTS@DF_PATENTS_OECDSPECIFIC(1.0),Patents in OECD selected technologies,I,6F0,European Patent Office,A,Annual,AP,Patent applications,PATN,Patents,PRIORITY,Priority date,GTM,Guatemala,_Z,Not applicable,INVENTOR,Inventor,_Z,Not applicable,_Z,Not applicable,AI,Technologies related to artificial intelligence,2018,,0,,A,Normal value,1,One,0,Units
DATAFLOW,OECD.STI.PIE:DSD_PATENTS@DF_PATENTS_OECDSPECIFIC(1.0),Patents in OECD selected technologies,I,6F0,European Patent Office,A,Annual,AP,Patent applications,PATN,Patents,PRIORITY,Priority date,VEN,Venezuela,_Z,Not applicable,INVENTOR,Inventor,_Z,Not applicable,_Z,Not applicable,AI,Technologies related to artificial intelligence,2018,,0,,A,Normal value,1,One,0,Units
DATAFLOW,OECD.STI.PIE:DSD_PATENTS@DF_PATENTS_OECDSPECIFIC(1.0),Patents in OECD selected technologies,I,6F0,European Patent Office,A,Annual,AP,Patent applications,PATN,Patents,PRIORITY,Priority date,LBN,Lebanon,_Z,Not applicable,INVENTOR,Inventor,_Z,Not applicable,_Z,Not applicable,AI,Technologies related to artificial intelligence,2018,,0,,A,Normal value,1,One,0,Units
DATAFLOW,OECD.STI.PIE:DSD_PATENTS@DF_PATENTS_OECDSPECIFIC(1.0),Patents in OECD selected technologies,I,6F0,European Patent Office,A,Annual,AP,Patent applications,PATN,Patents,PRIORITY,Priority date,DJI,Djibouti,_Z,Not applicable,INVENTOR,Inventor,_Z,Not applicable,_Z,Not applicable,AI,Technologies related to artificial intelligence,2018,,0,,A,Normal value,1,One,0,Units
DATAFLOW,OECD.STI.PIE:DSD_PATENTS@DF_PATENTS_OECDSPECIFIC(1.0),Patents in OECD selected technologies,I,6F0,European Patent Office,A,Annual,AP,Patent applications,PATN,Patents,PRIORITY,Priority date,PAN,Panama,_Z,Not applicable,INVENTOR,Inventor,_Z,Not applicable,_Z,Not applicable,AI,Technologies related to artificial intelligence,2018,,0,,A,Normal value,1,One,0,Units
DATAFLOW,OECD.STI.PIE:DSD_PATENTS@DF_PATENTS_OECDSPECIFIC(1.0),Patents in OECD selected technologies,I,6F0,European Patent Office,A,Annual,AP,Patent applications,PATN,Patents,PRIORITY,Priority date,ARM,Armenia,_Z,Not applicable,INVENTOR,Inventor,_Z,Not applicable,_Z,Not applicable,AI,Technologies related to artificial intelligence,2018,,0,,A,Normal value,1,One,0,Units
DATAFLOW,OECD.STI.PIE:DSD_PATENTS@DF_PATENTS_OECDSPECIFIC(1.0),Patents in OECD selected technologies,I,6F0,European Patent Office,A,Annual,AP,Patent applications,PATN,Patents,PRIORITY,Priority date,KWT,Kuwait,_Z,Not applicable,INVENTOR,Inventor,_Z,Not applicable,_Z,Not applicable,AI,Technologies related to artificial intelligence,2018,,0,,A,Normal value,1,One,0,Units
DATAFLOW,OECD.STI.PIE:DSD_PATENTS@DF_PATENTS_OECDSPECIFIC(1.0),Patents in OECD selected technologies,I,6F0,European Patent Office,A,Annual,AP,Patent applications,PATN,Patents,PRIORITY,Priority date,MNG,Mongolia,_Z,Not applicable,INVENTOR,Inventor,_Z,Not applicable,_Z,Not applicable,AI,Technologies related to artificial intelligence,2018,,0,,A,Normal value,1,One,0,Units
DATAFLOW,OECD.STI.PIE:DSD_PATENTS@DF_PATENTS_OECDSPECIFIC(1.0),Patents in OECD selected technologies,I,6F0,European Patent Office,A,Annual,AP,Patent applications,PATN,Patents,PRIORITY,Priority date,YUG_F,Former Yugoslavia,_Z,Not applicable,INVENTOR,Inventor,_Z,Not applicable,_Z,Not applicable,AI,Technologies related to artificial intelligence,2018,,0,,A,Normal value,1,One,0,Units
DATAFLOW,OECD.STI.PIE:DSD_PATENTS@DF_PATENTS_OECDSPECIFIC(1.0),Patents in OECD selected technologies,I,6F0,European Patent Office,A,Annual,AP,Patent applications,PATN,Patents,PRIORITY,Priority date,BIH,Bosnia and Herzegovina,_Z,Not applicable,INVENTOR,Inventor,_Z,Not applicable,_Z,Not applicable,AI,Technologies related to artificial intelligence,2018,,0,,A,Normal value,1,One,0,Units
DATAFLOW,OECD.STI.PIE:DSD_PATENTS@DF_PATENTS_OECDSPECIFIC(1.0),Patents in OECD selected technologies,I,6F0,European Patent Office,A,Annual,AP,Patent applications,PATN,Patents,PRIORITY,Priority date,SLV,El Salvador,_Z,Not applicable,INVENTOR,Inventor,_Z,Not applicable,_Z,Not applicable,AI,Technologies related to artificial intelligence,2018,,0,,A,Normal value,1,One,0,Units
DATAFLOW,OECD.STI.PIE:DSD_PATENTS@DF_PATENTS_OECDSPECIFIC(1.0),Patents in OECD selected technologies,I,6F0,European Patent Office,A,Annual,AP,Patent applications,PATN,Patents,PRIORITY,Priority date,ZWE,Zimbabwe,_Z,Not applicable,INVENTOR,Inventor,_Z,Not applicable,_Z,Not applicable,AI,Technologies related to artificial intelligence,2018,,0,,A,Normal value,1,One,0,Units
DATAFLOW,OECD.STI.PIE:DSD_PATENTS@DF_PATENTS_OECDSPECIFIC(1.0),Patents in OECD selected technologies,I,6F0,European Patent Office,A,Annual,AP,Patent applications,PATN,Patents,PRIORITY,Priority date,CUB,Cuba,_Z,Not applicable,INVENTOR,Inventor,_Z,Not applicable,_Z,Not applicable,AI,Technologies related to artificial intelligence,2018,,0,,A,Normal value,1,One,0,Units
DATAFLOW,OECD.STI.PIE:DSD_PATENTS@DF_PATENTS_OECDSPECIFIC(1.0),Patents in OECD selected technologies,I,6F0,European Patent Office,A,Annual,AP,Patent applications,PATN,Patents,PRIORITY,Priority date,PRI,Puerto Rico,_Z,Not applicable,INVENTOR,Inventor,_Z,Not applicable,_Z,Not applicable,AI,Technologies related to artificial intelligence,2018,,0,,A,Normal value,1,One,0,Units
DATAFLOW,OECD.STI.PIE:DSD_PATENTS@DF_PATENTS_OECDSPECIFIC(1.0),Patents in OECD selected technologies,I,6F0,European Patent Office,A,Annual,AP,Patent applications,PATN,Patents,PRIORITY,Priority date,JOR,Jordan,_Z,Not applicable,INVENTOR,Inventor,_Z,Not applicable,_Z,Not applicable,AI,Technologies related to artificial intelligence,2018,,0,,A,Normal value,1,One,0,Units
DATAFLOW,OECD.STI.PIE:DSD_PATENTS@DF_PATENTS_OECDSPECIFIC(1.0),Patents in OECD selected technologies,I,6F0,European Patent Office,A,Annual,AP,Patent applications,PATN,Patents,PRIORITY,Priority date,PRK,Democratic People’s Republic of Korea,_Z,Not applicable,INVENTOR,Inventor,_Z,Not applicable,_Z,Not applicable,AI,Technologies related to artificial intelligence,2018,,0,,A,Normal value,1,One,0,Units
DATAFLOW,OECD.STI.PIE:DSD_PATENTS@DF_PATENTS_OECDSPECIFIC(1.0),Patents in OECD selected technologies,I,6F0,European Patent Office,A,Annual,AP,Patent applications,PATN,Patents,PRIORITY,Priority date,ISL,Iceland,_Z,Not applicable,INVENTOR,Inventor,_Z,Not applicable,_Z,Not applicable,AI,Technologies related to artificial intelligence,2018,,0,,A,Normal value,1,One,0,Units
DATAFLOW,OECD.STI.PIE:DSD_PATENTS@DF_PATENTS_OECDSPECIFIC(1.0),Patents in OECD selected technologies,I,6F0,European Patent Office,A,Annual,AP,Patent applications,PATN,Patents,PRIORITY,Priority date,GEO,Georgia,_Z,Not applicable,INVENTOR,Inventor,_Z,Not applicable,_Z,Not applicable,AI,Technologies related to artificial intelligence,2018,,0,,A,Normal value,1,One,0,Units
DATAFLOW,OECD.STI.PIE:DSD_PATENTS@DF_PATENTS_OECDSPECIFIC(1.0),Patents in OECD selected technologies,I,6F0,European Patent Office,A,Annual,AP,Patent applications,PATN,Patents,PRIORITY,Priority date,IRN,Iran,_Z,Not applicable,INVENTOR,Inventor,_Z,Not applicable,_Z,Not applicable,AI,Technologies related to artificial intelligence,2018,,0,,A,Normal value,1,One,0,Units
DATAFLOW,OECD.STI.PIE:DSD_PATENTS@DF_PATENTS_OECDSPECIFIC(1.0),Patents in OECD selected technologies,I,6F0,European Patent Office,A,Annual,AP,Patent applications,PATN,Patents,PRIORITY,Priority date,MKD,North Macedonia,_Z,Not applicable,INVENTOR,Inventor,_Z,Not applicable,_Z,Not applicable,AI,Technologies related to artificial intelligence,2018,,0,,A,Normal value,1,One,0,Units
DATAFLOW,OECD.STI.PIE:DSD_PATENTS@DF_PATENTS_OECDSPECIFIC(1.0),Patents in OECD selected technologies,I,6F0,European Patent Office,A,Annual,AP,Patent applications,PATN,Patents,PRIORITY,Priority date,BGR,Bulgaria,_Z,Not applicable,INVENTOR,Inventor,_Z,Not applicable,_Z,Not applicable,AI,Technologies related to artificial intelligence,2018,,0,,A,Normal value,1,One,0,Units
DATAFLOW,OECD.STI.PIE:DSD_PATENTS@DF_PATENTS_OECDSPECIFIC(1.0),Patents in OECD selected technologies,I,6F0,European Patent Office,A,Annual,AP,Patent applications,PATN,Patents,PRIORITY,Priority date,URY,Uruguay,_Z,Not applicable,INVENTOR,Inventor,_Z,Not applicable,_Z,Not applicable,AI,Technologies related to artificial intelligence,2018,,0,,A,Normal value,1,One,0,Units
DATAFLOW,OECD.STI.PIE:DSD_PATENTS@DF_PATENTS_OECDSPECIFIC(1.0),Patents in OECD selected technologies,I,6F0,European Patent Office,A,Annual,AP,Patent applications,PATN,Patents,PRIORITY,Priority date,KAZ,Kazakhstan,_Z,Not applicable,INVENTOR,Inventor,_Z,Not applicable,_Z,Not applicable,AI,Technologies related to artificial intelligence,2018,,0,,A,Normal value,1,One,0,Units
DATAFLOW,OECD.STI.PIE:DSD_PATENTS@DF_PATENTS_OECDSPECIFIC(1.0),Patents in OECD selected technologies,I,6F0,European Patent Office,A,Annual,AP,Patent applications,PATN,Patents,PRIORITY,Priority date,SYC,Seychelles,_Z,Not applicable,INVENTOR,Inventor,_Z,Not applicable,_Z,Not applicable,AI,Technologies related to artificial intelligence,2018,,0,,A,Normal value,1,One,0,Units
DATAFLOW,OECD.STI.PIE:DSD_PATENTS@DF_PATENTS_OECDSPECIFIC(1.0),Patents in OECD selected technologies,I,6F0,European Patent Office,A,Annual,AP,Patent applications,PATN,Patents,PRIORITY,Priority date,MDA,Moldova,_Z,Not applicable,INVENTOR,Inventor,_Z,Not applicable,_Z,Not applicable,AI,Technologies related to artificial intelligence,2018,,0,,A,Normal value,1,One,0,Units
DATAFLOW,OECD.STI.PIE:DSD_PATENTS@DF_PATENTS_OECDSPECIFIC(1.0),Patents in OECD selected technologies,I,6F0,European Patent Office,A,Annual,AP,Patent applications,PATN,Patents,PRIORITY,Priority date,PER,Peru,_Z,Not applicable,INVENTOR,Inventor,_Z,Not applicable,_Z,Not applicable,AI,Technologies related to artificial intelligence,2018,,0,,A,Normal value,1,One,0,Units
DATAFLOW,OECD.STI.PIE:DSD_PATENTS@DF_PATENTS_OECDSPECIFIC(1.0),Patents in OECD selected technologies,I,6F0,European Patent Office,A,Annual,AP,Patent applications,PATN,Patents,PRIORITY,Priority date,LKA,Sri Lanka,_Z,Not applicable,INVENTOR,Inventor,_Z,Not applicable,_Z,Not applicable,AI,Technologies related to artificial intelligence,2018,,0,,A,Normal value,1,One,0,Units
DATAFLOW,OECD.STI.PIE:DSD_PATENTS@DF_PATENTS_OECDSPECIFIC(1.0),Patents in OECD selected technologies,I,6F0,European Patent Office,A,Annual,AP,Patent applications,PATN,Patents,PRIORITY,Priority date,MCO,Monaco,_Z,Not applicable,INVENTOR,Inventor,_Z,Not applicable,_Z,Not applicable,AI,Technologies related to artificial intelligence,2018,,0,,A,Normal value,1,One,0,Units
DATAFLOW,OECD.STI.PIE:DSD_PATENTS@DF_PATENTS_OECDSPECIFIC(1.0),Patents in OECD selected technologies,I,6F0,European Patent Office,A,Annual,AP,Patent applications,PATN,Patents,PRIORITY,Priority date,LVA,Latvia,_Z,Not applicable,INVENTOR,Inventor,_Z,Not applicable,_Z,Not applicable,AI,Technologies related to artificial intelligence,2018,,0,,A,Normal value,1,One,0,Units
DATAFLOW,OECD.STI.PIE:DSD_PATENTS@DF_PATENTS_OECDSPECIFIC(1.0),Patents in OECD selected technologies,I,6F0,European Patent Office,A,Annual,AP,Patent applications,PATN,Patents,PRIORITY,Priority date,JAM,Jamaica,_Z,Not applicable,INVENTOR,Inventor,_Z,Not applicable,_Z,Not applicable,AI,Technologies related to artificial intelligence,2018,,0,,A,Normal value,1,One,0,Units
DATAFLOW,OECD.STI.PIE:DSD_PATENTS@DF_PATENTS_OECDSPECIFIC(1.0),Patents in OECD selected technologies,I,6F0,European Patent Office,A,Annual,AP,Patent applications,PATN,Patents,PRIORITY,Priority date,ECU,Ecuador,_Z,Not applicable,INVENTOR,Inventor,_Z,Not applicable,_Z,Not applicable,AI,Technologies related to artificial intelligence,2018,,0,,A,Normal value,1,One,0,Units
DATAFLOW,OECD.STI.PIE:DSD_PATENTS@DF_PATENTS_OECDSPECIFIC(1.0),Patents in OECD selected technologies,I,6F0,European Patent Office,A,Annual,AP,Patent applications,PATN,Patents,PRIORITY,Priority date,LIE,Liechtenstein,_Z,Not applicable,INVENTOR,Inventor,_Z,Not applicable,_Z,Not applicable,AI,Technologies related to artificial intelligence,2018,,0,,A,Normal value,1,One,0,Units
DATAFLOW,OECD.STI.PIE:DSD_PATENTS@DF_PATENTS_OECDSPECIFIC(1.0),Patents in OECD selected technologies,I,6F0,European Patent Office,A,Annual,AP,Patent applications,PATN,Patents,PRIORITY,Priority date,MLT,Malta,_Z,Not applicable,INVENTOR,Inventor,_Z,Not applicable,_Z,Not applicable,AI,Technologies related to artificial intelligence,2018,,0,,A,Normal value,1,One,0,Units
DATAFLOW,OECD.STI.PIE:DSD_PATENTS@DF_PATENTS_OECDSPECIFIC(1.0),Patents in OECD selected technologies,I,6F0,European Patent Office,A,Annual,AP,Patent applications,PATN,Patents,PRIORITY,Priority date,MAR,Morocco,_Z,Not applicable,INVENTOR,Inventor,_Z,Not applicable,_Z,Not applicable,AI,Technologies related to artificial intelligence,2018,,0,,A,Normal value,1,One,0,Units
DATAFLOW,OECD.STI.PIE:DSD_PATENTS@DF_PATENTS_OECDSPECIFIC(1.0),Patents in OECD selected technologies,I,6F0,European Patent Office,A,Annual,AP,Patent applications,PATN,Patents,PRIORITY,Priority date,UZB,Uzbekistan,_Z,Not applicable,INVENTOR,Inventor,_Z,Not applicable,_Z,Not applicable,AI,Technologies related to artificial intelligence,2018,,0,,A,Normal value,1,One,0,Units
DATAFLOW,OECD.STI.PIE:DSD_PATENTS@DF_PATENTS_OECDSPECIFIC(1.0),Patents in OECD selected technologies,I,6F0,European Patent Office,A,Annual,AP,Patent applications,PATN,Patents,PRIORITY,Priority date,NGA,Nigeria,_Z,Not applicable,INVENTOR,Inventor,_Z,Not applicable,_Z,Not applicable,AI,Technologies related to artificial intelligence,2018,,0,,A,Normal value,1,One,0,Units
DATAFLOW,OECD.STI.PIE:DSD_PATENTS@DF_PATENTS_OECDSPECIFIC(1.0),Patents in OECD selected technologies,I,6F0,European Patent Office,A,Annual,AP,Patent applications,PATN,Patents,PRIORITY,Priority date,BMU,Bermuda,_Z,Not applicable,INVENTOR,Inventor,_Z,Not applicable,_Z,Not applicable,AI,Technologies related to artificial intelligence,2018,,0,,A,Normal value,1,One,0,Units
DATAFLOW,OECD.STI.PIE:DSD_PATENTS@DF_PATENTS_OECDSPECIFIC(1.0),Patents in OECD selected technologies,I,6F0,European Patent Office,A,Annual,AP,Patent applications,PATN,Patents,PRIORITY,Priority date,TUN,Tunisia,_Z,Not applicable,INVENTOR,Inventor,_Z,Not applicable,_Z,Not applicable,AI,Technologies related to artificial intelligence,2018,,0,,A,Normal value,1,One,0,Units
DATAFLOW,OECD.STI.PIE:DSD_PATENTS@DF_PATENTS_OECDSPECIFIC(1.0),Patents in OECD selected technologies,I,6F0,European Patent Office,A,Annual,AP,Patent applications,PATN,Patents,PRIORITY,Priority date,IDN,Indonesia,_Z,Not applicable,INVENTOR,Inventor,_Z,Not applicable,_Z,Not applicable,AI,Technologies related to artificial intelligence,2018,,0,,A,Normal value,1,One,0,Units
DATAFLOW,OECD.STI.PIE:DSD_PATENTS@DF_PATENTS_OECDSPECIFIC(1.0),Patents in OECD selected technologies,I,6F0,European Patent Office,A,Annual,AP,Patent applications,PATN,Patents,PRIORITY,Priority date,DZA,Algeria,_Z,Not applicable,INVENTOR,Inventor,_Z,Not applicable,_Z,Not applicable,AI,Technologies related to artificial intelligence,2018,,0,,A,Normal value,1,One,0,Units
DATAFLOW,OECD.STI.PIE:DSD_PATENTS@DF_PATENTS_OECDSPECIFIC(1.0),Patents in OECD selected technologies,I,6F0,European Patent Office,A,Annual,AP,Patent applications,PATN,Patents,PRIORITY,Priority date,PAK,Pakistan,_Z,Not applicable,INVENTOR,Inventor,_Z,Not applicable,_Z,Not applicable,AI,Technologies related to artificial intelligence,2018,,0,,A,Normal value,1,One,0,Units
DATAFLOW,OECD.STI.PIE:DSD_PATENTS@DF_PATENTS_OECDSPECIFIC(1.0),Patents in OECD selected technologies,I,6F0,European Patent Office,A,Annual,AP,Patent applications,PATN,Patents,PRIORITY,Priority date,TTO,Trinidad and Tobago,_Z,Not applicable,INVENTOR,Inventor,_Z,Not applicable,_Z,Not applicable,AI,Technologies related to artificial intelligence,2018,,0,,A,Normal value,1,One,0,Units
DATAFLOW,OECD.STI.PIE:DSD_PATENTS@DF_PATENTS_OECDSPECIFIC(1.0),Patents in OECD selected technologies,I,6F0,European Patent Office,A,Annual,AP,Patent applications,PATN,Patents,PRIORITY,Priority date,TTO,Trinidad and Tobago,_Z,Not applicable,INVENTOR,Inventor,_Z,Not applicable,_Z,Not applicable,AI,Technologies related to artificial intelligence,2019,,0,,A,Normal value,1,One,0,Units
DATAFLOW,OECD.STI.PIE:DSD_PATENTS@DF_PATENTS_OECDSPECIFIC(1.0),Patents in OECD selected technologies,I,6F0,European Patent Office,A,Annual,AP,Patent applications,PATN,Patents,PRIORITY,Priority date,PAK,Pakistan,_Z,Not applicable,INVENTOR,Inventor,_Z,Not applicable,_Z,Not applicable,AI,Technologies related to artificial intelligence,2019,,0,,A,Normal value,1,One,0,Units
DATAFLOW,OECD.STI.PIE:DSD_PATENTS@DF_PATENTS_OECDSPECIFIC(1.0),Patents in OECD selected technologies,I,6F0,European Patent Office,A,Annual,AP,Patent applications,PATN,Patents,PRIORITY,Priority date,EGY,Egypt,_Z,Not applicable,INVENTOR,Inventor,_Z,Not applicable,_Z,Not applicable,AI,Technologies related to artificial intelligence,2019,,0,,A,Normal value,1,One,0,Units
DATAFLOW,OECD.STI.PIE:DSD_PATENTS@DF_PATENTS_OECDSPECIFIC(1.0),Patents in OECD selected technologies,I,6F0,European Patent Office,A,Annual,AP,Patent applications,PATN,Patents,PRIORITY,Priority date,DZA,Algeria,_Z,Not applicable,INVENTOR,Inventor,_Z,Not applicable,_Z,Not applicable,AI,Technologies related to artificial intelligence,2019,,0,,A,Normal value,1,One,0,Units
DATAFLOW,OECD.STI.PIE:DSD_PATENTS@DF_PATENTS_OECDSPECIFIC(1.0),Patents in OECD selected technologies,I,6F0,European Patent Office,A,Annual,AP,Patent applications,PATN,Patents,PRIORITY,Priority date,IDN,Indonesia,_Z,Not applicable,INVENTOR,Inventor,_Z,Not applicable,_Z,Not applicable,AI,Technologies related to artificial intelligence,2019,,0,,A,Normal value,1,One,0,Units
DATAFLOW,OECD.STI.PIE:DSD_PATENTS@DF_PATENTS_OECDSPECIFIC(1.0),Patents in OECD selected technologies,I,6F0,European Patent Office,A,Annual,AP,Patent applications,PATN,Patents,PRIORITY,Priority date,BMU,Bermuda,_Z,Not applicable,INVENTOR,Inventor,_Z,Not applicable,_Z,Not applicable,AI,Technologies related to artificial intelligence,2019,,0,,A,Normal value,1,One,0,Units
DATAFLOW,OECD.STI.PIE:DSD_PATENTS@DF_PATENTS_OECDSPECIFIC(1.0),Patents in OECD selected technologies,I,6F0,European Patent Office,A,Annual,AP,Patent applications,PATN,Patents,PRIORITY,Priority date,NGA,Nigeria,_Z,Not applicable,INVENTOR,Inventor,_Z,Not applicable,_Z,Not applicable,AI,Technologies related to artificial intelligence,2019,,0,,A,Normal value,1,One,0,Units
DATAFLOW,OECD.STI.PIE:DSD_PATENTS@DF_PATENTS_OECDSPECIFIC(1.0),Patents in OECD selected technologies,I,6F0,European Patent Office,A,Annual,AP,Patent applications,PATN,Patents,PRIORITY,Priority date,UZB,Uzbekistan,_Z,Not applicable,INVENTOR,Inventor,_Z,Not applicable,_Z,Not applicable,AI,Technologies related to artificial intelligence,2019,,0,,A,Normal value,1,One,0,Units
DATAFLOW,OECD.STI.PIE:DSD_PATENTS@DF_PATENTS_OECDSPECIFIC(1.0),Patents in OECD selected technologies,I,6F0,European Patent Office,A,Annual,AP,Patent applications,PATN,Patents,PRIORITY,Priority date,AND,Andorra,_Z,Not applicable,INVENTOR,Inventor,_Z,Not applicable,_Z,Not applicable,AI,Technologies related to artificial intelligence,2019,,0,,A,Normal value,1,One,0,Units
DATAFLOW,OECD.STI.PIE:DSD_PATENTS@DF_PATENTS_OECDSPECIFIC(1.0),Patents in OECD selected technologies,I,6F0,European Patent Office,A,Annual,AP,Patent applications,PATN,Patents,PRIORITY,Priority date,MAR,Morocco,_Z,Not applicable,INVENTOR,Inventor,_Z,Not applicable,_Z,Not applicable,AI,Technologies related to artificial intelligence,2019,,0,,A,Normal value,1,One,0,Units
DATAFLOW,OECD.STI.PIE:DSD_PATENTS@DF_PATENTS_OECDSPECIFIC(1.0),Patents in OECD selected technologies,I,6F0,European Patent Office,A,Annual,AP,Patent applications,PATN,Patents,PRIORITY,Priority date,LIE,Liechtenstein,_Z,Not applicable,INVENTOR,Inventor,_Z,Not applicable,_Z,Not applicable,AI,Technologies related to artificial intelligence,2019,,0,,A,Normal value,1,One,0,Units
DATAFLOW,OECD.STI.PIE:DSD_PATENTS@DF_PATENTS_OECDSPECIFIC(1.0),Patents in OECD selected technologies,I,6F0,European Patent Office,A,Annual,AP,Patent applications,PATN,Patents,PRIORITY,Priority date,ECU,Ecuador,_Z,Not applicable,INVENTOR,Inventor,_Z,Not applicable,_Z,Not applicable,AI,Technologies related to artificial intelligence,2019,,0,,A,Normal value,1,One,0,Units
DATAFLOW,OECD.STI.PIE:DSD_PATENTS@DF_PATENTS_OECDSPECIFIC(1.0),Patents in OECD selected technologies,I,6F0,European Patent Office,A,Annual,AP,Patent applications,PATN,Patents,PRIORITY,Priority date,JAM,Jamaica,_Z,Not applicable,INVENTOR,Inventor,_Z,Not applicable,_Z,Not applicable,AI,Technologies related to artificial intelligence,2019,,0,,A,Normal value,1,One,0,Units
DATAFLOW,OECD.STI.PIE:DSD_PATENTS@DF_PATENTS_OECDSPECIFIC(1.0),Patents in OECD selected technologies,I,6F0,European Patent Office,A,Annual,AP,Patent applications,PATN,Patents,PRIORITY,Priority date,LVA,Latvia,_Z,Not applicable,INVENTOR,Inventor,_Z,Not applicable,_Z,Not applicable,AI,Technologies related to artificial intelligence,2019,,0,,A,Normal value,1,One,0,Units
DATAFLOW,OECD.STI.PIE:DSD_PATENTS@DF_PATENTS_OECDSPECIFIC(1.0),Patents in OECD selected technologies,I,6F0,European Patent Office,A,Annual,AP,Patent applications,PATN,Patents,PRIORITY,Priority date,LKA,Sri Lanka,_Z,Not applicable,INVENTOR,Inventor,_Z,Not applicable,_Z,Not applicable,AI,Technologies related to artificial intelligence,2019,,0,,A,Normal value,1,One,0,Units
DATAFLOW,OECD.STI.PIE:DSD_PATENTS@DF_PATENTS_OECDSPECIFIC(1.0),Patents in OECD selected technologies,I,6F0,European Patent Office,A,Annual,AP,Patent applications,PATN,Patents,PRIORITY,Priority date,PER,Peru,_Z,Not applicable,INVENTOR,Inventor,_Z,Not applicable,_Z,Not applicable,AI,Technologies related to artificial intelligence,2019,,0,,A,Normal value,1,One,0,Units
DATAFLOW,OECD.STI.PIE:DSD_PATENTS@DF_PATENTS_OECDSPECIFIC(1.0),Patents in OECD selected technologies,I,6F0,European Patent Office,A,Annual,AP,Patent applications,PATN,Patents,PRIORITY,Priority date,MDA,Moldova,_Z,Not applicable,INVENTOR,Inventor,_Z,Not applicable,_Z,Not applicable,AI,Technologies related to artificial intelligence,2019,,0,,A,Normal value,1,One,0,Units
DATAFLOW,OECD.STI.PIE:DSD_PATENTS@DF_PATENTS_OECDSPECIFIC(1.0),Patents in OECD selected technologies,I,6F0,European Patent Office,A,Annual,AP,Patent applications,PATN,Patents,PRIORITY,Priority date,SYC,Seychelles,_Z,Not applicable,INVENTOR,Inventor,_Z,Not applicable,_Z,Not applicable,AI,Technologies related to artificial intelligence,2019,,0,,A,Normal value,1,One,0,Units
DATAFLOW,OECD.STI.PIE:DSD_PATENTS@DF_PATENTS_OECDSPECIFIC(1.0),Patents in OECD selected technologies,I,6F0,European Patent Office,A,Annual,AP,Patent applications,PATN,Patents,PRIORITY,Priority date,CRI,Costa Rica,_Z,Not applicable,INVENTOR,Inventor,_Z,Not applicable,_Z,Not applicable,AI,Technologies related to artificial intelligence,2019,,0,,A,Normal value,1,One,0,Units
DATAFLOW,OECD.STI.PIE:DSD_PATENTS@DF_PATENTS_OECDSPECIFIC(1.0),Patents in OECD selected technologies,I,6F0,European Patent Office,A,Annual,AP,Patent applications,PATN,Patents,PRIORITY,Priority date,KAZ,Kazakhstan,_Z,Not applicable,INVENTOR,Inventor,_Z,Not applicable,_Z,Not applicable,AI,Technologies related to artificial intelligence,2019,,0,,A,Normal value,1,One,0,Units
DATAFLOW,OECD.STI.PIE:DSD_PATENTS@DF_PATENTS_OECDSPECIFIC(1.0),Patents in OECD selected technologies,I,6F0,European Patent Office,A,Annual,AP,Patent applications,PATN,Patents,PRIORITY,Priority date,MKD,North Macedonia,_Z,Not applicable,INVENTOR,Inventor,_Z,Not applicable,_Z,Not applicable,AI,Technologies related to artificial intelligence,2019,,0,,A,Normal value,1,One,0,Units
DATAFLOW,OECD.STI.PIE:DSD_PATENTS@DF_PATENTS_OECDSPECIFIC(1.0),Patents in OECD selected technologies,I,6F0,European Patent Office,A,Annual,AP,Patent applications,PATN,Patents,PRIORITY,Priority date,GEO,Georgia,_Z,Not applicable,INVENTOR,Inventor,_Z,Not applicable,_Z,Not applicable,AI,Technologies related to artificial intelligence,2019,,0,,A,Normal value,1,One,0,Units
DATAFLOW,OECD.STI.PIE:DSD_PATENTS@DF_PATENTS_OECDSPECIFIC(1.0),Patents in OECD selected technologies,I,6F0,European Patent Office,A,Annual,AP,Patent applications,PATN,Patents,PRIORITY,Priority date,ISL,Iceland,_Z,Not applicable,INVENTOR,Inventor,_Z,Not applicable,_Z,Not applicable,AI,Technologies related to artificial intelligence,2019,,0,,A,Normal value,1,One,0,Units
DATAFLOW,OECD.STI.PIE:DSD_PATENTS@DF_PATENTS_OECDSPECIFIC(1.0),Patents in OECD selected technologies,I,6F0,European Patent Office,A,Annual,AP,Patent applications,PATN,Patents,PRIORITY,Priority date,PRK,Democratic People’s Republic of Korea,_Z,Not applicable,INVENTOR,Inventor,_Z,Not applicable,_Z,Not applicable,AI,Technologies related to artificial intelligence,2019,,0,,A,Normal value,1,One,0,Units
DATAFLOW,OECD.STI.PIE:DSD_PATENTS@DF_PATENTS_OECDSPECIFIC(1.0),Patents in OECD selected technologies,I,6F0,European Patent Office,A,Annual,AP,Patent applications,PATN,Patents,PRIORITY,Priority date,JOR,Jordan,_Z,Not applicable,INVENTOR,Inventor,_Z,Not applicable,_Z,Not applicable,AI,Technologies related to artificial intelligence,2019,,0,,A,Normal value,1,One,0,Units
DATAFLOW,OECD.STI.PIE:DSD_PATENTS@DF_PATENTS_OECDSPECIFIC(1.0),Patents in OECD selected technologies,I,6F0,European Patent Office,A,Annual,AP,Patent applications,PATN,Patents,PRIORITY,Priority date,PRI,Puerto Rico,_Z,Not applicable,INVENTOR,Inventor,_Z,Not applicable,_Z,Not applicable,AI,Technologies related to artificial intelligence,2019,,0,,A,Normal value,1,One,0,Units
DATAFLOW,OECD.STI.PIE:DSD_PATENTS@DF_PATENTS_OECDSPECIFIC(1.0),Patents in OECD selected technologies,I,6F0,European Patent Office,A,Annual,AP,Patent applications,PATN,Patents,PRIORITY,Priority date,CUB,Cuba,_Z,Not applicable,INVENTOR,Inventor,_Z,Not applicable,_Z,Not applicable,AI,Technologies related to artificial intelligence,2019,,0,,A,Normal value,1,One,0,Units
DATAFLOW,OECD.STI.PIE:DSD_PATENTS@DF_PATENTS_OECDSPECIFIC(1.0),Patents in OECD selected technologies,I,6F0,European Patent Office,A,Annual,AP,Patent applications,PATN,Patents,PRIORITY,Priority date,KEN,Kenya,_Z,Not applicable,INVENTOR,Inventor,_Z,Not applicable,_Z,Not applicable,AI,Technologies related to artificial intelligence,2019,,0,,A,Normal value,1,One,0,Units
DATAFLOW,OECD.STI.PIE:DSD_PATENTS@DF_PATENTS_OECDSPECIFIC(1.0),Patents in OECD selected technologies,I,6F0,European Patent Office,A,Annual,AP,Patent applications,PATN,Patents,PRIORITY,Priority date,ZWE,Zimbabwe,_Z,Not applicable,INVENTOR,Inventor,_Z,Not applicable,_Z,Not applicable,AI,Technologies related to artificial intelligence,2019,,0,,A,Normal value,1,One,0,Units
DATAFLOW,OECD.STI.PIE:DSD_PATENTS@DF_PATENTS_OECDSPECIFIC(1.0),Patents in OECD selected technologies,I,6F0,European Patent Office,A,Annual,AP,Patent applications,PATN,Patents,PRIORITY,Priority date,SLV,El Salvador,_Z,Not applicable,INVENTOR,Inventor,_Z,Not applicable,_Z,Not applicable,AI,Technologies related to artificial intelligence,2019,,0,,A,Normal value,1,One,0,Units
DATAFLOW,OECD.STI.PIE:DSD_PATENTS@DF_PATENTS_OECDSPECIFIC(1.0),Patents in OECD selected technologies,I,6F0,European Patent Office,A,Annual,AP,Patent applications,PATN,Patents,PRIORITY,Priority date,BIH,Bosnia and Herzegovina,_Z,Not applicable,INVENTOR,Inventor,_Z,Not applicable,_Z,Not applicable,AI,Technologies related to artificial intelligence,2019,,0,,A,Normal value,1,One,0,Units
DATAFLOW,OECD.STI.PIE:DSD_PATENTS@DF_PATENTS_OECDSPECIFIC(1.0),Patents in OECD selected technologies,I,6F0,European Patent Office,A,Annual,AP,Patent applications,PATN,Patents,PRIORITY,Priority date,YUG_F,Former Yugoslavia,_Z,Not applicable,INVENTOR,Inventor,_Z,Not applicable,_Z,Not applicable,AI,Technologies related to artificial intelligence,2019,,0,,A,Normal value,1,One,0,Units
DATAFLOW,OECD.STI.PIE:DSD_PATENTS@DF_PATENTS_OECDSPECIFIC(1.0),Patents in OECD selected technologies,I,6F0,European Patent Office,A,Annual,AP,Patent applications,PATN,Patents,PRIORITY,Priority date,MNG,Mongolia,_Z,Not applicable,INVENTOR,Inventor,_Z,Not applicable,_Z,Not applicable,AI,Technologies related to artificial intelligence,2019,,0,,A,Normal value,1,One,0,Units
DATAFLOW,OECD.STI.PIE:DSD_PATENTS@DF_PATENTS_OECDSPECIFIC(1.0),Patents in OECD selected technologies,I,6F0,European Patent Office,A,Annual,AP,Patent applications,PATN,Patents,PRIORITY,Priority date,KWT,Kuwait,_Z,Not applicable,INVENTOR,Inventor,_Z,Not applicable,_Z,Not applicable,AI,Technologies related to artificial intelligence,2019,,0,,A,Normal value,1,One,0,Units
DATAFLOW,OECD.STI.PIE:DSD_PATENTS@DF_PATENTS_OECDSPECIFIC(1.0),Patents in OECD selected technologies,I,6F0,European Patent Office,A,Annual,AP,Patent applications,PATN,Patents,PRIORITY,Priority date,CYM,Cayman Islands,_Z,Not applicable,INVENTOR,Inventor,_Z,Not applicable,_Z,Not applicable,AI,Technologies related to artificial intelligence,2019,,0,,A,Normal value,1,One,0,Units
DATAFLOW,OECD.STI.PIE:DSD_PATENTS@DF_PATENTS_OECDSPECIFIC(1.0),Patents in OECD selected technologies,I,6F0,European Patent Office,A,Annual,AP,Patent applications,PATN,Patents,PRIORITY,Priority date,PAN,Panama,_Z,Not applicable,INVENTOR,Inventor,_Z,Not applicable,_Z,Not applicable,AI,Technologies related to artificial intelligence,2019,,0,,A,Normal value,1,One,0,Units
DATAFLOW,OECD.STI.PIE:DSD_PATENTS@DF_PATENTS_OECDSPECIFIC(1.0),Patents in OECD selected technologies,I,6F0,European Patent Office,A,Annual,AP,Patent applications,PATN,Patents,PRIORITY,Priority date,DJI,Djibouti,_Z,Not applicable,INVENTOR,Inventor,_Z,Not applicable,_Z,Not applicable,AI,Technologies related to artificial intelligence,2019,,0,,A,Normal value,1,One,0,Units
DATAFLOW,OECD.STI.PIE:DSD_PATENTS@DF_PATENTS_OECDSPECIFIC(1.0),Patents in OECD selected technologies,I,6F0,European Patent Office,A,Annual,AP,Patent applications,PATN,Patents,PRIORITY,Priority date,LBN,Lebanon,_Z,Not applicable,INVENTOR,Inventor,_Z,Not applicable,_Z,Not applicable,AI,Technologies related to artificial intelligence,2019,,0,,A,Normal value,1,One,0,Units
DATAFLOW,OECD.STI.PIE:DSD_PATENTS@DF_PATENTS_OECDSPECIFIC(1.0),Patents in OECD selected technologies,I,6F0,European Patent Office,A,Annual,AP,Patent applications,PATN,Patents,PRIORITY,Priority date,VEN,Venezuela,_Z,Not applicable,INVENTOR,Inventor,_Z,Not applicable,_Z,Not applicable,AI,Technologies related to artificial intelligence,2019,,0,,A,Normal value,1,One,0,Units
DATAFLOW,OECD.STI.PIE:DSD_PATENTS@DF_PATENTS_OECDSPECIFIC(1.0),Patents in OECD selected technologies,I,6F0,European Patent Office,A,Annual,AP,Patent applications,PATN,Patents,PRIORITY,Priority date,GTM,Guatemala,_Z,Not applicable,INVENTOR,Inventor,_Z,Not applicable,_Z,Not applicable,AI,Technologies related to artificial intelligence,2019,,0,,A,Normal value,1,One,0,Units
DATAFLOW,OECD.STI.PIE:DSD_PATENTS@DF_PATENTS_OECDSPECIFIC(1.0),Patents in OECD selected technologies,I,6F0,European Patent Office,A,Annual,AP,Patent applications,PATN,Patents,PRIORITY,Priority date,COL,Colombia,_Z,Not applicable,INVENTOR,Inventor,_Z,Not applicable,_Z,Not applicable,AI,Technologies related to artificial intelligence,2019,,0,,A,Normal value,1,One,0,Units
DATAFLOW,OECD.STI.PIE:DSD_PATENTS@DF_PATENTS_OECDSPECIFIC(1.0),Patents in OECD selected technologies,I,6F0,European Patent Office,A,Annual,AP,Patent applications,PATN,Patents,PRIORITY,Priority date,GTM,Guatemala,_Z,Not applicable,INVENTOR,Inventor,_Z,Not applicable,_Z,Not applicable,AI,Technologies related to artificial intelligence,2020,,0,,A,Normal value,1,One,0,Units
DATAFLOW,OECD.STI.PIE:DSD_PATENTS@DF_PATENTS_OECDSPECIFIC(1.0),Patents in OECD selected technologies,I,6F0,European Patent Office,A,Annual,AP,Patent applications,PATN,Patents,PRIORITY,Priority date,VEN,Venezuela,_Z,Not applicable,INVENTOR,Inventor,_Z,Not applicable,_Z,Not applicable,AI,Technologies related to artificial intelligence,2020,,0,,A,Normal value,1,One,0,Units
DATAFLOW,OECD.STI.PIE:DSD_PATENTS@DF_PATENTS_OECDSPECIFIC(1.0),Patents in OECD selected technologies,I,6F0,European Patent Office,A,Annual,AP,Patent applications,PATN,Patents,PRIORITY,Priority date,DJI,Djibouti,_Z,Not applicable,INVENTOR,Inventor,_Z,Not applicable,_Z,Not applicable,AI,Technologies related to artificial intelligence,2020,,0,,A,Normal value,1,One,0,Units
DATAFLOW,OECD.STI.PIE:DSD_PATENTS@DF_PATENTS_OECDSPECIFIC(1.0),Patents in OECD selected technologies,I,6F0,European Patent Office,A,Annual,AP,Patent applications,PATN,Patents,PRIORITY,Priority date,PAN,Panama,_Z,Not applicable,INVENTOR,Inventor,_Z,Not applicable,_Z,Not applicable,AI,Technologies related to artificial intelligence,2020,,0,,A,Normal value,1,One,0,Units
DATAFLOW,OECD.STI.PIE:DSD_PATENTS@DF_PATENTS_OECDSPECIFIC(1.0),Patents in OECD selected technologies,I,6F0,European Patent Office,A,Annual,AP,Patent applications,PATN,Patents,PRIORITY,Priority date,ARM,Armenia,_Z,Not applicable,INVENTOR,Inventor,_Z,Not applicable,_Z,Not applicable,AI,Technologies related to artificial intelligence,2020,,0,,A,Normal value,1,One,0,Units
DATAFLOW,OECD.STI.PIE:DSD_PATENTS@DF_PATENTS_OECDSPECIFIC(1.0),Patents in OECD selected technologies,I,6F0,European Patent Office,A,Annual,AP,Patent applications,PATN,Patents,PRIORITY,Priority date,CYM,Cayman Islands,_Z,Not applicable,INVENTOR,Inventor,_Z,Not applicable,_Z,Not applicable,AI,Technologies related to artificial intelligence,2020,,0,,A,Normal value,1,One,0,Units
DATAFLOW,OECD.STI.PIE:DSD_PATENTS@DF_PATENTS_OECDSPECIFIC(1.0),Patents in OECD selected technologies,I,6F0,European Patent Office,A,Annual,AP,Patent applications,PATN,Patents,PRIORITY,Priority date,KWT,Kuwait,_Z,Not applicable,INVENTOR,Inventor,_Z,Not applicable,_Z,Not applicable,AI,Technologies related to artificial intelligence,2020,,0,,A,Normal value,1,One,0,Units
DATAFLOW,OECD.STI.PIE:DSD_PATENTS@DF_PATENTS_OECDSPECIFIC(1.0),Patents in OECD selected technologies,I,6F0,European Patent Office,A,Annual,AP,Patent applications,PATN,Patents,PRIORITY,Priority date,MNG,Mongolia,_Z,Not applicable,INVENTOR,Inventor,_Z,Not applicable,_Z,Not applicable,AI,Technologies related to artificial intelligence,2020,,0,,A,Normal value,1,One,0,Units
DATAFLOW,OECD.STI.PIE:DSD_PATENTS@DF_PATENTS_OECDSPECIFIC(1.0),Patents in OECD selected technologies,I,6F0,European Patent Office,A,Annual,AP,Patent applications,PATN,Patents,PRIORITY,Priority date,YUG_F,Former Yugoslavia,_Z,Not applicable,INVENTOR,Inventor,_Z,Not applicable,_Z,Not applicable,AI,Technologies related to artificial intelligence,2020,,0,,A,Normal value,1,One,0,Units
DATAFLOW,OECD.STI.PIE:DSD_PATENTS@DF_PATENTS_OECDSPECIFIC(1.0),Patents in OECD selected technologies,I,6F0,European Patent Office,A,Annual,AP,Patent applications,PATN,Patents,PRIORITY,Priority date,BIH,Bosnia and Herzegovina,_Z,Not applicable,INVENTOR,Inventor,_Z,Not applicable,_Z,Not applicable,AI,Technologies related to artificial intelligence,2020,,0,,A,Normal value,1,One,0,Units
DATAFLOW,OECD.STI.PIE:DSD_PATENTS@DF_PATENTS_OECDSPECIFIC(1.0),Patents in OECD selected technologies,I,6F0,European Patent Office,A,Annual,AP,Patent applications,PATN,Patents,PRIORITY,Priority date,SLV,El Salvador,_Z,Not applicable,INVENTOR,Inventor,_Z,Not applicable,_Z,Not applicable,AI,Technologies related to artificial intelligence,2020,,0,,A,Normal value,1,One,0,Units
DATAFLOW,OECD.STI.PIE:DSD_PATENTS@DF_PATENTS_OECDSPECIFIC(1.0),Patents in OECD selected technologies,I,6F0,European Patent Office,A,Annual,AP,Patent applications,PATN,Patents,PRIORITY,Priority date,ZWE,Zimbabwe,_Z,Not applicable,INVENTOR,Inventor,_Z,Not applicable,_Z,Not applicable,AI,Technologies related to artificial intelligence,2020,,0,,A,Normal value,1,One,0,Units
DATAFLOW,OECD.STI.PIE:DSD_PATENTS@DF_PATENTS_OECDSPECIFIC(1.0),Patents in OECD selected technologies,I,6F0,European Patent Office,A,Annual,AP,Patent applications,PATN,Patents,PRIORITY,Priority date,KEN,Kenya,_Z,Not applicable,INVENTOR,Inventor,_Z,Not applicable,_Z,Not applicable,AI,Technologies related to artificial intelligence,2020,,0,,A,Normal value,1,One,0,Units
DATAFLOW,OECD.STI.PIE:DSD_PATENTS@DF_PATENTS_OECDSPECIFIC(1.0),Patents in OECD selected technologies,I,6F0,European Patent Office,A,Annual,AP,Patent applications,PATN,Patents,PRIORITY,Priority date,CUB,Cuba,_Z,Not applicable,INVENTOR,Inventor,_Z,Not applicable,_Z,Not applicable,AI,Technologies related to artificial intelligence,2020,,0,,A,Normal value,1,One,0,Units
DATAFLOW,OECD.STI.PIE:DSD_PATENTS@DF_PATENTS_OECDSPECIFIC(1.0),Patents in OECD selected technologies,I,6F0,European Patent Office,A,Annual,AP,Patent applications,PATN,Patents,PRIORITY,Priority date,SVN,Slovenia,_Z,Not applicable,INVENTOR,Inventor,_Z,Not applicable,_Z,Not applicable,AI,Technologies related to artificial intelligence,2020,,0,,A,Normal value,1,One,0,Units
DATAFLOW,OECD.STI.PIE:DSD_PATENTS@DF_PATENTS_OECDSPECIFIC(1.0),Patents in OECD selected technologies,I,6F0,European Patent Office,A,Annual,AP,Patent applications,PATN,Patents,PRIORITY,Priority date,PRK,Democratic People’s Republic of Korea,_Z,Not applicable,INVENTOR,Inventor,_Z,Not applicable,_Z,Not applicable,AI,Technologies related to artificial intelligence,2020,,0,,A,Normal value,1,One,0,Units
DATAFLOW,OECD.STI.PIE:DSD_PATENTS@DF_PATENTS_OECDSPECIFIC(1.0),Patents in OECD selected technologies,I,6F0,European Patent Office,A,Annual,AP,Patent applications,PATN,Patents,PRIORITY,Priority date,GEO,Georgia,_Z,Not applicable,INVENTOR,Inventor,_Z,Not applicable,_Z,Not applicable,AI,Technologies related to artificial intelligence,2020,,0,,A,Normal value,1,One,0,Units
DATAFLOW,OECD.STI.PIE:DSD_PATENTS@DF_PATENTS_OECDSPECIFIC(1.0),Patents in OECD selected technologies,I,6F0,European Patent Office,A,Annual,AP,Patent applications,PATN,Patents,PRIORITY,Priority date,IRN,Iran,_Z,Not applicable,INVENTOR,Inventor,_Z,Not applicable,_Z,Not applicable,AI,Technologies related to artificial intelligence,2020,,0,,A,Normal value,1,One,0,Units
DATAFLOW,OECD.STI.PIE:DSD_PATENTS@DF_PATENTS_OECDSPECIFIC(1.0),Patents in OECD selected technologies,I,6F0,European Patent Office,A,Annual,AP,Patent applications,PATN,Patents,PRIORITY,Priority date,MKD,North Macedonia,_Z,Not applicable,INVENTOR,Inventor,_Z,Not applicable,_Z,Not applicable,AI,Technologies related to artificial intelligence,2020,,0,,A,Normal value,1,One,0,Units
DATAFLOW,OECD.STI.PIE:DSD_PATENTS@DF_PATENTS_OECDSPECIFIC(1.0),Patents in OECD selected technologies,I,6F0,European Patent Office,A,Annual,AP,Patent applications,PATN,Patents,PRIORITY,Priority date,URY,Uruguay,_Z,Not applicable,INVENTOR,Inventor,_Z,Not applicable,_Z,Not applicable,AI,Technologies related to artificial intelligence,2020,,0,,A,Normal value,1,One,0,Units
DATAFLOW,OECD.STI.PIE:DSD_PATENTS@DF_PATENTS_OECDSPECIFIC(1.0),Patents in OECD selected technologies,I,6F0,European Patent Office,A,Annual,AP,Patent applications,PATN,Patents,PRIORITY,Priority date,KAZ,Kazakhstan,_Z,Not applicable,INVENTOR,Inventor,_Z,Not applicable,_Z,Not applicable,AI,Technologies related to artificial intelligence,2020,,0,,A,Normal value,1,One,0,Units
DATAFLOW,OECD.STI.PIE:DSD_PATENTS@DF_PATENTS_OECDSPECIFIC(1.0),Patents in OECD selected technologies,I,6F0,European Patent Office,A,Annual,AP,Patent applications,PATN,Patents,PRIORITY,Priority date,SYC,Seychelles,_Z,Not applicable,INVENTOR,Inventor,_Z,Not applicable,_Z,Not applicable,AI,Technologies related to artificial intelligence,2020,,0,,A,Normal value,1,One,0,Units
DATAFLOW,OECD.STI.PIE:DSD_PATENTS@DF_PATENTS_OECDSPECIFIC(1.0),Patents in OECD selected technologies,I,6F0,European Patent Office,A,Annual,AP,Patent applications,PATN,Patents,PRIORITY,Priority date,MDA,Moldova,_Z,Not applicable,INVENTOR,Inventor,_Z,Not applicable,_Z,Not applicable,AI,Technologies related to artificial intelligence,2020,,0,,A,Normal value,1,One,0,Units
DATAFLOW,OECD.STI.PIE:DSD_PATENTS@DF_PATENTS_OECDSPECIFIC(1.0),Patents in OECD selected technologies,I,6F0,European Patent Office,A,Annual,AP,Patent applications,PATN,Patents,PRIORITY,Priority date,PER,Peru,_Z,Not applicable,INVENTOR,Inventor,_Z,Not applicable,_Z,Not applicable,AI,Technologies related to artificial intelligence,2020,,0,,A,Normal value,1,One,0,Units
DATAFLOW,OECD.STI.PIE:DSD_PATENTS@DF_PATENTS_OECDSPECIFIC(1.0),Patents in OECD selected technologies,I,6F0,European Patent Office,A,Annual,AP,Patent applications,PATN,Patents,PRIORITY,Priority date,LKA,Sri Lanka,_Z,Not applicable,INVENTOR,Inventor,_Z,Not applicable,_Z,Not applicable,AI,Technologies related to artificial intelligence,2020,,0,,A,Normal value,1,One,0,Units
DATAFLOW,OECD.STI.PIE:DSD_PATENTS@DF_PATENTS_OECDSPECIFIC(1.0),Patents in OECD selected technologies,I,6F0,European Patent Office,A,Annual,AP,Patent applications,PATN,Patents,PRIORITY,Priority date,JAM,Jamaica,_Z,Not applicable,INVENTOR,Inventor,_Z,Not applicable,_Z,Not applicable,AI,Technologies related to artificial intelligence,2020,,0,,A,Normal value,1,One,0,Units
DATAFLOW,OECD.STI.PIE:DSD_PATENTS@DF_PATENTS_OECDSPECIFIC(1.0),Patents in OECD selected technologies,I,6F0,European Patent Office,A,Annual,AP,Patent applications,PATN,Patents,PRIORITY,Priority date,ECU,Ecuador,_Z,Not applicable,INVENTOR,Inventor,_Z,Not applicable,_Z,Not applicable,AI,Technologies related to artificial intelligence,2020,,0,,A,Normal value,1,One,0,Units
DATAFLOW,OECD.STI.PIE:DSD_PATENTS@DF_PATENTS_OECDSPECIFIC(1.0),Patents in OECD selected technologies,I,6F0,European Patent Office,A,Annual,AP,Patent applications,PATN,Patents,PRIORITY,Priority date,AND,Andorra,_Z,Not applicable,INVENTOR,Inventor,_Z,Not applicable,_Z,Not applicable,AI,Technologies related to artificial intelligence,2020,,0,,A,Normal value,1,One,0,Units
DATAFLOW,OECD.STI.PIE:DSD_PATENTS@DF_PATENTS_OECDSPECIFIC(1.0),Patents in OECD selected technologies,I,6F0,European Patent Office,A,Annual,AP,Patent applications,PATN,Patents,PRIORITY,Priority date,UZB,Uzbekistan,_Z,Not applicable,INVENTOR,Inventor,_Z,Not applicable,_Z,Not applicable,AI,Technologies related to artificial intelligence,2020,,0,,A,Normal value,1,One,0,Units
DATAFLOW,OECD.STI.PIE:DSD_PATENTS@DF_PATENTS_OECDSPECIFIC(1.0),Patents in OECD selected technologies,I,6F0,European Patent Office,A,Annual,AP,Patent applications,PATN,Patents,PRIORITY,Priority date,NGA,Nigeria,_Z,Not applicable,INVENTOR,Inventor,_Z,Not applicable,_Z,Not applicable,AI,Technologies related to artificial intelligence,2020,,0,,A,Normal value,1,One,0,Units
DATAFLOW,OECD.STI.PIE:DSD_PATENTS@DF_PATENTS_OECDSPECIFIC(1.0),Patents in OECD selected technologies,I,6F0,European Patent Office,A,Annual,AP,Patent applications,PATN,Patents,PRIORITY,Priority date,BMU,Bermuda,_Z,Not applicable,INVENTOR,Inventor,_Z,Not applicable,_Z,Not applicable,AI,Technologies related to artificial intelligence,2020,,0,,A,Normal value,1,One,0,Units
DATAFLOW,OECD.STI.PIE:DSD_PATENTS@DF_PATENTS_OECDSPECIFIC(1.0),Patents in OECD selected technologies,I,6F0,European Patent Office,A,Annual,AP,Patent applications,PATN,Patents,PRIORITY,Priority date,DZA,Algeria,_Z,Not applicable,INVENTOR,Inventor,_Z,Not applicable,_Z,Not applicable,AI,Technologies related to artificial intelligence,2020,,0,,A,Normal value,1,One,0,Units
DATAFLOW,OECD.STI.PIE:DSD_PATENTS@DF_PATENTS_OECDSPECIFIC(1.0),Patents in OECD selected technologies,I,6F0,European Patent Office,A,Annual,AP,Patent applications,PATN,Patents,PRIORITY,Priority date,PAK,Pakistan,_Z,Not applicable,INVENTOR,Inventor,_Z,Not applicable,_Z,Not applicable,AI,Technologies related to artificial intelligence,2020,,0,,A,Normal value,1,One,0,Units
DATAFLOW,OECD.STI.PIE:DSD_PATENTS@DF_PATENTS_OECDSPECIFIC(1.0),Patents in OECD selected technologies,I,6F0,European Patent Office,A,Annual,AP,Patent applications,PATN,Patents,PRIORITY,Priority date,TTO,Trinidad and Tobago,_Z,Not applicable,INVENTOR,Inventor,_Z,Not applicable,_Z,Not applicable,AI,Technologies related to artificial intelligence,2020,,0,,A,Normal value,1,One,0,Units
DATAFLOW,OECD.STI.PIE:DSD_PATENTS@DF_PATENTS_OECDSPECIFIC(1.0),Patents in OECD selected technologies,I,6F0,European Patent Office,A,Annual,AP,Patent applications,PATN,Patents,PRIORITY,Priority date,TTO,Trinidad and Tobago,_Z,Not applicable,INVENTOR,Inventor,_Z,Not applicable,_Z,Not applicable,AI,Technologies related to artificial intelligence,2021,,0,,A,Normal value,1,One,0,Units
DATAFLOW,OECD.STI.PIE:DSD_PATENTS@DF_PATENTS_OECDSPECIFIC(1.0),Patents in OECD selected technologies,I,6F0,European Patent Office,A,Annual,AP,Patent applications,PATN,Patents,PRIORITY,Priority date,DZA,Algeria,_Z,Not applicable,INVENTOR,Inventor,_Z,Not applicable,_Z,Not applicable,AI,Technologies related to artificial intelligence,2021,,0,,A,Normal value,1,One,0,Units
DATAFLOW,OECD.STI.PIE:DSD_PATENTS@DF_PATENTS_OECDSPECIFIC(1.0),Patents in OECD selected technologies,I,6F0,European Patent Office,A,Annual,AP,Patent applications,PATN,Patents,PRIORITY,Priority date,CYP,Cyprus,_Z,Not applicable,INVENTOR,Inventor,_Z,Not applicable,_Z,Not applicable,AI,Technologies related to artificial intelligence,2021,,0,,A,Normal value,1,One,0,Units
DATAFLOW,OECD.STI.PIE:DSD_PATENTS@DF_PATENTS_OECDSPECIFIC(1.0),Patents in OECD selected technologies,I,6F0,European Patent Office,A,Annual,AP,Patent applications,PATN,Patents,PRIORITY,Priority date,TUN,Tunisia,_Z,Not applicable,INVENTOR,Inventor,_Z,Not applicable,_Z,Not applicable,AI,Technologies related to artificial intelligence,2021,,0,,A,Normal value,1,One,0,Units
DATAFLOW,OECD.STI.PIE:DSD_PATENTS@DF_PATENTS_OECDSPECIFIC(1.0),Patents in OECD selected technologies,I,6F0,European Patent Office,A,Annual,AP,Patent applications,PATN,Patents,PRIORITY,Priority date,BMU,Bermuda,_Z,Not applicable,INVENTOR,Inventor,_Z,Not applicable,_Z,Not applicable,AI,Technologies related to artificial intelligence,2021,,0,,A,Normal value,1,One,0,Units
DATAFLOW,OECD.STI.PIE:DSD_PATENTS@DF_PATENTS_OECDSPECIFIC(1.0),Patents in OECD selected technologies,I,6F0,European Patent Office,A,Annual,AP,Patent applications,PATN,Patents,PRIORITY,Priority date,NGA,Nigeria,_Z,Not applicable,INVENTOR,Inventor,_Z,Not applicable,_Z,Not applicable,AI,Technologies related to artificial intelligence,2021,,0,,A,Normal value,1,One,0,Units
DATAFLOW,OECD.STI.PIE:DSD_PATENTS@DF_PATENTS_OECDSPECIFIC(1.0),Patents in OECD selected technologies,I,6F0,European Patent Office,A,Annual,AP,Patent applications,PATN,Patents,PRIORITY,Priority date,UZB,Uzbekistan,_Z,Not applicable,INVENTOR,Inventor,_Z,Not applicable,_Z,Not applicable,AI,Technologies related to artificial intelligence,2021,,0,,A,Normal value,1,One,0,Units
DATAFLOW,OECD.STI.PIE:DSD_PATENTS@DF_PATENTS_OECDSPECIFIC(1.0),Patents in OECD selected technologies,I,6F0,European Patent Office,A,Annual,AP,Patent applications,PATN,Patents,PRIORITY,Priority date,AND,Andorra,_Z,Not applicable,INVENTOR,Inventor,_Z,Not applicable,_Z,Not applicable,AI,Technologies related to artificial intelligence,2021,,0,,A,Normal value,1,One,0,Units
DATAFLOW,OECD.STI.PIE:DSD_PATENTS@DF_PATENTS_OECDSPECIFIC(1.0),Patents in OECD selected technologies,I,6F0,European Patent Office,A,Annual,AP,Patent applications,PATN,Patents,PRIORITY,Priority date,ECU,Ecuador,_Z,Not applicable,INVENTOR,Inventor,_Z,Not applicable,_Z,Not applicable,AI,Technologies related to artificial intelligence,2021,,0,,A,Normal value,1,One,0,Units
DATAFLOW,OECD.STI.PIE:DSD_PATENTS@DF_PATENTS_OECDSPECIFIC(1.0),Patents in OECD selected technologies,I,6F0,European Patent Office,A,Annual,AP,Patent applications,PATN,Patents,PRIORITY,Priority date,JAM,Jamaica,_Z,Not applicable,INVENTOR,Inventor,_Z,Not applicable,_Z,Not applicable,AI,Technologies related to artificial intelligence,2021,,0,,A,Normal value,1,One,0,Units
DATAFLOW,OECD.STI.PIE:DSD_PATENTS@DF_PATENTS_OECDSPECIFIC(1.0),Patents in OECD selected technologies,I,6F0,European Patent Office,A,Annual,AP,Patent applications,PATN,Patents,PRIORITY,Priority date,PHL,Philippines,_Z,Not applicable,INVENTOR,Inventor,_Z,Not applicable,_Z,Not applicable,AI,Technologies related to artificial intelligence,2021,,0,,A,Normal value,1,One,0,Units
DATAFLOW,OECD.STI.PIE:DSD_PATENTS@DF_PATENTS_OECDSPECIFIC(1.0),Patents in OECD selected technologies,I,6F0,European Patent Office,A,Annual,AP,Patent applications,PATN,Patents,PRIORITY,Priority date,LKA,Sri Lanka,_Z,Not applicable,INVENTOR,Inventor,_Z,Not applicable,_Z,Not applicable,AI,Technologies related to artificial intelligence,2021,,0,,A,Normal value,1,One,0,Units
DATAFLOW,OECD.STI.PIE:DSD_PATENTS@DF_PATENTS_OECDSPECIFIC(1.0),Patents in OECD selected technologies,I,6F0,European Patent Office,A,Annual,AP,Patent applications,PATN,Patents,PRIORITY,Priority date,MDA,Moldova,_Z,Not applicable,INVENTOR,Inventor,_Z,Not applicable,_Z,Not applicable,AI,Technologies related to artificial intelligence,2021,,0,,A,Normal value,1,One,0,Units
DATAFLOW,OECD.STI.PIE:DSD_PATENTS@DF_PATENTS_OECDSPECIFIC(1.0),Patents in OECD selected technologies,I,6F0,European Patent Office,A,Annual,AP,Patent applications,PATN,Patents,PRIORITY,Priority date,SYC,Seychelles,_Z,Not applicable,INVENTOR,Inventor,_Z,Not applicable,_Z,Not applicable,AI,Technologies related to artificial intelligence,2021,,0,,A,Normal value,1,One,0,Units
DATAFLOW,OECD.STI.PIE:DSD_PATENTS@DF_PATENTS_OECDSPECIFIC(1.0),Patents in OECD selected technologies,I,6F0,European Patent Office,A,Annual,AP,Patent applications,PATN,Patents,PRIORITY,Priority date,CRI,Costa Rica,_Z,Not applicable,INVENTOR,Inventor,_Z,Not applicable,_Z,Not applicable,AI,Technologies related to artificial intelligence,2021,,0,,A,Normal value,1,One,0,Units
DATAFLOW,OECD.STI.PIE:DSD_PATENTS@DF_PATENTS_OECDSPECIFIC(1.0),Patents in OECD selected technologies,I,6F0,European Patent Office,A,Annual,AP,Patent applications,PATN,Patents,PRIORITY,Priority date,KAZ,Kazakhstan,_Z,Not applicable,INVENTOR,Inventor,_Z,Not applicable,_Z,Not applicable,AI,Technologies related to artificial intelligence,2021,,0,,A,Normal value,1,One,0,Units
DATAFLOW,OECD.STI.PIE:DSD_PATENTS@DF_PATENTS_OECDSPECIFIC(1.0),Patents in OECD selected technologies,I,6F0,European Patent Office,A,Annual,AP,Patent applications,PATN,Patents,PRIORITY,Priority date,MKD,North Macedonia,_Z,Not applicable,INVENTOR,Inventor,_Z,Not applicable,_Z,Not applicable,AI,Technologies related to artificial intelligence,2021,,0,,A,Normal value,1,One,0,Units
DATAFLOW,OECD.STI.PIE:DSD_PATENTS@DF_PATENTS_OECDSPECIFIC(1.0),Patents in OECD selected technologies,I,6F0,European Patent Office,A,Annual,AP,Patent applications,PATN,Patents,PRIORITY,Priority date,IRN,Iran,_Z,Not applicable,INVENTOR,Inventor,_Z,Not applicable,_Z,Not applicable,AI,Technologies related to artificial intelligence,2021,,0,,A,Normal value,1,One,0,Units
DATAFLOW,OECD.STI.PIE:DSD_PATENTS@DF_PATENTS_OECDSPECIFIC(1.0),Patents in OECD selected technologies,I,6F0,European Patent Office,A,Annual,AP,Patent applications,PATN,Patents,PRIORITY,Priority date,PRK,Democratic People’s Republic of Korea,_Z,Not applicable,INVENTOR,Inventor,_Z,Not applicable,_Z,Not applicable,AI,Technologies related to artificial intelligence,2021,,0,,A,Normal value,1,One,0,Units
DATAFLOW,OECD.STI.PIE:DSD_PATENTS@DF_PATENTS_OECDSPECIFIC(1.0),Patents in OECD selected technologies,I,6F0,European Patent Office,A,Annual,AP,Patent applications,PATN,Patents,PRIORITY,Priority date,SVN,Slovenia,_Z,Not applicable,INVENTOR,Inventor,_Z,Not applicable,_Z,Not applicable,AI,Technologies related to artificial intelligence,2021,,0,,A,Normal value,1,One,0,Units
DATAFLOW,OECD.STI.PIE:DSD_PATENTS@DF_PATENTS_OECDSPECIFIC(1.0),Patents in OECD selected technologies,I,6F0,European Patent Office,A,Annual,AP,Patent applications,PATN,Patents,PRIORITY,Priority date,JOR,Jordan,_Z,Not applicable,INVENTOR,Inventor,_Z,Not applicable,_Z,Not applicable,AI,Technologies related to artificial intelligence,2021,,0,,A,Normal value,1,One,0,Units
DATAFLOW,OECD.STI.PIE:DSD_PATENTS@DF_PATENTS_OECDSPECIFIC(1.0),Patents in OECD selected technologies,I,6F0,European Patent Office,A,Annual,AP,Patent applications,PATN,Patents,PRIORITY,Priority date,CUB,Cuba,_Z,Not applicable,INVENTOR,Inventor,_Z,Not applicable,_Z,Not applicable,AI,Technologies related to artificial intelligence,2021,,0,,A,Normal value,1,One,0,Units
DATAFLOW,OECD.STI.PIE:DSD_PATENTS@DF_PATENTS_OECDSPECIFIC(1.0),Patents in OECD selected technologies,I,6F0,European Patent Office,A,Annual,AP,Patent applications,PATN,Patents,PRIORITY,Priority date,ZWE,Zimbabwe,_Z,Not applicable,INVENTOR,Inventor,_Z,Not applicable,_Z,Not applicable,AI,Technologies related to artificial intelligence,2021,,0,,A,Normal value,1,One,0,Units
DATAFLOW,OECD.STI.PIE:DSD_PATENTS@DF_PATENTS_OECDSPECIFIC(1.0),Patents in OECD selected technologies,I,6F0,European Patent Office,A,Annual,AP,Patent applications,PATN,Patents,PRIORITY,Priority date,SLV,El Salvador,_Z,Not applicable,INVENTOR,Inventor,_Z,Not applicable,_Z,Not applicable,AI,Technologies related to artificial intelligence,2021,,0,,A,Normal value,1,One,0,Units
DATAFLOW,OECD.STI.PIE:DSD_PATENTS@DF_PATENTS_OECDSPECIFIC(1.0),Patents in OECD selected technologies,I,6F0,European Patent Office,A,Annual,AP,Patent applications,PATN,Patents,PRIORITY,Priority date,YUG_F,Former Yugoslavia,_Z,Not applicable,INVENTOR,Inventor,_Z,Not applicable,_Z,Not applicable,AI,Technologies related to artificial intelligence,2021,,0,,A,Normal value,1,One,0,Units
DATAFLOW,OECD.STI.PIE:DSD_PATENTS@DF_PATENTS_OECDSPECIFIC(1.0),Patents in OECD selected technologies,I,6F0,European Patent Office,A,Annual,AP,Patent applications,PATN,Patents,PRIORITY,Priority date,MNG,Mongolia,_Z,Not applicable,INVENTOR,Inventor,_Z,Not applicable,_Z,Not applicable,AI,Technologies related to artificial intelligence,2021,,0,,A,Normal value,1,One,0,Units
DATAFLOW,OECD.STI.PIE:DSD_PATENTS@DF_PATENTS_OECDSPECIFIC(1.0),Patents in OECD selected technologies,I,6F0,European Patent Office,A,Annual,AP,Patent applications,PATN,Patents,PRIORITY,Priority date,CYM,Cayman Islands,_Z,Not applicable,INVENTOR,Inventor,_Z,Not applicable,_Z,Not applicable,AI,Technologies related to artificial intelligence,2021,,0,,A,Normal value,1,One,0,Units
DATAFLOW,OECD.STI.PIE:DSD_PATENTS@DF_PATENTS_OECDSPECIFIC(1.0),Patents in OECD selected technologies,I,6F0,European Patent Office,A,Annual,AP,Patent applications,PATN,Patents,PRIORITY,Priority date,PAN,Panama,_Z,Not applicable,INVENTOR,Inventor,_Z,Not applicable,_Z,Not applicable,AI,Technologies related to artificial intelligence,2021,,0,,A,Normal value,1,One,0,Units
DATAFLOW,OECD.STI.PIE:DSD_PATENTS@DF_PATENTS_OECDSPECIFIC(1.0),Patents in OECD selected technologies,I,6F0,European Patent Office,A,Annual,AP,Patent applications,PATN,Patents,PRIORITY,Priority date,DJI,Djibouti,_Z,Not applicable,INVENTOR,Inventor,_Z,Not applicable,_Z,Not applicable,AI,Technologies related to artificial intelligence,2021,,0,,A,Normal value,1,One,0,Units
DATAFLOW,OECD.STI.PIE:DSD_PATENTS@DF_PATENTS_OECDSPECIFIC(1.0),Patents in OECD selected technologies,I,6F0,European Patent Office,A,Annual,AP,Patent applications,PATN,Patents,PRIORITY,Priority date,VEN,Venezuela,_Z,Not applicable,INVENTOR,Inventor,_Z,Not applicable,_Z,Not applicable,AI,Technologies related to artificial intelligence,2021,,0,,A,Normal value,1,One,0,Units
DATAFLOW,OECD.STI.PIE:DSD_PATENTS@DF_PATENTS_OECDSPECIFIC(1.0),Patents in OECD selected technologies,I,6F0,European Patent Office,A,Annual,AP,Patent applications,PATN,Patents,PRIORITY,Priority date,GTM,Guatemala,_Z,Not applicable,INVENTOR,Inventor,_Z,Not applicable,_Z,Not applicable,AI,Technologies related to artificial intelligence,2021,,0,,A,Normal value,1,One,0,Units
DATAFLOW,OECD.STI.PIE:DSD_PATENTS@DF_PATENTS_OECDSPECIFIC(1.0),Patents in OECD selected technologies,I,6F0,European Patent Office,A,Annual,AP,Patent applications,PATN,Patents,PRIORITY,Priority date,COL,Colombia,_Z,Not applicable,INVENTOR,Inventor,_Z,Not applicable,_Z,Not applicable,AI,Technologies related to artificial intelligence,2022,,0,,A,Normal value,1,One,0,Units
DATAFLOW,OECD.STI.PIE:DSD_PATENTS@DF_PATENTS_OECDSPECIFIC(1.0),Patents in OECD selected technologies,I,6F0,European Patent Office,A,Annual,AP,Patent applications,PATN,Patents,PRIORITY,Priority date,GTM,Guatemala,_Z,Not applicable,INVENTOR,Inventor,_Z,Not applicable,_Z,Not applicable,AI,Technologies related to artificial intelligence,2022,,0,,A,Normal value,1,One,0,Units
DATAFLOW,OECD.STI.PIE:DSD_PATENTS@DF_PATENTS_OECDSPECIFIC(1.0),Patents in OECD selected technologies,I,6F0,European Patent Office,A,Annual,AP,Patent applications,PATN,Patents,PRIORITY,Priority date,VEN,Venezuela,_Z,Not applicable,INVENTOR,Inventor,_Z,Not applicable,_Z,Not applicable,AI,Technologies related to artificial intelligence,2022,,0,,A,Normal value,1,One,0,Units
DATAFLOW,OECD.STI.PIE:DSD_PATENTS@DF_PATENTS_OECDSPECIFIC(1.0),Patents in OECD selected technologies,I,6F0,European Patent Office,A,Annual,AP,Patent applications,PATN,Patents,PRIORITY,Priority date,LBN,Lebanon,_Z,Not applicable,INVENTOR,Inventor,_Z,Not applicable,_Z,Not applicable,AI,Technologies related to artificial intelligence,2022,,0,,A,Normal value,1,One,0,Units
DATAFLOW,OECD.STI.PIE:DSD_PATENTS@DF_PATENTS_OECDSPECIFIC(1.0),Patents in OECD selected technologies,I,6F0,European Patent Office,A,Annual,AP,Patent applications,PATN,Patents,PRIORITY,Priority date,THA,Thailand,_Z,Not applicable,INVENTOR,Inventor,_Z,Not applicable,_Z,Not applicable,AI,Technologies related to artificial intelligence,2022,,0,,A,Normal value,1,One,0,Units
DATAFLOW,OECD.STI.PIE:DSD_PATENTS@DF_PATENTS_OECDSPECIFIC(1.0),Patents in OECD selected technologies,I,6F0,European Patent Office,A,Annual,AP,Patent applications,PATN,Patents,PRIORITY,Priority date,DJI,Djibouti,_Z,Not applicable,INVENTOR,Inventor,_Z,Not applicable,_Z,Not applicable,AI,Technologies related to artificial intelligence,2022,,0,,A,Normal value,1,One,0,Units
DATAFLOW,OECD.STI.PIE:DSD_PATENTS@DF_PATENTS_OECDSPECIFIC(1.0),Patents in OECD selected technologies,I,6F0,European Patent Office,A,Annual,AP,Patent applications,PATN,Patents,PRIORITY,Priority date,PAN,Panama,_Z,Not applicable,INVENTOR,Inventor,_Z,Not applicable,_Z,Not applicable,AI,Technologies related to artificial intelligence,2022,,0,,A,Normal value,1,One,0,Units
DATAFLOW,OECD.STI.PIE:DSD_PATENTS@DF_PATENTS_OECDSPECIFIC(1.0),Patents in OECD selected technologies,I,6F0,European Patent Office,A,Annual,AP,Patent applications,PATN,Patents,PRIORITY,Priority date,CYM,Cayman Islands,_Z,Not applicable,INVENTOR,Inventor,_Z,Not applicable,_Z,Not applicable,AI,Technologies related to artificial intelligence,2022,,0,,A,Normal value,1,One,0,Units
DATAFLOW,OECD.STI.PIE:DSD_PATENTS@DF_PATENTS_OECDSPECIFIC(1.0),Patents in OECD selected technologies,I,6F0,European Patent Office,A,Annual,AP,Patent applications,PATN,Patents,PRIORITY,Priority date,KWT,Kuwait,_Z,Not applicable,INVENTOR,Inventor,_Z,Not applicable,_Z,Not applicable,AI,Technologies related to artificial intelligence,2022,,0,,A,Normal value,1,One,0,Units
DATAFLOW,OECD.STI.PIE:DSD_PATENTS@DF_PATENTS_OECDSPECIFIC(1.0),Patents in OECD selected technologies,I,6F0,European Patent Office,A,Annual,AP,Patent applications,PATN,Patents,PRIORITY,Priority date,MNG,Mongolia,_Z,Not applicable,INVENTOR,Inventor,_Z,Not applicable,_Z,Not applicable,AI,Technologies related to artificial intelligence,2022,,0,,A,Normal value,1,One,0,Units
DATAFLOW,OECD.STI.PIE:DSD_PATENTS@DF_PATENTS_OECDSPECIFIC(1.0),Patents in OECD selected technologies,I,6F0,European Patent Office,A,Annual,AP,Patent applications,PATN,Patents,PRIORITY,Priority date,YUG_F,Former Yugoslavia,_Z,Not applicable,INVENTOR,Inventor,_Z,Not applicable,_Z,Not applicable,AI,Technologies related to artificial intelligence,2022,,0,,A,Normal value,1,One,0,Units
DATAFLOW,OECD.STI.PIE:DSD_PATENTS@DF_PATENTS_OECDSPECIFIC(1.0),Patents in OECD selected technologies,I,6F0,European Patent Office,A,Annual,AP,Patent applications,PATN,Patents,PRIORITY,Priority date,SLV,El Salvador,_Z,Not applicable,INVENTOR,Inventor,_Z,Not applicable,_Z,Not applicable,AI,Technologies related to artificial intelligence,2022,,0,,A,Normal value,1,One,0,Units
DATAFLOW,OECD.STI.PIE:DSD_PATENTS@DF_PATENTS_OECDSPECIFIC(1.0),Patents in OECD selected technologies,I,6F0,European Patent Office,A,Annual,AP,Patent applications,PATN,Patents,PRIORITY,Priority date,ZWE,Zimbabwe,_Z,Not applicable,INVENTOR,Inventor,_Z,Not applicable,_Z,Not applicable,AI,Technologies related to artificial intelligence,2022,,0,,A,Normal value,1,One,0,Units
DATAFLOW,OECD.STI.PIE:DSD_PATENTS@DF_PATENTS_OECDSPECIFIC(1.0),Patents in OECD selected technologies,I,6F0,European Patent Office,A,Annual,AP,Patent applications,PATN,Patents,PRIORITY,Priority date,KEN,Kenya,_Z,Not applicable,INVENTOR,Inventor,_Z,Not applicable,_Z,Not applicable,AI,Technologies related to artificial intelligence,2022,,0,,A,Normal value,1,One,0,Units
DATAFLOW,OECD.STI.PIE:DSD_PATENTS@DF_PATENTS_OECDSPECIFIC(1.0),Patents in OECD selected technologies,I,6F0,European Patent Office,A,Annual,AP,Patent applications,PATN,Patents,PRIORITY,Priority date,CUB,Cuba,_Z,Not applicable,INVENTOR,Inventor,_Z,Not applicable,_Z,Not applicable,AI,Technologies related to artificial intelligence,2022,,0,,A,Normal value,1,One,0,Units
DATAFLOW,OECD.STI.PIE:DSD_PATENTS@DF_PATENTS_OECDSPECIFIC(1.0),Patents in OECD selected technologies,I,6F0,European Patent Office,A,Annual,AP,Patent applications,PATN,Patents,PRIORITY,Priority date,JOR,Jordan,_Z,Not applicable,INVENTOR,Inventor,_Z,Not applicable,_Z,Not applicable,AI,Technologies related to artificial intelligence,2022,,0,,A,Normal value,1,One,0,Units
DATAFLOW,OECD.STI.PIE:DSD_PATENTS@DF_PATENTS_OECDSPECIFIC(1.0),Patents in OECD selected technologies,I,6F0,European Patent Office,A,Annual,AP,Patent applications,PATN,Patents,PRIORITY,Priority date,GEO,Georgia,_Z,Not applicable,INVENTOR,Inventor,_Z,Not applicable,_Z,Not applicable,AI,Technologies related to artificial intelligence,2022,,0,,A,Normal value,1,One,0,Units
DATAFLOW,OECD.STI.PIE:DSD_PATENTS@DF_PATENTS_OECDSPECIFIC(1.0),Patents in OECD selected technologies,I,6F0,European Patent Office,A,Annual,AP,Patent applications,PATN,Patents,PRIORITY,Priority date,IRN,Iran,_Z,Not applicable,INVENTOR,Inventor,_Z,Not applicable,_Z,Not applicable,AI,Technologies related to artificial intelligence,2022,,0,,A,Normal value,1,One,0,Units
DATAFLOW,OECD.STI.PIE:DSD_PATENTS@DF_PATENTS_OECDSPECIFIC(1.0),Patents in OECD selected technologies,I,6F0,European Patent Office,A,Annual,AP,Patent applications,PATN,Patents,PRIORITY,Priority date,MKD,North Macedonia,_Z,Not applicable,INVENTOR,Inventor,_Z,Not applicable,_Z,Not applicable,AI,Technologies related to artificial intelligence,2022,,0,,A,Normal value,1,One,0,Units
DATAFLOW,OECD.STI.PIE:DSD_PATENTS@DF_PATENTS_OECDSPECIFIC(1.0),Patents in OECD selected technologies,I,6F0,European Patent Office,A,Annual,AP,Patent applications,PATN,Patents,PRIORITY,Priority date,BGR,Bulgaria,_Z,Not applicable,INVENTOR,Inventor,_Z,Not applicable,_Z,Not applicable,AI,Technologies related to artificial intelligence,2022,,0,,A,Normal value,1,One,0,Units
DATAFLOW,OECD.STI.PIE:DSD_PATENTS@DF_PATENTS_OECDSPECIFIC(1.0),Patents in OECD selected technologies,I,6F0,European Patent Office,A,Annual,AP,Patent applications,PATN,Patents,PRIORITY,Priority date,URY,Uruguay,_Z,Not applicable,INVENTOR,Inventor,_Z,Not applicable,_Z,Not applicable,AI,Technologies related to artificial intelligence,2022,,0,,A,Normal value,1,One,0,Units
DATAFLOW,OECD.STI.PIE:DSD_PATENTS@DF_PATENTS_OECDSPECIFIC(1.0),Patents in OECD selected technologies,I,6F0,European Patent Office,A,Annual,AP,Patent applications,PATN,Patents,PRIORITY,Priority date,KAZ,Kazakhstan,_Z,Not applicable,INVENTOR,Inventor,_Z,Not applicable,_Z,Not applicable,AI,Technologies related to artificial intelligence,2022,,0,,A,Normal value,1,One,0,Units
DATAFLOW,OECD.STI.PIE:DSD_PATENTS@DF_PATENTS_OECDSPECIFIC(1.0),Patents in OECD selected technologies,I,6F0,European Patent Office,A,Annual,AP,Patent applications,PATN,Patents,PRIORITY,Priority date,SYC,Seychelles,_Z,Not applicable,INVENTOR,Inventor,_Z,Not applicable,_Z,Not applicable,AI,Technologies related to artificial intelligence,2022,,0,,A,Normal value,1,One,0,Units
DATAFLOW,OECD.STI.PIE:DSD_PATENTS@DF_PATENTS_OECDSPECIFIC(1.0),Patents in OECD selected technologies,I,6F0,European Patent Office,A,Annual,AP,Patent applications,PATN,Patents,PRIORITY,Priority date,BLR,Belarus,_Z,Not applicable,INVENTOR,Inventor,_Z,Not applicable,_Z,Not applicable,AI,Technologies related to artificial intelligence,2022,,0,,A,Normal value,1,One,0,Units
DATAFLOW,OECD.STI.PIE:DSD_PATENTS@DF_PATENTS_OECDSPECIFIC(1.0),Patents in OECD selected technologies,I,6F0,European Patent Office,A,Annual,AP,Patent applications,PATN,Patents,PRIORITY,Priority date,MDA,Moldova,_Z,Not applicable,INVENTOR,Inventor,_Z,Not applicable,_Z,Not applicable,AI,Technologies related to artificial intelligence,2022,,0,,A,Normal value,1,One,0,Units
DATAFLOW,OECD.STI.PIE:DSD_PATENTS@DF_PATENTS_OECDSPECIFIC(1.0),Patents in OECD selected technologies,I,6F0,European Patent Office,A,Annual,AP,Patent applications,PATN,Patents,PRIORITY,Priority date,SVK,Slovak Republic,_Z,Not applicable,INVENTOR,Inventor,_Z,Not applicable,_Z,Not applicable,AI,Technologies related to artificial intelligence,2022,,0,,A,Normal value,1,One,0,Units
DATAFLOW,OECD.STI.PIE:DSD_PATENTS@DF_PATENTS_OECDSPECIFIC(1.0),Patents in OECD selected technologies,I,6F0,European Patent Office,A,Annual,AP,Patent applications,PATN,Patents,PRIORITY,Priority date,PER,Peru,_Z,Not applicable,INVENTOR,Inventor,_Z,Not applicable,_Z,Not applicable,AI,Technologies related to artificial intelligence,2022,,0,,A,Normal value,1,One,0,Units
DATAFLOW,OECD.STI.PIE:DSD_PATENTS@DF_PATENTS_OECDSPECIFIC(1.0),Patents in OECD selected technologies,I,6F0,European Patent Office,A,Annual,AP,Patent applications,PATN,Patents,PRIORITY,Priority date,LKA,Sri Lanka,_Z,Not applicable,INVENTOR,Inventor,_Z,Not applicable,_Z,Not applicable,AI,Technologies related to artificial intelligence,2022,,0,,A,Normal value,1,One,0,Units
DATAFLOW,OECD.STI.PIE:DSD_PATENTS@DF_PATENTS_OECDSPECIFIC(1.0),Patents in OECD selected technologies,I,6F0,European Patent Office,A,Annual,AP,Patent applications,PATN,Patents,PRIORITY,Priority date,MCO,Monaco,_Z,Not applicable,INVENTOR,Inventor,_Z,Not applicable,_Z,Not applicable,AI,Technologies related to artificial intelligence,2022,,0,,A,Normal value,1,One,0,Units
DATAFLOW,OECD.STI.PIE:DSD_PATENTS@DF_PATENTS_OECDSPECIFIC(1.0),Patents in OECD selected technologies,I,6F0,European Patent Office,A,Annual,AP,Patent applications,PATN,Patents,PRIORITY,Priority date,LVA,Latvia,_Z,Not applicable,INVENTOR,Inventor,_Z,Not applicable,_Z,Not applicable,AI,Technologies related to artificial intelligence,2022,,0,,A,Normal value,1,One,0,Units
DATAFLOW,OECD.STI.PIE:DSD_PATENTS@DF_PATENTS_OECDSPECIFIC(1.0),Patents in OECD selected technologies,I,6F0,European Patent Office,A,Annual,AP,Patent applications,PATN,Patents,PRIORITY,Priority date,JAM,Jamaica,_Z,Not applicable,INVENTOR,Inventor,_Z,Not applicable,_Z,Not applicable,AI,Technologies related to artificial intelligence,2022,,0,,A,Normal value,1,One,0,Units
DATAFLOW,OECD.STI.PIE:DSD_PATENTS@DF_PATENTS_OECDSPECIFIC(1.0),Patents in OECD selected technologies,I,6F0,European Patent Office,A,Annual,AP,Patent applications,PATN,Patents,PRIORITY,Priority date,ECU,Ecuador,_Z,Not applicable,INVENTOR,Inventor,_Z,Not applicable,_Z,Not applicable,AI,Technologies related to artificial intelligence,2022,,0,,A,Normal value,1,One,0,Units
DATAFLOW,OECD.STI.PIE:DSD_PATENTS@DF_PATENTS_OECDSPECIFIC(1.0),Patents in OECD selected technologies,I,6F0,European Patent Office,A,Annual,AP,Patent applications,PATN,Patents,PRIORITY,Priority date,MLT,Malta,_Z,Not applicable,INVENTOR,Inventor,_Z,Not applicable,_Z,Not applicable,AI,Technologies related to artificial intelligence,2022,,0,,A,Normal value,1,One,0,Units
DATAFLOW,OECD.STI.PIE:DSD_PATENTS@DF_PATENTS_OECDSPECIFIC(1.0),Patents in OECD selected technologies,I,6F0,European Patent Office,A,Annual,AP,Patent applications,PATN,Patents,PRIORITY,Priority date,AND,Andorra,_Z,Not applicable,INVENTOR,Inventor,_Z,Not applicable,_Z,Not applicable,AI,Technologies related to artificial intelligence,2022,,0,,A,Normal value,1,One,0,Units
DATAFLOW,OECD.STI.PIE:DSD_PATENTS@DF_PATENTS_OECDSPECIFIC(1.0),Patents in OECD selected technologies,I,6F0,European Patent Office,A,Annual,AP,Patent applications,PATN,Patents,PRIORITY,Priority date,UZB,Uzbekistan,_Z,Not applicable,INVENTOR,Inventor,_Z,Not applicable,_Z,Not applicable,AI,Technologies related to artificial intelligence,2022,,0,,A,Normal value,1,One,0,Units
DATAFLOW,OECD.STI.PIE:DSD_PATENTS@DF_PATENTS_OECDSPECIFIC(1.0),Patents in OECD selected technologies,I,6F0,European Patent Office,A,Annual,AP,Patent applications,PATN,Patents,PRIORITY,Priority date,NGA,Nigeria,_Z,Not applicable,INVENTOR,Inventor,_Z,Not applicable,_Z,Not applicable,AI,Technologies related to artificial intelligence,2022,,0,,A,Normal value,1,One,0,Units
DATAFLOW,OECD.STI.PIE:DSD_PATENTS@DF_PATENTS_OECDSPECIFIC(1.0),Patents in OECD selected technologies,I,6F0,European Patent Office,A,Annual,AP,Patent applications,PATN,Patents,PRIORITY,Priority date,BMU,Bermuda,_Z,Not applicable,INVENTOR,Inventor,_Z,Not applicable,_Z,Not applicable,AI,Technologies related to artificial intelligence,2022,,0,,A,Normal value,1,One,0,Units
DATAFLOW,OECD.STI.PIE:DSD_PATENTS@DF_PATENTS_OECDSPECIFIC(1.0),Patents in OECD selected technologies,I,6F0,European Patent Office,A,Annual,AP,Patent applications,PATN,Patents,PRIORITY,Priority date,TUN,Tunisia,_Z,Not applicable,INVENTOR,Inventor,_Z,Not applicable,_Z,Not applicable,AI,Technologies related to artificial intelligence,2022,,0,,A,Normal value,1,One,0,Units
DATAFLOW,OECD.STI.PIE:DSD_PATENTS@DF_PATENTS_OECDSPECIFIC(1.0),Patents in OECD selected technologies,I,6F0,European Patent Office,A,Annual,AP,Patent applications,PATN,Patents,PRIORITY,Priority date,IDN,Indonesia,_Z,Not applicable,INVENTOR,Inventor,_Z,Not applicable,_Z,Not applicable,AI,Technologies related to artificial intelligence,2022,,0,,A,Normal value,1,One,0,Units
DATAFLOW,OECD.STI.PIE:DSD_PATENTS@DF_PATENTS_OECDSPECIFIC(1.0),Patents in OECD selected technologies,I,6F0,European Patent Office,A,Annual,AP,Patent applications,PATN,Patents,PRIORITY,Priority date,DZA,Algeria,_Z,Not applicable,INVENTOR,Inventor,_Z,Not applicable,_Z,Not applicable,AI,Technologies related to artificial intelligence,2022,,0,,A,Normal value,1,One,0,Units
DATAFLOW,OECD.STI.PIE:DSD_PATENTS@DF_PATENTS_OECDSPECIFIC(1.0),Patents in OECD selected technologies,I,6F0,European Patent Office,A,Annual,AP,Patent applications,PATN,Patents,PRIORITY,Priority date,EGY,Egypt,_Z,Not applicable,INVENTOR,Inventor,_Z,Not applicable,_Z,Not applicable,AI,Technologies related to artificial intelligence,2022,,0,,A,Normal value,1,One,0,Units
DATAFLOW,OECD.STI.PIE:DSD_PATENTS@DF_PATENTS_OECDSPECIFIC(1.0),Patents in OECD selected technologies,I,6F0,European Patent Office,A,Annual,AP,Patent applications,PATN,Patents,PRIORITY,Priority date,PAK,Pakistan,_Z,Not applicable,INVENTOR,Inventor,_Z,Not applicable,_Z,Not applicable,AI,Technologies related to artificial intelligence,2022,,0,,A,Normal value,1,One,0,Units
DATAFLOW,OECD.STI.PIE:DSD_PATENTS@DF_PATENTS_OECDSPECIFIC(1.0),Patents in OECD selected technologies,I,6F0,European Patent Office,A,Annual,AP,Patent applications,PATN,Patents,PRIORITY,Priority date,TTO,Trinidad and Tobago,_Z,Not applicable,INVENTOR,Inventor,_Z,Not applicable,_Z,Not applicable,AI,Technologies related to artificial intelligence,2022,,0,,A,Normal value,1,One,0,Units
DATAFLOW,OECD.STI.PIE:DSD_PATENTS@DF_PATENTS_OECDSPECIFIC(1.0),Patents in OECD selected technologies,I,6F0,European Patent Office,A,Annual,AP,Patent applications,PATN,Patents,PRIORITY,Priority date,EST,Estonia,_Z,Not applicable,INVENTOR,Inventor,_Z,Not applicable,_Z,Not applicable,AI,Technologies related to artificial intelligence,2022,,0,,A,Normal value,1,One,0,Units
DATAFLOW,OECD.STI.PIE:DSD_PATENTS@DF_PATENTS_OECDSPECIFIC(1.0),Patents in OECD selected technologies,I,6F0,European Patent Office,A,Annual,AP,Patent applications,PATN,Patents,PRIORITY,Priority date,CZE,Czechia,_Z,Not applicable,INVENTOR,Inventor,_Z,Not applicable,_Z,Not applicable,AI,Technologies related to artificial intelligence,2010,,1,,A,Normal value,1,One,0,Units
DATAFLOW,OECD.STI.PIE:DSD_PATENTS@DF_PATENTS_OECDSPECIFIC(1.0),Patents in OECD selected technologies,I,6F0,European Patent Office,A,Annual,AP,Patent applications,PATN,Patents,PRIORITY,Priority date,ARG,Argentina,_Z,Not applicable,INVENTOR,Inventor,_Z,Not applicable,_Z,Not applicable,AI,Technologies related to artificial intelligence,2010,,1,,A,Normal value,1,One,0,Units
DATAFLOW,OECD.STI.PIE:DSD_PATENTS@DF_PATENTS_OECDSPECIFIC(1.0),Patents in OECD selected technologies,I,6F0,European Patent Office,A,Annual,AP,Patent applications,PATN,Patents,PRIORITY,Priority date,TUR,Türkiye,_Z,Not applicable,INVENTOR,Inventor,_Z,Not applicable,_Z,Not applicable,AI,Technologies related to artificial intelligence,2010,,1,,A,Normal value,1,One,0,Units
DATAFLOW,OECD.STI.PIE:DSD_PATENTS@DF_PATENTS_OECDSPECIFIC(1.0),Patents in OECD selected technologies,I,6F0,European Patent Office,A,Annual,AP,Patent applications,PATN,Patents,PRIORITY,Priority date,BGR,Bulgaria,_Z,Not applicable,INVENTOR,Inventor,_Z,Not applicable,_Z,Not applicable,AI,Technologies related to artificial intelligence,2011,,1,,A,Normal value,1,One,0,Units
DATAFLOW,OECD.STI.PIE:DSD_PATENTS@DF_PATENTS_OECDSPECIFIC(1.0),Patents in OECD selected technologies,I,6F0,European Patent Office,A,Annual,AP,Patent applications,PATN,Patents,PRIORITY,Priority date,RUS,Russia,_Z,Not applicable,INVENTOR,Inventor,_Z,Not applicable,_Z,Not applicable,AI,Technologies related to artificial intelligence,2011,,1,,A,Normal value,1,One,0,Units
DATAFLOW,OECD.STI.PIE:DSD_PATENTS@DF_PATENTS_OECDSPECIFIC(1.0),Patents in OECD selected technologies,I,6F0,European Patent Office,A,Annual,AP,Patent applications,PATN,Patents,PRIORITY,Priority date,ARG,Argentina,_Z,Not applicable,INVENTOR,Inventor,_Z,Not applicable,_Z,Not applicable,AI,Technologies related to artificial intelligence,2011,,1,,A,Normal value,1,One,0,Units
DATAFLOW,OECD.STI.PIE:DSD_PATENTS@DF_PATENTS_OECDSPECIFIC(1.0),Patents in OECD selected technologies,I,6F0,European Patent Office,A,Annual,AP,Patent applications,PATN,Patents,PRIORITY,Priority date,POL,Poland,_Z,Not applicable,INVENTOR,Inventor,_Z,Not applicable,_Z,Not applicable,AI,Technologies related to artificial intelligence,2011,,1,,A,Normal value,1,One,0,Units
DATAFLOW,OECD.STI.PIE:DSD_PATENTS@DF_PATENTS_OECDSPECIFIC(1.0),Patents in OECD selected technologies,I,6F0,European Patent Office,A,Annual,AP,Patent applications,PATN,Patents,PRIORITY,Priority date,UKR,Ukraine,_Z,Not applicable,INVENTOR,Inventor,_Z,Not applicable,_Z,Not applicable,AI,Technologies related to artificial intelligence,2012,,1,,A,Normal value,1,One,0,Units
DATAFLOW,OECD.STI.PIE:DSD_PATENTS@DF_PATENTS_OECDSPECIFIC(1.0),Patents in OECD selected technologies,I,6F0,European Patent Office,A,Annual,AP,Patent applications,PATN,Patents,PRIORITY,Priority date,HKG,Hong Kong (China),_Z,Not applicable,INVENTOR,Inventor,_Z,Not applicable,_Z,Not applicable,AI,Technologies related to artificial intelligence,2012,,1,,A,Normal value,1,One,0,Units
DATAFLOW,OECD.STI.PIE:DSD_PATENTS@DF_PATENTS_OECDSPECIFIC(1.0),Patents in OECD selected technologies,I,6F0,European Patent Office,A,Annual,AP,Patent applications,PATN,Patents,PRIORITY,Priority date,SGP,Singapore,_Z,Not applicable,INVENTOR,Inventor,_Z,Not applicable,_Z,Not applicable,AI,Technologies related to artificial intelligence,2012,,1,,A,Normal value,1,One,0,Units
DATAFLOW,OECD.STI.PIE:DSD_PATENTS@DF_PATENTS_OECDSPECIFIC(1.0),Patents in OECD selected technologies,I,6F0,European Patent Office,A,Annual,AP,Patent applications,PATN,Patents,PRIORITY,Priority date,LVA,Latvia,_Z,Not applicable,INVENTOR,Inventor,_Z,Not applicable,_Z,Not applicable,AI,Technologies related to artificial intelligence,2012,,1,,A,Normal value,1,One,0,Units
DATAFLOW,OECD.STI.PIE:DSD_PATENTS@DF_PATENTS_OECDSPECIFIC(1.0),Patents in OECD selected technologies,I,6F0,European Patent Office,A,Annual,AP,Patent applications,PATN,Patents,PRIORITY,Priority date,TWN,Chinese Taipei,_Z,Not applicable,INVENTOR,Inventor,_Z,Not applicable,_Z,Not applicable,AI,Technologies related to artificial intelligence,2012,,1,,A,Normal value,1,One,0,Units
DATAFLOW,OECD.STI.PIE:DSD_PATENTS@DF_PATENTS_OECDSPECIFIC(1.0),Patents in OECD selected technologies,I,6F0,European Patent Office,A,Annual,AP,Patent applications,PATN,Patents,PRIORITY,Priority date,ZAF,South Africa,_Z,Not applicable,INVENTOR,Inventor,_Z,Not applicable,_Z,Not applicable,AI,Technologies related to artificial intelligence,2013,,1,,A,Normal value,1,One,0,Units
DATAFLOW,OECD.STI.PIE:DSD_PATENTS@DF_PATENTS_OECDSPECIFIC(1.0),Patents in OECD selected technologies,I,6F0,European Patent Office,A,Annual,AP,Patent applications,PATN,Patents,PRIORITY,Priority date,UKR,Ukraine,_Z,Not applicable,INVENTOR,Inventor,_Z,Not applicable,_Z,Not applicable,AI,Technologies related to artificial intelligence,2013,,1,,A,Normal value,1,One,0,Units
DATAFLOW,OECD.STI.PIE:DSD_PATENTS@DF_PATENTS_OECDSPECIFIC(1.0),Patents in OECD selected technologies,I,6F0,European Patent Office,A,Annual,AP,Patent applications,PATN,Patents,PRIORITY,Priority date,LUX,Luxembourg,_Z,Not applicable,INVENTOR,Inventor,_Z,Not applicable,_Z,Not applicable,AI,Technologies related to artificial intelligence,2014,,1,,A,Normal value,1,One,0,Units
DATAFLOW,OECD.STI.PIE:DSD_PATENTS@DF_PATENTS_OECDSPECIFIC(1.0),Patents in OECD selected technologies,I,6F0,European Patent Office,A,Annual,AP,Patent applications,PATN,Patents,PRIORITY,Priority date,GRC,Greece,_Z,Not applicable,INVENTOR,Inventor,_Z,Not applicable,_Z,Not applicable,AI,Technologies related to artificial intelligence,2014,,1,,A,Normal value,1,One,0,Units
DATAFLOW,OECD.STI.PIE:DSD_PATENTS@DF_PATENTS_OECDSPECIFIC(1.0),Patents in OECD selected technologies,I,6F0,European Patent Office,A,Annual,AP,Patent applications,PATN,Patents,PRIORITY,Priority date,TUR,Türkiye,_Z,Not applicable,INVENTOR,Inventor,_Z,Not applicable,_Z,Not applicable,AI,Technologies related to artificial intelligence,2014,,1,,A,Normal value,1,One,0,Units
DATAFLOW,OECD.STI.PIE:DSD_PATENTS@DF_PATENTS_OECDSPECIFIC(1.0),Patents in OECD selected technologies,I,6F0,European Patent Office,A,Annual,AP,Patent applications,PATN,Patents,PRIORITY,Priority date,BRA,Brazil,_Z,Not applicable,INVENTOR,Inventor,_Z,Not applicable,_Z,Not applicable,AI,Technologies related to artificial intelligence,2014,,1,,A,Normal value,1,One,0,Units
DATAFLOW,OECD.STI.PIE:DSD_PATENTS@DF_PATENTS_OECDSPECIFIC(1.0),Patents in OECD selected technologies,I,6F0,European Patent Office,A,Annual,AP,Patent applications,PATN,Patents,PRIORITY,Priority date,LVA,Latvia,_Z,Not applicable,INVENTOR,Inventor,_Z,Not applicable,_Z,Not applicable,AI,Technologies related to artificial intelligence,2015,,1,,A,Normal value,1,One,0,Units
DATAFLOW,OECD.STI.PIE:DSD_PATENTS@DF_PATENTS_OECDSPECIFIC(1.0),Patents in OECD selected technologies,I,6F0,European Patent Office,A,Annual,AP,Patent applications,PATN,Patents,PRIORITY,Priority date,LKA,Sri Lanka,_Z,Not applicable,INVENTOR,Inventor,_Z,Not applicable,_Z,Not applicable,AI,Technologies related to artificial intelligence,2015,,1,,A,Normal value,1,One,0,Units
DATAFLOW,OECD.STI.PIE:DSD_PATENTS@DF_PATENTS_OECDSPECIFIC(1.0),Patents in OECD selected technologies,I,6F0,European Patent Office,A,Annual,AP,Patent applications,PATN,Patents,PRIORITY,Priority date,COL,Colombia,_Z,Not applicable,INVENTOR,Inventor,_Z,Not applicable,_Z,Not applicable,AI,Technologies related to artificial intelligence,2016,,1,,A,Normal value,1,One,0,Units
DATAFLOW,OECD.STI.PIE:DSD_PATENTS@DF_PATENTS_OECDSPECIFIC(1.0),Patents in OECD selected technologies,I,6F0,European Patent Office,A,Annual,AP,Patent applications,PATN,Patents,PRIORITY,Priority date,SVN,Slovenia,_Z,Not applicable,INVENTOR,Inventor,_Z,Not applicable,_Z,Not applicable,AI,Technologies related to artificial intelligence,2016,,1,,A,Normal value,1,One,0,Units
DATAFLOW,OECD.STI.PIE:DSD_PATENTS@DF_PATENTS_OECDSPECIFIC(1.0),Patents in OECD selected technologies,I,6F0,European Patent Office,A,Annual,AP,Patent applications,PATN,Patents,PRIORITY,Priority date,ISL,Iceland,_Z,Not applicable,INVENTOR,Inventor,_Z,Not applicable,_Z,Not applicable,AI,Technologies related to artificial intelligence,2016,,1,,A,Normal value,1,One,0,Units
DATAFLOW,OECD.STI.PIE:DSD_PATENTS@DF_PATENTS_OECDSPECIFIC(1.0),Patents in OECD selected technologies,I,6F0,European Patent Office,A,Annual,AP,Patent applications,PATN,Patents,PRIORITY,Priority date,GRC,Greece,_Z,Not applicable,INVENTOR,Inventor,_Z,Not applicable,_Z,Not applicable,AI,Technologies related to artificial intelligence,2016,,1,,A,Normal value,1,One,0,Units
DATAFLOW,OECD.STI.PIE:DSD_PATENTS@DF_PATENTS_OECDSPECIFIC(1.0),Patents in OECD selected technologies,I,6F0,European Patent Office,A,Annual,AP,Patent applications,PATN,Patents,PRIORITY,Priority date,TUN,Tunisia,_Z,Not applicable,INVENTOR,Inventor,_Z,Not applicable,_Z,Not applicable,AI,Technologies related to artificial intelligence,2017,,1,,A,Normal value,1,One,0,Units
DATAFLOW,OECD.STI.PIE:DSD_PATENTS@DF_PATENTS_OECDSPECIFIC(1.0),Patents in OECD selected technologies,I,6F0,European Patent Office,A,Annual,AP,Patent applications,PATN,Patents,PRIORITY,Priority date,SVK,Slovak Republic,_Z,Not applicable,INVENTOR,Inventor,_Z,Not applicable,_Z,Not applicable,AI,Technologies related to artificial intelligence,2017,,1,,A,Normal value,1,One,0,Units
DATAFLOW,OECD.STI.PIE:DSD_PATENTS@DF_PATENTS_OECDSPECIFIC(1.0),Patents in OECD selected technologies,I,6F0,European Patent Office,A,Annual,AP,Patent applications,PATN,Patents,PRIORITY,Priority date,GRC,Greece,_Z,Not applicable,INVENTOR,Inventor,_Z,Not applicable,_Z,Not applicable,AI,Technologies related to artificial intelligence,2017,,1,,A,Normal value,1,One,0,Units
DATAFLOW,OECD.STI.PIE:DSD_PATENTS@DF_PATENTS_OECDSPECIFIC(1.0),Patents in OECD selected technologies,I,6F0,European Patent Office,A,Annual,AP,Patent applications,PATN,Patents,PRIORITY,Priority date,LTU,Lithuania,_Z,Not applicable,INVENTOR,Inventor,_Z,Not applicable,_Z,Not applicable,AI,Technologies related to artificial intelligence,2017,,1,,A,Normal value,1,One,0,Units
DATAFLOW,OECD.STI.PIE:DSD_PATENTS@DF_PATENTS_OECDSPECIFIC(1.0),Patents in OECD selected technologies,I,6F0,European Patent Office,A,Annual,AP,Patent applications,PATN,Patents,PRIORITY,Priority date,PRI,Puerto Rico,_Z,Not applicable,INVENTOR,Inventor,_Z,Not applicable,_Z,Not applicable,AI,Technologies related to artificial intelligence,2017,,1,,A,Normal value,1,One,0,Units
DATAFLOW,OECD.STI.PIE:DSD_PATENTS@DF_PATENTS_OECDSPECIFIC(1.0),Patents in OECD selected technologies,I,6F0,European Patent Office,A,Annual,AP,Patent applications,PATN,Patents,PRIORITY,Priority date,LBN,Lebanon,_Z,Not applicable,INVENTOR,Inventor,_Z,Not applicable,_Z,Not applicable,AI,Technologies related to artificial intelligence,2017,,1,,A,Normal value,1,One,0,Units
DATAFLOW,OECD.STI.PIE:DSD_PATENTS@DF_PATENTS_OECDSPECIFIC(1.0),Patents in OECD selected technologies,I,6F0,European Patent Office,A,Annual,AP,Patent applications,PATN,Patents,PRIORITY,Priority date,COL,Colombia,_Z,Not applicable,INVENTOR,Inventor,_Z,Not applicable,_Z,Not applicable,AI,Technologies related to artificial intelligence,2017,,1,,A,Normal value,1,One,0,Units
DATAFLOW,OECD.STI.PIE:DSD_PATENTS@DF_PATENTS_OECDSPECIFIC(1.0),Patents in OECD selected technologies,I,6F0,European Patent Office,A,Annual,AP,Patent applications,PATN,Patents,PRIORITY,Priority date,LUX,Luxembourg,_Z,Not applicable,INVENTOR,Inventor,_Z,Not applicable,_Z,Not applicable,AI,Technologies related to artificial intelligence,2018,,1,,A,Normal value,1,One,0,Units
DATAFLOW,OECD.STI.PIE:DSD_PATENTS@DF_PATENTS_OECDSPECIFIC(1.0),Patents in OECD selected technologies,I,6F0,European Patent Office,A,Annual,AP,Patent applications,PATN,Patents,PRIORITY,Priority date,LTU,Lithuania,_Z,Not applicable,INVENTOR,Inventor,_Z,Not applicable,_Z,Not applicable,AI,Technologies related to artificial intelligence,2018,,1,,A,Normal value,1,One,0,Units
DATAFLOW,OECD.STI.PIE:DSD_PATENTS@DF_PATENTS_OECDSPECIFIC(1.0),Patents in OECD selected technologies,I,6F0,European Patent Office,A,Annual,AP,Patent applications,PATN,Patents,PRIORITY,Priority date,MEX,Mexico,_Z,Not applicable,INVENTOR,Inventor,_Z,Not applicable,_Z,Not applicable,AI,Technologies related to artificial intelligence,2018,,1,,A,Normal value,1,One,0,Units
DATAFLOW,OECD.STI.PIE:DSD_PATENTS@DF_PATENTS_OECDSPECIFIC(1.0),Patents in OECD selected technologies,I,6F0,European Patent Office,A,Annual,AP,Patent applications,PATN,Patents,PRIORITY,Priority date,AND,Andorra,_Z,Not applicable,INVENTOR,Inventor,_Z,Not applicable,_Z,Not applicable,AI,Technologies related to artificial intelligence,2018,,1,,A,Normal value,1,One,0,Units
DATAFLOW,OECD.STI.PIE:DSD_PATENTS@DF_PATENTS_OECDSPECIFIC(1.0),Patents in OECD selected technologies,I,6F0,European Patent Office,A,Annual,AP,Patent applications,PATN,Patents,PRIORITY,Priority date,JOR,Jordan,_Z,Not applicable,INVENTOR,Inventor,_Z,Not applicable,_Z,Not applicable,AI,Technologies related to artificial intelligence,2020,,1,,A,Normal value,1,One,0,Units
DATAFLOW,OECD.STI.PIE:DSD_PATENTS@DF_PATENTS_OECDSPECIFIC(1.0),Patents in OECD selected technologies,I,6F0,European Patent Office,A,Annual,AP,Patent applications,PATN,Patents,PRIORITY,Priority date,ISL,Iceland,_Z,Not applicable,INVENTOR,Inventor,_Z,Not applicable,_Z,Not applicable,AI,Technologies related to artificial intelligence,2020,,1,,A,Normal value,1,One,0,Units
DATAFLOW,OECD.STI.PIE:DSD_PATENTS@DF_PATENTS_OECDSPECIFIC(1.0),Patents in OECD selected technologies,I,6F0,European Patent Office,A,Annual,AP,Patent applications,PATN,Patents,PRIORITY,Priority date,MLT,Malta,_Z,Not applicable,INVENTOR,Inventor,_Z,Not applicable,_Z,Not applicable,AI,Technologies related to artificial intelligence,2021,,1,,A,Normal value,1,One,0,Units
DATAFLOW,OECD.STI.PIE:DSD_PATENTS@DF_PATENTS_OECDSPECIFIC(1.0),Patents in OECD selected technologies,I,6F0,European Patent Office,A,Annual,AP,Patent applications,PATN,Patents,PRIORITY,Priority date,LIE,Liechtenstein,_Z,Not applicable,INVENTOR,Inventor,_Z,Not applicable,_Z,Not applicable,AI,Technologies related to artificial intelligence,2021,,1,,A,Normal value,1,One,0,Units
DATAFLOW,OECD.STI.PIE:DSD_PATENTS@DF_PATENTS_OECDSPECIFIC(1.0),Patents in OECD selected technologies,I,6F0,European Patent Office,A,Annual,AP,Patent applications,PATN,Patents,PRIORITY,Priority date,LVA,Latvia,_Z,Not applicable,INVENTOR,Inventor,_Z,Not applicable,_Z,Not applicable,AI,Technologies related to artificial intelligence,2021,,1,,A,Normal value,1,One,0,Units
DATAFLOW,OECD.STI.PIE:DSD_PATENTS@DF_PATENTS_OECDSPECIFIC(1.0),Patents in OECD selected technologies,I,6F0,European Patent Office,A,Annual,AP,Patent applications,PATN,Patents,PRIORITY,Priority date,PER,Peru,_Z,Not applicable,INVENTOR,Inventor,_Z,Not applicable,_Z,Not applicable,AI,Technologies related to artificial intelligence,2021,,1,,A,Normal value,1,One,0,Units
DATAFLOW,OECD.STI.PIE:DSD_PATENTS@DF_PATENTS_OECDSPECIFIC(1.0),Patents in OECD selected technologies,I,6F0,European Patent Office,A,Annual,AP,Patent applications,PATN,Patents,PRIORITY,Priority date,URY,Uruguay,_Z,Not applicable,INVENTOR,Inventor,_Z,Not applicable,_Z,Not applicable,AI,Technologies related to artificial intelligence,2021,,1,,A,Normal value,1,One,0,Units
DATAFLOW,OECD.STI.PIE:DSD_PATENTS@DF_PATENTS_OECDSPECIFIC(1.0),Patents in OECD selected technologies,I,6F0,European Patent Office,A,Annual,AP,Patent applications,PATN,Patents,PRIORITY,Priority date,ARG,Argentina,_Z,Not applicable,INVENTOR,Inventor,_Z,Not applicable,_Z,Not applicable,AI,Technologies related to artificial intelligence,2021,,1,,A,Normal value,1,One,0,Units
DATAFLOW,OECD.STI.PIE:DSD_PATENTS@DF_PATENTS_OECDSPECIFIC(1.0),Patents in OECD selected technologies,I,6F0,European Patent Office,A,Annual,AP,Patent applications,PATN,Patents,PRIORITY,Priority date,PRI,Puerto Rico,_Z,Not applicable,INVENTOR,Inventor,_Z,Not applicable,_Z,Not applicable,AI,Technologies related to artificial intelligence,2021,,1,,A,Normal value,1,One,0,Units
DATAFLOW,OECD.STI.PIE:DSD_PATENTS@DF_PATENTS_OECDSPECIFIC(1.0),Patents in OECD selected technologies,I,6F0,European Patent Office,A,Annual,AP,Patent applications,PATN,Patents,PRIORITY,Priority date,PRI,Puerto Rico,_Z,Not applicable,INVENTOR,Inventor,_Z,Not applicable,_Z,Not applicable,AI,Technologies related to artificial intelligence,2022,,1,,A,Normal value,1,One,0,Units
DATAFLOW,OECD.STI.PIE:DSD_PATENTS@DF_PATENTS_OECDSPECIFIC(1.0),Patents in OECD selected technologies,I,6F0,European Patent Office,A,Annual,AP,Patent applications,PATN,Patents,PRIORITY,Priority date,SVN,Slovenia,_Z,Not applicable,INVENTOR,Inventor,_Z,Not applicable,_Z,Not applicable,AI,Technologies related to artificial intelligence,2022,,1,,A,Normal value,1,One,0,Units
DATAFLOW,OECD.STI.PIE:DSD_PATENTS@DF_PATENTS_OECDSPECIFIC(1.0),Patents in OECD selected technologies,I,6F0,European Patent Office,A,Annual,AP,Patent applications,PATN,Patents,PRIORITY,Priority date,ISL,Iceland,_Z,Not applicable,INVENTOR,Inventor,_Z,Not applicable,_Z,Not applicable,AI,Technologies related to artificial intelligence,2022,,1,,A,Normal value,1,One,0,Units
DATAFLOW,OECD.STI.PIE:DSD_PATENTS@DF_PATENTS_OECDSPECIFIC(1.0),Patents in OECD selected technologies,I,6F0,European Patent Office,A,Annual,AP,Patent applications,PATN,Patents,PRIORITY,Priority date,LIE,Liechtenstein,_Z,Not applicable,INVENTOR,Inventor,_Z,Not applicable,_Z,Not applicable,AI,Technologies related to artificial intelligence,2022,,1,,A,Normal value,1,One,0,Units
DATAFLOW,OECD.STI.PIE:DSD_PATENTS@DF_PATENTS_OECDSPECIFIC(1.0),Patents in OECD selected technologies,I,6F0,European Patent Office,A,Annual,AP,Patent applications,PATN,Patents,PRIORITY,Priority date,FRA,France,_Z,Not applicable,INVENTOR,Inventor,_Z,Not applicable,_Z,Not applicable,AI,Technologies related to artificial intelligence,2010,,48.116699,,A,Normal value,1,One,0,Units
DATAFLOW,OECD.STI.PIE:DSD_PATENTS@DF_PATENTS_OECDSPECIFIC(1.0),Patents in OECD selected technologies,I,6F0,European Patent Office,A,Annual,AP,Patent applications,PATN,Patents,PRIORITY,Priority date,USA,United States,_Z,Not applicable,INVENTOR,Inventor,_Z,Not applicable,_Z,Not applicable,AI,Technologies related to artificial intelligence,2010,,263.83929,,A,Normal value,1,One,0,Units
DATAFLOW,OECD.STI.PIE:DSD_PATENTS@DF_PATENTS_OECDSPECIFIC(1.0),Patents in OECD selected technologies,I,6F0,European Patent Office,A,Annual,AP,Patent applications,PATN,Patents,PRIORITY,Priority date,FIN,Finland,_Z,Not applicable,INVENTOR,Inventor,_Z,Not applicable,_Z,Not applicable,AI,Technologies related to artificial intelligence,2010,,9,,A,Normal value,1,One,0,Units
DATAFLOW,OECD.STI.PIE:DSD_PATENTS@DF_PATENTS_OECDSPECIFIC(1.0),Patents in OECD selected technologies,I,6F0,European Patent Office,A,Annual,AP,Patent applications,PATN,Patents,PRIORITY,Priority date,IND,India,_Z,Not applicable,INVENTOR,Inventor,_Z,Not applicable,_Z,Not applicable,AI,Technologies related to artificial intelligence,2010,,9.0166998,,A,Normal value,1,One,0,Units
DATAFLOW,OECD.STI.PIE:DSD_PATENTS@DF_PATENTS_OECDSPECIFIC(1.0),Patents in OECD selected technologies,I,6F0,European Patent Office,A,Annual,AP,Patent applications,PATN,Patents,PRIORITY,Priority date,CHE,Switzerland,_Z,Not applicable,INVENTOR,Inventor,_Z,Not applicable,_Z,Not applicable,AI,Technologies related to artificial intelligence,2010,,8,,A,Normal value,1,One,0,Units
DATAFLOW,OECD.STI.PIE:DSD_PATENTS@DF_PATENTS_OECDSPECIFIC(1.0),Patents in OECD selected technologies,I,6F0,European Patent Office,A,Annual,AP,Patent applications,PATN,Patents,PRIORITY,Priority date,CHN,China (People’s Republic of),_Z,Not applicable,INVENTOR,Inventor,_Z,Not applicable,_Z,Not applicable,AI,Technologies related to artificial intelligence,2010,,24.4,,A,Normal value,1,One,0,Units
DATAFLOW,OECD.STI.PIE:DSD_PATENTS@DF_PATENTS_OECDSPECIFIC(1.0),Patents in OECD selected technologies,I,6F0,European Patent Office,A,Annual,AP,Patent applications,PATN,Patents,PRIORITY,Priority date,SAU,Saudi Arabia,_Z,Not applicable,INVENTOR,Inventor,_Z,Not applicable,_Z,Not applicable,AI,Technologies related to artificial intelligence,2010,,2.25,,A,Normal value,1,One,0,Units
DATAFLOW,OECD.STI.PIE:DSD_PATENTS@DF_PATENTS_OECDSPECIFIC(1.0),Patents in OECD selected technologies,I,6F0,European Patent Office,A,Annual,AP,Patent applications,PATN,Patents,PRIORITY,Priority date,ROU,Romania,_Z,Not applicable,INVENTOR,Inventor,_Z,Not applicable,_Z,Not applicable,AI,Technologies related to artificial intelligence,2010,,0.75,,A,Normal value,1,One,0,Units
DATAFLOW,OECD.STI.PIE:DSD_PATENTS@DF_PATENTS_OECDSPECIFIC(1.0),Patents in OECD selected technologies,I,6F0,European Patent Office,A,Annual,AP,Patent applications,PATN,Patents,PRIORITY,Priority date,GBR,United Kingdom,_Z,Not applicable,INVENTOR,Inventor,_Z,Not applicable,_Z,Not applicable,AI,Technologies related to artificial intelligence,2010,,43.799999,,A,Normal value,1,One,0,Units
DATAFLOW,OECD.STI.PIE:DSD_PATENTS@DF_PATENTS_OECDSPECIFIC(1.0),Patents in OECD selected technologies,I,6F0,European Patent Office,A,Annual,AP,Patent applications,PATN,Patents,PRIORITY,Priority date,IRL,Ireland,_Z,Not applicable,INVENTOR,Inventor,_Z,Not applicable,_Z,Not applicable,AI,Technologies related to artificial intelligence,2010,,7.75,,A,Normal value,1,One,0,Units
DATAFLOW,OECD.STI.PIE:DSD_PATENTS@DF_PATENTS_OECDSPECIFIC(1.0),Patents in OECD selected technologies,I,6F0,European Patent Office,A,Annual,AP,Patent applications,PATN,Patents,PRIORITY,Priority date,RUS,Russia,_Z,Not applicable,INVENTOR,Inventor,_Z,Not applicable,_Z,Not applicable,AI,Technologies related to artificial intelligence,2010,,5.6666999,,A,Normal value,1,One,0,Units
DATAFLOW,OECD.STI.PIE:DSD_PATENTS@DF_PATENTS_OECDSPECIFIC(1.0),Patents in OECD selected technologies,I,6F0,European Patent Office,A,Annual,AP,Patent applications,PATN,Patents,PRIORITY,Priority date,ESP,Spain,_Z,Not applicable,INVENTOR,Inventor,_Z,Not applicable,_Z,Not applicable,AI,Technologies related to artificial intelligence,2010,,7.8333001,,A,Normal value,1,One,0,Units
DATAFLOW,OECD.STI.PIE:DSD_PATENTS@DF_PATENTS_OECDSPECIFIC(1.0),Patents in OECD selected technologies,I,6F0,European Patent Office,A,Annual,AP,Patent applications,PATN,Patents,PRIORITY,Priority date,AUS,Australia,_Z,Not applicable,INVENTOR,Inventor,_Z,Not applicable,_Z,Not applicable,AI,Technologies related to artificial intelligence,2010,,10.5,,A,Normal value,1,One,0,Units
DATAFLOW,OECD.STI.PIE:DSD_PATENTS@DF_PATENTS_OECDSPECIFIC(1.0),Patents in OECD selected technologies,I,6F0,European Patent Office,A,Annual,AP,Patent applications,PATN,Patents,PRIORITY,Priority date,EU27_2020,European Union (27 countries from 01/02/2020),_Z,Not applicable,INVENTOR,Inventor,_Z,Not applicable,_Z,Not applicable,AI,Technologies related to artificial intelligence,2010,,197.2917,,A,Normal value,1,One,0,Units
DATAFLOW,OECD.STI.PIE:DSD_PATENTS@DF_PATENTS_OECDSPECIFIC(1.0),Patents in OECD selected technologies,I,6F0,European Patent Office,A,Annual,AP,Patent applications,PATN,Patents,PRIORITY,Priority date,ISR,Israel,_Z,Not applicable,INVENTOR,Inventor,_Z,Not applicable,_Z,Not applicable,AI,Technologies related to artificial intelligence,2010,,15,,A,Normal value,1,One,0,Units
DATAFLOW,OECD.STI.PIE:DSD_PATENTS@DF_PATENTS_OECDSPECIFIC(1.0),Patents in OECD selected technologies,I,6F0,European Patent Office,A,Annual,AP,Patent applications,PATN,Patents,PRIORITY,Priority date,NLD,Netherlands,_Z,Not applicable,INVENTOR,Inventor,_Z,Not applicable,_Z,Not applicable,AI,Technologies related to artificial intelligence,2010,,23,,A,Normal value,1,One,0,Units
DATAFLOW,OECD.STI.PIE:DSD_PATENTS@DF_PATENTS_OECDSPECIFIC(1.0),Patents in OECD selected technologies,I,6F0,European Patent Office,A,Annual,AP,Patent applications,PATN,Patents,PRIORITY,Priority date,SGP,Singapore,_Z,Not applicable,INVENTOR,Inventor,_Z,Not applicable,_Z,Not applicable,AI,Technologies related to artificial intelligence,2010,,3.75,,A,Normal value,1,One,0,Units
DATAFLOW,OECD.STI.PIE:DSD_PATENTS@DF_PATENTS_OECDSPECIFIC(1.0),Patents in OECD selected technologies,I,6F0,European Patent Office,A,Annual,AP,Patent applications,PATN,Patents,PRIORITY,Priority date,BRA,Brazil,_Z,Not applicable,INVENTOR,Inventor,_Z,Not applicable,_Z,Not applicable,AI,Technologies related to artificial intelligence,2010,,1.25,,A,Normal value,1,One,0,Units
DATAFLOW,OECD.STI.PIE:DSD_PATENTS@DF_PATENTS_OECDSPECIFIC(1.0),Patents in OECD selected technologies,I,6F0,European Patent Office,A,Annual,AP,Patent applications,PATN,Patents,PRIORITY,Priority date,W,World,_Z,Not applicable,INVENTOR,Inventor,_Z,Not applicable,_Z,Not applicable,AI,Technologies related to artificial intelligence,2010,,907,,A,Normal value,1,One,0,Units
DATAFLOW,OECD.STI.PIE:DSD_PATENTS@DF_PATENTS_OECDSPECIFIC(1.0),Patents in OECD selected technologies,I,6F0,European Patent Office,A,Annual,AP,Patent applications,PATN,Patents,PRIORITY,Priority date,SWE,Sweden,_Z,Not applicable,INVENTOR,Inventor,_Z,Not applicable,_Z,Not applicable,AI,Technologies related to artificial intelligence,2010,,12,,A,Normal value,1,One,0,Units
DATAFLOW,OECD.STI.PIE:DSD_PATENTS@DF_PATENTS_OECDSPECIFIC(1.0),Patents in OECD selected technologies,I,6F0,European Patent Office,A,Annual,AP,Patent applications,PATN,Patents,PRIORITY,Priority date,DEU,Germany,_Z,Not applicable,INVENTOR,Inventor,_Z,Not applicable,_Z,Not applicable,AI,Technologies related to artificial intelligence,2010,,70.008301,,A,Normal value,1,One,0,Units
DATAFLOW,OECD.STI.PIE:DSD_PATENTS@DF_PATENTS_OECDSPECIFIC(1.0),Patents in OECD selected technologies,I,6F0,European Patent Office,A,Annual,AP,Patent applications,PATN,Patents,PRIORITY,Priority date,BEL,Belgium,_Z,Not applicable,INVENTOR,Inventor,_Z,Not applicable,_Z,Not applicable,AI,Technologies related to artificial intelligence,2010,,4.8333001,,A,Normal value,1,One,0,Units
DATAFLOW,OECD.STI.PIE:DSD_PATENTS@DF_PATENTS_OECDSPECIFIC(1.0),Patents in OECD selected technologies,I,6F0,European Patent Office,A,Annual,AP,Patent applications,PATN,Patents,PRIORITY,Priority date,ITA,Italy,_Z,Not applicable,INVENTOR,Inventor,_Z,Not applicable,_Z,Not applicable,AI,Technologies related to artificial intelligence,2010,,8,,A,Normal value,1,One,0,Units
DATAFLOW,OECD.STI.PIE:DSD_PATENTS@DF_PATENTS_OECDSPECIFIC(1.0),Patents in OECD selected technologies,I,6F0,European Patent Office,A,Annual,AP,Patent applications,PATN,Patents,PRIORITY,Priority date,OECD,OECD,_Z,Not applicable,INVENTOR,Inventor,_Z,Not applicable,_Z,Not applicable,AI,Technologies related to artificial intelligence,2010,,854.16669,,A,Normal value,1,One,0,Units
DATAFLOW,OECD.STI.PIE:DSD_PATENTS@DF_PATENTS_OECDSPECIFIC(1.0),Patents in OECD selected technologies,I,6F0,European Patent Office,A,Annual,AP,Patent applications,PATN,Patents,PRIORITY,Priority date,KOR,Korea,_Z,Not applicable,INVENTOR,Inventor,_Z,Not applicable,_Z,Not applicable,AI,Technologies related to artificial intelligence,2010,,32,,A,Normal value,1,One,0,Units
DATAFLOW,OECD.STI.PIE:DSD_PATENTS@DF_PATENTS_OECDSPECIFIC(1.0),Patents in OECD selected technologies,I,6F0,European Patent Office,A,Annual,AP,Patent applications,PATN,Patents,PRIORITY,Priority date,CAN,Canada,_Z,Not applicable,INVENTOR,Inventor,_Z,Not applicable,_Z,Not applicable,AI,Technologies related to artificial intelligence,2010,,9.1999998,,A,Normal value,1,One,0,Units
DATAFLOW,OECD.STI.PIE:DSD_PATENTS@DF_PATENTS_OECDSPECIFIC(1.0),Patents in OECD selected technologies,I,6F0,European Patent Office,A,Annual,AP,Patent applications,PATN,Patents,PRIORITY,Priority date,JPN,Japan,_Z,Not applicable,INVENTOR,Inventor,_Z,Not applicable,_Z,Not applicable,AI,Technologies related to artificial intelligence,2010,,273.78571,,A,Normal value,1,One,0,Units
DATAFLOW,OECD.STI.PIE:DSD_PATENTS@DF_PATENTS_OECDSPECIFIC(1.0),Patents in OECD selected technologies,I,6F0,European Patent Office,A,Annual,AP,Patent applications,PATN,Patents,PRIORITY,Priority date,EGY,Egypt,_Z,Not applicable,INVENTOR,Inventor,_Z,Not applicable,_Z,Not applicable,AI,Technologies related to artificial intelligence,2010,,0.25,,A,Normal value,1,One,0,Units
DATAFLOW,OECD.STI.PIE:DSD_PATENTS@DF_PATENTS_OECDSPECIFIC(1.0),Patents in OECD selected technologies,I,6F0,European Patent Office,A,Annual,AP,Patent applications,PATN,Patents,PRIORITY,Priority date,JPN,Japan,_Z,Not applicable,INVENTOR,Inventor,_Z,Not applicable,_Z,Not applicable,AI,Technologies related to artificial intelligence,2011,,302.3389,,A,Normal value,1,One,0,Units
DATAFLOW,OECD.STI.PIE:DSD_PATENTS@DF_PATENTS_OECDSPECIFIC(1.0),Patents in OECD selected technologies,I,6F0,European Patent Office,A,Annual,AP,Patent applications,PATN,Patents,PRIORITY,Priority date,CAN,Canada,_Z,Not applicable,INVENTOR,Inventor,_Z,Not applicable,_Z,Not applicable,AI,Technologies related to artificial intelligence,2011,,24.294001,,A,Normal value,1,One,0,Units
DATAFLOW,OECD.STI.PIE:DSD_PATENTS@DF_PATENTS_OECDSPECIFIC(1.0),Patents in OECD selected technologies,I,6F0,European Patent Office,A,Annual,AP,Patent applications,PATN,Patents,PRIORITY,Priority date,KOR,Korea,_Z,Not applicable,INVENTOR,Inventor,_Z,Not applicable,_Z,Not applicable,AI,Technologies related to artificial intelligence,2011,,61,,A,Normal value,1,One,0,Units
DATAFLOW,OECD.STI.PIE:DSD_PATENTS@DF_PATENTS_OECDSPECIFIC(1.0),Patents in OECD selected technologies,I,6F0,European Patent Office,A,Annual,AP,Patent applications,PATN,Patents,PRIORITY,Priority date,OECD,OECD,_Z,Not applicable,INVENTOR,Inventor,_Z,Not applicable,_Z,Not applicable,AI,Technologies related to artificial intelligence,2011,,1025.5365,,A,Normal value,1,One,0,Units
DATAFLOW,OECD.STI.PIE:DSD_PATENTS@DF_PATENTS_OECDSPECIFIC(1.0),Patents in OECD selected technologies,I,6F0,European Patent Office,A,Annual,AP,Patent applications,PATN,Patents,PRIORITY,Priority date,ITA,Italy,_Z,Not applicable,INVENTOR,Inventor,_Z,Not applicable,_Z,Not applicable,AI,Technologies related to artificial intelligence,2011,,8.9286003,,A,Normal value,1,One,0,Units
DATAFLOW,OECD.STI.PIE:DSD_PATENTS@DF_PATENTS_OECDSPECIFIC(1.0),Patents in OECD selected technologies,I,6F0,European Patent Office,A,Annual,AP,Patent applications,PATN,Patents,PRIORITY,Priority date,IDN,Indonesia,_Z,Not applicable,INVENTOR,Inventor,_Z,Not applicable,_Z,Not applicable,AI,Technologies related to artificial intelligence,2011,,0.33329999,,A,Normal value,1,One,0,Units
DATAFLOW,OECD.STI.PIE:DSD_PATENTS@DF_PATENTS_OECDSPECIFIC(1.0),Patents in OECD selected technologies,I,6F0,European Patent Office,A,Annual,AP,Patent applications,PATN,Patents,PRIORITY,Priority date,BEL,Belgium,_Z,Not applicable,INVENTOR,Inventor,_Z,Not applicable,_Z,Not applicable,AI,Technologies related to artificial intelligence,2011,,6.6666999,,A,Normal value,1,One,0,Units
DATAFLOW,OECD.STI.PIE:DSD_PATENTS@DF_PATENTS_OECDSPECIFIC(1.0),Patents in OECD selected technologies,I,6F0,European Patent Office,A,Annual,AP,Patent applications,PATN,Patents,PRIORITY,Priority date,DEU,Germany,_Z,Not applicable,INVENTOR,Inventor,_Z,Not applicable,_Z,Not applicable,AI,Technologies related to artificial intelligence,2011,,84.588898,,A,Normal value,1,One,0,Units
DATAFLOW,OECD.STI.PIE:DSD_PATENTS@DF_PATENTS_OECDSPECIFIC(1.0),Patents in OECD selected technologies,I,6F0,European Patent Office,A,Annual,AP,Patent applications,PATN,Patents,PRIORITY,Priority date,TWN,Chinese Taipei,_Z,Not applicable,INVENTOR,Inventor,_Z,Not applicable,_Z,Not applicable,AI,Technologies related to artificial intelligence,2011,,3.5,,A,Normal value,1,One,0,Units
DATAFLOW,OECD.STI.PIE:DSD_PATENTS@DF_PATENTS_OECDSPECIFIC(1.0),Patents in OECD selected technologies,I,6F0,European Patent Office,A,Annual,AP,Patent applications,PATN,Patents,PRIORITY,Priority date,AUT,Austria,_Z,Not applicable,INVENTOR,Inventor,_Z,Not applicable,_Z,Not applicable,AI,Technologies related to artificial intelligence,2011,,8.3000002,,A,Normal value,1,One,0,Units
DATAFLOW,OECD.STI.PIE:DSD_PATENTS@DF_PATENTS_OECDSPECIFIC(1.0),Patents in OECD selected technologies,I,6F0,European Patent Office,A,Annual,AP,Patent applications,PATN,Patents,PRIORITY,Priority date,SWE,Sweden,_Z,Not applicable,INVENTOR,Inventor,_Z,Not applicable,_Z,Not applicable,AI,Technologies related to artificial intelligence,2011,,20.5417,,A,Normal value,1,One,0,Units
DATAFLOW,OECD.STI.PIE:DSD_PATENTS@DF_PATENTS_OECDSPECIFIC(1.0),Patents in OECD selected technologies,I,6F0,European Patent Office,A,Annual,AP,Patent applications,PATN,Patents,PRIORITY,Priority date,W,World,_Z,Not applicable,INVENTOR,Inventor,_Z,Not applicable,_Z,Not applicable,AI,Technologies related to artificial intelligence,2011,,1097,,A,Normal value,1,One,0,Units
DATAFLOW,OECD.STI.PIE:DSD_PATENTS@DF_PATENTS_OECDSPECIFIC(1.0),Patents in OECD selected technologies,I,6F0,European Patent Office,A,Annual,AP,Patent applications,PATN,Patents,PRIORITY,Priority date,SGP,Singapore,_Z,Not applicable,INVENTOR,Inventor,_Z,Not applicable,_Z,Not applicable,AI,Technologies related to artificial intelligence,2011,,2.25,,A,Normal value,1,One,0,Units
DATAFLOW,OECD.STI.PIE:DSD_PATENTS@DF_PATENTS_OECDSPECIFIC(1.0),Patents in OECD selected technologies,I,6F0,European Patent Office,A,Annual,AP,Patent applications,PATN,Patents,PRIORITY,Priority date,NLD,Netherlands,_Z,Not applicable,INVENTOR,Inventor,_Z,Not applicable,_Z,Not applicable,AI,Technologies related to artificial intelligence,2011,,50.799999,,A,Normal value,1,One,0,Units
DATAFLOW,OECD.STI.PIE:DSD_PATENTS@DF_PATENTS_OECDSPECIFIC(1.0),Patents in OECD selected technologies,I,6F0,European Patent Office,A,Annual,AP,Patent applications,PATN,Patents,PRIORITY,Priority date,ISR,Israel,_Z,Not applicable,INVENTOR,Inventor,_Z,Not applicable,_Z,Not applicable,AI,Technologies related to artificial intelligence,2011,,17.4167,,A,Normal value,1,One,0,Units
DATAFLOW,OECD.STI.PIE:DSD_PATENTS@DF_PATENTS_OECDSPECIFIC(1.0),Patents in OECD selected technologies,I,6F0,European Patent Office,A,Annual,AP,Patent applications,PATN,Patents,PRIORITY,Priority date,ZAF,South Africa,_Z,Not applicable,INVENTOR,Inventor,_Z,Not applicable,_Z,Not applicable,AI,Technologies related to artificial intelligence,2011,,2.25,,A,Normal value,1,One,0,Units
DATAFLOW,OECD.STI.PIE:DSD_PATENTS@DF_PATENTS_OECDSPECIFIC(1.0),Patents in OECD selected technologies,I,6F0,European Patent Office,A,Annual,AP,Patent applications,PATN,Patents,PRIORITY,Priority date,EU27_2020,European Union (27 countries from 01/02/2020),_Z,Not applicable,INVENTOR,Inventor,_Z,Not applicable,_Z,Not applicable,AI,Technologies related to artificial intelligence,2011,,257.6579,,A,Normal value,1,One,0,Units
DATAFLOW,OECD.STI.PIE:DSD_PATENTS@DF_PATENTS_OECDSPECIFIC(1.0),Patents in OECD selected technologies,I,6F0,European Patent Office,A,Annual,AP,Patent applications,PATN,Patents,PRIORITY,Priority date,AUS,Australia,_Z,Not applicable,INVENTOR,Inventor,_Z,Not applicable,_Z,Not applicable,AI,Technologies related to artificial intelligence,2011,,10.25,,A,Normal value,1,One,0,Units
DATAFLOW,OECD.STI.PIE:DSD_PATENTS@DF_PATENTS_OECDSPECIFIC(1.0),Patents in OECD selected technologies,I,6F0,European Patent Office,A,Annual,AP,Patent applications,PATN,Patents,PRIORITY,Priority date,ESP,Spain,_Z,Not applicable,INVENTOR,Inventor,_Z,Not applicable,_Z,Not applicable,AI,Technologies related to artificial intelligence,2011,,9.4643002,,A,Normal value,1,One,0,Units
DATAFLOW,OECD.STI.PIE:DSD_PATENTS@DF_PATENTS_OECDSPECIFIC(1.0),Patents in OECD selected technologies,I,6F0,European Patent Office,A,Annual,AP,Patent applications,PATN,Patents,PRIORITY,Priority date,IRL,Ireland,_Z,Not applicable,INVENTOR,Inventor,_Z,Not applicable,_Z,Not applicable,AI,Technologies related to artificial intelligence,2011,,3.0416999,,A,Normal value,1,One,0,Units
DATAFLOW,OECD.STI.PIE:DSD_PATENTS@DF_PATENTS_OECDSPECIFIC(1.0),Patents in OECD selected technologies,I,6F0,European Patent Office,A,Annual,AP,Patent applications,PATN,Patents,PRIORITY,Priority date,GBR,United Kingdom,_Z,Not applicable,INVENTOR,Inventor,_Z,Not applicable,_Z,Not applicable,AI,Technologies related to artificial intelligence,2011,,32.447601,,A,Normal value,1,One,0,Units
DATAFLOW,OECD.STI.PIE:DSD_PATENTS@DF_PATENTS_OECDSPECIFIC(1.0),Patents in OECD selected technologies,I,6F0,European Patent Office,A,Annual,AP,Patent applications,PATN,Patents,PRIORITY,Priority date,DNK,Denmark,_Z,Not applicable,INVENTOR,Inventor,_Z,Not applicable,_Z,Not applicable,AI,Technologies related to artificial intelligence,2011,,4.7167001,,A,Normal value,1,One,0,Units
DATAFLOW,OECD.STI.PIE:DSD_PATENTS@DF_PATENTS_OECDSPECIFIC(1.0),Patents in OECD selected technologies,I,6F0,European Patent Office,A,Annual,AP,Patent applications,PATN,Patents,PRIORITY,Priority date,CHN,China (People’s Republic of),_Z,Not applicable,INVENTOR,Inventor,_Z,Not applicable,_Z,Not applicable,AI,Technologies related to artificial intelligence,2011,,40.517899,,A,Normal value,1,One,0,Units
DATAFLOW,OECD.STI.PIE:DSD_PATENTS@DF_PATENTS_OECDSPECIFIC(1.0),Patents in OECD selected technologies,I,6F0,European Patent Office,A,Annual,AP,Patent applications,PATN,Patents,PRIORITY,Priority date,CHE,Switzerland,_Z,Not applicable,INVENTOR,Inventor,_Z,Not applicable,_Z,Not applicable,AI,Technologies related to artificial intelligence,2011,,15.3333,,A,Normal value,1,One,0,Units
DATAFLOW,OECD.STI.PIE:DSD_PATENTS@DF_PATENTS_OECDSPECIFIC(1.0),Patents in OECD selected technologies,I,6F0,European Patent Office,A,Annual,AP,Patent applications,PATN,Patents,PRIORITY,Priority date,IND,India,_Z,Not applicable,INVENTOR,Inventor,_Z,Not applicable,_Z,Not applicable,AI,Technologies related to artificial intelligence,2011,,14.4623,,A,Normal value,1,One,0,Units
DATAFLOW,OECD.STI.PIE:DSD_PATENTS@DF_PATENTS_OECDSPECIFIC(1.0),Patents in OECD selected technologies,I,6F0,European Patent Office,A,Annual,AP,Patent applications,PATN,Patents,PRIORITY,Priority date,CZE,Czechia,_Z,Not applicable,INVENTOR,Inventor,_Z,Not applicable,_Z,Not applicable,AI,Technologies related to artificial intelligence,2011,,0.39289999,,A,Normal value,1,One,0,Units
DATAFLOW,OECD.STI.PIE:DSD_PATENTS@DF_PATENTS_OECDSPECIFIC(1.0),Patents in OECD selected technologies,I,6F0,European Patent Office,A,Annual,AP,Patent applications,PATN,Patents,PRIORITY,Priority date,HKG,Hong Kong (China),_Z,Not applicable,INVENTOR,Inventor,_Z,Not applicable,_Z,Not applicable,AI,Technologies related to artificial intelligence,2011,,0.60000002,,A,Normal value,1,One,0,Units
DATAFLOW,OECD.STI.PIE:DSD_PATENTS@DF_PATENTS_OECDSPECIFIC(1.0),Patents in OECD selected technologies,I,6F0,European Patent Office,A,Annual,AP,Patent applications,PATN,Patents,PRIORITY,Priority date,FIN,Finland,_Z,Not applicable,INVENTOR,Inventor,_Z,Not applicable,_Z,Not applicable,AI,Technologies related to artificial intelligence,2011,,4.75,,A,Normal value,1,One,0,Units
DATAFLOW,OECD.STI.PIE:DSD_PATENTS@DF_PATENTS_OECDSPECIFIC(1.0),Patents in OECD selected technologies,I,6F0,European Patent Office,A,Annual,AP,Patent applications,PATN,Patents,PRIORITY,Priority date,USA,United States,_Z,Not applicable,INVENTOR,Inventor,_Z,Not applicable,_Z,Not applicable,AI,Technologies related to artificial intelligence,2011,,300.798,,A,Normal value,1,One,0,Units
DATAFLOW,OECD.STI.PIE:DSD_PATENTS@DF_PATENTS_OECDSPECIFIC(1.0),Patents in OECD selected technologies,I,6F0,European Patent Office,A,Annual,AP,Patent applications,PATN,Patents,PRIORITY,Priority date,FRA,France,_Z,Not applicable,INVENTOR,Inventor,_Z,Not applicable,_Z,Not applicable,AI,Technologies related to artificial intelligence,2011,,50.466702,,A,Normal value,1,One,0,Units
DATAFLOW,OECD.STI.PIE:DSD_PATENTS@DF_PATENTS_OECDSPECIFIC(1.0),Patents in OECD selected technologies,I,6F0,European Patent Office,A,Annual,AP,Patent applications,PATN,Patents,PRIORITY,Priority date,UKR,Ukraine,_Z,Not applicable,INVENTOR,Inventor,_Z,Not applicable,_Z,Not applicable,AI,Technologies related to artificial intelligence,2011,,0.80000001,,A,Normal value,1,One,0,Units
DATAFLOW,OECD.STI.PIE:DSD_PATENTS@DF_PATENTS_OECDSPECIFIC(1.0),Patents in OECD selected technologies,I,6F0,European Patent Office,A,Annual,AP,Patent applications,PATN,Patents,PRIORITY,Priority date,THA,Thailand,_Z,Not applicable,INVENTOR,Inventor,_Z,Not applicable,_Z,Not applicable,AI,Technologies related to artificial intelligence,2011,,0.25,,A,Normal value,1,One,0,Units
DATAFLOW,OECD.STI.PIE:DSD_PATENTS@DF_PATENTS_OECDSPECIFIC(1.0),Patents in OECD selected technologies,I,6F0,European Patent Office,A,Annual,AP,Patent applications,PATN,Patents,PRIORITY,Priority date,FRA,France,_Z,Not applicable,INVENTOR,Inventor,_Z,Not applicable,_Z,Not applicable,AI,Technologies related to artificial intelligence,2012,,53.716702,,A,Normal value,1,One,0,Units
DATAFLOW,OECD.STI.PIE:DSD_PATENTS@DF_PATENTS_OECDSPECIFIC(1.0),Patents in OECD selected technologies,I,6F0,European Patent Office,A,Annual,AP,Patent applications,PATN,Patents,PRIORITY,Priority date,KWT,Kuwait,_Z,Not applicable,INVENTOR,Inventor,_Z,Not applicable,_Z,Not applicable,AI,Technologies related to artificial intelligence,2012,,0.1429,,A,Normal value,1,One,0,Units
DATAFLOW,OECD.STI.PIE:DSD_PATENTS@DF_PATENTS_OECDSPECIFIC(1.0),Patents in OECD selected technologies,I,6F0,European Patent Office,A,Annual,AP,Patent applications,PATN,Patents,PRIORITY,Priority date,USA,United States,_Z,Not applicable,INVENTOR,Inventor,_Z,Not applicable,_Z,Not applicable,AI,Technologies related to artificial intelligence,2012,,419.4754,,A,Normal value,1,One,0,Units
DATAFLOW,OECD.STI.PIE:DSD_PATENTS@DF_PATENTS_OECDSPECIFIC(1.0),Patents in OECD selected technologies,I,6F0,European Patent Office,A,Annual,AP,Patent applications,PATN,Patents,PRIORITY,Priority date,FIN,Finland,_Z,Not applicable,INVENTOR,Inventor,_Z,Not applicable,_Z,Not applicable,AI,Technologies related to artificial intelligence,2012,,10.3452,,A,Normal value,1,One,0,Units
DATAFLOW,OECD.STI.PIE:DSD_PATENTS@DF_PATENTS_OECDSPECIFIC(1.0),Patents in OECD selected technologies,I,6F0,European Patent Office,A,Annual,AP,Patent applications,PATN,Patents,PRIORITY,Priority date,CZE,Czechia,_Z,Not applicable,INVENTOR,Inventor,_Z,Not applicable,_Z,Not applicable,AI,Technologies related to artificial intelligence,2012,,0.33329999,,A,Normal value,1,One,0,Units
DATAFLOW,OECD.STI.PIE:DSD_PATENTS@DF_PATENTS_OECDSPECIFIC(1.0),Patents in OECD selected technologies,I,6F0,European Patent Office,A,Annual,AP,Patent applications,PATN,Patents,PRIORITY,Priority date,IND,India,_Z,Not applicable,INVENTOR,Inventor,_Z,Not applicable,_Z,Not applicable,AI,Technologies related to artificial intelligence,2012,,17.233299,,A,Normal value,1,One,0,Units
DATAFLOW,OECD.STI.PIE:DSD_PATENTS@DF_PATENTS_OECDSPECIFIC(1.0),Patents in OECD selected technologies,I,6F0,European Patent Office,A,Annual,AP,Patent applications,PATN,Patents,PRIORITY,Priority date,CHE,Switzerland,_Z,Not applicable,INVENTOR,Inventor,_Z,Not applicable,_Z,Not applicable,AI,Technologies related to artificial intelligence,2012,,16.299999,,A,Normal value,1,One,0,Units
DATAFLOW,OECD.STI.PIE:DSD_PATENTS@DF_PATENTS_OECDSPECIFIC(1.0),Patents in OECD selected technologies,I,6F0,European Patent Office,A,Annual,AP,Patent applications,PATN,Patents,PRIORITY,Priority date,CHN,China (People’s Republic of),_Z,Not applicable,INVENTOR,Inventor,_Z,Not applicable,_Z,Not applicable,AI,Technologies related to artificial intelligence,2012,,50.857101,,A,Normal value,1,One,0,Units
DATAFLOW,OECD.STI.PIE:DSD_PATENTS@DF_PATENTS_OECDSPECIFIC(1.0),Patents in OECD selected technologies,I,6F0,European Patent Office,A,Annual,AP,Patent applications,PATN,Patents,PRIORITY,Priority date,GBR,United Kingdom,_Z,Not applicable,INVENTOR,Inventor,_Z,Not applicable,_Z,Not applicable,AI,Technologies related to artificial intelligence,2012,,58.083302,,A,Normal value,1,One,0,Units
DATAFLOW,OECD.STI.PIE:DSD_PATENTS@DF_PATENTS_OECDSPECIFIC(1.0),Patents in OECD selected technologies,I,6F0,European Patent Office,A,Annual,AP,Patent applications,PATN,Patents,PRIORITY,Priority date,IRL,Ireland,_Z,Not applicable,INVENTOR,Inventor,_Z,Not applicable,_Z,Not applicable,AI,Technologies related to artificial intelligence,2012,,3.4000001,,A,Normal value,1,One,0,Units
DATAFLOW,OECD.STI.PIE:DSD_PATENTS@DF_PATENTS_OECDSPECIFIC(1.0),Patents in OECD selected technologies,I,6F0,European Patent Office,A,Annual,AP,Patent applications,PATN,Patents,PRIORITY,Priority date,GRC,Greece,_Z,Not applicable,INVENTOR,Inventor,_Z,Not applicable,_Z,Not applicable,AI,Technologies related to artificial intelligence,2012,,1.2,,A,Normal value,1,One,0,Units
DATAFLOW,OECD.STI.PIE:DSD_PATENTS@DF_PATENTS_OECDSPECIFIC(1.0),Patents in OECD selected technologies,I,6F0,European Patent Office,A,Annual,AP,Patent applications,PATN,Patents,PRIORITY,Priority date,ESP,Spain,_Z,Not applicable,INVENTOR,Inventor,_Z,Not applicable,_Z,Not applicable,AI,Technologies related to artificial intelligence,2012,,9.5556002,,A,Normal value,1,One,0,Units
DATAFLOW,OECD.STI.PIE:DSD_PATENTS@DF_PATENTS_OECDSPECIFIC(1.0),Patents in OECD selected technologies,I,6F0,European Patent Office,A,Annual,AP,Patent applications,PATN,Patents,PRIORITY,Priority date,AUS,Australia,_Z,Not applicable,INVENTOR,Inventor,_Z,Not applicable,_Z,Not applicable,AI,Technologies related to artificial intelligence,2012,,3.2618999,,A,Normal value,1,One,0,Units
DATAFLOW,OECD.STI.PIE:DSD_PATENTS@DF_PATENTS_OECDSPECIFIC(1.0),Patents in OECD selected technologies,I,6F0,European Patent Office,A,Annual,AP,Patent applications,PATN,Patents,PRIORITY,Priority date,EU27_2020,European Union (27 countries from 01/02/2020),_Z,Not applicable,INVENTOR,Inventor,_Z,Not applicable,_Z,Not applicable,AI,Technologies related to artificial intelligence,2012,,266.12219,,A,Normal value,1,One,0,Units
DATAFLOW,OECD.STI.PIE:DSD_PATENTS@DF_PATENTS_OECDSPECIFIC(1.0),Patents in OECD selected technologies,I,6F0,European Patent Office,A,Annual,AP,Patent applications,PATN,Patents,PRIORITY,Priority date,ISR,Israel,_Z,Not applicable,INVENTOR,Inventor,_Z,Not applicable,_Z,Not applicable,AI,Technologies related to artificial intelligence,2012,,14.8,,A,Normal value,1,One,0,Units
DATAFLOW,OECD.STI.PIE:DSD_PATENTS@DF_PATENTS_OECDSPECIFIC(1.0),Patents in OECD selected technologies,I,6F0,European Patent Office,A,Annual,AP,Patent applications,PATN,Patents,PRIORITY,Priority date,NLD,Netherlands,_Z,Not applicable,INVENTOR,Inventor,_Z,Not applicable,_Z,Not applicable,AI,Technologies related to artificial intelligence,2012,,41.6833,,A,Normal value,1,One,0,Units
DATAFLOW,OECD.STI.PIE:DSD_PATENTS@DF_PATENTS_OECDSPECIFIC(1.0),Patents in OECD selected technologies,I,6F0,European Patent Office,A,Annual,AP,Patent applications,PATN,Patents,PRIORITY,Priority date,SVK,Slovak Republic,_Z,Not applicable,INVENTOR,Inventor,_Z,Not applicable,_Z,Not applicable,AI,Technologies related to artificial intelligence,2012,,0.25,,A,Normal value,1,One,0,Units
DATAFLOW,OECD.STI.PIE:DSD_PATENTS@DF_PATENTS_OECDSPECIFIC(1.0),Patents in OECD selected technologies,I,6F0,European Patent Office,A,Annual,AP,Patent applications,PATN,Patents,PRIORITY,Priority date,BRA,Brazil,_Z,Not applicable,INVENTOR,Inventor,_Z,Not applicable,_Z,Not applicable,AI,Technologies related to artificial intelligence,2012,,1.3333,,A,Normal value,1,One,0,Units
DATAFLOW,OECD.STI.PIE:DSD_PATENTS@DF_PATENTS_OECDSPECIFIC(1.0),Patents in OECD selected technologies,I,6F0,European Patent Office,A,Annual,AP,Patent applications,PATN,Patents,PRIORITY,Priority date,W,World,_Z,Not applicable,INVENTOR,Inventor,_Z,Not applicable,_Z,Not applicable,AI,Technologies related to artificial intelligence,2012,,1299,,A,Normal value,1,One,0,Units
DATAFLOW,OECD.STI.PIE:DSD_PATENTS@DF_PATENTS_OECDSPECIFIC(1.0),Patents in OECD selected technologies,I,6F0,European Patent Office,A,Annual,AP,Patent applications,PATN,Patents,PRIORITY,Priority date,SWE,Sweden,_Z,Not applicable,INVENTOR,Inventor,_Z,Not applicable,_Z,Not applicable,AI,Technologies related to artificial intelligence,2012,,19.6667,,A,Normal value,1,One,0,Units
DATAFLOW,OECD.STI.PIE:DSD_PATENTS@DF_PATENTS_OECDSPECIFIC(1.0),Patents in OECD selected technologies,I,6F0,European Patent Office,A,Annual,AP,Patent applications,PATN,Patents,PRIORITY,Priority date,AUT,Austria,_Z,Not applicable,INVENTOR,Inventor,_Z,Not applicable,_Z,Not applicable,AI,Technologies related to artificial intelligence,2012,,6.1500001,,A,Normal value,1,One,0,Units
DATAFLOW,OECD.STI.PIE:DSD_PATENTS@DF_PATENTS_OECDSPECIFIC(1.0),Patents in OECD selected technologies,I,6F0,European Patent Office,A,Annual,AP,Patent applications,PATN,Patents,PRIORITY,Priority date,DEU,Germany,_Z,Not applicable,INVENTOR,Inventor,_Z,Not applicable,_Z,Not applicable,AI,Technologies related to artificial intelligence,2012,,93.199997,,A,Normal value,1,One,0,Units
DATAFLOW,OECD.STI.PIE:DSD_PATENTS@DF_PATENTS_OECDSPECIFIC(1.0),Patents in OECD selected technologies,I,6F0,European Patent Office,A,Annual,AP,Patent applications,PATN,Patents,PRIORITY,Priority date,HUN,Hungary,_Z,Not applicable,INVENTOR,Inventor,_Z,Not applicable,_Z,Not applicable,AI,Technologies related to artificial intelligence,2012,,1.25,,A,Normal value,1,One,0,Units
DATAFLOW,OECD.STI.PIE:DSD_PATENTS@DF_PATENTS_OECDSPECIFIC(1.0),Patents in OECD selected technologies,I,6F0,European Patent Office,A,Annual,AP,Patent applications,PATN,Patents,PRIORITY,Priority date,BEL,Belgium,_Z,Not applicable,INVENTOR,Inventor,_Z,Not applicable,_Z,Not applicable,AI,Technologies related to artificial intelligence,2012,,8.0857,,A,Normal value,1,One,0,Units
DATAFLOW,OECD.STI.PIE:DSD_PATENTS@DF_PATENTS_OECDSPECIFIC(1.0),Patents in OECD selected technologies,I,6F0,European Patent Office,A,Annual,AP,Patent applications,PATN,Patents,PRIORITY,Priority date,ITA,Italy,_Z,Not applicable,INVENTOR,Inventor,_Z,Not applicable,_Z,Not applicable,AI,Technologies related to artificial intelligence,2012,,11.2857,,A,Normal value,1,One,0,Units
DATAFLOW,OECD.STI.PIE:DSD_PATENTS@DF_PATENTS_OECDSPECIFIC(1.0),Patents in OECD selected technologies,I,6F0,European Patent Office,A,Annual,AP,Patent applications,PATN,Patents,PRIORITY,Priority date,OECD,OECD,_Z,Not applicable,INVENTOR,Inventor,_Z,Not applicable,_Z,Not applicable,AI,Technologies related to artificial intelligence,2012,,1219.4333,,A,Normal value,1,One,0,Units
DATAFLOW,OECD.STI.PIE:DSD_PATENTS@DF_PATENTS_OECDSPECIFIC(1.0),Patents in OECD selected technologies,I,6F0,European Patent Office,A,Annual,AP,Patent applications,PATN,Patents,PRIORITY,Priority date,KOR,Korea,_Z,Not applicable,INVENTOR,Inventor,_Z,Not applicable,_Z,Not applicable,AI,Technologies related to artificial intelligence,2012,,63.25,,A,Normal value,1,One,0,Units
DATAFLOW,OECD.STI.PIE:DSD_PATENTS@DF_PATENTS_OECDSPECIFIC(1.0),Patents in OECD selected technologies,I,6F0,European Patent Office,A,Annual,AP,Patent applications,PATN,Patents,PRIORITY,Priority date,CAN,Canada,_Z,Not applicable,INVENTOR,Inventor,_Z,Not applicable,_Z,Not applicable,AI,Technologies related to artificial intelligence,2012,,21.6143,,A,Normal value,1,One,0,Units
DATAFLOW,OECD.STI.PIE:DSD_PATENTS@DF_PATENTS_OECDSPECIFIC(1.0),Patents in OECD selected technologies,I,6F0,European Patent Office,A,Annual,AP,Patent applications,PATN,Patents,PRIORITY,Priority date,JPN,Japan,_Z,Not applicable,INVENTOR,Inventor,_Z,Not applicable,_Z,Not applicable,AI,Technologies related to artificial intelligence,2012,,350.52621,,A,Normal value,1,One,0,Units
DATAFLOW,OECD.STI.PIE:DSD_PATENTS@DF_PATENTS_OECDSPECIFIC(1.0),Patents in OECD selected technologies,I,6F0,European Patent Office,A,Annual,AP,Patent applications,PATN,Patents,PRIORITY,Priority date,NZL,New Zealand,_Z,Not applicable,INVENTOR,Inventor,_Z,Not applicable,_Z,Not applicable,AI,Technologies related to artificial intelligence,2013,,3.25,,A,Normal value,1,One,0,Units
DATAFLOW,OECD.STI.PIE:DSD_PATENTS@DF_PATENTS_OECDSPECIFIC(1.0),Patents in OECD selected technologies,I,6F0,European Patent Office,A,Annual,AP,Patent applications,PATN,Patents,PRIORITY,Priority date,JPN,Japan,_Z,Not applicable,INVENTOR,Inventor,_Z,Not applicable,_Z,Not applicable,AI,Technologies related to artificial intelligence,2013,,334.45761,,A,Normal value,1,One,0,Units
DATAFLOW,OECD.STI.PIE:DSD_PATENTS@DF_PATENTS_OECDSPECIFIC(1.0),Patents in OECD selected technologies,I,6F0,European Patent Office,A,Annual,AP,Patent applications,PATN,Patents,PRIORITY,Priority date,CAN,Canada,_Z,Not applicable,INVENTOR,Inventor,_Z,Not applicable,_Z,Not applicable,AI,Technologies related to artificial intelligence,2013,,31,,A,Normal value,1,One,0,Units
DATAFLOW,OECD.STI.PIE:DSD_PATENTS@DF_PATENTS_OECDSPECIFIC(1.0),Patents in OECD selected technologies,I,6F0,European Patent Office,A,Annual,AP,Patent applications,PATN,Patents,PRIORITY,Priority date,KOR,Korea,_Z,Not applicable,INVENTOR,Inventor,_Z,Not applicable,_Z,Not applicable,AI,Technologies related to artificial intelligence,2013,,79.949997,,A,Normal value,1,One,0,Units
DATAFLOW,OECD.STI.PIE:DSD_PATENTS@DF_PATENTS_OECDSPECIFIC(1.0),Patents in OECD selected technologies,I,6F0,European Patent Office,A,Annual,AP,Patent applications,PATN,Patents,PRIORITY,Priority date,OECD,OECD,_Z,Not applicable,INVENTOR,Inventor,_Z,Not applicable,_Z,Not applicable,AI,Technologies related to artificial intelligence,2013,,1452.4536,,A,Normal value,1,One,0,Units
DATAFLOW,OECD.STI.PIE:DSD_PATENTS@DF_PATENTS_OECDSPECIFIC(1.0),Patents in OECD selected technologies,I,6F0,European Patent Office,A,Annual,AP,Patent applications,PATN,Patents,PRIORITY,Priority date,ITA,Italy,_Z,Not applicable,INVENTOR,Inventor,_Z,Not applicable,_Z,Not applicable,AI,Technologies related to artificial intelligence,2013,,8.5141001,,A,Normal value,1,One,0,Units
DATAFLOW,OECD.STI.PIE:DSD_PATENTS@DF_PATENTS_OECDSPECIFIC(1.0),Patents in OECD selected technologies,I,6F0,European Patent Office,A,Annual,AP,Patent applications,PATN,Patents,PRIORITY,Priority date,BEL,Belgium,_Z,Not applicable,INVENTOR,Inventor,_Z,Not applicable,_Z,Not applicable,AI,Technologies related to artificial intelligence,2013,,19.5,,A,Normal value,1,One,0,Units
DATAFLOW,OECD.STI.PIE:DSD_PATENTS@DF_PATENTS_OECDSPECIFIC(1.0),Patents in OECD selected technologies,I,6F0,European Patent Office,A,Annual,AP,Patent applications,PATN,Patents,PRIORITY,Priority date,NOR,Norway,_Z,Not applicable,INVENTOR,Inventor,_Z,Not applicable,_Z,Not applicable,AI,Technologies related to artificial intelligence,2013,,3.25,,A,Normal value,1,One,0,Units
DATAFLOW,OECD.STI.PIE:DSD_PATENTS@DF_PATENTS_OECDSPECIFIC(1.0),Patents in OECD selected technologies,I,6F0,European Patent Office,A,Annual,AP,Patent applications,PATN,Patents,PRIORITY,Priority date,HUN,Hungary,_Z,Not applicable,INVENTOR,Inventor,_Z,Not applicable,_Z,Not applicable,AI,Technologies related to artificial intelligence,2013,,2.5,,A,Normal value,1,One,0,Units
DATAFLOW,OECD.STI.PIE:DSD_PATENTS@DF_PATENTS_OECDSPECIFIC(1.0),Patents in OECD selected technologies,I,6F0,European Patent Office,A,Annual,AP,Patent applications,PATN,Patents,PRIORITY,Priority date,DEU,Germany,_Z,Not applicable,INVENTOR,Inventor,_Z,Not applicable,_Z,Not applicable,AI,Technologies related to artificial intelligence,2013,,89.528603,,A,Normal value,1,One,0,Units
DATAFLOW,OECD.STI.PIE:DSD_PATENTS@DF_PATENTS_OECDSPECIFIC(1.0),Patents in OECD selected technologies,I,6F0,European Patent Office,A,Annual,AP,Patent applications,PATN,Patents,PRIORITY,Priority date,TWN,Chinese Taipei,_Z,Not applicable,INVENTOR,Inventor,_Z,Not applicable,_Z,Not applicable,AI,Technologies related to artificial intelligence,2013,,6,,A,Normal value,1,One,0,Units
DATAFLOW,OECD.STI.PIE:DSD_PATENTS@DF_PATENTS_OECDSPECIFIC(1.0),Patents in OECD selected technologies,I,6F0,European Patent Office,A,Annual,AP,Patent applications,PATN,Patents,PRIORITY,Priority date,AUT,Austria,_Z,Not applicable,INVENTOR,Inventor,_Z,Not applicable,_Z,Not applicable,AI,Technologies related to artificial intelligence,2013,,12.1111,,A,Normal value,1,One,0,Units
DATAFLOW,OECD.STI.PIE:DSD_PATENTS@DF_PATENTS_OECDSPECIFIC(1.0),Patents in OECD selected technologies,I,6F0,European Patent Office,A,Annual,AP,Patent applications,PATN,Patents,PRIORITY,Priority date,SWE,Sweden,_Z,Not applicable,INVENTOR,Inventor,_Z,Not applicable,_Z,Not applicable,AI,Technologies related to artificial intelligence,2013,,21.627501,,A,Normal value,1,One,0,Units
DATAFLOW,OECD.STI.PIE:DSD_PATENTS@DF_PATENTS_OECDSPECIFIC(1.0),Patents in OECD selected technologies,I,6F0,European Patent Office,A,Annual,AP,Patent applications,PATN,Patents,PRIORITY,Priority date,W,World,_Z,Not applicable,INVENTOR,Inventor,_Z,Not applicable,_Z,Not applicable,AI,Technologies related to artificial intelligence,2013,,1603,,A,Normal value,1,One,0,Units
DATAFLOW,OECD.STI.PIE:DSD_PATENTS@DF_PATENTS_OECDSPECIFIC(1.0),Patents in OECD selected technologies,I,6F0,European Patent Office,A,Annual,AP,Patent applications,PATN,Patents,PRIORITY,Priority date,PRT,Portugal,_Z,Not applicable,INVENTOR,Inventor,_Z,Not applicable,_Z,Not applicable,AI,Technologies related to artificial intelligence,2013,,1.1111,,A,Normal value,1,One,0,Units
DATAFLOW,OECD.STI.PIE:DSD_PATENTS@DF_PATENTS_OECDSPECIFIC(1.0),Patents in OECD selected technologies,I,6F0,European Patent Office,A,Annual,AP,Patent applications,PATN,Patents,PRIORITY,Priority date,BRA,Brazil,_Z,Not applicable,INVENTOR,Inventor,_Z,Not applicable,_Z,Not applicable,AI,Technologies related to artificial intelligence,2013,,1.8333,,A,Normal value,1,One,0,Units
DATAFLOW,OECD.STI.PIE:DSD_PATENTS@DF_PATENTS_OECDSPECIFIC(1.0),Patents in OECD selected technologies,I,6F0,European Patent Office,A,Annual,AP,Patent applications,PATN,Patents,PRIORITY,Priority date,SGP,Singapore,_Z,Not applicable,INVENTOR,Inventor,_Z,Not applicable,_Z,Not applicable,AI,Technologies related to artificial intelligence,2013,,1.1,,A,Normal value,1,One,0,Units
DATAFLOW,OECD.STI.PIE:DSD_PATENTS@DF_PATENTS_OECDSPECIFIC(1.0),Patents in OECD selected technologies,I,6F0,European Patent Office,A,Annual,AP,Patent applications,PATN,Patents,PRIORITY,Priority date,NLD,Netherlands,_Z,Not applicable,INVENTOR,Inventor,_Z,Not applicable,_Z,Not applicable,AI,Technologies related to artificial intelligence,2013,,33.25,,A,Normal value,1,One,0,Units
DATAFLOW,OECD.STI.PIE:DSD_PATENTS@DF_PATENTS_OECDSPECIFIC(1.0),Patents in OECD selected technologies,I,6F0,European Patent Office,A,Annual,AP,Patent applications,PATN,Patents,PRIORITY,Priority date,ISR,Israel,_Z,Not applicable,INVENTOR,Inventor,_Z,Not applicable,_Z,Not applicable,AI,Technologies related to artificial intelligence,2013,,26,,A,Normal value,1,One,0,Units
DATAFLOW,OECD.STI.PIE:DSD_PATENTS@DF_PATENTS_OECDSPECIFIC(1.0),Patents in OECD selected technologies,I,6F0,European Patent Office,A,Annual,AP,Patent applications,PATN,Patents,PRIORITY,Priority date,EU27_2020,European Union (27 countries from 01/02/2020),_Z,Not applicable,INVENTOR,Inventor,_Z,Not applicable,_Z,Not applicable,AI,Technologies related to artificial intelligence,2013,,293.66861,,A,Normal value,1,One,0,Units
DATAFLOW,OECD.STI.PIE:DSD_PATENTS@DF_PATENTS_OECDSPECIFIC(1.0),Patents in OECD selected technologies,I,6F0,European Patent Office,A,Annual,AP,Patent applications,PATN,Patents,PRIORITY,Priority date,AUS,Australia,_Z,Not applicable,INVENTOR,Inventor,_Z,Not applicable,_Z,Not applicable,AI,Technologies related to artificial intelligence,2013,,8,,A,Normal value,1,One,0,Units
DATAFLOW,OECD.STI.PIE:DSD_PATENTS@DF_PATENTS_OECDSPECIFIC(1.0),Patents in OECD selected technologies,I,6F0,European Patent Office,A,Annual,AP,Patent applications,PATN,Patents,PRIORITY,Priority date,ESP,Spain,_Z,Not applicable,INVENTOR,Inventor,_Z,Not applicable,_Z,Not applicable,AI,Technologies related to artificial intelligence,2013,,12.9667,,A,Normal value,1,One,0,Units
DATAFLOW,OECD.STI.PIE:DSD_PATENTS@DF_PATENTS_OECDSPECIFIC(1.0),Patents in OECD selected technologies,I,6F0,European Patent Office,A,Annual,AP,Patent applications,PATN,Patents,PRIORITY,Priority date,MEX,Mexico,_Z,Not applicable,INVENTOR,Inventor,_Z,Not applicable,_Z,Not applicable,AI,Technologies related to artificial intelligence,2013,,1.5833,,A,Normal value,1,One,0,Units
DATAFLOW,OECD.STI.PIE:DSD_PATENTS@DF_PATENTS_OECDSPECIFIC(1.0),Patents in OECD selected technologies,I,6F0,European Patent Office,A,Annual,AP,Patent applications,PATN,Patents,PRIORITY,Priority date,RUS,Russia,_Z,Not applicable,INVENTOR,Inventor,_Z,Not applicable,_Z,Not applicable,AI,Technologies related to artificial intelligence,2013,,7,,A,Normal value,1,One,0,Units
DATAFLOW,OECD.STI.PIE:DSD_PATENTS@DF_PATENTS_OECDSPECIFIC(1.0),Patents in OECD selected technologies,I,6F0,European Patent Office,A,Annual,AP,Patent applications,PATN,Patents,PRIORITY,Priority date,IRL,Ireland,_Z,Not applicable,INVENTOR,Inventor,_Z,Not applicable,_Z,Not applicable,AI,Technologies related to artificial intelligence,2013,,4.6666999,,A,Normal value,1,One,0,Units
DATAFLOW,OECD.STI.PIE:DSD_PATENTS@DF_PATENTS_OECDSPECIFIC(1.0),Patents in OECD selected technologies,I,6F0,European Patent Office,A,Annual,AP,Patent applications,PATN,Patents,PRIORITY,Priority date,GBR,United Kingdom,_Z,Not applicable,INVENTOR,Inventor,_Z,Not applicable,_Z,Not applicable,AI,Technologies related to artificial intelligence,2013,,70.275002,,A,Normal value,1,One,0,Units
DATAFLOW,OECD.STI.PIE:DSD_PATENTS@DF_PATENTS_OECDSPECIFIC(1.0),Patents in OECD selected technologies,I,6F0,European Patent Office,A,Annual,AP,Patent applications,PATN,Patents,PRIORITY,Priority date,POL,Poland,_Z,Not applicable,INVENTOR,Inventor,_Z,Not applicable,_Z,Not applicable,AI,Technologies related to artificial intelligence,2013,,4.1666999,,A,Normal value,1,One,0,Units
DATAFLOW,OECD.STI.PIE:DSD_PATENTS@DF_PATENTS_OECDSPECIFIC(1.0),Patents in OECD selected technologies,I,6F0,European Patent Office,A,Annual,AP,Patent applications,PATN,Patents,PRIORITY,Priority date,DNK,Denmark,_Z,Not applicable,INVENTOR,Inventor,_Z,Not applicable,_Z,Not applicable,AI,Technologies related to artificial intelligence,2013,,1.8571,,A,Normal value,1,One,0,Units
DATAFLOW,OECD.STI.PIE:DSD_PATENTS@DF_PATENTS_OECDSPECIFIC(1.0),Patents in OECD selected technologies,I,6F0,European Patent Office,A,Annual,AP,Patent applications,PATN,Patents,PRIORITY,Priority date,CHN,China (People’s Republic of),_Z,Not applicable,INVENTOR,Inventor,_Z,Not applicable,_Z,Not applicable,AI,Technologies related to artificial intelligence,2013,,97.265503,,A,Normal value,1,One,0,Units
DATAFLOW,OECD.STI.PIE:DSD_PATENTS@DF_PATENTS_OECDSPECIFIC(1.0),Patents in OECD selected technologies,I,6F0,European Patent Office,A,Annual,AP,Patent applications,PATN,Patents,PRIORITY,Priority date,CHE,Switzerland,_Z,Not applicable,INVENTOR,Inventor,_Z,Not applicable,_Z,Not applicable,AI,Technologies related to artificial intelligence,2013,,17.8216,,A,Normal value,1,One,0,Units
DATAFLOW,OECD.STI.PIE:DSD_PATENTS@DF_PATENTS_OECDSPECIFIC(1.0),Patents in OECD selected technologies,I,6F0,European Patent Office,A,Annual,AP,Patent applications,PATN,Patents,PRIORITY,Priority date,IND,India,_Z,Not applicable,INVENTOR,Inventor,_Z,Not applicable,_Z,Not applicable,AI,Technologies related to artificial intelligence,2013,,27.2976,,A,Normal value,1,One,0,Units
DATAFLOW,OECD.STI.PIE:DSD_PATENTS@DF_PATENTS_OECDSPECIFIC(1.0),Patents in OECD selected technologies,I,6F0,European Patent Office,A,Annual,AP,Patent applications,PATN,Patents,PRIORITY,Priority date,CZE,Czechia,_Z,Not applicable,INVENTOR,Inventor,_Z,Not applicable,_Z,Not applicable,AI,Technologies related to artificial intelligence,2013,,1.8,,A,Normal value,1,One,0,Units
DATAFLOW,OECD.STI.PIE:DSD_PATENTS@DF_PATENTS_OECDSPECIFIC(1.0),Patents in OECD selected technologies,I,6F0,European Patent Office,A,Annual,AP,Patent applications,PATN,Patents,PRIORITY,Priority date,HKG,Hong Kong (China),_Z,Not applicable,INVENTOR,Inventor,_Z,Not applicable,_Z,Not applicable,AI,Technologies related to artificial intelligence,2013,,3.5167,,A,Normal value,1,One,0,Units
DATAFLOW,OECD.STI.PIE:DSD_PATENTS@DF_PATENTS_OECDSPECIFIC(1.0),Patents in OECD selected technologies,I,6F0,European Patent Office,A,Annual,AP,Patent applications,PATN,Patents,PRIORITY,Priority date,FIN,Finland,_Z,Not applicable,INVENTOR,Inventor,_Z,Not applicable,_Z,Not applicable,AI,Technologies related to artificial intelligence,2013,,11.6667,,A,Normal value,1,One,0,Units
DATAFLOW,OECD.STI.PIE:DSD_PATENTS@DF_PATENTS_OECDSPECIFIC(1.0),Patents in OECD selected technologies,I,6F0,European Patent Office,A,Annual,AP,Patent applications,PATN,Patents,PRIORITY,Priority date,MYS,Malaysia,_Z,Not applicable,INVENTOR,Inventor,_Z,Not applicable,_Z,Not applicable,AI,Technologies related to artificial intelligence,2013,,0.33329999,,A,Normal value,1,One,0,Units
DATAFLOW,OECD.STI.PIE:DSD_PATENTS@DF_PATENTS_OECDSPECIFIC(1.0),Patents in OECD selected technologies,I,6F0,European Patent Office,A,Annual,AP,Patent applications,PATN,Patents,PRIORITY,Priority date,USA,United States,_Z,Not applicable,INVENTOR,Inventor,_Z,Not applicable,_Z,Not applicable,AI,Technologies related to artificial intelligence,2013,,579.94739,,A,Normal value,1,One,0,Units
DATAFLOW,OECD.STI.PIE:DSD_PATENTS@DF_PATENTS_OECDSPECIFIC(1.0),Patents in OECD selected technologies,I,6F0,European Patent Office,A,Annual,AP,Patent applications,PATN,Patents,PRIORITY,Priority date,FRA,France,_Z,Not applicable,INVENTOR,Inventor,_Z,Not applicable,_Z,Not applicable,AI,Technologies related to artificial intelligence,2013,,68.402397,,A,Normal value,1,One,0,Units
DATAFLOW,OECD.STI.PIE:DSD_PATENTS@DF_PATENTS_OECDSPECIFIC(1.0),Patents in OECD selected technologies,I,6F0,European Patent Office,A,Annual,AP,Patent applications,PATN,Patents,PRIORITY,Priority date,COL,Colombia,_Z,Not applicable,INVENTOR,Inventor,_Z,Not applicable,_Z,Not applicable,AI,Technologies related to artificial intelligence,2013,,1.25,,A,Normal value,1,One,0,Units
DATAFLOW,OECD.STI.PIE:DSD_PATENTS@DF_PATENTS_OECDSPECIFIC(1.0),Patents in OECD selected technologies,I,6F0,European Patent Office,A,Annual,AP,Patent applications,PATN,Patents,PRIORITY,Priority date,HRV,Croatia,_Z,Not applicable,INVENTOR,Inventor,_Z,Not applicable,_Z,Not applicable,AI,Technologies related to artificial intelligence,2014,,1.6,,A,Normal value,1,One,0,Units
DATAFLOW,OECD.STI.PIE:DSD_PATENTS@DF_PATENTS_OECDSPECIFIC(1.0),Patents in OECD selected technologies,I,6F0,European Patent Office,A,Annual,AP,Patent applications,PATN,Patents,PRIORITY,Priority date,FRA,France,_Z,Not applicable,INVENTOR,Inventor,_Z,Not applicable,_Z,Not applicable,AI,Technologies related to artificial intelligence,2014,,75.533302,,A,Normal value,1,One,0,Units
DATAFLOW,OECD.STI.PIE:DSD_PATENTS@DF_PATENTS_OECDSPECIFIC(1.0),Patents in OECD selected technologies,I,6F0,European Patent Office,A,Annual,AP,Patent applications,PATN,Patents,PRIORITY,Priority date,USA,United States,_Z,Not applicable,INVENTOR,Inventor,_Z,Not applicable,_Z,Not applicable,AI,Technologies related to artificial intelligence,2014,,706.46179,,A,Normal value,1,One,0,Units
DATAFLOW,OECD.STI.PIE:DSD_PATENTS@DF_PATENTS_OECDSPECIFIC(1.0),Patents in OECD selected technologies,I,6F0,European Patent Office,A,Annual,AP,Patent applications,PATN,Patents,PRIORITY,Priority date,FIN,Finland,_Z,Not applicable,INVENTOR,Inventor,_Z,Not applicable,_Z,Not applicable,AI,Technologies related to artificial intelligence,2014,,14.0833,,A,Normal value,1,One,0,Units
DATAFLOW,OECD.STI.PIE:DSD_PATENTS@DF_PATENTS_OECDSPECIFIC(1.0),Patents in OECD selected technologies,I,6F0,European Patent Office,A,Annual,AP,Patent applications,PATN,Patents,PRIORITY,Priority date,HKG,Hong Kong (China),_Z,Not applicable,INVENTOR,Inventor,_Z,Not applicable,_Z,Not applicable,AI,Technologies related to artificial intelligence,2014,,2.9333,,A,Normal value,1,One,0,Units
DATAFLOW,OECD.STI.PIE:DSD_PATENTS@DF_PATENTS_OECDSPECIFIC(1.0),Patents in OECD selected technologies,I,6F0,European Patent Office,A,Annual,AP,Patent applications,PATN,Patents,PRIORITY,Priority date,CZE,Czechia,_Z,Not applicable,INVENTOR,Inventor,_Z,Not applicable,_Z,Not applicable,AI,Technologies related to artificial intelligence,2014,,5.3333001,,A,Normal value,1,One,0,Units
DATAFLOW,OECD.STI.PIE:DSD_PATENTS@DF_PATENTS_OECDSPECIFIC(1.0),Patents in OECD selected technologies,I,6F0,European Patent Office,A,Annual,AP,Patent applications,PATN,Patents,PRIORITY,Priority date,IND,India,_Z,Not applicable,INVENTOR,Inventor,_Z,Not applicable,_Z,Not applicable,AI,Technologies related to artificial intelligence,2014,,22.9718,,A,Normal value,1,One,0,Units
DATAFLOW,OECD.STI.PIE:DSD_PATENTS@DF_PATENTS_OECDSPECIFIC(1.0),Patents in OECD selected technologies,I,6F0,European Patent Office,A,Annual,AP,Patent applications,PATN,Patents,PRIORITY,Priority date,CHE,Switzerland,_Z,Not applicable,INVENTOR,Inventor,_Z,Not applicable,_Z,Not applicable,AI,Technologies related to artificial intelligence,2014,,26.125401,,A,Normal value,1,One,0,Units
DATAFLOW,OECD.STI.PIE:DSD_PATENTS@DF_PATENTS_OECDSPECIFIC(1.0),Patents in OECD selected technologies,I,6F0,European Patent Office,A,Annual,AP,Patent applications,PATN,Patents,PRIORITY,Priority date,CHN,China (People’s Republic of),_Z,Not applicable,INVENTOR,Inventor,_Z,Not applicable,_Z,Not applicable,AI,Technologies related to artificial intelligence,2014,,174.14999,,A,Normal value,1,One,0,Units
DATAFLOW,OECD.STI.PIE:DSD_PATENTS@DF_PATENTS_OECDSPECIFIC(1.0),Patents in OECD selected technologies,I,6F0,European Patent Office,A,Annual,AP,Patent applications,PATN,Patents,PRIORITY,Priority date,DNK,Denmark,_Z,Not applicable,INVENTOR,Inventor,_Z,Not applicable,_Z,Not applicable,AI,Technologies related to artificial intelligence,2014,,7.8000002,,A,Normal value,1,One,0,Units
DATAFLOW,OECD.STI.PIE:DSD_PATENTS@DF_PATENTS_OECDSPECIFIC(1.0),Patents in OECD selected technologies,I,6F0,European Patent Office,A,Annual,AP,Patent applications,PATN,Patents,PRIORITY,Priority date,ROU,Romania,_Z,Not applicable,INVENTOR,Inventor,_Z,Not applicable,_Z,Not applicable,AI,Technologies related to artificial intelligence,2014,,3.2111001,,A,Normal value,1,One,0,Units
DATAFLOW,OECD.STI.PIE:DSD_PATENTS@DF_PATENTS_OECDSPECIFIC(1.0),Patents in OECD selected technologies,I,6F0,European Patent Office,A,Annual,AP,Patent applications,PATN,Patents,PRIORITY,Priority date,POL,Poland,_Z,Not applicable,INVENTOR,Inventor,_Z,Not applicable,_Z,Not applicable,AI,Technologies related to artificial intelligence,2014,,5.5,,A,Normal value,1,One,0,Units
DATAFLOW,OECD.STI.PIE:DSD_PATENTS@DF_PATENTS_OECDSPECIFIC(1.0),Patents in OECD selected technologies,I,6F0,European Patent Office,A,Annual,AP,Patent applications,PATN,Patents,PRIORITY,Priority date,GBR,United Kingdom,_Z,Not applicable,INVENTOR,Inventor,_Z,Not applicable,_Z,Not applicable,AI,Technologies related to artificial intelligence,2014,,56.8652,,A,Normal value,1,One,0,Units
DATAFLOW,OECD.STI.PIE:DSD_PATENTS@DF_PATENTS_OECDSPECIFIC(1.0),Patents in OECD selected technologies,I,6F0,European Patent Office,A,Annual,AP,Patent applications,PATN,Patents,PRIORITY,Priority date,IRL,Ireland,_Z,Not applicable,INVENTOR,Inventor,_Z,Not applicable,_Z,Not applicable,AI,Technologies related to artificial intelligence,2014,,6.5667,,A,Normal value,1,One,0,Units
DATAFLOW,OECD.STI.PIE:DSD_PATENTS@DF_PATENTS_OECDSPECIFIC(1.0),Patents in OECD selected technologies,I,6F0,European Patent Office,A,Annual,AP,Patent applications,PATN,Patents,PRIORITY,Priority date,RUS,Russia,_Z,Not applicable,INVENTOR,Inventor,_Z,Not applicable,_Z,Not applicable,AI,Technologies related to artificial intelligence,2014,,2.375,,A,Normal value,1,One,0,Units
DATAFLOW,OECD.STI.PIE:DSD_PATENTS@DF_PATENTS_OECDSPECIFIC(1.0),Patents in OECD selected technologies,I,6F0,European Patent Office,A,Annual,AP,Patent applications,PATN,Patents,PRIORITY,Priority date,MEX,Mexico,_Z,Not applicable,INVENTOR,Inventor,_Z,Not applicable,_Z,Not applicable,AI,Technologies related to artificial intelligence,2014,,0.16670001,,A,Normal value,1,One,0,Units
DATAFLOW,OECD.STI.PIE:DSD_PATENTS@DF_PATENTS_OECDSPECIFIC(1.0),Patents in OECD selected technologies,I,6F0,European Patent Office,A,Annual,AP,Patent applications,PATN,Patents,PRIORITY,Priority date,ESP,Spain,_Z,Not applicable,INVENTOR,Inventor,_Z,Not applicable,_Z,Not applicable,AI,Technologies related to artificial intelligence,2014,,17.25,,A,Normal value,1,One,0,Units
DATAFLOW,OECD.STI.PIE:DSD_PATENTS@DF_PATENTS_OECDSPECIFIC(1.0),Patents in OECD selected technologies,I,6F0,European Patent Office,A,Annual,AP,Patent applications,PATN,Patents,PRIORITY,Priority date,AUS,Australia,_Z,Not applicable,INVENTOR,Inventor,_Z,Not applicable,_Z,Not applicable,AI,Technologies related to artificial intelligence,2014,,15.7917,,A,Normal value,1,One,0,Units
DATAFLOW,OECD.STI.PIE:DSD_PATENTS@DF_PATENTS_OECDSPECIFIC(1.0),Patents in OECD selected technologies,I,6F0,European Patent Office,A,Annual,AP,Patent applications,PATN,Patents,PRIORITY,Priority date,EU27_2020,European Union (27 countries from 01/02/2020),_Z,Not applicable,INVENTOR,Inventor,_Z,Not applicable,_Z,Not applicable,AI,Technologies related to artificial intelligence,2014,,369.8587,,A,Normal value,1,One,0,Units
DATAFLOW,OECD.STI.PIE:DSD_PATENTS@DF_PATENTS_OECDSPECIFIC(1.0),Patents in OECD selected technologies,I,6F0,European Patent Office,A,Annual,AP,Patent applications,PATN,Patents,PRIORITY,Priority date,ISR,Israel,_Z,Not applicable,INVENTOR,Inventor,_Z,Not applicable,_Z,Not applicable,AI,Technologies related to artificial intelligence,2014,,29.6667,,A,Normal value,1,One,0,Units
DATAFLOW,OECD.STI.PIE:DSD_PATENTS@DF_PATENTS_OECDSPECIFIC(1.0),Patents in OECD selected technologies,I,6F0,European Patent Office,A,Annual,AP,Patent applications,PATN,Patents,PRIORITY,Priority date,ARE,United Arab Emirates,_Z,Not applicable,INVENTOR,Inventor,_Z,Not applicable,_Z,Not applicable,AI,Technologies related to artificial intelligence,2014,,1.3333,,A,Normal value,1,One,0,Units
DATAFLOW,OECD.STI.PIE:DSD_PATENTS@DF_PATENTS_OECDSPECIFIC(1.0),Patents in OECD selected technologies,I,6F0,European Patent Office,A,Annual,AP,Patent applications,PATN,Patents,PRIORITY,Priority date,NLD,Netherlands,_Z,Not applicable,INVENTOR,Inventor,_Z,Not applicable,_Z,Not applicable,AI,Technologies related to artificial intelligence,2014,,43.366699,,A,Normal value,1,One,0,Units
DATAFLOW,OECD.STI.PIE:DSD_PATENTS@DF_PATENTS_OECDSPECIFIC(1.0),Patents in OECD selected technologies,I,6F0,European Patent Office,A,Annual,AP,Patent applications,PATN,Patents,PRIORITY,Priority date,SGP,Singapore,_Z,Not applicable,INVENTOR,Inventor,_Z,Not applicable,_Z,Not applicable,AI,Technologies related to artificial intelligence,2014,,9.6667004,,A,Normal value,1,One,0,Units
DATAFLOW,OECD.STI.PIE:DSD_PATENTS@DF_PATENTS_OECDSPECIFIC(1.0),Patents in OECD selected technologies,I,6F0,European Patent Office,A,Annual,AP,Patent applications,PATN,Patents,PRIORITY,Priority date,PRT,Portugal,_Z,Not applicable,INVENTOR,Inventor,_Z,Not applicable,_Z,Not applicable,AI,Technologies related to artificial intelligence,2014,,3.7618999,,A,Normal value,1,One,0,Units
DATAFLOW,OECD.STI.PIE:DSD_PATENTS@DF_PATENTS_OECDSPECIFIC(1.0),Patents in OECD selected technologies,I,6F0,European Patent Office,A,Annual,AP,Patent applications,PATN,Patents,PRIORITY,Priority date,W,World,_Z,Not applicable,INVENTOR,Inventor,_Z,Not applicable,_Z,Not applicable,AI,Technologies related to artificial intelligence,2014,,1912,,A,Normal value,1,One,0,Units
DATAFLOW,OECD.STI.PIE:DSD_PATENTS@DF_PATENTS_OECDSPECIFIC(1.0),Patents in OECD selected technologies,I,6F0,European Patent Office,A,Annual,AP,Patent applications,PATN,Patents,PRIORITY,Priority date,SWE,Sweden,_Z,Not applicable,INVENTOR,Inventor,_Z,Not applicable,_Z,Not applicable,AI,Technologies related to artificial intelligence,2014,,33.666698,,A,Normal value,1,One,0,Units
DATAFLOW,OECD.STI.PIE:DSD_PATENTS@DF_PATENTS_OECDSPECIFIC(1.0),Patents in OECD selected technologies,I,6F0,European Patent Office,A,Annual,AP,Patent applications,PATN,Patents,PRIORITY,Priority date,AUT,Austria,_Z,Not applicable,INVENTOR,Inventor,_Z,Not applicable,_Z,Not applicable,AI,Technologies related to artificial intelligence,2014,,4.9443998,,A,Normal value,1,One,0,Units
DATAFLOW,OECD.STI.PIE:DSD_PATENTS@DF_PATENTS_OECDSPECIFIC(1.0),Patents in OECD selected technologies,I,6F0,European Patent Office,A,Annual,AP,Patent applications,PATN,Patents,PRIORITY,Priority date,TWN,Chinese Taipei,_Z,Not applicable,INVENTOR,Inventor,_Z,Not applicable,_Z,Not applicable,AI,Technologies related to artificial intelligence,2014,,6.1429,,A,Normal value,1,One,0,Units
DATAFLOW,OECD.STI.PIE:DSD_PATENTS@DF_PATENTS_OECDSPECIFIC(1.0),Patents in OECD selected technologies,I,6F0,European Patent Office,A,Annual,AP,Patent applications,PATN,Patents,PRIORITY,Priority date,DEU,Germany,_Z,Not applicable,INVENTOR,Inventor,_Z,Not applicable,_Z,Not applicable,AI,Technologies related to artificial intelligence,2014,,111.696,,A,Normal value,1,One,0,Units
DATAFLOW,OECD.STI.PIE:DSD_PATENTS@DF_PATENTS_OECDSPECIFIC(1.0),Patents in OECD selected technologies,I,6F0,European Patent Office,A,Annual,AP,Patent applications,PATN,Patents,PRIORITY,Priority date,HUN,Hungary,_Z,Not applicable,INVENTOR,Inventor,_Z,Not applicable,_Z,Not applicable,AI,Technologies related to artificial intelligence,2014,,1.65,,A,Normal value,1,One,0,Units
DATAFLOW,OECD.STI.PIE:DSD_PATENTS@DF_PATENTS_OECDSPECIFIC(1.0),Patents in OECD selected technologies,I,6F0,European Patent Office,A,Annual,AP,Patent applications,PATN,Patents,PRIORITY,Priority date,LIE,Liechtenstein,_Z,Not applicable,INVENTOR,Inventor,_Z,Not applicable,_Z,Not applicable,AI,Technologies related to artificial intelligence,2014,,0.1111,,A,Normal value,1,One,0,Units
DATAFLOW,OECD.STI.PIE:DSD_PATENTS@DF_PATENTS_OECDSPECIFIC(1.0),Patents in OECD selected technologies,I,6F0,European Patent Office,A,Annual,AP,Patent applications,PATN,Patents,PRIORITY,Priority date,BEL,Belgium,_Z,Not applicable,INVENTOR,Inventor,_Z,Not applicable,_Z,Not applicable,AI,Technologies related to artificial intelligence,2014,,14.8,,A,Normal value,1,One,0,Units
DATAFLOW,OECD.STI.PIE:DSD_PATENTS@DF_PATENTS_OECDSPECIFIC(1.0),Patents in OECD selected technologies,I,6F0,European Patent Office,A,Annual,AP,Patent applications,PATN,Patents,PRIORITY,Priority date,ITA,Italy,_Z,Not applicable,INVENTOR,Inventor,_Z,Not applicable,_Z,Not applicable,AI,Technologies related to artificial intelligence,2014,,17.0952,,A,Normal value,1,One,0,Units
DATAFLOW,OECD.STI.PIE:DSD_PATENTS@DF_PATENTS_OECDSPECIFIC(1.0),Patents in OECD selected technologies,I,6F0,European Patent Office,A,Annual,AP,Patent applications,PATN,Patents,PRIORITY,Priority date,OECD,OECD,_Z,Not applicable,INVENTOR,Inventor,_Z,Not applicable,_Z,Not applicable,AI,Technologies related to artificial intelligence,2014,,1679.6714,,A,Normal value,1,One,0,Units
DATAFLOW,OECD.STI.PIE:DSD_PATENTS@DF_PATENTS_OECDSPECIFIC(1.0),Patents in OECD selected technologies,I,6F0,European Patent Office,A,Annual,AP,Patent applications,PATN,Patents,PRIORITY,Priority date,KOR,Korea,_Z,Not applicable,INVENTOR,Inventor,_Z,Not applicable,_Z,Not applicable,AI,Technologies related to artificial intelligence,2014,,81.324997,,A,Normal value,1,One,0,Units
DATAFLOW,OECD.STI.PIE:DSD_PATENTS@DF_PATENTS_OECDSPECIFIC(1.0),Patents in OECD selected technologies,I,6F0,European Patent Office,A,Annual,AP,Patent applications,PATN,Patents,PRIORITY,Priority date,CAN,Canada,_Z,Not applicable,INVENTOR,Inventor,_Z,Not applicable,_Z,Not applicable,AI,Technologies related to artificial intelligence,2014,,26.549999,,A,Normal value,1,One,0,Units
DATAFLOW,OECD.STI.PIE:DSD_PATENTS@DF_PATENTS_OECDSPECIFIC(1.0),Patents in OECD selected technologies,I,6F0,European Patent Office,A,Annual,AP,Patent applications,PATN,Patents,PRIORITY,Priority date,JPN,Japan,_Z,Not applicable,INVENTOR,Inventor,_Z,Not applicable,_Z,Not applicable,AI,Technologies related to artificial intelligence,2014,,367.17139,,A,Normal value,1,One,0,Units
DATAFLOW,OECD.STI.PIE:DSD_PATENTS@DF_PATENTS_OECDSPECIFIC(1.0),Patents in OECD selected technologies,I,6F0,European Patent Office,A,Annual,AP,Patent applications,PATN,Patents,PRIORITY,Priority date,NZL,New Zealand,_Z,Not applicable,INVENTOR,Inventor,_Z,Not applicable,_Z,Not applicable,AI,Technologies related to artificial intelligence,2015,,2.6666999,,A,Normal value,1,One,0,Units
DATAFLOW,OECD.STI.PIE:DSD_PATENTS@DF_PATENTS_OECDSPECIFIC(1.0),Patents in OECD selected technologies,I,6F0,European Patent Office,A,Annual,AP,Patent applications,PATN,Patents,PRIORITY,Priority date,EST,Estonia,_Z,Not applicable,INVENTOR,Inventor,_Z,Not applicable,_Z,Not applicable,AI,Technologies related to artificial intelligence,2015,,1.25,,A,Normal value,1,One,0,Units
DATAFLOW,OECD.STI.PIE:DSD_PATENTS@DF_PATENTS_OECDSPECIFIC(1.0),Patents in OECD selected technologies,I,6F0,European Patent Office,A,Annual,AP,Patent applications,PATN,Patents,PRIORITY,Priority date,JPN,Japan,_Z,Not applicable,INVENTOR,Inventor,_Z,Not applicable,_Z,Not applicable,AI,Technologies related to artificial intelligence,2015,,443.95001,,A,Normal value,1,One,0,Units
DATAFLOW,OECD.STI.PIE:DSD_PATENTS@DF_PATENTS_OECDSPECIFIC(1.0),Patents in OECD selected technologies,I,6F0,European Patent Office,A,Annual,AP,Patent applications,PATN,Patents,PRIORITY,Priority date,CAN,Canada,_Z,Not applicable,INVENTOR,Inventor,_Z,Not applicable,_Z,Not applicable,AI,Technologies related to artificial intelligence,2015,,40.966702,,A,Normal value,1,One,0,Units
DATAFLOW,OECD.STI.PIE:DSD_PATENTS@DF_PATENTS_OECDSPECIFIC(1.0),Patents in OECD selected technologies,I,6F0,European Patent Office,A,Annual,AP,Patent applications,PATN,Patents,PRIORITY,Priority date,KOR,Korea,_Z,Not applicable,INVENTOR,Inventor,_Z,Not applicable,_Z,Not applicable,AI,Technologies related to artificial intelligence,2015,,83.642899,,A,Normal value,1,One,0,Units
DATAFLOW,OECD.STI.PIE:DSD_PATENTS@DF_PATENTS_OECDSPECIFIC(1.0),Patents in OECD selected technologies,I,6F0,European Patent Office,A,Annual,AP,Patent applications,PATN,Patents,PRIORITY,Priority date,OECD,OECD,_Z,Not applicable,INVENTOR,Inventor,_Z,Not applicable,_Z,Not applicable,AI,Technologies related to artificial intelligence,2015,,2080.9219,,A,Normal value,1,One,0,Units
DATAFLOW,OECD.STI.PIE:DSD_PATENTS@DF_PATENTS_OECDSPECIFIC(1.0),Patents in OECD selected technologies,I,6F0,European Patent Office,A,Annual,AP,Patent applications,PATN,Patents,PRIORITY,Priority date,ITA,Italy,_Z,Not applicable,INVENTOR,Inventor,_Z,Not applicable,_Z,Not applicable,AI,Technologies related to artificial intelligence,2015,,17.983299,,A,Normal value,1,One,0,Units
DATAFLOW,OECD.STI.PIE:DSD_PATENTS@DF_PATENTS_OECDSPECIFIC(1.0),Patents in OECD selected technologies,I,6F0,European Patent Office,A,Annual,AP,Patent applications,PATN,Patents,PRIORITY,Priority date,IDN,Indonesia,_Z,Not applicable,INVENTOR,Inventor,_Z,Not applicable,_Z,Not applicable,AI,Technologies related to artificial intelligence,2015,,0.25,,A,Normal value,1,One,0,Units
DATAFLOW,OECD.STI.PIE:DSD_PATENTS@DF_PATENTS_OECDSPECIFIC(1.0),Patents in OECD selected technologies,I,6F0,European Patent Office,A,Annual,AP,Patent applications,PATN,Patents,PRIORITY,Priority date,BEL,Belgium,_Z,Not applicable,INVENTOR,Inventor,_Z,Not applicable,_Z,Not applicable,AI,Technologies related to artificial intelligence,2015,,18.1,,A,Normal value,1,One,0,Units
DATAFLOW,OECD.STI.PIE:DSD_PATENTS@DF_PATENTS_OECDSPECIFIC(1.0),Patents in OECD selected technologies,I,6F0,European Patent Office,A,Annual,AP,Patent applications,PATN,Patents,PRIORITY,Priority date,NOR,Norway,_Z,Not applicable,INVENTOR,Inventor,_Z,Not applicable,_Z,Not applicable,AI,Technologies related to artificial intelligence,2015,,7.6666999,,A,Normal value,1,One,0,Units
DATAFLOW,OECD.STI.PIE:DSD_PATENTS@DF_PATENTS_OECDSPECIFIC(1.0),Patents in OECD selected technologies,I,6F0,European Patent Office,A,Annual,AP,Patent applications,PATN,Patents,PRIORITY,Priority date,DEU,Germany,_Z,Not applicable,INVENTOR,Inventor,_Z,Not applicable,_Z,Not applicable,AI,Technologies related to artificial intelligence,2015,,99.160698,,A,Normal value,1,One,0,Units
DATAFLOW,OECD.STI.PIE:DSD_PATENTS@DF_PATENTS_OECDSPECIFIC(1.0),Patents in OECD selected technologies,I,6F0,European Patent Office,A,Annual,AP,Patent applications,PATN,Patents,PRIORITY,Priority date,TWN,Chinese Taipei,_Z,Not applicable,INVENTOR,Inventor,_Z,Not applicable,_Z,Not applicable,AI,Technologies related to artificial intelligence,2015,,14.2857,,A,Normal value,1,One,0,Units
DATAFLOW,OECD.STI.PIE:DSD_PATENTS@DF_PATENTS_OECDSPECIFIC(1.0),Patents in OECD selected technologies,I,6F0,European Patent Office,A,Annual,AP,Patent applications,PATN,Patents,PRIORITY,Priority date,AUT,Austria,_Z,Not applicable,INVENTOR,Inventor,_Z,Not applicable,_Z,Not applicable,AI,Technologies related to artificial intelligence,2015,,11.9,,A,Normal value,1,One,0,Units
DATAFLOW,OECD.STI.PIE:DSD_PATENTS@DF_PATENTS_OECDSPECIFIC(1.0),Patents in OECD selected technologies,I,6F0,European Patent Office,A,Annual,AP,Patent applications,PATN,Patents,PRIORITY,Priority date,SWE,Sweden,_Z,Not applicable,INVENTOR,Inventor,_Z,Not applicable,_Z,Not applicable,AI,Technologies related to artificial intelligence,2015,,29.25,,A,Normal value,1,One,0,Units
DATAFLOW,OECD.STI.PIE:DSD_PATENTS@DF_PATENTS_OECDSPECIFIC(1.0),Patents in OECD selected technologies,I,6F0,European Patent Office,A,Annual,AP,Patent applications,PATN,Patents,PRIORITY,Priority date,W,World,_Z,Not applicable,INVENTOR,Inventor,_Z,Not applicable,_Z,Not applicable,AI,Technologies related to artificial intelligence,2015,,2426,,A,Normal value,1,One,0,Units
DATAFLOW,OECD.STI.PIE:DSD_PATENTS@DF_PATENTS_OECDSPECIFIC(1.0),Patents in OECD selected technologies,I,6F0,European Patent Office,A,Annual,AP,Patent applications,PATN,Patents,PRIORITY,Priority date,PRT,Portugal,_Z,Not applicable,INVENTOR,Inventor,_Z,Not applicable,_Z,Not applicable,AI,Technologies related to artificial intelligence,2015,,5.3333001,,A,Normal value,1,One,0,Units
DATAFLOW,OECD.STI.PIE:DSD_PATENTS@DF_PATENTS_OECDSPECIFIC(1.0),Patents in OECD selected technologies,I,6F0,European Patent Office,A,Annual,AP,Patent applications,PATN,Patents,PRIORITY,Priority date,BRA,Brazil,_Z,Not applicable,INVENTOR,Inventor,_Z,Not applicable,_Z,Not applicable,AI,Technologies related to artificial intelligence,2015,,3.9166999,,A,Normal value,1,One,0,Units
DATAFLOW,OECD.STI.PIE:DSD_PATENTS@DF_PATENTS_OECDSPECIFIC(1.0),Patents in OECD selected technologies,I,6F0,European Patent Office,A,Annual,AP,Patent applications,PATN,Patents,PRIORITY,Priority date,SVK,Slovak Republic,_Z,Not applicable,INVENTOR,Inventor,_Z,Not applicable,_Z,Not applicable,AI,Technologies related to artificial intelligence,2015,,1.2,,A,Normal value,1,One,0,Units
DATAFLOW,OECD.STI.PIE:DSD_PATENTS@DF_PATENTS_OECDSPECIFIC(1.0),Patents in OECD selected technologies,I,6F0,European Patent Office,A,Annual,AP,Patent applications,PATN,Patents,PRIORITY,Priority date,SGP,Singapore,_Z,Not applicable,INVENTOR,Inventor,_Z,Not applicable,_Z,Not applicable,AI,Technologies related to artificial intelligence,2015,,11.5,,A,Normal value,1,One,0,Units
DATAFLOW,OECD.STI.PIE:DSD_PATENTS@DF_PATENTS_OECDSPECIFIC(1.0),Patents in OECD selected technologies,I,6F0,European Patent Office,A,Annual,AP,Patent applications,PATN,Patents,PRIORITY,Priority date,NLD,Netherlands,_Z,Not applicable,INVENTOR,Inventor,_Z,Not applicable,_Z,Not applicable,AI,Technologies related to artificial intelligence,2015,,68.819,,A,Normal value,1,One,0,Units
DATAFLOW,OECD.STI.PIE:DSD_PATENTS@DF_PATENTS_OECDSPECIFIC(1.0),Patents in OECD selected technologies,I,6F0,European Patent Office,A,Annual,AP,Patent applications,PATN,Patents,PRIORITY,Priority date,ISR,Israel,_Z,Not applicable,INVENTOR,Inventor,_Z,Not applicable,_Z,Not applicable,AI,Technologies related to artificial intelligence,2015,,57.261902,,A,Normal value,1,One,0,Units
DATAFLOW,OECD.STI.PIE:DSD_PATENTS@DF_PATENTS_OECDSPECIFIC(1.0),Patents in OECD selected technologies,I,6F0,European Patent Office,A,Annual,AP,Patent applications,PATN,Patents,PRIORITY,Priority date,EU27_2020,European Union (27 countries from 01/02/2020),_Z,Not applicable,INVENTOR,Inventor,_Z,Not applicable,_Z,Not applicable,AI,Technologies related to artificial intelligence,2015,,443.92499,,A,Normal value,1,One,0,Units
DATAFLOW,OECD.STI.PIE:DSD_PATENTS@DF_PATENTS_OECDSPECIFIC(1.0),Patents in OECD selected technologies,I,6F0,European Patent Office,A,Annual,AP,Patent applications,PATN,Patents,PRIORITY,Priority date,AUS,Australia,_Z,Not applicable,INVENTOR,Inventor,_Z,Not applicable,_Z,Not applicable,AI,Technologies related to artificial intelligence,2015,,16.733299,,A,Normal value,1,One,0,Units
DATAFLOW,OECD.STI.PIE:DSD_PATENTS@DF_PATENTS_OECDSPECIFIC(1.0),Patents in OECD selected technologies,I,6F0,European Patent Office,A,Annual,AP,Patent applications,PATN,Patents,PRIORITY,Priority date,ESP,Spain,_Z,Not applicable,INVENTOR,Inventor,_Z,Not applicable,_Z,Not applicable,AI,Technologies related to artificial intelligence,2015,,15.1167,,A,Normal value,1,One,0,Units
DATAFLOW,OECD.STI.PIE:DSD_PATENTS@DF_PATENTS_OECDSPECIFIC(1.0),Patents in OECD selected technologies,I,6F0,European Patent Office,A,Annual,AP,Patent applications,PATN,Patents,PRIORITY,Priority date,GRC,Greece,_Z,Not applicable,INVENTOR,Inventor,_Z,Not applicable,_Z,Not applicable,AI,Technologies related to artificial intelligence,2015,,1.25,,A,Normal value,1,One,0,Units
DATAFLOW,OECD.STI.PIE:DSD_PATENTS@DF_PATENTS_OECDSPECIFIC(1.0),Patents in OECD selected technologies,I,6F0,European Patent Office,A,Annual,AP,Patent applications,PATN,Patents,PRIORITY,Priority date,RUS,Russia,_Z,Not applicable,INVENTOR,Inventor,_Z,Not applicable,_Z,Not applicable,AI,Technologies related to artificial intelligence,2015,,10.9286,,A,Normal value,1,One,0,Units
DATAFLOW,OECD.STI.PIE:DSD_PATENTS@DF_PATENTS_OECDSPECIFIC(1.0),Patents in OECD selected technologies,I,6F0,European Patent Office,A,Annual,AP,Patent applications,PATN,Patents,PRIORITY,Priority date,IRL,Ireland,_Z,Not applicable,INVENTOR,Inventor,_Z,Not applicable,_Z,Not applicable,AI,Technologies related to artificial intelligence,2015,,8.7952003,,A,Normal value,1,One,0,Units
DATAFLOW,OECD.STI.PIE:DSD_PATENTS@DF_PATENTS_OECDSPECIFIC(1.0),Patents in OECD selected technologies,I,6F0,European Patent Office,A,Annual,AP,Patent applications,PATN,Patents,PRIORITY,Priority date,GBR,United Kingdom,_Z,Not applicable,INVENTOR,Inventor,_Z,Not applicable,_Z,Not applicable,AI,Technologies related to artificial intelligence,2015,,115.75,,A,Normal value,1,One,0,Units
DATAFLOW,OECD.STI.PIE:DSD_PATENTS@DF_PATENTS_OECDSPECIFIC(1.0),Patents in OECD selected technologies,I,6F0,European Patent Office,A,Annual,AP,Patent applications,PATN,Patents,PRIORITY,Priority date,POL,Poland,_Z,Not applicable,INVENTOR,Inventor,_Z,Not applicable,_Z,Not applicable,AI,Technologies related to artificial intelligence,2015,,16.633301,,A,Normal value,1,One,0,Units
DATAFLOW,OECD.STI.PIE:DSD_PATENTS@DF_PATENTS_OECDSPECIFIC(1.0),Patents in OECD selected technologies,I,6F0,European Patent Office,A,Annual,AP,Patent applications,PATN,Patents,PRIORITY,Priority date,SVN,Slovenia,_Z,Not applicable,INVENTOR,Inventor,_Z,Not applicable,_Z,Not applicable,AI,Technologies related to artificial intelligence,2015,,0.2,,A,Normal value,1,One,0,Units
DATAFLOW,OECD.STI.PIE:DSD_PATENTS@DF_PATENTS_OECDSPECIFIC(1.0),Patents in OECD selected technologies,I,6F0,European Patent Office,A,Annual,AP,Patent applications,PATN,Patents,PRIORITY,Priority date,ROU,Romania,_Z,Not applicable,INVENTOR,Inventor,_Z,Not applicable,_Z,Not applicable,AI,Technologies related to artificial intelligence,2015,,6.4762001,,A,Normal value,1,One,0,Units
DATAFLOW,OECD.STI.PIE:DSD_PATENTS@DF_PATENTS_OECDSPECIFIC(1.0),Patents in OECD selected technologies,I,6F0,European Patent Office,A,Annual,AP,Patent applications,PATN,Patents,PRIORITY,Priority date,DNK,Denmark,_Z,Not applicable,INVENTOR,Inventor,_Z,Not applicable,_Z,Not applicable,AI,Technologies related to artificial intelligence,2015,,2.8333001,,A,Normal value,1,One,0,Units
DATAFLOW,OECD.STI.PIE:DSD_PATENTS@DF_PATENTS_OECDSPECIFIC(1.0),Patents in OECD selected technologies,I,6F0,European Patent Office,A,Annual,AP,Patent applications,PATN,Patents,PRIORITY,Priority date,SAU,Saudi Arabia,_Z,Not applicable,INVENTOR,Inventor,_Z,Not applicable,_Z,Not applicable,AI,Technologies related to artificial intelligence,2015,,2.5,,A,Normal value,1,One,0,Units
DATAFLOW,OECD.STI.PIE:DSD_PATENTS@DF_PATENTS_OECDSPECIFIC(1.0),Patents in OECD selected technologies,I,6F0,European Patent Office,A,Annual,AP,Patent applications,PATN,Patents,PRIORITY,Priority date,CHN,China (People’s Republic of),_Z,Not applicable,INVENTOR,Inventor,_Z,Not applicable,_Z,Not applicable,AI,Technologies related to artificial intelligence,2015,,234.8821,,A,Normal value,1,One,0,Units
DATAFLOW,OECD.STI.PIE:DSD_PATENTS@DF_PATENTS_OECDSPECIFIC(1.0),Patents in OECD selected technologies,I,6F0,European Patent Office,A,Annual,AP,Patent applications,PATN,Patents,PRIORITY,Priority date,CHE,Switzerland,_Z,Not applicable,INVENTOR,Inventor,_Z,Not applicable,_Z,Not applicable,AI,Technologies related to artificial intelligence,2015,,28.799999,,A,Normal value,1,One,0,Units
DATAFLOW,OECD.STI.PIE:DSD_PATENTS@DF_PATENTS_OECDSPECIFIC(1.0),Patents in OECD selected technologies,I,6F0,European Patent Office,A,Annual,AP,Patent applications,PATN,Patents,PRIORITY,Priority date,IND,India,_Z,Not applicable,INVENTOR,Inventor,_Z,Not applicable,_Z,Not applicable,AI,Technologies related to artificial intelligence,2015,,52.455601,,A,Normal value,1,One,0,Units
DATAFLOW,OECD.STI.PIE:DSD_PATENTS@DF_PATENTS_OECDSPECIFIC(1.0),Patents in OECD selected technologies,I,6F0,European Patent Office,A,Annual,AP,Patent applications,PATN,Patents,PRIORITY,Priority date,CZE,Czechia,_Z,Not applicable,INVENTOR,Inventor,_Z,Not applicable,_Z,Not applicable,AI,Technologies related to artificial intelligence,2015,,1.05,,A,Normal value,1,One,0,Units
DATAFLOW,OECD.STI.PIE:DSD_PATENTS@DF_PATENTS_OECDSPECIFIC(1.0),Patents in OECD selected technologies,I,6F0,European Patent Office,A,Annual,AP,Patent applications,PATN,Patents,PRIORITY,Priority date,HKG,Hong Kong (China),_Z,Not applicable,INVENTOR,Inventor,_Z,Not applicable,_Z,Not applicable,AI,Technologies related to artificial intelligence,2015,,3.25,,A,Normal value,1,One,0,Units
DATAFLOW,OECD.STI.PIE:DSD_PATENTS@DF_PATENTS_OECDSPECIFIC(1.0),Patents in OECD selected technologies,I,6F0,European Patent Office,A,Annual,AP,Patent applications,PATN,Patents,PRIORITY,Priority date,FIN,Finland,_Z,Not applicable,INVENTOR,Inventor,_Z,Not applicable,_Z,Not applicable,AI,Technologies related to artificial intelligence,2015,,11.2738,,A,Normal value,1,One,0,Units
DATAFLOW,OECD.STI.PIE:DSD_PATENTS@DF_PATENTS_OECDSPECIFIC(1.0),Patents in OECD selected technologies,I,6F0,European Patent Office,A,Annual,AP,Patent applications,PATN,Patents,PRIORITY,Priority date,LUX,Luxembourg,_Z,Not applicable,INVENTOR,Inventor,_Z,Not applicable,_Z,Not applicable,AI,Technologies related to artificial intelligence,2015,,1.25,,A,Normal value,1,One,0,Units
DATAFLOW,OECD.STI.PIE:DSD_PATENTS@DF_PATENTS_OECDSPECIFIC(1.0),Patents in OECD selected technologies,I,6F0,European Patent Office,A,Annual,AP,Patent applications,PATN,Patents,PRIORITY,Priority date,USA,United States,_Z,Not applicable,INVENTOR,Inventor,_Z,Not applicable,_Z,Not applicable,AI,Technologies related to artificial intelligence,2015,,843.03491,,A,Normal value,1,One,0,Units
DATAFLOW,OECD.STI.PIE:DSD_PATENTS@DF_PATENTS_OECDSPECIFIC(1.0),Patents in OECD selected technologies,I,6F0,European Patent Office,A,Annual,AP,Patent applications,PATN,Patents,PRIORITY,Priority date,CYM,Cayman Islands,_Z,Not applicable,INVENTOR,Inventor,_Z,Not applicable,_Z,Not applicable,AI,Technologies related to artificial intelligence,2015,,0.33329999,,A,Normal value,1,One,0,Units
DATAFLOW,OECD.STI.PIE:DSD_PATENTS@DF_PATENTS_OECDSPECIFIC(1.0),Patents in OECD selected technologies,I,6F0,European Patent Office,A,Annual,AP,Patent applications,PATN,Patents,PRIORITY,Priority date,FRA,France,_Z,Not applicable,INVENTOR,Inventor,_Z,Not applicable,_Z,Not applicable,AI,Technologies related to artificial intelligence,2015,,124.55,,A,Normal value,1,One,0,Units
DATAFLOW,OECD.STI.PIE:DSD_PATENTS@DF_PATENTS_OECDSPECIFIC(1.0),Patents in OECD selected technologies,I,6F0,European Patent Office,A,Annual,AP,Patent applications,PATN,Patents,PRIORITY,Priority date,UKR,Ukraine,_Z,Not applicable,INVENTOR,Inventor,_Z,Not applicable,_Z,Not applicable,AI,Technologies related to artificial intelligence,2016,,1.1,,A,Normal value,1,One,0,Units
DATAFLOW,OECD.STI.PIE:DSD_PATENTS@DF_PATENTS_OECDSPECIFIC(1.0),Patents in OECD selected technologies,I,6F0,European Patent Office,A,Annual,AP,Patent applications,PATN,Patents,PRIORITY,Priority date,FRA,France,_Z,Not applicable,INVENTOR,Inventor,_Z,Not applicable,_Z,Not applicable,AI,Technologies related to artificial intelligence,2016,,110.2769,,A,Normal value,1,One,0,Units
DATAFLOW,OECD.STI.PIE:DSD_PATENTS@DF_PATENTS_OECDSPECIFIC(1.0),Patents in OECD selected technologies,I,6F0,European Patent Office,A,Annual,AP,Patent applications,PATN,Patents,PRIORITY,Priority date,USA,United States,_Z,Not applicable,INVENTOR,Inventor,_Z,Not applicable,_Z,Not applicable,AI,Technologies related to artificial intelligence,2016,,1329.7284,,A,Normal value,1,One,0,Units
DATAFLOW,OECD.STI.PIE:DSD_PATENTS@DF_PATENTS_OECDSPECIFIC(1.0),Patents in OECD selected technologies,I,6F0,European Patent Office,A,Annual,AP,Patent applications,PATN,Patents,PRIORITY,Priority date,LUX,Luxembourg,_Z,Not applicable,INVENTOR,Inventor,_Z,Not applicable,_Z,Not applicable,AI,Technologies related to artificial intelligence,2016,,2.9333,,A,Normal value,1,One,0,Units
DATAFLOW,OECD.STI.PIE:DSD_PATENTS@DF_PATENTS_OECDSPECIFIC(1.0),Patents in OECD selected technologies,I,6F0,European Patent Office,A,Annual,AP,Patent applications,PATN,Patents,PRIORITY,Priority date,FIN,Finland,_Z,Not applicable,INVENTOR,Inventor,_Z,Not applicable,_Z,Not applicable,AI,Technologies related to artificial intelligence,2016,,15.8417,,A,Normal value,1,One,0,Units
DATAFLOW,OECD.STI.PIE:DSD_PATENTS@DF_PATENTS_OECDSPECIFIC(1.0),Patents in OECD selected technologies,I,6F0,European Patent Office,A,Annual,AP,Patent applications,PATN,Patents,PRIORITY,Priority date,BIH,Bosnia and Herzegovina,_Z,Not applicable,INVENTOR,Inventor,_Z,Not applicable,_Z,Not applicable,AI,Technologies related to artificial intelligence,2016,,0.33329999,,A,Normal value,1,One,0,Units
DATAFLOW,OECD.STI.PIE:DSD_PATENTS@DF_PATENTS_OECDSPECIFIC(1.0),Patents in OECD selected technologies,I,6F0,European Patent Office,A,Annual,AP,Patent applications,PATN,Patents,PRIORITY,Priority date,HKG,Hong Kong (China),_Z,Not applicable,INVENTOR,Inventor,_Z,Not applicable,_Z,Not applicable,AI,Technologies related to artificial intelligence,2016,,8.6667004,,A,Normal value,1,One,0,Units
DATAFLOW,OECD.STI.PIE:DSD_PATENTS@DF_PATENTS_OECDSPECIFIC(1.0),Patents in OECD selected technologies,I,6F0,European Patent Office,A,Annual,AP,Patent applications,PATN,Patents,PRIORITY,Priority date,CZE,Czechia,_Z,Not applicable,INVENTOR,Inventor,_Z,Not applicable,_Z,Not applicable,AI,Technologies related to artificial intelligence,2016,,2.4286001,,A,Normal value,1,One,0,Units
DATAFLOW,OECD.STI.PIE:DSD_PATENTS@DF_PATENTS_OECDSPECIFIC(1.0),Patents in OECD selected technologies,I,6F0,European Patent Office,A,Annual,AP,Patent applications,PATN,Patents,PRIORITY,Priority date,IND,India,_Z,Not applicable,INVENTOR,Inventor,_Z,Not applicable,_Z,Not applicable,AI,Technologies related to artificial intelligence,2016,,81.033302,,A,Normal value,1,One,0,Units
DATAFLOW,OECD.STI.PIE:DSD_PATENTS@DF_PATENTS_OECDSPECIFIC(1.0),Patents in OECD selected technologies,I,6F0,European Patent Office,A,Annual,AP,Patent applications,PATN,Patents,PRIORITY,Priority date,CHE,Switzerland,_Z,Not applicable,INVENTOR,Inventor,_Z,Not applicable,_Z,Not applicable,AI,Technologies related to artificial intelligence,2016,,44.809502,,A,Normal value,1,One,0,Units
DATAFLOW,OECD.STI.PIE:DSD_PATENTS@DF_PATENTS_OECDSPECIFIC(1.0),Patents in OECD selected technologies,I,6F0,European Patent Office,A,Annual,AP,Patent applications,PATN,Patents,PRIORITY,Priority date,CHN,China (People’s Republic of),_Z,Not applicable,INVENTOR,Inventor,_Z,Not applicable,_Z,Not applicable,AI,Technologies related to artificial intelligence,2016,,308.48679,,A,Normal value,1,One,0,Units
DATAFLOW,OECD.STI.PIE:DSD_PATENTS@DF_PATENTS_OECDSPECIFIC(1.0),Patents in OECD selected technologies,I,6F0,European Patent Office,A,Annual,AP,Patent applications,PATN,Patents,PRIORITY,Priority date,SAU,Saudi Arabia,_Z,Not applicable,INVENTOR,Inventor,_Z,Not applicable,_Z,Not applicable,AI,Technologies related to artificial intelligence,2016,,4,,A,Normal value,1,One,0,Units
DATAFLOW,OECD.STI.PIE:DSD_PATENTS@DF_PATENTS_OECDSPECIFIC(1.0),Patents in OECD selected technologies,I,6F0,European Patent Office,A,Annual,AP,Patent applications,PATN,Patents,PRIORITY,Priority date,DNK,Denmark,_Z,Not applicable,INVENTOR,Inventor,_Z,Not applicable,_Z,Not applicable,AI,Technologies related to artificial intelligence,2016,,7.6666999,,A,Normal value,1,One,0,Units
DATAFLOW,OECD.STI.PIE:DSD_PATENTS@DF_PATENTS_OECDSPECIFIC(1.0),Patents in OECD selected technologies,I,6F0,European Patent Office,A,Annual,AP,Patent applications,PATN,Patents,PRIORITY,Priority date,ROU,Romania,_Z,Not applicable,INVENTOR,Inventor,_Z,Not applicable,_Z,Not applicable,AI,Technologies related to artificial intelligence,2016,,4.8000002,,A,Normal value,1,One,0,Units
DATAFLOW,OECD.STI.PIE:DSD_PATENTS@DF_PATENTS_OECDSPECIFIC(1.0),Patents in OECD selected technologies,I,6F0,European Patent Office,A,Annual,AP,Patent applications,PATN,Patents,PRIORITY,Priority date,POL,Poland,_Z,Not applicable,INVENTOR,Inventor,_Z,Not applicable,_Z,Not applicable,AI,Technologies related to artificial intelligence,2016,,6,,A,Normal value,1,One,0,Units
DATAFLOW,OECD.STI.PIE:DSD_PATENTS@DF_PATENTS_OECDSPECIFIC(1.0),Patents in OECD selected technologies,I,6F0,European Patent Office,A,Annual,AP,Patent applications,PATN,Patents,PRIORITY,Priority date,GBR,United Kingdom,_Z,Not applicable,INVENTOR,Inventor,_Z,Not applicable,_Z,Not applicable,AI,Technologies related to artificial intelligence,2016,,165.46381,,A,Normal value,1,One,0,Units
DATAFLOW,OECD.STI.PIE:DSD_PATENTS@DF_PATENTS_OECDSPECIFIC(1.0),Patents in OECD selected technologies,I,6F0,European Patent Office,A,Annual,AP,Patent applications,PATN,Patents,PRIORITY,Priority date,ARG,Argentina,_Z,Not applicable,INVENTOR,Inventor,_Z,Not applicable,_Z,Not applicable,AI,Technologies related to artificial intelligence,2016,,1.5,,A,Normal value,1,One,0,Units
DATAFLOW,OECD.STI.PIE:DSD_PATENTS@DF_PATENTS_OECDSPECIFIC(1.0),Patents in OECD selected technologies,I,6F0,European Patent Office,A,Annual,AP,Patent applications,PATN,Patents,PRIORITY,Priority date,IRL,Ireland,_Z,Not applicable,INVENTOR,Inventor,_Z,Not applicable,_Z,Not applicable,AI,Technologies related to artificial intelligence,2016,,24.926201,,A,Normal value,1,One,0,Units
DATAFLOW,OECD.STI.PIE:DSD_PATENTS@DF_PATENTS_OECDSPECIFIC(1.0),Patents in OECD selected technologies,I,6F0,European Patent Office,A,Annual,AP,Patent applications,PATN,Patents,PRIORITY,Priority date,RUS,Russia,_Z,Not applicable,INVENTOR,Inventor,_Z,Not applicable,_Z,Not applicable,AI,Technologies related to artificial intelligence,2016,,12.8667,,A,Normal value,1,One,0,Units
DATAFLOW,OECD.STI.PIE:DSD_PATENTS@DF_PATENTS_OECDSPECIFIC(1.0),Patents in OECD selected technologies,I,6F0,European Patent Office,A,Annual,AP,Patent applications,PATN,Patents,PRIORITY,Priority date,ESP,Spain,_Z,Not applicable,INVENTOR,Inventor,_Z,Not applicable,_Z,Not applicable,AI,Technologies related to artificial intelligence,2016,,20.85,,A,Normal value,1,One,0,Units
DATAFLOW,OECD.STI.PIE:DSD_PATENTS@DF_PATENTS_OECDSPECIFIC(1.0),Patents in OECD selected technologies,I,6F0,European Patent Office,A,Annual,AP,Patent applications,PATN,Patents,PRIORITY,Priority date,TUR,Türkiye,_Z,Not applicable,INVENTOR,Inventor,_Z,Not applicable,_Z,Not applicable,AI,Technologies related to artificial intelligence,2016,,7,,A,Normal value,1,One,0,Units
DATAFLOW,OECD.STI.PIE:DSD_PATENTS@DF_PATENTS_OECDSPECIFIC(1.0),Patents in OECD selected technologies,I,6F0,European Patent Office,A,Annual,AP,Patent applications,PATN,Patents,PRIORITY,Priority date,AUS,Australia,_Z,Not applicable,INVENTOR,Inventor,_Z,Not applicable,_Z,Not applicable,AI,Technologies related to artificial intelligence,2016,,13,,A,Normal value,1,One,0,Units
DATAFLOW,OECD.STI.PIE:DSD_PATENTS@DF_PATENTS_OECDSPECIFIC(1.0),Patents in OECD selected technologies,I,6F0,European Patent Office,A,Annual,AP,Patent applications,PATN,Patents,PRIORITY,Priority date,EU27_2020,European Union (27 countries from 01/02/2020),_Z,Not applicable,INVENTOR,Inventor,_Z,Not applicable,_Z,Not applicable,AI,Technologies related to artificial intelligence,2016,,602.71381,,A,Normal value,1,One,0,Units
DATAFLOW,OECD.STI.PIE:DSD_PATENTS@DF_PATENTS_OECDSPECIFIC(1.0),Patents in OECD selected technologies,I,6F0,European Patent Office,A,Annual,AP,Patent applications,PATN,Patents,PRIORITY,Priority date,ISR,Israel,_Z,Not applicable,INVENTOR,Inventor,_Z,Not applicable,_Z,Not applicable,AI,Technologies related to artificial intelligence,2016,,66.059502,,A,Normal value,1,One,0,Units
DATAFLOW,OECD.STI.PIE:DSD_PATENTS@DF_PATENTS_OECDSPECIFIC(1.0),Patents in OECD selected technologies,I,6F0,European Patent Office,A,Annual,AP,Patent applications,PATN,Patents,PRIORITY,Priority date,BLR,Belarus,_Z,Not applicable,INVENTOR,Inventor,_Z,Not applicable,_Z,Not applicable,AI,Technologies related to artificial intelligence,2016,,1.1667,,A,Normal value,1,One,0,Units
DATAFLOW,OECD.STI.PIE:DSD_PATENTS@DF_PATENTS_OECDSPECIFIC(1.0),Patents in OECD selected technologies,I,6F0,European Patent Office,A,Annual,AP,Patent applications,PATN,Patents,PRIORITY,Priority date,NLD,Netherlands,_Z,Not applicable,INVENTOR,Inventor,_Z,Not applicable,_Z,Not applicable,AI,Technologies related to artificial intelligence,2016,,77,,A,Normal value,1,One,0,Units
DATAFLOW,OECD.STI.PIE:DSD_PATENTS@DF_PATENTS_OECDSPECIFIC(1.0),Patents in OECD selected technologies,I,6F0,European Patent Office,A,Annual,AP,Patent applications,PATN,Patents,PRIORITY,Priority date,SGP,Singapore,_Z,Not applicable,INVENTOR,Inventor,_Z,Not applicable,_Z,Not applicable,AI,Technologies related to artificial intelligence,2016,,12.5833,,A,Normal value,1,One,0,Units
DATAFLOW,OECD.STI.PIE:DSD_PATENTS@DF_PATENTS_OECDSPECIFIC(1.0),Patents in OECD selected technologies,I,6F0,European Patent Office,A,Annual,AP,Patent applications,PATN,Patents,PRIORITY,Priority date,BRA,Brazil,_Z,Not applicable,INVENTOR,Inventor,_Z,Not applicable,_Z,Not applicable,AI,Technologies related to artificial intelligence,2016,,3.9166999,,A,Normal value,1,One,0,Units
DATAFLOW,OECD.STI.PIE:DSD_PATENTS@DF_PATENTS_OECDSPECIFIC(1.0),Patents in OECD selected technologies,I,6F0,European Patent Office,A,Annual,AP,Patent applications,PATN,Patents,PRIORITY,Priority date,LVA,Latvia,_Z,Not applicable,INVENTOR,Inventor,_Z,Not applicable,_Z,Not applicable,AI,Technologies related to artificial intelligence,2016,,0.66670001,,A,Normal value,1,One,0,Units
DATAFLOW,OECD.STI.PIE:DSD_PATENTS@DF_PATENTS_OECDSPECIFIC(1.0),Patents in OECD selected technologies,I,6F0,European Patent Office,A,Annual,AP,Patent applications,PATN,Patents,PRIORITY,Priority date,PRT,Portugal,_Z,Not applicable,INVENTOR,Inventor,_Z,Not applicable,_Z,Not applicable,AI,Technologies related to artificial intelligence,2016,,4,,A,Normal value,1,One,0,Units
DATAFLOW,OECD.STI.PIE:DSD_PATENTS@DF_PATENTS_OECDSPECIFIC(1.0),Patents in OECD selected technologies,I,6F0,European Patent Office,A,Annual,AP,Patent applications,PATN,Patents,PRIORITY,Priority date,W,World,_Z,Not applicable,INVENTOR,Inventor,_Z,Not applicable,_Z,Not applicable,AI,Technologies related to artificial intelligence,2016,,3456,,A,Normal value,1,One,0,Units
DATAFLOW,OECD.STI.PIE:DSD_PATENTS@DF_PATENTS_OECDSPECIFIC(1.0),Patents in OECD selected technologies,I,6F0,European Patent Office,A,Annual,AP,Patent applications,PATN,Patents,PRIORITY,Priority date,SWE,Sweden,_Z,Not applicable,INVENTOR,Inventor,_Z,Not applicable,_Z,Not applicable,AI,Technologies related to artificial intelligence,2016,,59.230801,,A,Normal value,1,One,0,Units
DATAFLOW,OECD.STI.PIE:DSD_PATENTS@DF_PATENTS_OECDSPECIFIC(1.0),Patents in OECD selected technologies,I,6F0,European Patent Office,A,Annual,AP,Patent applications,PATN,Patents,PRIORITY,Priority date,AUT,Austria,_Z,Not applicable,INVENTOR,Inventor,_Z,Not applicable,_Z,Not applicable,AI,Technologies related to artificial intelligence,2016,,17.697701,,A,Normal value,1,One,0,Units
DATAFLOW,OECD.STI.PIE:DSD_PATENTS@DF_PATENTS_OECDSPECIFIC(1.0),Patents in OECD selected technologies,I,6F0,European Patent Office,A,Annual,AP,Patent applications,PATN,Patents,PRIORITY,Priority date,TWN,Chinese Taipei,_Z,Not applicable,INVENTOR,Inventor,_Z,Not applicable,_Z,Not applicable,AI,Technologies related to artificial intelligence,2016,,10,,A,Normal value,1,One,0,Units
DATAFLOW,OECD.STI.PIE:DSD_PATENTS@DF_PATENTS_OECDSPECIFIC(1.0),Patents in OECD selected technologies,I,6F0,European Patent Office,A,Annual,AP,Patent applications,PATN,Patents,PRIORITY,Priority date,DEU,Germany,_Z,Not applicable,INVENTOR,Inventor,_Z,Not applicable,_Z,Not applicable,AI,Technologies related to artificial intelligence,2016,,190.91679,,A,Normal value,1,One,0,Units
DATAFLOW,OECD.STI.PIE:DSD_PATENTS@DF_PATENTS_OECDSPECIFIC(1.0),Patents in OECD selected technologies,I,6F0,European Patent Office,A,Annual,AP,Patent applications,PATN,Patents,PRIORITY,Priority date,HUN,Hungary,_Z,Not applicable,INVENTOR,Inventor,_Z,Not applicable,_Z,Not applicable,AI,Technologies related to artificial intelligence,2016,,7.9000001,,A,Normal value,1,One,0,Units
DATAFLOW,OECD.STI.PIE:DSD_PATENTS@DF_PATENTS_OECDSPECIFIC(1.0),Patents in OECD selected technologies,I,6F0,European Patent Office,A,Annual,AP,Patent applications,PATN,Patents,PRIORITY,Priority date,MLT,Malta,_Z,Not applicable,INVENTOR,Inventor,_Z,Not applicable,_Z,Not applicable,AI,Technologies related to artificial intelligence,2016,,0.33329999,,A,Normal value,1,One,0,Units
DATAFLOW,OECD.STI.PIE:DSD_PATENTS@DF_PATENTS_OECDSPECIFIC(1.0),Patents in OECD selected technologies,I,6F0,European Patent Office,A,Annual,AP,Patent applications,PATN,Patents,PRIORITY,Priority date,NOR,Norway,_Z,Not applicable,INVENTOR,Inventor,_Z,Not applicable,_Z,Not applicable,AI,Technologies related to artificial intelligence,2016,,6.1666999,,A,Normal value,1,One,0,Units
DATAFLOW,OECD.STI.PIE:DSD_PATENTS@DF_PATENTS_OECDSPECIFIC(1.0),Patents in OECD selected technologies,I,6F0,European Patent Office,A,Annual,AP,Patent applications,PATN,Patents,PRIORITY,Priority date,BEL,Belgium,_Z,Not applicable,INVENTOR,Inventor,_Z,Not applicable,_Z,Not applicable,AI,Technologies related to artificial intelligence,2016,,17.4,,A,Normal value,1,One,0,Units
DATAFLOW,OECD.STI.PIE:DSD_PATENTS@DF_PATENTS_OECDSPECIFIC(1.0),Patents in OECD selected technologies,I,6F0,European Patent Office,A,Annual,AP,Patent applications,PATN,Patents,PRIORITY,Priority date,CYP,Cyprus,_Z,Not applicable,INVENTOR,Inventor,_Z,Not applicable,_Z,Not applicable,AI,Technologies related to artificial intelligence,2016,,2.1666999,,A,Normal value,1,One,0,Units
DATAFLOW,OECD.STI.PIE:DSD_PATENTS@DF_PATENTS_OECDSPECIFIC(1.0),Patents in OECD selected technologies,I,6F0,European Patent Office,A,Annual,AP,Patent applications,PATN,Patents,PRIORITY,Priority date,ITA,Italy,_Z,Not applicable,INVENTOR,Inventor,_Z,Not applicable,_Z,Not applicable,AI,Technologies related to artificial intelligence,2016,,21.8452,,A,Normal value,1,One,0,Units
DATAFLOW,OECD.STI.PIE:DSD_PATENTS@DF_PATENTS_OECDSPECIFIC(1.0),Patents in OECD selected technologies,I,6F0,European Patent Office,A,Annual,AP,Patent applications,PATN,Patents,PRIORITY,Priority date,OECD,OECD,_Z,Not applicable,INVENTOR,Inventor,_Z,Not applicable,_Z,Not applicable,AI,Technologies related to artificial intelligence,2016,,2998.7131,,A,Normal value,1,One,0,Units
DATAFLOW,OECD.STI.PIE:DSD_PATENTS@DF_PATENTS_OECDSPECIFIC(1.0),Patents in OECD selected technologies,I,6F0,European Patent Office,A,Annual,AP,Patent applications,PATN,Patents,PRIORITY,Priority date,KOR,Korea,_Z,Not applicable,INVENTOR,Inventor,_Z,Not applicable,_Z,Not applicable,AI,Technologies related to artificial intelligence,2016,,187.14999,,A,Normal value,1,One,0,Units
DATAFLOW,OECD.STI.PIE:DSD_PATENTS@DF_PATENTS_OECDSPECIFIC(1.0),Patents in OECD selected technologies,I,6F0,European Patent Office,A,Annual,AP,Patent applications,PATN,Patents,PRIORITY,Priority date,CAN,Canada,_Z,Not applicable,INVENTOR,Inventor,_Z,Not applicable,_Z,Not applicable,AI,Technologies related to artificial intelligence,2016,,74.116699,,A,Normal value,1,One,0,Units
DATAFLOW,OECD.STI.PIE:DSD_PATENTS@DF_PATENTS_OECDSPECIFIC(1.0),Patents in OECD selected technologies,I,6F0,European Patent Office,A,Annual,AP,Patent applications,PATN,Patents,PRIORITY,Priority date,JPN,Japan,_Z,Not applicable,INVENTOR,Inventor,_Z,Not applicable,_Z,Not applicable,AI,Technologies related to artificial intelligence,2016,,505.93811,,A,Normal value,1,One,0,Units
DATAFLOW,OECD.STI.PIE:DSD_PATENTS@DF_PATENTS_OECDSPECIFIC(1.0),Patents in OECD selected technologies,I,6F0,European Patent Office,A,Annual,AP,Patent applications,PATN,Patents,PRIORITY,Priority date,EGY,Egypt,_Z,Not applicable,INVENTOR,Inventor,_Z,Not applicable,_Z,Not applicable,AI,Technologies related to artificial intelligence,2016,,0.33329999,,A,Normal value,1,One,0,Units
DATAFLOW,OECD.STI.PIE:DSD_PATENTS@DF_PATENTS_OECDSPECIFIC(1.0),Patents in OECD selected technologies,I,6F0,European Patent Office,A,Annual,AP,Patent applications,PATN,Patents,PRIORITY,Priority date,EST,Estonia,_Z,Not applicable,INVENTOR,Inventor,_Z,Not applicable,_Z,Not applicable,AI,Technologies related to artificial intelligence,2016,,0.83329999,,A,Normal value,1,One,0,Units
DATAFLOW,OECD.STI.PIE:DSD_PATENTS@DF_PATENTS_OECDSPECIFIC(1.0),Patents in OECD selected technologies,I,6F0,European Patent Office,A,Annual,AP,Patent applications,PATN,Patents,PRIORITY,Priority date,NZL,New Zealand,_Z,Not applicable,INVENTOR,Inventor,_Z,Not applicable,_Z,Not applicable,AI,Technologies related to artificial intelligence,2016,,4.8667002,,A,Normal value,1,One,0,Units
DATAFLOW,OECD.STI.PIE:DSD_PATENTS@DF_PATENTS_OECDSPECIFIC(1.0),Patents in OECD selected technologies,I,6F0,European Patent Office,A,Annual,AP,Patent applications,PATN,Patents,PRIORITY,Priority date,NZL,New Zealand,_Z,Not applicable,INVENTOR,Inventor,_Z,Not applicable,_Z,Not applicable,AI,Technologies related to artificial intelligence,2017,,0.25,,A,Normal value,1,One,0,Units
DATAFLOW,OECD.STI.PIE:DSD_PATENTS@DF_PATENTS_OECDSPECIFIC(1.0),Patents in OECD selected technologies,I,6F0,European Patent Office,A,Annual,AP,Patent applications,PATN,Patents,PRIORITY,Priority date,EST,Estonia,_Z,Not applicable,INVENTOR,Inventor,_Z,Not applicable,_Z,Not applicable,AI,Technologies related to artificial intelligence,2017,,5,,A,Normal value,1,One,0,Units
DATAFLOW,OECD.STI.PIE:DSD_PATENTS@DF_PATENTS_OECDSPECIFIC(1.0),Patents in OECD selected technologies,I,6F0,European Patent Office,A,Annual,AP,Patent applications,PATN,Patents,PRIORITY,Priority date,EGY,Egypt,_Z,Not applicable,INVENTOR,Inventor,_Z,Not applicable,_Z,Not applicable,AI,Technologies related to artificial intelligence,2017,,1.3333,,A,Normal value,1,One,0,Units
DATAFLOW,OECD.STI.PIE:DSD_PATENTS@DF_PATENTS_OECDSPECIFIC(1.0),Patents in OECD selected technologies,I,6F0,European Patent Office,A,Annual,AP,Patent applications,PATN,Patents,PRIORITY,Priority date,JPN,Japan,_Z,Not applicable,INVENTOR,Inventor,_Z,Not applicable,_Z,Not applicable,AI,Technologies related to artificial intelligence,2017,,610.70001,,A,Normal value,1,One,0,Units
DATAFLOW,OECD.STI.PIE:DSD_PATENTS@DF_PATENTS_OECDSPECIFIC(1.0),Patents in OECD selected technologies,I,6F0,European Patent Office,A,Annual,AP,Patent applications,PATN,Patents,PRIORITY,Priority date,CAN,Canada,_Z,Not applicable,INVENTOR,Inventor,_Z,Not applicable,_Z,Not applicable,AI,Technologies related to artificial intelligence,2017,,70.440498,,A,Normal value,1,One,0,Units
DATAFLOW,OECD.STI.PIE:DSD_PATENTS@DF_PATENTS_OECDSPECIFIC(1.0),Patents in OECD selected technologies,I,6F0,European Patent Office,A,Annual,AP,Patent applications,PATN,Patents,PRIORITY,Priority date,KOR,Korea,_Z,Not applicable,INVENTOR,Inventor,_Z,Not applicable,_Z,Not applicable,AI,Technologies related to artificial intelligence,2017,,250.2778,,A,Normal value,1,One,0,Units
DATAFLOW,OECD.STI.PIE:DSD_PATENTS@DF_PATENTS_OECDSPECIFIC(1.0),Patents in OECD selected technologies,I,6F0,European Patent Office,A,Annual,AP,Patent applications,PATN,Patents,PRIORITY,Priority date,OECD,OECD,_Z,Not applicable,INVENTOR,Inventor,_Z,Not applicable,_Z,Not applicable,AI,Technologies related to artificial intelligence,2017,,4110.5415,,A,Normal value,1,One,0,Units
DATAFLOW,OECD.STI.PIE:DSD_PATENTS@DF_PATENTS_OECDSPECIFIC(1.0),Patents in OECD selected technologies,I,6F0,European Patent Office,A,Annual,AP,Patent applications,PATN,Patents,PRIORITY,Priority date,ITA,Italy,_Z,Not applicable,INVENTOR,Inventor,_Z,Not applicable,_Z,Not applicable,AI,Technologies related to artificial intelligence,2017,,34.517899,,A,Normal value,1,One,0,Units
DATAFLOW,OECD.STI.PIE:DSD_PATENTS@DF_PATENTS_OECDSPECIFIC(1.0),Patents in OECD selected technologies,I,6F0,European Patent Office,A,Annual,AP,Patent applications,PATN,Patents,PRIORITY,Priority date,BEL,Belgium,_Z,Not applicable,INVENTOR,Inventor,_Z,Not applicable,_Z,Not applicable,AI,Technologies related to artificial intelligence,2017,,31.4,,A,Normal value,1,One,0,Units
DATAFLOW,OECD.STI.PIE:DSD_PATENTS@DF_PATENTS_OECDSPECIFIC(1.0),Patents in OECD selected technologies,I,6F0,European Patent Office,A,Annual,AP,Patent applications,PATN,Patents,PRIORITY,Priority date,NOR,Norway,_Z,Not applicable,INVENTOR,Inventor,_Z,Not applicable,_Z,Not applicable,AI,Technologies related to artificial intelligence,2017,,11.4667,,A,Normal value,1,One,0,Units
DATAFLOW,OECD.STI.PIE:DSD_PATENTS@DF_PATENTS_OECDSPECIFIC(1.0),Patents in OECD selected technologies,I,6F0,European Patent Office,A,Annual,AP,Patent applications,PATN,Patents,PRIORITY,Priority date,HUN,Hungary,_Z,Not applicable,INVENTOR,Inventor,_Z,Not applicable,_Z,Not applicable,AI,Technologies related to artificial intelligence,2017,,12.9762,,A,Normal value,1,One,0,Units
DATAFLOW,OECD.STI.PIE:DSD_PATENTS@DF_PATENTS_OECDSPECIFIC(1.0),Patents in OECD selected technologies,I,6F0,European Patent Office,A,Annual,AP,Patent applications,PATN,Patents,PRIORITY,Priority date,DEU,Germany,_Z,Not applicable,INVENTOR,Inventor,_Z,Not applicable,_Z,Not applicable,AI,Technologies related to artificial intelligence,2017,,295.92291,,A,Normal value,1,One,0,Units
DATAFLOW,OECD.STI.PIE:DSD_PATENTS@DF_PATENTS_OECDSPECIFIC(1.0),Patents in OECD selected technologies,I,6F0,European Patent Office,A,Annual,AP,Patent applications,PATN,Patents,PRIORITY,Priority date,TWN,Chinese Taipei,_Z,Not applicable,INVENTOR,Inventor,_Z,Not applicable,_Z,Not applicable,AI,Technologies related to artificial intelligence,2017,,27.0714,,A,Normal value,1,One,0,Units
DATAFLOW,OECD.STI.PIE:DSD_PATENTS@DF_PATENTS_OECDSPECIFIC(1.0),Patents in OECD selected technologies,I,6F0,European Patent Office,A,Annual,AP,Patent applications,PATN,Patents,PRIORITY,Priority date,AUT,Austria,_Z,Not applicable,INVENTOR,Inventor,_Z,Not applicable,_Z,Not applicable,AI,Technologies related to artificial intelligence,2017,,13.8667,,A,Normal value,1,One,0,Units
DATAFLOW,OECD.STI.PIE:DSD_PATENTS@DF_PATENTS_OECDSPECIFIC(1.0),Patents in OECD selected technologies,I,6F0,European Patent Office,A,Annual,AP,Patent applications,PATN,Patents,PRIORITY,Priority date,SWE,Sweden,_Z,Not applicable,INVENTOR,Inventor,_Z,Not applicable,_Z,Not applicable,AI,Technologies related to artificial intelligence,2017,,67.7855,,A,Normal value,1,One,0,Units
DATAFLOW,OECD.STI.PIE:DSD_PATENTS@DF_PATENTS_OECDSPECIFIC(1.0),Patents in OECD selected technologies,I,6F0,European Patent Office,A,Annual,AP,Patent applications,PATN,Patents,PRIORITY,Priority date,W,World,_Z,Not applicable,INVENTOR,Inventor,_Z,Not applicable,_Z,Not applicable,AI,Technologies related to artificial intelligence,2017,,4985,,A,Normal value,1,One,0,Units
DATAFLOW,OECD.STI.PIE:DSD_PATENTS@DF_PATENTS_OECDSPECIFIC(1.0),Patents in OECD selected technologies,I,6F0,European Patent Office,A,Annual,AP,Patent applications,PATN,Patents,PRIORITY,Priority date,BRA,Brazil,_Z,Not applicable,INVENTOR,Inventor,_Z,Not applicable,_Z,Not applicable,AI,Technologies related to artificial intelligence,2017,,5.8095002,,A,Normal value,1,One,0,Units
DATAFLOW,OECD.STI.PIE:DSD_PATENTS@DF_PATENTS_OECDSPECIFIC(1.0),Patents in OECD selected technologies,I,6F0,European Patent Office,A,Annual,AP,Patent applications,PATN,Patents,PRIORITY,Priority date,SGP,Singapore,_Z,Not applicable,INVENTOR,Inventor,_Z,Not applicable,_Z,Not applicable,AI,Technologies related to artificial intelligence,2017,,17.200001,,A,Normal value,1,One,0,Units
DATAFLOW,OECD.STI.PIE:DSD_PATENTS@DF_PATENTS_OECDSPECIFIC(1.0),Patents in OECD selected technologies,I,6F0,European Patent Office,A,Annual,AP,Patent applications,PATN,Patents,PRIORITY,Priority date,NLD,Netherlands,_Z,Not applicable,INVENTOR,Inventor,_Z,Not applicable,_Z,Not applicable,AI,Technologies related to artificial intelligence,2017,,147.994,,A,Normal value,1,One,0,Units
DATAFLOW,OECD.STI.PIE:DSD_PATENTS@DF_PATENTS_OECDSPECIFIC(1.0),Patents in OECD selected technologies,I,6F0,European Patent Office,A,Annual,AP,Patent applications,PATN,Patents,PRIORITY,Priority date,ARE,United Arab Emirates,_Z,Not applicable,INVENTOR,Inventor,_Z,Not applicable,_Z,Not applicable,AI,Technologies related to artificial intelligence,2017,,4,,A,Normal value,1,One,0,Units
DATAFLOW,OECD.STI.PIE:DSD_PATENTS@DF_PATENTS_OECDSPECIFIC(1.0),Patents in OECD selected technologies,I,6F0,European Patent Office,A,Annual,AP,Patent applications,PATN,Patents,PRIORITY,Priority date,ISR,Israel,_Z,Not applicable,INVENTOR,Inventor,_Z,Not applicable,_Z,Not applicable,AI,Technologies related to artificial intelligence,2017,,100.8519,,A,Normal value,1,One,0,Units
DATAFLOW,OECD.STI.PIE:DSD_PATENTS@DF_PATENTS_OECDSPECIFIC(1.0),Patents in OECD selected technologies,I,6F0,European Patent Office,A,Annual,AP,Patent applications,PATN,Patents,PRIORITY,Priority date,ZAF,South Africa,_Z,Not applicable,INVENTOR,Inventor,_Z,Not applicable,_Z,Not applicable,AI,Technologies related to artificial intelligence,2017,,4.6666999,,A,Normal value,1,One,0,Units
DATAFLOW,OECD.STI.PIE:DSD_PATENTS@DF_PATENTS_OECDSPECIFIC(1.0),Patents in OECD selected technologies,I,6F0,European Patent Office,A,Annual,AP,Patent applications,PATN,Patents,PRIORITY,Priority date,EU27_2020,European Union (27 countries from 01/02/2020),_Z,Not applicable,INVENTOR,Inventor,_Z,Not applicable,_Z,Not applicable,AI,Technologies related to artificial intelligence,2017,,873.01038,,A,Normal value,1,One,0,Units
DATAFLOW,OECD.STI.PIE:DSD_PATENTS@DF_PATENTS_OECDSPECIFIC(1.0),Patents in OECD selected technologies,I,6F0,European Patent Office,A,Annual,AP,Patent applications,PATN,Patents,PRIORITY,Priority date,AUS,Australia,_Z,Not applicable,INVENTOR,Inventor,_Z,Not applicable,_Z,Not applicable,AI,Technologies related to artificial intelligence,2017,,28.9083,,A,Normal value,1,One,0,Units
DATAFLOW,OECD.STI.PIE:DSD_PATENTS@DF_PATENTS_OECDSPECIFIC(1.0),Patents in OECD selected technologies,I,6F0,European Patent Office,A,Annual,AP,Patent applications,PATN,Patents,PRIORITY,Priority date,TUR,Türkiye,_Z,Not applicable,INVENTOR,Inventor,_Z,Not applicable,_Z,Not applicable,AI,Technologies related to artificial intelligence,2017,,8.0417004,,A,Normal value,1,One,0,Units
DATAFLOW,OECD.STI.PIE:DSD_PATENTS@DF_PATENTS_OECDSPECIFIC(1.0),Patents in OECD selected technologies,I,6F0,European Patent Office,A,Annual,AP,Patent applications,PATN,Patents,PRIORITY,Priority date,ESP,Spain,_Z,Not applicable,INVENTOR,Inventor,_Z,Not applicable,_Z,Not applicable,AI,Technologies related to artificial intelligence,2017,,30.6444,,A,Normal value,1,One,0,Units
DATAFLOW,OECD.STI.PIE:DSD_PATENTS@DF_PATENTS_OECDSPECIFIC(1.0),Patents in OECD selected technologies,I,6F0,European Patent Office,A,Annual,AP,Patent applications,PATN,Patents,PRIORITY,Priority date,CRI,Costa Rica,_Z,Not applicable,INVENTOR,Inventor,_Z,Not applicable,_Z,Not applicable,AI,Technologies related to artificial intelligence,2017,,0.41670001,,A,Normal value,1,One,0,Units
DATAFLOW,OECD.STI.PIE:DSD_PATENTS@DF_PATENTS_OECDSPECIFIC(1.0),Patents in OECD selected technologies,I,6F0,European Patent Office,A,Annual,AP,Patent applications,PATN,Patents,PRIORITY,Priority date,MEX,Mexico,_Z,Not applicable,INVENTOR,Inventor,_Z,Not applicable,_Z,Not applicable,AI,Technologies related to artificial intelligence,2017,,0.44999999,,A,Normal value,1,One,0,Units
DATAFLOW,OECD.STI.PIE:DSD_PATENTS@DF_PATENTS_OECDSPECIFIC(1.0),Patents in OECD selected technologies,I,6F0,European Patent Office,A,Annual,AP,Patent applications,PATN,Patents,PRIORITY,Priority date,RUS,Russia,_Z,Not applicable,INVENTOR,Inventor,_Z,Not applicable,_Z,Not applicable,AI,Technologies related to artificial intelligence,2017,,12.2,,A,Normal value,1,One,0,Units
DATAFLOW,OECD.STI.PIE:DSD_PATENTS@DF_PATENTS_OECDSPECIFIC(1.0),Patents in OECD selected technologies,I,6F0,European Patent Office,A,Annual,AP,Patent applications,PATN,Patents,PRIORITY,Priority date,IRL,Ireland,_Z,Not applicable,INVENTOR,Inventor,_Z,Not applicable,_Z,Not applicable,AI,Technologies related to artificial intelligence,2017,,19.233299,,A,Normal value,1,One,0,Units
DATAFLOW,OECD.STI.PIE:DSD_PATENTS@DF_PATENTS_OECDSPECIFIC(1.0),Patents in OECD selected technologies,I,6F0,European Patent Office,A,Annual,AP,Patent applications,PATN,Patents,PRIORITY,Priority date,ARG,Argentina,_Z,Not applicable,INVENTOR,Inventor,_Z,Not applicable,_Z,Not applicable,AI,Technologies related to artificial intelligence,2017,,3.4667001,,A,Normal value,1,One,0,Units
DATAFLOW,OECD.STI.PIE:DSD_PATENTS@DF_PATENTS_OECDSPECIFIC(1.0),Patents in OECD selected technologies,I,6F0,European Patent Office,A,Annual,AP,Patent applications,PATN,Patents,PRIORITY,Priority date,GBR,United Kingdom,_Z,Not applicable,INVENTOR,Inventor,_Z,Not applicable,_Z,Not applicable,AI,Technologies related to artificial intelligence,2017,,256.1767,,A,Normal value,1,One,0,Units
DATAFLOW,OECD.STI.PIE:DSD_PATENTS@DF_PATENTS_OECDSPECIFIC(1.0),Patents in OECD selected technologies,I,6F0,European Patent Office,A,Annual,AP,Patent applications,PATN,Patents,PRIORITY,Priority date,POL,Poland,_Z,Not applicable,INVENTOR,Inventor,_Z,Not applicable,_Z,Not applicable,AI,Technologies related to artificial intelligence,2017,,9.5110998,,A,Normal value,1,One,0,Units
DATAFLOW,OECD.STI.PIE:DSD_PATENTS@DF_PATENTS_OECDSPECIFIC(1.0),Patents in OECD selected technologies,I,6F0,European Patent Office,A,Annual,AP,Patent applications,PATN,Patents,PRIORITY,Priority date,ROU,Romania,_Z,Not applicable,INVENTOR,Inventor,_Z,Not applicable,_Z,Not applicable,AI,Technologies related to artificial intelligence,2017,,3.4000001,,A,Normal value,1,One,0,Units
DATAFLOW,OECD.STI.PIE:DSD_PATENTS@DF_PATENTS_OECDSPECIFIC(1.0),Patents in OECD selected technologies,I,6F0,European Patent Office,A,Annual,AP,Patent applications,PATN,Patents,PRIORITY,Priority date,DNK,Denmark,_Z,Not applicable,INVENTOR,Inventor,_Z,Not applicable,_Z,Not applicable,AI,Technologies related to artificial intelligence,2017,,8.0713997,,A,Normal value,1,One,0,Units
DATAFLOW,OECD.STI.PIE:DSD_PATENTS@DF_PATENTS_OECDSPECIFIC(1.0),Patents in OECD selected technologies,I,6F0,European Patent Office,A,Annual,AP,Patent applications,PATN,Patents,PRIORITY,Priority date,SAU,Saudi Arabia,_Z,Not applicable,INVENTOR,Inventor,_Z,Not applicable,_Z,Not applicable,AI,Technologies related to artificial intelligence,2017,,13.6667,,A,Normal value,1,One,0,Units
DATAFLOW,OECD.STI.PIE:DSD_PATENTS@DF_PATENTS_OECDSPECIFIC(1.0),Patents in OECD selected technologies,I,6F0,European Patent Office,A,Annual,AP,Patent applications,PATN,Patents,PRIORITY,Priority date,CHN,China (People’s Republic of),_Z,Not applicable,INVENTOR,Inventor,_Z,Not applicable,_Z,Not applicable,AI,Technologies related to artificial intelligence,2017,,627.2179,,A,Normal value,1,One,0,Units
DATAFLOW,OECD.STI.PIE:DSD_PATENTS@DF_PATENTS_OECDSPECIFIC(1.0),Patents in OECD selected technologies,I,6F0,European Patent Office,A,Annual,AP,Patent applications,PATN,Patents,PRIORITY,Priority date,CHE,Switzerland,_Z,Not applicable,INVENTOR,Inventor,_Z,Not applicable,_Z,Not applicable,AI,Technologies related to artificial intelligence,2017,,48.325001,,A,Normal value,1,One,0,Units
DATAFLOW,OECD.STI.PIE:DSD_PATENTS@DF_PATENTS_OECDSPECIFIC(1.0),Patents in OECD selected technologies,I,6F0,European Patent Office,A,Annual,AP,Patent applications,PATN,Patents,PRIORITY,Priority date,IND,India,_Z,Not applicable,INVENTOR,Inventor,_Z,Not applicable,_Z,Not applicable,AI,Technologies related to artificial intelligence,2017,,137.7662,,A,Normal value,1,One,0,Units
DATAFLOW,OECD.STI.PIE:DSD_PATENTS@DF_PATENTS_OECDSPECIFIC(1.0),Patents in OECD selected technologies,I,6F0,European Patent Office,A,Annual,AP,Patent applications,PATN,Patents,PRIORITY,Priority date,CZE,Czechia,_Z,Not applicable,INVENTOR,Inventor,_Z,Not applicable,_Z,Not applicable,AI,Technologies related to artificial intelligence,2017,,1.7143,,A,Normal value,1,One,0,Units
DATAFLOW,OECD.STI.PIE:DSD_PATENTS@DF_PATENTS_OECDSPECIFIC(1.0),Patents in OECD selected technologies,I,6F0,European Patent Office,A,Annual,AP,Patent applications,PATN,Patents,PRIORITY,Priority date,HKG,Hong Kong (China),_Z,Not applicable,INVENTOR,Inventor,_Z,Not applicable,_Z,Not applicable,AI,Technologies related to artificial intelligence,2017,,8,,A,Normal value,1,One,0,Units
DATAFLOW,OECD.STI.PIE:DSD_PATENTS@DF_PATENTS_OECDSPECIFIC(1.0),Patents in OECD selected technologies,I,6F0,European Patent Office,A,Annual,AP,Patent applications,PATN,Patents,PRIORITY,Priority date,FIN,Finland,_Z,Not applicable,INVENTOR,Inventor,_Z,Not applicable,_Z,Not applicable,AI,Technologies related to artificial intelligence,2017,,30.75,,A,Normal value,1,One,0,Units
DATAFLOW,OECD.STI.PIE:DSD_PATENTS@DF_PATENTS_OECDSPECIFIC(1.0),Patents in OECD selected technologies,I,6F0,European Patent Office,A,Annual,AP,Patent applications,PATN,Patents,PRIORITY,Priority date,MYS,Malaysia,_Z,Not applicable,INVENTOR,Inventor,_Z,Not applicable,_Z,Not applicable,AI,Technologies related to artificial intelligence,2017,,0.66670001,,A,Normal value,1,One,0,Units
DATAFLOW,OECD.STI.PIE:DSD_PATENTS@DF_PATENTS_OECDSPECIFIC(1.0),Patents in OECD selected technologies,I,6F0,European Patent Office,A,Annual,AP,Patent applications,PATN,Patents,PRIORITY,Priority date,LUX,Luxembourg,_Z,Not applicable,INVENTOR,Inventor,_Z,Not applicable,_Z,Not applicable,AI,Technologies related to artificial intelligence,2017,,0.25,,A,Normal value,1,One,0,Units
DATAFLOW,OECD.STI.PIE:DSD_PATENTS@DF_PATENTS_OECDSPECIFIC(1.0),Patents in OECD selected technologies,I,6F0,European Patent Office,A,Annual,AP,Patent applications,PATN,Patents,PRIORITY,Priority date,USA,United States,_Z,Not applicable,INVENTOR,Inventor,_Z,Not applicable,_Z,Not applicable,AI,Technologies related to artificial intelligence,2017,,1853.6257,,A,Normal value,1,One,0,Units
DATAFLOW,OECD.STI.PIE:DSD_PATENTS@DF_PATENTS_OECDSPECIFIC(1.0),Patents in OECD selected technologies,I,6F0,European Patent Office,A,Annual,AP,Patent applications,PATN,Patents,PRIORITY,Priority date,CYM,Cayman Islands,_Z,Not applicable,INVENTOR,Inventor,_Z,Not applicable,_Z,Not applicable,AI,Technologies related to artificial intelligence,2017,,1.5,,A,Normal value,1,One,0,Units
DATAFLOW,OECD.STI.PIE:DSD_PATENTS@DF_PATENTS_OECDSPECIFIC(1.0),Patents in OECD selected technologies,I,6F0,European Patent Office,A,Annual,AP,Patent applications,PATN,Patents,PRIORITY,Priority date,FRA,France,_Z,Not applicable,INVENTOR,Inventor,_Z,Not applicable,_Z,Not applicable,AI,Technologies related to artificial intelligence,2017,,154.9726,,A,Normal value,1,One,0,Units
DATAFLOW,OECD.STI.PIE:DSD_PATENTS@DF_PATENTS_OECDSPECIFIC(1.0),Patents in OECD selected technologies,I,6F0,European Patent Office,A,Annual,AP,Patent applications,PATN,Patents,PRIORITY,Priority date,UKR,Ukraine,_Z,Not applicable,INVENTOR,Inventor,_Z,Not applicable,_Z,Not applicable,AI,Technologies related to artificial intelligence,2017,,0.55559999,,A,Normal value,1,One,0,Units
DATAFLOW,OECD.STI.PIE:DSD_PATENTS@DF_PATENTS_OECDSPECIFIC(1.0),Patents in OECD selected technologies,I,6F0,European Patent Office,A,Annual,AP,Patent applications,PATN,Patents,PRIORITY,Priority date,THA,Thailand,_Z,Not applicable,INVENTOR,Inventor,_Z,Not applicable,_Z,Not applicable,AI,Technologies related to artificial intelligence,2017,,0.57139999,,A,Normal value,1,One,0,Units
DATAFLOW,OECD.STI.PIE:DSD_PATENTS@DF_PATENTS_OECDSPECIFIC(1.0),Patents in OECD selected technologies,I,6F0,European Patent Office,A,Annual,AP,Patent applications,PATN,Patents,PRIORITY,Priority date,HRV,Croatia,_Z,Not applicable,INVENTOR,Inventor,_Z,Not applicable,_Z,Not applicable,AI,Technologies related to artificial intelligence,2018,,0.25,,A,Normal value,1,One,0,Units
DATAFLOW,OECD.STI.PIE:DSD_PATENTS@DF_PATENTS_OECDSPECIFIC(1.0),Patents in OECD selected technologies,I,6F0,European Patent Office,A,Annual,AP,Patent applications,PATN,Patents,PRIORITY,Priority date,THA,Thailand,_Z,Not applicable,INVENTOR,Inventor,_Z,Not applicable,_Z,Not applicable,AI,Technologies related to artificial intelligence,2018,,1.8,,A,Normal value,1,One,0,Units
DATAFLOW,OECD.STI.PIE:DSD_PATENTS@DF_PATENTS_OECDSPECIFIC(1.0),Patents in OECD selected technologies,I,6F0,European Patent Office,A,Annual,AP,Patent applications,PATN,Patents,PRIORITY,Priority date,UKR,Ukraine,_Z,Not applicable,INVENTOR,Inventor,_Z,Not applicable,_Z,Not applicable,AI,Technologies related to artificial intelligence,2018,,2.5999999,,A,Normal value,1,One,0,Units
DATAFLOW,OECD.STI.PIE:DSD_PATENTS@DF_PATENTS_OECDSPECIFIC(1.0),Patents in OECD selected technologies,I,6F0,European Patent Office,A,Annual,AP,Patent applications,PATN,Patents,PRIORITY,Priority date,FRA,France,_Z,Not applicable,INVENTOR,Inventor,_Z,Not applicable,_Z,Not applicable,AI,Technologies related to artificial intelligence,2018,,243.13699,,A,Normal value,1,One,0,Units
DATAFLOW,OECD.STI.PIE:DSD_PATENTS@DF_PATENTS_OECDSPECIFIC(1.0),Patents in OECD selected technologies,I,6F0,European Patent Office,A,Annual,AP,Patent applications,PATN,Patents,PRIORITY,Priority date,CYM,Cayman Islands,_Z,Not applicable,INVENTOR,Inventor,_Z,Not applicable,_Z,Not applicable,AI,Technologies related to artificial intelligence,2018,,2.5,,A,Normal value,1,One,0,Units
DATAFLOW,OECD.STI.PIE:DSD_PATENTS@DF_PATENTS_OECDSPECIFIC(1.0),Patents in OECD selected technologies,I,6F0,European Patent Office,A,Annual,AP,Patent applications,PATN,Patents,PRIORITY,Priority date,USA,United States,_Z,Not applicable,INVENTOR,Inventor,_Z,Not applicable,_Z,Not applicable,AI,Technologies related to artificial intelligence,2018,,2504.0562,,A,Normal value,1,One,0,Units
DATAFLOW,OECD.STI.PIE:DSD_PATENTS@DF_PATENTS_OECDSPECIFIC(1.0),Patents in OECD selected technologies,I,6F0,European Patent Office,A,Annual,AP,Patent applications,PATN,Patents,PRIORITY,Priority date,MYS,Malaysia,_Z,Not applicable,INVENTOR,Inventor,_Z,Not applicable,_Z,Not applicable,AI,Technologies related to artificial intelligence,2018,,2.825,,A,Normal value,1,One,0,Units
DATAFLOW,OECD.STI.PIE:DSD_PATENTS@DF_PATENTS_OECDSPECIFIC(1.0),Patents in OECD selected technologies,I,6F0,European Patent Office,A,Annual,AP,Patent applications,PATN,Patents,PRIORITY,Priority date,FIN,Finland,_Z,Not applicable,INVENTOR,Inventor,_Z,Not applicable,_Z,Not applicable,AI,Technologies related to artificial intelligence,2018,,55.5667,,A,Normal value,1,One,0,Units
DATAFLOW,OECD.STI.PIE:DSD_PATENTS@DF_PATENTS_OECDSPECIFIC(1.0),Patents in OECD selected technologies,I,6F0,European Patent Office,A,Annual,AP,Patent applications,PATN,Patents,PRIORITY,Priority date,HKG,Hong Kong (China),_Z,Not applicable,INVENTOR,Inventor,_Z,Not applicable,_Z,Not applicable,AI,Technologies related to artificial intelligence,2018,,12.9667,,A,Normal value,1,One,0,Units
DATAFLOW,OECD.STI.PIE:DSD_PATENTS@DF_PATENTS_OECDSPECIFIC(1.0),Patents in OECD selected technologies,I,6F0,European Patent Office,A,Annual,AP,Patent applications,PATN,Patents,PRIORITY,Priority date,CZE,Czechia,_Z,Not applicable,INVENTOR,Inventor,_Z,Not applicable,_Z,Not applicable,AI,Technologies related to artificial intelligence,2018,,3.1666999,,A,Normal value,1,One,0,Units
DATAFLOW,OECD.STI.PIE:DSD_PATENTS@DF_PATENTS_OECDSPECIFIC(1.0),Patents in OECD selected technologies,I,6F0,European Patent Office,A,Annual,AP,Patent applications,PATN,Patents,PRIORITY,Priority date,IND,India,_Z,Not applicable,INVENTOR,Inventor,_Z,Not applicable,_Z,Not applicable,AI,Technologies related to artificial intelligence,2018,,173.9567,,A,Normal value,1,One,0,Units
DATAFLOW,OECD.STI.PIE:DSD_PATENTS@DF_PATENTS_OECDSPECIFIC(1.0),Patents in OECD selected technologies,I,6F0,European Patent Office,A,Annual,AP,Patent applications,PATN,Patents,PRIORITY,Priority date,CHE,Switzerland,_Z,Not applicable,INVENTOR,Inventor,_Z,Not applicable,_Z,Not applicable,AI,Technologies related to artificial intelligence,2018,,75.8834,,A,Normal value,1,One,0,Units
DATAFLOW,OECD.STI.PIE:DSD_PATENTS@DF_PATENTS_OECDSPECIFIC(1.0),Patents in OECD selected technologies,I,6F0,European Patent Office,A,Annual,AP,Patent applications,PATN,Patents,PRIORITY,Priority date,CHN,China (People’s Republic of),_Z,Not applicable,INVENTOR,Inventor,_Z,Not applicable,_Z,Not applicable,AI,Technologies related to artificial intelligence,2018,,811.58752,,A,Normal value,1,One,0,Units
DATAFLOW,OECD.STI.PIE:DSD_PATENTS@DF_PATENTS_OECDSPECIFIC(1.0),Patents in OECD selected technologies,I,6F0,European Patent Office,A,Annual,AP,Patent applications,PATN,Patents,PRIORITY,Priority date,SAU,Saudi Arabia,_Z,Not applicable,INVENTOR,Inventor,_Z,Not applicable,_Z,Not applicable,AI,Technologies related to artificial intelligence,2018,,13.0556,,A,Normal value,1,One,0,Units
DATAFLOW,OECD.STI.PIE:DSD_PATENTS@DF_PATENTS_OECDSPECIFIC(1.0),Patents in OECD selected technologies,I,6F0,European Patent Office,A,Annual,AP,Patent applications,PATN,Patents,PRIORITY,Priority date,DNK,Denmark,_Z,Not applicable,INVENTOR,Inventor,_Z,Not applicable,_Z,Not applicable,AI,Technologies related to artificial intelligence,2018,,21.3333,,A,Normal value,1,One,0,Units
DATAFLOW,OECD.STI.PIE:DSD_PATENTS@DF_PATENTS_OECDSPECIFIC(1.0),Patents in OECD selected technologies,I,6F0,European Patent Office,A,Annual,AP,Patent applications,PATN,Patents,PRIORITY,Priority date,KEN,Kenya,_Z,Not applicable,INVENTOR,Inventor,_Z,Not applicable,_Z,Not applicable,AI,Technologies related to artificial intelligence,2018,,0.28569999,,A,Normal value,1,One,0,Units
DATAFLOW,OECD.STI.PIE:DSD_PATENTS@DF_PATENTS_OECDSPECIFIC(1.0),Patents in OECD selected technologies,I,6F0,European Patent Office,A,Annual,AP,Patent applications,PATN,Patents,PRIORITY,Priority date,ROU,Romania,_Z,Not applicable,INVENTOR,Inventor,_Z,Not applicable,_Z,Not applicable,AI,Technologies related to artificial intelligence,2018,,15.0333,,A,Normal value,1,One,0,Units
DATAFLOW,OECD.STI.PIE:DSD_PATENTS@DF_PATENTS_OECDSPECIFIC(1.0),Patents in OECD selected technologies,I,6F0,European Patent Office,A,Annual,AP,Patent applications,PATN,Patents,PRIORITY,Priority date,SVN,Slovenia,_Z,Not applicable,INVENTOR,Inventor,_Z,Not applicable,_Z,Not applicable,AI,Technologies related to artificial intelligence,2018,,2.75,,A,Normal value,1,One,0,Units
DATAFLOW,OECD.STI.PIE:DSD_PATENTS@DF_PATENTS_OECDSPECIFIC(1.0),Patents in OECD selected technologies,I,6F0,European Patent Office,A,Annual,AP,Patent applications,PATN,Patents,PRIORITY,Priority date,POL,Poland,_Z,Not applicable,INVENTOR,Inventor,_Z,Not applicable,_Z,Not applicable,AI,Technologies related to artificial intelligence,2018,,9.1332998,,A,Normal value,1,One,0,Units
DATAFLOW,OECD.STI.PIE:DSD_PATENTS@DF_PATENTS_OECDSPECIFIC(1.0),Patents in OECD selected technologies,I,6F0,European Patent Office,A,Annual,AP,Patent applications,PATN,Patents,PRIORITY,Priority date,GBR,United Kingdom,_Z,Not applicable,INVENTOR,Inventor,_Z,Not applicable,_Z,Not applicable,AI,Technologies related to artificial intelligence,2018,,296.1427,,A,Normal value,1,One,0,Units
DATAFLOW,OECD.STI.PIE:DSD_PATENTS@DF_PATENTS_OECDSPECIFIC(1.0),Patents in OECD selected technologies,I,6F0,European Patent Office,A,Annual,AP,Patent applications,PATN,Patents,PRIORITY,Priority date,ARG,Argentina,_Z,Not applicable,INVENTOR,Inventor,_Z,Not applicable,_Z,Not applicable,AI,Technologies related to artificial intelligence,2018,,1.6762,,A,Normal value,1,One,0,Units
DATAFLOW,OECD.STI.PIE:DSD_PATENTS@DF_PATENTS_OECDSPECIFIC(1.0),Patents in OECD selected technologies,I,6F0,European Patent Office,A,Annual,AP,Patent applications,PATN,Patents,PRIORITY,Priority date,IRL,Ireland,_Z,Not applicable,INVENTOR,Inventor,_Z,Not applicable,_Z,Not applicable,AI,Technologies related to artificial intelligence,2018,,37.980999,,A,Normal value,1,One,0,Units
DATAFLOW,OECD.STI.PIE:DSD_PATENTS@DF_PATENTS_OECDSPECIFIC(1.0),Patents in OECD selected technologies,I,6F0,European Patent Office,A,Annual,AP,Patent applications,PATN,Patents,PRIORITY,Priority date,RUS,Russia,_Z,Not applicable,INVENTOR,Inventor,_Z,Not applicable,_Z,Not applicable,AI,Technologies related to artificial intelligence,2018,,25.75,,A,Normal value,1,One,0,Units
DATAFLOW,OECD.STI.PIE:DSD_PATENTS@DF_PATENTS_OECDSPECIFIC(1.0),Patents in OECD selected technologies,I,6F0,European Patent Office,A,Annual,AP,Patent applications,PATN,Patents,PRIORITY,Priority date,CRI,Costa Rica,_Z,Not applicable,INVENTOR,Inventor,_Z,Not applicable,_Z,Not applicable,AI,Technologies related to artificial intelligence,2018,,1.3333,,A,Normal value,1,One,0,Units
DATAFLOW,OECD.STI.PIE:DSD_PATENTS@DF_PATENTS_OECDSPECIFIC(1.0),Patents in OECD selected technologies,I,6F0,European Patent Office,A,Annual,AP,Patent applications,PATN,Patents,PRIORITY,Priority date,GRC,Greece,_Z,Not applicable,INVENTOR,Inventor,_Z,Not applicable,_Z,Not applicable,AI,Technologies related to artificial intelligence,2018,,1.25,,A,Normal value,1,One,0,Units
DATAFLOW,OECD.STI.PIE:DSD_PATENTS@DF_PATENTS_OECDSPECIFIC(1.0),Patents in OECD selected technologies,I,6F0,European Patent Office,A,Annual,AP,Patent applications,PATN,Patents,PRIORITY,Priority date,ESP,Spain,_Z,Not applicable,INVENTOR,Inventor,_Z,Not applicable,_Z,Not applicable,AI,Technologies related to artificial intelligence,2018,,34.0452,,A,Normal value,1,One,0,Units
DATAFLOW,OECD.STI.PIE:DSD_PATENTS@DF_PATENTS_OECDSPECIFIC(1.0),Patents in OECD selected technologies,I,6F0,European Patent Office,A,Annual,AP,Patent applications,PATN,Patents,PRIORITY,Priority date,CHL,Chile,_Z,Not applicable,INVENTOR,Inventor,_Z,Not applicable,_Z,Not applicable,AI,Technologies related to artificial intelligence,2018,,1.0833,,A,Normal value,1,One,0,Units
DATAFLOW,OECD.STI.PIE:DSD_PATENTS@DF_PATENTS_OECDSPECIFIC(1.0),Patents in OECD selected technologies,I,6F0,European Patent Office,A,Annual,AP,Patent applications,PATN,Patents,PRIORITY,Priority date,TUR,Türkiye,_Z,Not applicable,INVENTOR,Inventor,_Z,Not applicable,_Z,Not applicable,AI,Technologies related to artificial intelligence,2018,,8.9167004,,A,Normal value,1,One,0,Units
DATAFLOW,OECD.STI.PIE:DSD_PATENTS@DF_PATENTS_OECDSPECIFIC(1.0),Patents in OECD selected technologies,I,6F0,European Patent Office,A,Annual,AP,Patent applications,PATN,Patents,PRIORITY,Priority date,AUS,Australia,_Z,Not applicable,INVENTOR,Inventor,_Z,Not applicable,_Z,Not applicable,AI,Technologies related to artificial intelligence,2018,,40.0952,,A,Normal value,1,One,0,Units
DATAFLOW,OECD.STI.PIE:DSD_PATENTS@DF_PATENTS_OECDSPECIFIC(1.0),Patents in OECD selected technologies,I,6F0,European Patent Office,A,Annual,AP,Patent applications,PATN,Patents,PRIORITY,Priority date,EU27_2020,European Union (27 countries from 01/02/2020),_Z,Not applicable,INVENTOR,Inventor,_Z,Not applicable,_Z,Not applicable,AI,Technologies related to artificial intelligence,2018,,1408.7043,,A,Normal value,1,One,0,Units
DATAFLOW,OECD.STI.PIE:DSD_PATENTS@DF_PATENTS_OECDSPECIFIC(1.0),Patents in OECD selected technologies,I,6F0,European Patent Office,A,Annual,AP,Patent applications,PATN,Patents,PRIORITY,Priority date,ZAF,South Africa,_Z,Not applicable,INVENTOR,Inventor,_Z,Not applicable,_Z,Not applicable,AI,Technologies related to artificial intelligence,2018,,5.3333001,,A,Normal value,1,One,0,Units
DATAFLOW,OECD.STI.PIE:DSD_PATENTS@DF_PATENTS_OECDSPECIFIC(1.0),Patents in OECD selected technologies,I,6F0,European Patent Office,A,Annual,AP,Patent applications,PATN,Patents,PRIORITY,Priority date,ISR,Israel,_Z,Not applicable,INVENTOR,Inventor,_Z,Not applicable,_Z,Not applicable,AI,Technologies related to artificial intelligence,2018,,122.9971,,A,Normal value,1,One,0,Units
DATAFLOW,OECD.STI.PIE:DSD_PATENTS@DF_PATENTS_OECDSPECIFIC(1.0),Patents in OECD selected technologies,I,6F0,European Patent Office,A,Annual,AP,Patent applications,PATN,Patents,PRIORITY,Priority date,BLR,Belarus,_Z,Not applicable,INVENTOR,Inventor,_Z,Not applicable,_Z,Not applicable,AI,Technologies related to artificial intelligence,2018,,0.61669999,,A,Normal value,1,One,0,Units
DATAFLOW,OECD.STI.PIE:DSD_PATENTS@DF_PATENTS_OECDSPECIFIC(1.0),Patents in OECD selected technologies,I,6F0,European Patent Office,A,Annual,AP,Patent applications,PATN,Patents,PRIORITY,Priority date,ARE,United Arab Emirates,_Z,Not applicable,INVENTOR,Inventor,_Z,Not applicable,_Z,Not applicable,AI,Technologies related to artificial intelligence,2018,,6,,A,Normal value,1,One,0,Units
DATAFLOW,OECD.STI.PIE:DSD_PATENTS@DF_PATENTS_OECDSPECIFIC(1.0),Patents in OECD selected technologies,I,6F0,European Patent Office,A,Annual,AP,Patent applications,PATN,Patents,PRIORITY,Priority date,NLD,Netherlands,_Z,Not applicable,INVENTOR,Inventor,_Z,Not applicable,_Z,Not applicable,AI,Technologies related to artificial intelligence,2018,,230.39169,,A,Normal value,1,One,0,Units
DATAFLOW,OECD.STI.PIE:DSD_PATENTS@DF_PATENTS_OECDSPECIFIC(1.0),Patents in OECD selected technologies,I,6F0,European Patent Office,A,Annual,AP,Patent applications,PATN,Patents,PRIORITY,Priority date,SGP,Singapore,_Z,Not applicable,INVENTOR,Inventor,_Z,Not applicable,_Z,Not applicable,AI,Technologies related to artificial intelligence,2018,,19.6833,,A,Normal value,1,One,0,Units
DATAFLOW,OECD.STI.PIE:DSD_PATENTS@DF_PATENTS_OECDSPECIFIC(1.0),Patents in OECD selected technologies,I,6F0,European Patent Office,A,Annual,AP,Patent applications,PATN,Patents,PRIORITY,Priority date,SVK,Slovak Republic,_Z,Not applicable,INVENTOR,Inventor,_Z,Not applicable,_Z,Not applicable,AI,Technologies related to artificial intelligence,2018,,1.25,,A,Normal value,1,One,0,Units
DATAFLOW,OECD.STI.PIE:DSD_PATENTS@DF_PATENTS_OECDSPECIFIC(1.0),Patents in OECD selected technologies,I,6F0,European Patent Office,A,Annual,AP,Patent applications,PATN,Patents,PRIORITY,Priority date,BRA,Brazil,_Z,Not applicable,INVENTOR,Inventor,_Z,Not applicable,_Z,Not applicable,AI,Technologies related to artificial intelligence,2018,,9.7154999,,A,Normal value,1,One,0,Units
DATAFLOW,OECD.STI.PIE:DSD_PATENTS@DF_PATENTS_OECDSPECIFIC(1.0),Patents in OECD selected technologies,I,6F0,European Patent Office,A,Annual,AP,Patent applications,PATN,Patents,PRIORITY,Priority date,PHL,Philippines,_Z,Not applicable,INVENTOR,Inventor,_Z,Not applicable,_Z,Not applicable,AI,Technologies related to artificial intelligence,2018,,0.28569999,,A,Normal value,1,One,0,Units
DATAFLOW,OECD.STI.PIE:DSD_PATENTS@DF_PATENTS_OECDSPECIFIC(1.0),Patents in OECD selected technologies,I,6F0,European Patent Office,A,Annual,AP,Patent applications,PATN,Patents,PRIORITY,Priority date,PRT,Portugal,_Z,Not applicable,INVENTOR,Inventor,_Z,Not applicable,_Z,Not applicable,AI,Technologies related to artificial intelligence,2018,,8.0166998,,A,Normal value,1,One,0,Units
DATAFLOW,OECD.STI.PIE:DSD_PATENTS@DF_PATENTS_OECDSPECIFIC(1.0),Patents in OECD selected technologies,I,6F0,European Patent Office,A,Annual,AP,Patent applications,PATN,Patents,PRIORITY,Priority date,W,World,_Z,Not applicable,INVENTOR,Inventor,_Z,Not applicable,_Z,Not applicable,AI,Technologies related to artificial intelligence,2018,,6876,,A,Normal value,1,One,0,Units
DATAFLOW,OECD.STI.PIE:DSD_PATENTS@DF_PATENTS_OECDSPECIFIC(1.0),Patents in OECD selected technologies,I,6F0,European Patent Office,A,Annual,AP,Patent applications,PATN,Patents,PRIORITY,Priority date,SWE,Sweden,_Z,Not applicable,INVENTOR,Inventor,_Z,Not applicable,_Z,Not applicable,AI,Technologies related to artificial intelligence,2018,,96.833298,,A,Normal value,1,One,0,Units
DATAFLOW,OECD.STI.PIE:DSD_PATENTS@DF_PATENTS_OECDSPECIFIC(1.0),Patents in OECD selected technologies,I,6F0,European Patent Office,A,Annual,AP,Patent applications,PATN,Patents,PRIORITY,Priority date,AUT,Austria,_Z,Not applicable,INVENTOR,Inventor,_Z,Not applicable,_Z,Not applicable,AI,Technologies related to artificial intelligence,2018,,36.583302,,A,Normal value,1,One,0,Units
DATAFLOW,OECD.STI.PIE:DSD_PATENTS@DF_PATENTS_OECDSPECIFIC(1.0),Patents in OECD selected technologies,I,6F0,European Patent Office,A,Annual,AP,Patent applications,PATN,Patents,PRIORITY,Priority date,TWN,Chinese Taipei,_Z,Not applicable,INVENTOR,Inventor,_Z,Not applicable,_Z,Not applicable,AI,Technologies related to artificial intelligence,2018,,45.833302,,A,Normal value,1,One,0,Units
DATAFLOW,OECD.STI.PIE:DSD_PATENTS@DF_PATENTS_OECDSPECIFIC(1.0),Patents in OECD selected technologies,I,6F0,European Patent Office,A,Annual,AP,Patent applications,PATN,Patents,PRIORITY,Priority date,DEU,Germany,_Z,Not applicable,INVENTOR,Inventor,_Z,Not applicable,_Z,Not applicable,AI,Technologies related to artificial intelligence,2018,,494.42889,,A,Normal value,1,One,0,Units
DATAFLOW,OECD.STI.PIE:DSD_PATENTS@DF_PATENTS_OECDSPECIFIC(1.0),Patents in OECD selected technologies,I,6F0,European Patent Office,A,Annual,AP,Patent applications,PATN,Patents,PRIORITY,Priority date,HUN,Hungary,_Z,Not applicable,INVENTOR,Inventor,_Z,Not applicable,_Z,Not applicable,AI,Technologies related to artificial intelligence,2018,,11.5,,A,Normal value,1,One,0,Units
DATAFLOW,OECD.STI.PIE:DSD_PATENTS@DF_PATENTS_OECDSPECIFIC(1.0),Patents in OECD selected technologies,I,6F0,European Patent Office,A,Annual,AP,Patent applications,PATN,Patents,PRIORITY,Priority date,NOR,Norway,_Z,Not applicable,INVENTOR,Inventor,_Z,Not applicable,_Z,Not applicable,AI,Technologies related to artificial intelligence,2018,,2.9000001,,A,Normal value,1,One,0,Units
DATAFLOW,OECD.STI.PIE:DSD_PATENTS@DF_PATENTS_OECDSPECIFIC(1.0),Patents in OECD selected technologies,I,6F0,European Patent Office,A,Annual,AP,Patent applications,PATN,Patents,PRIORITY,Priority date,BEL,Belgium,_Z,Not applicable,INVENTOR,Inventor,_Z,Not applicable,_Z,Not applicable,AI,Technologies related to artificial intelligence,2018,,50.620602,,A,Normal value,1,One,0,Units
DATAFLOW,OECD.STI.PIE:DSD_PATENTS@DF_PATENTS_OECDSPECIFIC(1.0),Patents in OECD selected technologies,I,6F0,European Patent Office,A,Annual,AP,Patent applications,PATN,Patents,PRIORITY,Priority date,CYP,Cyprus,_Z,Not applicable,INVENTOR,Inventor,_Z,Not applicable,_Z,Not applicable,AI,Technologies related to artificial intelligence,2018,,1.25,,A,Normal value,1,One,0,Units
DATAFLOW,OECD.STI.PIE:DSD_PATENTS@DF_PATENTS_OECDSPECIFIC(1.0),Patents in OECD selected technologies,I,6F0,European Patent Office,A,Annual,AP,Patent applications,PATN,Patents,PRIORITY,Priority date,ITA,Italy,_Z,Not applicable,INVENTOR,Inventor,_Z,Not applicable,_Z,Not applicable,AI,Technologies related to artificial intelligence,2018,,46.516701,,A,Normal value,1,One,0,Units
DATAFLOW,OECD.STI.PIE:DSD_PATENTS@DF_PATENTS_OECDSPECIFIC(1.0),Patents in OECD selected technologies,I,6F0,European Patent Office,A,Annual,AP,Patent applications,PATN,Patents,PRIORITY,Priority date,OECD,OECD,_Z,Not applicable,INVENTOR,Inventor,_Z,Not applicable,_Z,Not applicable,AI,Technologies related to artificial intelligence,2018,,5716.1035,,A,Normal value,1,One,0,Units
DATAFLOW,OECD.STI.PIE:DSD_PATENTS@DF_PATENTS_OECDSPECIFIC(1.0),Patents in OECD selected technologies,I,6F0,European Patent Office,A,Annual,AP,Patent applications,PATN,Patents,PRIORITY,Priority date,KOR,Korea,_Z,Not applicable,INVENTOR,Inventor,_Z,Not applicable,_Z,Not applicable,AI,Technologies related to artificial intelligence,2018,,369.8833,,A,Normal value,1,One,0,Units
DATAFLOW,OECD.STI.PIE:DSD_PATENTS@DF_PATENTS_OECDSPECIFIC(1.0),Patents in OECD selected technologies,I,6F0,European Patent Office,A,Annual,AP,Patent applications,PATN,Patents,PRIORITY,Priority date,CAN,Canada,_Z,Not applicable,INVENTOR,Inventor,_Z,Not applicable,_Z,Not applicable,AI,Technologies related to artificial intelligence,2018,,134.4817,,A,Normal value,1,One,0,Units
DATAFLOW,OECD.STI.PIE:DSD_PATENTS@DF_PATENTS_OECDSPECIFIC(1.0),Patents in OECD selected technologies,I,6F0,European Patent Office,A,Annual,AP,Patent applications,PATN,Patents,PRIORITY,Priority date,JPN,Japan,_Z,Not applicable,INVENTOR,Inventor,_Z,Not applicable,_Z,Not applicable,AI,Technologies related to artificial intelligence,2018,,761.65948,,A,Normal value,1,One,0,Units
DATAFLOW,OECD.STI.PIE:DSD_PATENTS@DF_PATENTS_OECDSPECIFIC(1.0),Patents in OECD selected technologies,I,6F0,European Patent Office,A,Annual,AP,Patent applications,PATN,Patents,PRIORITY,Priority date,EGY,Egypt,_Z,Not applicable,INVENTOR,Inventor,_Z,Not applicable,_Z,Not applicable,AI,Technologies related to artificial intelligence,2018,,0.071400002,,A,Normal value,1,One,0,Units
DATAFLOW,OECD.STI.PIE:DSD_PATENTS@DF_PATENTS_OECDSPECIFIC(1.0),Patents in OECD selected technologies,I,6F0,European Patent Office,A,Annual,AP,Patent applications,PATN,Patents,PRIORITY,Priority date,EST,Estonia,_Z,Not applicable,INVENTOR,Inventor,_Z,Not applicable,_Z,Not applicable,AI,Technologies related to artificial intelligence,2018,,5.6666999,,A,Normal value,1,One,0,Units
DATAFLOW,OECD.STI.PIE:DSD_PATENTS@DF_PATENTS_OECDSPECIFIC(1.0),Patents in OECD selected technologies,I,6F0,European Patent Office,A,Annual,AP,Patent applications,PATN,Patents,PRIORITY,Priority date,NZL,New Zealand,_Z,Not applicable,INVENTOR,Inventor,_Z,Not applicable,_Z,Not applicable,AI,Technologies related to artificial intelligence,2019,,7.5,,A,Normal value,1,One,0,Units
DATAFLOW,OECD.STI.PIE:DSD_PATENTS@DF_PATENTS_OECDSPECIFIC(1.0),Patents in OECD selected technologies,I,6F0,European Patent Office,A,Annual,AP,Patent applications,PATN,Patents,PRIORITY,Priority date,EST,Estonia,_Z,Not applicable,INVENTOR,Inventor,_Z,Not applicable,_Z,Not applicable,AI,Technologies related to artificial intelligence,2019,,7,,A,Normal value,1,One,0,Units
DATAFLOW,OECD.STI.PIE:DSD_PATENTS@DF_PATENTS_OECDSPECIFIC(1.0),Patents in OECD selected technologies,I,6F0,European Patent Office,A,Annual,AP,Patent applications,PATN,Patents,PRIORITY,Priority date,JPN,Japan,_Z,Not applicable,INVENTOR,Inventor,_Z,Not applicable,_Z,Not applicable,AI,Technologies related to artificial intelligence,2019,,741.66901,,A,Normal value,1,One,0,Units
DATAFLOW,OECD.STI.PIE:DSD_PATENTS@DF_PATENTS_OECDSPECIFIC(1.0),Patents in OECD selected technologies,I,6F0,European Patent Office,A,Annual,AP,Patent applications,PATN,Patents,PRIORITY,Priority date,CAN,Canada,_Z,Not applicable,INVENTOR,Inventor,_Z,Not applicable,_Z,Not applicable,AI,Technologies related to artificial intelligence,2019,,117.4111,,A,Normal value,1,One,0,Units
DATAFLOW,OECD.STI.PIE:DSD_PATENTS@DF_PATENTS_OECDSPECIFIC(1.0),Patents in OECD selected technologies,I,6F0,European Patent Office,A,Annual,AP,Patent applications,PATN,Patents,PRIORITY,Priority date,KOR,Korea,_Z,Not applicable,INVENTOR,Inventor,_Z,Not applicable,_Z,Not applicable,AI,Technologies related to artificial intelligence,2019,,509.59879,,A,Normal value,1,One,0,Units
DATAFLOW,OECD.STI.PIE:DSD_PATENTS@DF_PATENTS_OECDSPECIFIC(1.0),Patents in OECD selected technologies,I,6F0,European Patent Office,A,Annual,AP,Patent applications,PATN,Patents,PRIORITY,Priority date,OECD,OECD,_Z,Not applicable,INVENTOR,Inventor,_Z,Not applicable,_Z,Not applicable,AI,Technologies related to artificial intelligence,2019,,6642.5063,,A,Normal value,1,One,0,Units
DATAFLOW,OECD.STI.PIE:DSD_PATENTS@DF_PATENTS_OECDSPECIFIC(1.0),Patents in OECD selected technologies,I,6F0,European Patent Office,A,Annual,AP,Patent applications,PATN,Patents,PRIORITY,Priority date,ITA,Italy,_Z,Not applicable,INVENTOR,Inventor,_Z,Not applicable,_Z,Not applicable,AI,Technologies related to artificial intelligence,2019,,46.3214,,A,Normal value,1,One,0,Units
DATAFLOW,OECD.STI.PIE:DSD_PATENTS@DF_PATENTS_OECDSPECIFIC(1.0),Patents in OECD selected technologies,I,6F0,European Patent Office,A,Annual,AP,Patent applications,PATN,Patents,PRIORITY,Priority date,CYP,Cyprus,_Z,Not applicable,INVENTOR,Inventor,_Z,Not applicable,_Z,Not applicable,AI,Technologies related to artificial intelligence,2019,,0.16670001,,A,Normal value,1,One,0,Units
DATAFLOW,OECD.STI.PIE:DSD_PATENTS@DF_PATENTS_OECDSPECIFIC(1.0),Patents in OECD selected technologies,I,6F0,European Patent Office,A,Annual,AP,Patent applications,PATN,Patents,PRIORITY,Priority date,TUN,Tunisia,_Z,Not applicable,INVENTOR,Inventor,_Z,Not applicable,_Z,Not applicable,AI,Technologies related to artificial intelligence,2019,,0.25,,A,Normal value,1,One,0,Units
DATAFLOW,OECD.STI.PIE:DSD_PATENTS@DF_PATENTS_OECDSPECIFIC(1.0),Patents in OECD selected technologies,I,6F0,European Patent Office,A,Annual,AP,Patent applications,PATN,Patents,PRIORITY,Priority date,BEL,Belgium,_Z,Not applicable,INVENTOR,Inventor,_Z,Not applicable,_Z,Not applicable,AI,Technologies related to artificial intelligence,2019,,36.429199,,A,Normal value,1,One,0,Units
DATAFLOW,OECD.STI.PIE:DSD_PATENTS@DF_PATENTS_OECDSPECIFIC(1.0),Patents in OECD selected technologies,I,6F0,European Patent Office,A,Annual,AP,Patent applications,PATN,Patents,PRIORITY,Priority date,NOR,Norway,_Z,Not applicable,INVENTOR,Inventor,_Z,Not applicable,_Z,Not applicable,AI,Technologies related to artificial intelligence,2019,,17.8095,,A,Normal value,1,One,0,Units
DATAFLOW,OECD.STI.PIE:DSD_PATENTS@DF_PATENTS_OECDSPECIFIC(1.0),Patents in OECD selected technologies,I,6F0,European Patent Office,A,Annual,AP,Patent applications,PATN,Patents,PRIORITY,Priority date,MLT,Malta,_Z,Not applicable,INVENTOR,Inventor,_Z,Not applicable,_Z,Not applicable,AI,Technologies related to artificial intelligence,2019,,3.1429,,A,Normal value,1,One,0,Units
DATAFLOW,OECD.STI.PIE:DSD_PATENTS@DF_PATENTS_OECDSPECIFIC(1.0),Patents in OECD selected technologies,I,6F0,European Patent Office,A,Annual,AP,Patent applications,PATN,Patents,PRIORITY,Priority date,HUN,Hungary,_Z,Not applicable,INVENTOR,Inventor,_Z,Not applicable,_Z,Not applicable,AI,Technologies related to artificial intelligence,2019,,10.6905,,A,Normal value,1,One,0,Units
DATAFLOW,OECD.STI.PIE:DSD_PATENTS@DF_PATENTS_OECDSPECIFIC(1.0),Patents in OECD selected technologies,I,6F0,European Patent Office,A,Annual,AP,Patent applications,PATN,Patents,PRIORITY,Priority date,DEU,Germany,_Z,Not applicable,INVENTOR,Inventor,_Z,Not applicable,_Z,Not applicable,AI,Technologies related to artificial intelligence,2019,,760.6059,,A,Normal value,1,One,0,Units
DATAFLOW,OECD.STI.PIE:DSD_PATENTS@DF_PATENTS_OECDSPECIFIC(1.0),Patents in OECD selected technologies,I,6F0,European Patent Office,A,Annual,AP,Patent applications,PATN,Patents,PRIORITY,Priority date,TWN,Chinese Taipei,_Z,Not applicable,INVENTOR,Inventor,_Z,Not applicable,_Z,Not applicable,AI,Technologies related to artificial intelligence,2019,,26.6667,,A,Normal value,1,One,0,Units
DATAFLOW,OECD.STI.PIE:DSD_PATENTS@DF_PATENTS_OECDSPECIFIC(1.0),Patents in OECD selected technologies,I,6F0,European Patent Office,A,Annual,AP,Patent applications,PATN,Patents,PRIORITY,Priority date,AUT,Austria,_Z,Not applicable,INVENTOR,Inventor,_Z,Not applicable,_Z,Not applicable,AI,Technologies related to artificial intelligence,2019,,26.6667,,A,Normal value,1,One,0,Units
DATAFLOW,OECD.STI.PIE:DSD_PATENTS@DF_PATENTS_OECDSPECIFIC(1.0),Patents in OECD selected technologies,I,6F0,European Patent Office,A,Annual,AP,Patent applications,PATN,Patents,PRIORITY,Priority date,SWE,Sweden,_Z,Not applicable,INVENTOR,Inventor,_Z,Not applicable,_Z,Not applicable,AI,Technologies related to artificial intelligence,2019,,146.0071,,A,Normal value,1,One,0,Units
DATAFLOW,OECD.STI.PIE:DSD_PATENTS@DF_PATENTS_OECDSPECIFIC(1.0),Patents in OECD selected technologies,I,6F0,European Patent Office,A,Annual,AP,Patent applications,PATN,Patents,PRIORITY,Priority date,W,World,_Z,Not applicable,INVENTOR,Inventor,_Z,Not applicable,_Z,Not applicable,AI,Technologies related to artificial intelligence,2019,,7819,,A,Normal value,1,One,0,Units
DATAFLOW,OECD.STI.PIE:DSD_PATENTS@DF_PATENTS_OECDSPECIFIC(1.0),Patents in OECD selected technologies,I,6F0,European Patent Office,A,Annual,AP,Patent applications,PATN,Patents,PRIORITY,Priority date,PRT,Portugal,_Z,Not applicable,INVENTOR,Inventor,_Z,Not applicable,_Z,Not applicable,AI,Technologies related to artificial intelligence,2019,,12.1405,,A,Normal value,1,One,0,Units
DATAFLOW,OECD.STI.PIE:DSD_PATENTS@DF_PATENTS_OECDSPECIFIC(1.0),Patents in OECD selected technologies,I,6F0,European Patent Office,A,Annual,AP,Patent applications,PATN,Patents,PRIORITY,Priority date,MCO,Monaco,_Z,Not applicable,INVENTOR,Inventor,_Z,Not applicable,_Z,Not applicable,AI,Technologies related to artificial intelligence,2019,,5,,A,Normal value,1,One,0,Units
DATAFLOW,OECD.STI.PIE:DSD_PATENTS@DF_PATENTS_OECDSPECIFIC(1.0),Patents in OECD selected technologies,I,6F0,European Patent Office,A,Annual,AP,Patent applications,PATN,Patents,PRIORITY,Priority date,PHL,Philippines,_Z,Not applicable,INVENTOR,Inventor,_Z,Not applicable,_Z,Not applicable,AI,Technologies related to artificial intelligence,2019,,1.5,,A,Normal value,1,One,0,Units
DATAFLOW,OECD.STI.PIE:DSD_PATENTS@DF_PATENTS_OECDSPECIFIC(1.0),Patents in OECD selected technologies,I,6F0,European Patent Office,A,Annual,AP,Patent applications,PATN,Patents,PRIORITY,Priority date,BRA,Brazil,_Z,Not applicable,INVENTOR,Inventor,_Z,Not applicable,_Z,Not applicable,AI,Technologies related to artificial intelligence,2019,,11.4095,,A,Normal value,1,One,0,Units
DATAFLOW,OECD.STI.PIE:DSD_PATENTS@DF_PATENTS_OECDSPECIFIC(1.0),Patents in OECD selected technologies,I,6F0,European Patent Office,A,Annual,AP,Patent applications,PATN,Patents,PRIORITY,Priority date,SVK,Slovak Republic,_Z,Not applicable,INVENTOR,Inventor,_Z,Not applicable,_Z,Not applicable,AI,Technologies related to artificial intelligence,2019,,2.0555999,,A,Normal value,1,One,0,Units
DATAFLOW,OECD.STI.PIE:DSD_PATENTS@DF_PATENTS_OECDSPECIFIC(1.0),Patents in OECD selected technologies,I,6F0,European Patent Office,A,Annual,AP,Patent applications,PATN,Patents,PRIORITY,Priority date,SGP,Singapore,_Z,Not applicable,INVENTOR,Inventor,_Z,Not applicable,_Z,Not applicable,AI,Technologies related to artificial intelligence,2019,,25.709499,,A,Normal value,1,One,0,Units
DATAFLOW,OECD.STI.PIE:DSD_PATENTS@DF_PATENTS_OECDSPECIFIC(1.0),Patents in OECD selected technologies,I,6F0,European Patent Office,A,Annual,AP,Patent applications,PATN,Patents,PRIORITY,Priority date,NLD,Netherlands,_Z,Not applicable,INVENTOR,Inventor,_Z,Not applicable,_Z,Not applicable,AI,Technologies related to artificial intelligence,2019,,223.8833,,A,Normal value,1,One,0,Units
DATAFLOW,OECD.STI.PIE:DSD_PATENTS@DF_PATENTS_OECDSPECIFIC(1.0),Patents in OECD selected technologies,I,6F0,European Patent Office,A,Annual,AP,Patent applications,PATN,Patents,PRIORITY,Priority date,ARE,United Arab Emirates,_Z,Not applicable,INVENTOR,Inventor,_Z,Not applicable,_Z,Not applicable,AI,Technologies related to artificial intelligence,2019,,3.1666999,,A,Normal value,1,One,0,Units
DATAFLOW,OECD.STI.PIE:DSD_PATENTS@DF_PATENTS_OECDSPECIFIC(1.0),Patents in OECD selected technologies,I,6F0,European Patent Office,A,Annual,AP,Patent applications,PATN,Patents,PRIORITY,Priority date,BLR,Belarus,_Z,Not applicable,INVENTOR,Inventor,_Z,Not applicable,_Z,Not applicable,AI,Technologies related to artificial intelligence,2019,,7,,A,Normal value,1,One,0,Units
DATAFLOW,OECD.STI.PIE:DSD_PATENTS@DF_PATENTS_OECDSPECIFIC(1.0),Patents in OECD selected technologies,I,6F0,European Patent Office,A,Annual,AP,Patent applications,PATN,Patents,PRIORITY,Priority date,ISR,Israel,_Z,Not applicable,INVENTOR,Inventor,_Z,Not applicable,_Z,Not applicable,AI,Technologies related to artificial intelligence,2019,,137.8244,,A,Normal value,1,One,0,Units
DATAFLOW,OECD.STI.PIE:DSD_PATENTS@DF_PATENTS_OECDSPECIFIC(1.0),Patents in OECD selected technologies,I,6F0,European Patent Office,A,Annual,AP,Patent applications,PATN,Patents,PRIORITY,Priority date,ZAF,South Africa,_Z,Not applicable,INVENTOR,Inventor,_Z,Not applicable,_Z,Not applicable,AI,Technologies related to artificial intelligence,2019,,2.9583001,,A,Normal value,1,One,0,Units
DATAFLOW,OECD.STI.PIE:DSD_PATENTS@DF_PATENTS_OECDSPECIFIC(1.0),Patents in OECD selected technologies,I,6F0,European Patent Office,A,Annual,AP,Patent applications,PATN,Patents,PRIORITY,Priority date,EU27_2020,European Union (27 countries from 01/02/2020),_Z,Not applicable,INVENTOR,Inventor,_Z,Not applicable,_Z,Not applicable,AI,Technologies related to artificial intelligence,2019,,1761.2739,,A,Normal value,1,One,0,Units
DATAFLOW,OECD.STI.PIE:DSD_PATENTS@DF_PATENTS_OECDSPECIFIC(1.0),Patents in OECD selected technologies,I,6F0,European Patent Office,A,Annual,AP,Patent applications,PATN,Patents,PRIORITY,Priority date,AUS,Australia,_Z,Not applicable,INVENTOR,Inventor,_Z,Not applicable,_Z,Not applicable,AI,Technologies related to artificial intelligence,2019,,49.330399,,A,Normal value,1,One,0,Units
DATAFLOW,OECD.STI.PIE:DSD_PATENTS@DF_PATENTS_OECDSPECIFIC(1.0),Patents in OECD selected technologies,I,6F0,European Patent Office,A,Annual,AP,Patent applications,PATN,Patents,PRIORITY,Priority date,TUR,Türkiye,_Z,Not applicable,INVENTOR,Inventor,_Z,Not applicable,_Z,Not applicable,AI,Technologies related to artificial intelligence,2019,,6,,A,Normal value,1,One,0,Units
DATAFLOW,OECD.STI.PIE:DSD_PATENTS@DF_PATENTS_OECDSPECIFIC(1.0),Patents in OECD selected technologies,I,6F0,European Patent Office,A,Annual,AP,Patent applications,PATN,Patents,PRIORITY,Priority date,CHL,Chile,_Z,Not applicable,INVENTOR,Inventor,_Z,Not applicable,_Z,Not applicable,AI,Technologies related to artificial intelligence,2019,,1.1667,,A,Normal value,1,One,0,Units
DATAFLOW,OECD.STI.PIE:DSD_PATENTS@DF_PATENTS_OECDSPECIFIC(1.0),Patents in OECD selected technologies,I,6F0,European Patent Office,A,Annual,AP,Patent applications,PATN,Patents,PRIORITY,Priority date,ESP,Spain,_Z,Not applicable,INVENTOR,Inventor,_Z,Not applicable,_Z,Not applicable,AI,Technologies related to artificial intelligence,2019,,44.854801,,A,Normal value,1,One,0,Units
DATAFLOW,OECD.STI.PIE:DSD_PATENTS@DF_PATENTS_OECDSPECIFIC(1.0),Patents in OECD selected technologies,I,6F0,European Patent Office,A,Annual,AP,Patent applications,PATN,Patents,PRIORITY,Priority date,GRC,Greece,_Z,Not applicable,INVENTOR,Inventor,_Z,Not applicable,_Z,Not applicable,AI,Technologies related to artificial intelligence,2019,,4.25,,A,Normal value,1,One,0,Units
DATAFLOW,OECD.STI.PIE:DSD_PATENTS@DF_PATENTS_OECDSPECIFIC(1.0),Patents in OECD selected technologies,I,6F0,European Patent Office,A,Annual,AP,Patent applications,PATN,Patents,PRIORITY,Priority date,MEX,Mexico,_Z,Not applicable,INVENTOR,Inventor,_Z,Not applicable,_Z,Not applicable,AI,Technologies related to artificial intelligence,2019,,3.4084001,,A,Normal value,1,One,0,Units
DATAFLOW,OECD.STI.PIE:DSD_PATENTS@DF_PATENTS_OECDSPECIFIC(1.0),Patents in OECD selected technologies,I,6F0,European Patent Office,A,Annual,AP,Patent applications,PATN,Patents,PRIORITY,Priority date,URY,Uruguay,_Z,Not applicable,INVENTOR,Inventor,_Z,Not applicable,_Z,Not applicable,AI,Technologies related to artificial intelligence,2019,,1.5,,A,Normal value,1,One,0,Units
DATAFLOW,OECD.STI.PIE:DSD_PATENTS@DF_PATENTS_OECDSPECIFIC(1.0),Patents in OECD selected technologies,I,6F0,European Patent Office,A,Annual,AP,Patent applications,PATN,Patents,PRIORITY,Priority date,RUS,Russia,_Z,Not applicable,INVENTOR,Inventor,_Z,Not applicable,_Z,Not applicable,AI,Technologies related to artificial intelligence,2019,,28.75,,A,Normal value,1,One,0,Units
DATAFLOW,OECD.STI.PIE:DSD_PATENTS@DF_PATENTS_OECDSPECIFIC(1.0),Patents in OECD selected technologies,I,6F0,European Patent Office,A,Annual,AP,Patent applications,PATN,Patents,PRIORITY,Priority date,IRL,Ireland,_Z,Not applicable,INVENTOR,Inventor,_Z,Not applicable,_Z,Not applicable,AI,Technologies related to artificial intelligence,2019,,40.208302,,A,Normal value,1,One,0,Units
DATAFLOW,OECD.STI.PIE:DSD_PATENTS@DF_PATENTS_OECDSPECIFIC(1.0),Patents in OECD selected technologies,I,6F0,European Patent Office,A,Annual,AP,Patent applications,PATN,Patents,PRIORITY,Priority date,ARG,Argentina,_Z,Not applicable,INVENTOR,Inventor,_Z,Not applicable,_Z,Not applicable,AI,Technologies related to artificial intelligence,2019,,4,,A,Normal value,1,One,0,Units
DATAFLOW,OECD.STI.PIE:DSD_PATENTS@DF_PATENTS_OECDSPECIFIC(1.0),Patents in OECD selected technologies,I,6F0,European Patent Office,A,Annual,AP,Patent applications,PATN,Patents,PRIORITY,Priority date,GBR,United Kingdom,_Z,Not applicable,INVENTOR,Inventor,_Z,Not applicable,_Z,Not applicable,AI,Technologies related to artificial intelligence,2019,,298.6651,,A,Normal value,1,One,0,Units
DATAFLOW,OECD.STI.PIE:DSD_PATENTS@DF_PATENTS_OECDSPECIFIC(1.0),Patents in OECD selected technologies,I,6F0,European Patent Office,A,Annual,AP,Patent applications,PATN,Patents,PRIORITY,Priority date,POL,Poland,_Z,Not applicable,INVENTOR,Inventor,_Z,Not applicable,_Z,Not applicable,AI,Technologies related to artificial intelligence,2019,,14.8528,,A,Normal value,1,One,0,Units
DATAFLOW,OECD.STI.PIE:DSD_PATENTS@DF_PATENTS_OECDSPECIFIC(1.0),Patents in OECD selected technologies,I,6F0,European Patent Office,A,Annual,AP,Patent applications,PATN,Patents,PRIORITY,Priority date,SVN,Slovenia,_Z,Not applicable,INVENTOR,Inventor,_Z,Not applicable,_Z,Not applicable,AI,Technologies related to artificial intelligence,2019,,0.1429,,A,Normal value,1,One,0,Units
DATAFLOW,OECD.STI.PIE:DSD_PATENTS@DF_PATENTS_OECDSPECIFIC(1.0),Patents in OECD selected technologies,I,6F0,European Patent Office,A,Annual,AP,Patent applications,PATN,Patents,PRIORITY,Priority date,ROU,Romania,_Z,Not applicable,INVENTOR,Inventor,_Z,Not applicable,_Z,Not applicable,AI,Technologies related to artificial intelligence,2019,,14.4167,,A,Normal value,1,One,0,Units
DATAFLOW,OECD.STI.PIE:DSD_PATENTS@DF_PATENTS_OECDSPECIFIC(1.0),Patents in OECD selected technologies,I,6F0,European Patent Office,A,Annual,AP,Patent applications,PATN,Patents,PRIORITY,Priority date,DNK,Denmark,_Z,Not applicable,INVENTOR,Inventor,_Z,Not applicable,_Z,Not applicable,AI,Technologies related to artificial intelligence,2019,,28.598801,,A,Normal value,1,One,0,Units
DATAFLOW,OECD.STI.PIE:DSD_PATENTS@DF_PATENTS_OECDSPECIFIC(1.0),Patents in OECD selected technologies,I,6F0,European Patent Office,A,Annual,AP,Patent applications,PATN,Patents,PRIORITY,Priority date,SAU,Saudi Arabia,_Z,Not applicable,INVENTOR,Inventor,_Z,Not applicable,_Z,Not applicable,AI,Technologies related to artificial intelligence,2019,,5,,A,Normal value,1,One,0,Units
DATAFLOW,OECD.STI.PIE:DSD_PATENTS@DF_PATENTS_OECDSPECIFIC(1.0),Patents in OECD selected technologies,I,6F0,European Patent Office,A,Annual,AP,Patent applications,PATN,Patents,PRIORITY,Priority date,CHN,China (People’s Republic of),_Z,Not applicable,INVENTOR,Inventor,_Z,Not applicable,_Z,Not applicable,AI,Technologies related to artificial intelligence,2019,,831.55121,,A,Normal value,1,One,0,Units
DATAFLOW,OECD.STI.PIE:DSD_PATENTS@DF_PATENTS_OECDSPECIFIC(1.0),Patents in OECD selected technologies,I,6F0,European Patent Office,A,Annual,AP,Patent applications,PATN,Patents,PRIORITY,Priority date,CHE,Switzerland,_Z,Not applicable,INVENTOR,Inventor,_Z,Not applicable,_Z,Not applicable,AI,Technologies related to artificial intelligence,2019,,109.0127,,A,Normal value,1,One,0,Units
DATAFLOW,OECD.STI.PIE:DSD_PATENTS@DF_PATENTS_OECDSPECIFIC(1.0),Patents in OECD selected technologies,I,6F0,European Patent Office,A,Annual,AP,Patent applications,PATN,Patents,PRIORITY,Priority date,IND,India,_Z,Not applicable,INVENTOR,Inventor,_Z,Not applicable,_Z,Not applicable,AI,Technologies related to artificial intelligence,2019,,181.13879,,A,Normal value,1,One,0,Units
DATAFLOW,OECD.STI.PIE:DSD_PATENTS@DF_PATENTS_OECDSPECIFIC(1.0),Patents in OECD selected technologies,I,6F0,European Patent Office,A,Annual,AP,Patent applications,PATN,Patents,PRIORITY,Priority date,CZE,Czechia,_Z,Not applicable,INVENTOR,Inventor,_Z,Not applicable,_Z,Not applicable,AI,Technologies related to artificial intelligence,2019,,5.5777998,,A,Normal value,1,One,0,Units
DATAFLOW,OECD.STI.PIE:DSD_PATENTS@DF_PATENTS_OECDSPECIFIC(1.0),Patents in OECD selected technologies,I,6F0,European Patent Office,A,Annual,AP,Patent applications,PATN,Patents,PRIORITY,Priority date,HKG,Hong Kong (China),_Z,Not applicable,INVENTOR,Inventor,_Z,Not applicable,_Z,Not applicable,AI,Technologies related to artificial intelligence,2019,,13.6333,,A,Normal value,1,One,0,Units
DATAFLOW,OECD.STI.PIE:DSD_PATENTS@DF_PATENTS_OECDSPECIFIC(1.0),Patents in OECD selected technologies,I,6F0,European Patent Office,A,Annual,AP,Patent applications,PATN,Patents,PRIORITY,Priority date,FIN,Finland,_Z,Not applicable,INVENTOR,Inventor,_Z,Not applicable,_Z,Not applicable,AI,Technologies related to artificial intelligence,2019,,62.716702,,A,Normal value,1,One,0,Units
DATAFLOW,OECD.STI.PIE:DSD_PATENTS@DF_PATENTS_OECDSPECIFIC(1.0),Patents in OECD selected technologies,I,6F0,European Patent Office,A,Annual,AP,Patent applications,PATN,Patents,PRIORITY,Priority date,MYS,Malaysia,_Z,Not applicable,INVENTOR,Inventor,_Z,Not applicable,_Z,Not applicable,AI,Technologies related to artificial intelligence,2019,,1.3333,,A,Normal value,1,One,0,Units
DATAFLOW,OECD.STI.PIE:DSD_PATENTS@DF_PATENTS_OECDSPECIFIC(1.0),Patents in OECD selected technologies,I,6F0,European Patent Office,A,Annual,AP,Patent applications,PATN,Patents,PRIORITY,Priority date,LUX,Luxembourg,_Z,Not applicable,INVENTOR,Inventor,_Z,Not applicable,_Z,Not applicable,AI,Technologies related to artificial intelligence,2019,,3.4762001,,A,Normal value,1,One,0,Units
DATAFLOW,OECD.STI.PIE:DSD_PATENTS@DF_PATENTS_OECDSPECIFIC(1.0),Patents in OECD selected technologies,I,6F0,European Patent Office,A,Annual,AP,Patent applications,PATN,Patents,PRIORITY,Priority date,USA,United States,_Z,Not applicable,INVENTOR,Inventor,_Z,Not applicable,_Z,Not applicable,AI,Technologies related to artificial intelligence,2019,,2902.0625,,A,Normal value,1,One,0,Units
DATAFLOW,OECD.STI.PIE:DSD_PATENTS@DF_PATENTS_OECDSPECIFIC(1.0),Patents in OECD selected technologies,I,6F0,European Patent Office,A,Annual,AP,Patent applications,PATN,Patents,PRIORITY,Priority date,ARM,Armenia,_Z,Not applicable,INVENTOR,Inventor,_Z,Not applicable,_Z,Not applicable,AI,Technologies related to artificial intelligence,2019,,0.25,,A,Normal value,1,One,0,Units
DATAFLOW,OECD.STI.PIE:DSD_PATENTS@DF_PATENTS_OECDSPECIFIC(1.0),Patents in OECD selected technologies,I,6F0,European Patent Office,A,Annual,AP,Patent applications,PATN,Patents,PRIORITY,Priority date,FRA,France,_Z,Not applicable,INVENTOR,Inventor,_Z,Not applicable,_Z,Not applicable,AI,Technologies related to artificial intelligence,2019,,262.56921,,A,Normal value,1,One,0,Units
DATAFLOW,OECD.STI.PIE:DSD_PATENTS@DF_PATENTS_OECDSPECIFIC(1.0),Patents in OECD selected technologies,I,6F0,European Patent Office,A,Annual,AP,Patent applications,PATN,Patents,PRIORITY,Priority date,UKR,Ukraine,_Z,Not applicable,INVENTOR,Inventor,_Z,Not applicable,_Z,Not applicable,AI,Technologies related to artificial intelligence,2019,,0.875,,A,Normal value,1,One,0,Units
DATAFLOW,OECD.STI.PIE:DSD_PATENTS@DF_PATENTS_OECDSPECIFIC(1.0),Patents in OECD selected technologies,I,6F0,European Patent Office,A,Annual,AP,Patent applications,PATN,Patents,PRIORITY,Priority date,THA,Thailand,_Z,Not applicable,INVENTOR,Inventor,_Z,Not applicable,_Z,Not applicable,AI,Technologies related to artificial intelligence,2019,,1.6667,,A,Normal value,1,One,0,Units
DATAFLOW,OECD.STI.PIE:DSD_PATENTS@DF_PATENTS_OECDSPECIFIC(1.0),Patents in OECD selected technologies,I,6F0,European Patent Office,A,Annual,AP,Patent applications,PATN,Patents,PRIORITY,Priority date,COL,Colombia,_Z,Not applicable,INVENTOR,Inventor,_Z,Not applicable,_Z,Not applicable,AI,Technologies related to artificial intelligence,2020,,0.25,,A,Normal value,1,One,0,Units
DATAFLOW,OECD.STI.PIE:DSD_PATENTS@DF_PATENTS_OECDSPECIFIC(1.0),Patents in OECD selected technologies,I,6F0,European Patent Office,A,Annual,AP,Patent applications,PATN,Patents,PRIORITY,Priority date,LBN,Lebanon,_Z,Not applicable,INVENTOR,Inventor,_Z,Not applicable,_Z,Not applicable,AI,Technologies related to artificial intelligence,2020,,0.66670001,,A,Normal value,1,One,0,Units
DATAFLOW,OECD.STI.PIE:DSD_PATENTS@DF_PATENTS_OECDSPECIFIC(1.0),Patents in OECD selected technologies,I,6F0,European Patent Office,A,Annual,AP,Patent applications,PATN,Patents,PRIORITY,Priority date,THA,Thailand,_Z,Not applicable,INVENTOR,Inventor,_Z,Not applicable,_Z,Not applicable,AI,Technologies related to artificial intelligence,2020,,0.64289999,,A,Normal value,1,One,0,Units
DATAFLOW,OECD.STI.PIE:DSD_PATENTS@DF_PATENTS_OECDSPECIFIC(1.0),Patents in OECD selected technologies,I,6F0,European Patent Office,A,Annual,AP,Patent applications,PATN,Patents,PRIORITY,Priority date,UKR,Ukraine,_Z,Not applicable,INVENTOR,Inventor,_Z,Not applicable,_Z,Not applicable,AI,Technologies related to artificial intelligence,2020,,2.2221999,,A,Normal value,1,One,0,Units
DATAFLOW,OECD.STI.PIE:DSD_PATENTS@DF_PATENTS_OECDSPECIFIC(1.0),Patents in OECD selected technologies,I,6F0,European Patent Office,A,Annual,AP,Patent applications,PATN,Patents,PRIORITY,Priority date,FRA,France,_Z,Not applicable,INVENTOR,Inventor,_Z,Not applicable,_Z,Not applicable,AI,Technologies related to artificial intelligence,2020,,363.25449,,A,Normal value,1,One,0,Units
DATAFLOW,OECD.STI.PIE:DSD_PATENTS@DF_PATENTS_OECDSPECIFIC(1.0),Patents in OECD selected technologies,I,6F0,European Patent Office,A,Annual,AP,Patent applications,PATN,Patents,PRIORITY,Priority date,USA,United States,_Z,Not applicable,INVENTOR,Inventor,_Z,Not applicable,_Z,Not applicable,AI,Technologies related to artificial intelligence,2020,,2985.9219,,A,Normal value,1,One,0,Units
DATAFLOW,OECD.STI.PIE:DSD_PATENTS@DF_PATENTS_OECDSPECIFIC(1.0),Patents in OECD selected technologies,I,6F0,European Patent Office,A,Annual,AP,Patent applications,PATN,Patents,PRIORITY,Priority date,LUX,Luxembourg,_Z,Not applicable,INVENTOR,Inventor,_Z,Not applicable,_Z,Not applicable,AI,Technologies related to artificial intelligence,2020,,6.5777998,,A,Normal value,1,One,0,Units
DATAFLOW,OECD.STI.PIE:DSD_PATENTS@DF_PATENTS_OECDSPECIFIC(1.0),Patents in OECD selected technologies,I,6F0,European Patent Office,A,Annual,AP,Patent applications,PATN,Patents,PRIORITY,Priority date,MYS,Malaysia,_Z,Not applicable,INVENTOR,Inventor,_Z,Not applicable,_Z,Not applicable,AI,Technologies related to artificial intelligence,2020,,2.1111,,A,Normal value,1,One,0,Units
DATAFLOW,OECD.STI.PIE:DSD_PATENTS@DF_PATENTS_OECDSPECIFIC(1.0),Patents in OECD selected technologies,I,6F0,European Patent Office,A,Annual,AP,Patent applications,PATN,Patents,PRIORITY,Priority date,FIN,Finland,_Z,Not applicable,INVENTOR,Inventor,_Z,Not applicable,_Z,Not applicable,AI,Technologies related to artificial intelligence,2020,,46.519798,,A,Normal value,1,One,0,Units
DATAFLOW,OECD.STI.PIE:DSD_PATENTS@DF_PATENTS_OECDSPECIFIC(1.0),Patents in OECD selected technologies,I,6F0,European Patent Office,A,Annual,AP,Patent applications,PATN,Patents,PRIORITY,Priority date,HKG,Hong Kong (China),_Z,Not applicable,INVENTOR,Inventor,_Z,Not applicable,_Z,Not applicable,AI,Technologies related to artificial intelligence,2020,,14.1976,,A,Normal value,1,One,0,Units
DATAFLOW,OECD.STI.PIE:DSD_PATENTS@DF_PATENTS_OECDSPECIFIC(1.0),Patents in OECD selected technologies,I,6F0,European Patent Office,A,Annual,AP,Patent applications,PATN,Patents,PRIORITY,Priority date,CZE,Czechia,_Z,Not applicable,INVENTOR,Inventor,_Z,Not applicable,_Z,Not applicable,AI,Technologies related to artificial intelligence,2020,,2.277,,A,Normal value,1,One,0,Units
DATAFLOW,OECD.STI.PIE:DSD_PATENTS@DF_PATENTS_OECDSPECIFIC(1.0),Patents in OECD selected technologies,I,6F0,European Patent Office,A,Annual,AP,Patent applications,PATN,Patents,PRIORITY,Priority date,IND,India,_Z,Not applicable,INVENTOR,Inventor,_Z,Not applicable,_Z,Not applicable,AI,Technologies related to artificial intelligence,2020,,240.3752,,A,Normal value,1,One,0,Units
DATAFLOW,OECD.STI.PIE:DSD_PATENTS@DF_PATENTS_OECDSPECIFIC(1.0),Patents in OECD selected technologies,I,6F0,European Patent Office,A,Annual,AP,Patent applications,PATN,Patents,PRIORITY,Priority date,CHE,Switzerland,_Z,Not applicable,INVENTOR,Inventor,_Z,Not applicable,_Z,Not applicable,AI,Technologies related to artificial intelligence,2020,,102.4294,,A,Normal value,1,One,0,Units
DATAFLOW,OECD.STI.PIE:DSD_PATENTS@DF_PATENTS_OECDSPECIFIC(1.0),Patents in OECD selected technologies,I,6F0,European Patent Office,A,Annual,AP,Patent applications,PATN,Patents,PRIORITY,Priority date,CHN,China (People’s Republic of),_Z,Not applicable,INVENTOR,Inventor,_Z,Not applicable,_Z,Not applicable,AI,Technologies related to artificial intelligence,2020,,1420.6154,,A,Normal value,1,One,0,Units
DATAFLOW,OECD.STI.PIE:DSD_PATENTS@DF_PATENTS_OECDSPECIFIC(1.0),Patents in OECD selected technologies,I,6F0,European Patent Office,A,Annual,AP,Patent applications,PATN,Patents,PRIORITY,Priority date,SAU,Saudi Arabia,_Z,Not applicable,INVENTOR,Inventor,_Z,Not applicable,_Z,Not applicable,AI,Technologies related to artificial intelligence,2020,,11.9,,A,Normal value,1,One,0,Units
DATAFLOW,OECD.STI.PIE:DSD_PATENTS@DF_PATENTS_OECDSPECIFIC(1.0),Patents in OECD selected technologies,I,6F0,European Patent Office,A,Annual,AP,Patent applications,PATN,Patents,PRIORITY,Priority date,DNK,Denmark,_Z,Not applicable,INVENTOR,Inventor,_Z,Not applicable,_Z,Not applicable,AI,Technologies related to artificial intelligence,2020,,36.211102,,A,Normal value,1,One,0,Units
DATAFLOW,OECD.STI.PIE:DSD_PATENTS@DF_PATENTS_OECDSPECIFIC(1.0),Patents in OECD selected technologies,I,6F0,European Patent Office,A,Annual,AP,Patent applications,PATN,Patents,PRIORITY,Priority date,PRI,Puerto Rico,_Z,Not applicable,INVENTOR,Inventor,_Z,Not applicable,_Z,Not applicable,AI,Technologies related to artificial intelligence,2020,,1.5,,A,Normal value,1,One,0,Units
DATAFLOW,OECD.STI.PIE:DSD_PATENTS@DF_PATENTS_OECDSPECIFIC(1.0),Patents in OECD selected technologies,I,6F0,European Patent Office,A,Annual,AP,Patent applications,PATN,Patents,PRIORITY,Priority date,ROU,Romania,_Z,Not applicable,INVENTOR,Inventor,_Z,Not applicable,_Z,Not applicable,AI,Technologies related to artificial intelligence,2020,,5.7024002,,A,Normal value,1,One,0,Units
DATAFLOW,OECD.STI.PIE:DSD_PATENTS@DF_PATENTS_OECDSPECIFIC(1.0),Patents in OECD selected technologies,I,6F0,European Patent Office,A,Annual,AP,Patent applications,PATN,Patents,PRIORITY,Priority date,LTU,Lithuania,_Z,Not applicable,INVENTOR,Inventor,_Z,Not applicable,_Z,Not applicable,AI,Technologies related to artificial intelligence,2020,,4,,A,Normal value,1,One,0,Units
DATAFLOW,OECD.STI.PIE:DSD_PATENTS@DF_PATENTS_OECDSPECIFIC(1.0),Patents in OECD selected technologies,I,6F0,European Patent Office,A,Annual,AP,Patent applications,PATN,Patents,PRIORITY,Priority date,POL,Poland,_Z,Not applicable,INVENTOR,Inventor,_Z,Not applicable,_Z,Not applicable,AI,Technologies related to artificial intelligence,2020,,22.9601,,A,Normal value,1,One,0,Units
DATAFLOW,OECD.STI.PIE:DSD_PATENTS@DF_PATENTS_OECDSPECIFIC(1.0),Patents in OECD selected technologies,I,6F0,European Patent Office,A,Annual,AP,Patent applications,PATN,Patents,PRIORITY,Priority date,GBR,United Kingdom,_Z,Not applicable,INVENTOR,Inventor,_Z,Not applicable,_Z,Not applicable,AI,Technologies related to artificial intelligence,2020,,318.42291,,A,Normal value,1,One,0,Units
DATAFLOW,OECD.STI.PIE:DSD_PATENTS@DF_PATENTS_OECDSPECIFIC(1.0),Patents in OECD selected technologies,I,6F0,European Patent Office,A,Annual,AP,Patent applications,PATN,Patents,PRIORITY,Priority date,ARG,Argentina,_Z,Not applicable,INVENTOR,Inventor,_Z,Not applicable,_Z,Not applicable,AI,Technologies related to artificial intelligence,2020,,0.33329999,,A,Normal value,1,One,0,Units
DATAFLOW,OECD.STI.PIE:DSD_PATENTS@DF_PATENTS_OECDSPECIFIC(1.0),Patents in OECD selected technologies,I,6F0,European Patent Office,A,Annual,AP,Patent applications,PATN,Patents,PRIORITY,Priority date,IRL,Ireland,_Z,Not applicable,INVENTOR,Inventor,_Z,Not applicable,_Z,Not applicable,AI,Technologies related to artificial intelligence,2020,,27.1667,,A,Normal value,1,One,0,Units
DATAFLOW,OECD.STI.PIE:DSD_PATENTS@DF_PATENTS_OECDSPECIFIC(1.0),Patents in OECD selected technologies,I,6F0,European Patent Office,A,Annual,AP,Patent applications,PATN,Patents,PRIORITY,Priority date,RUS,Russia,_Z,Not applicable,INVENTOR,Inventor,_Z,Not applicable,_Z,Not applicable,AI,Technologies related to artificial intelligence,2020,,23.491699,,A,Normal value,1,One,0,Units
DATAFLOW,OECD.STI.PIE:DSD_PATENTS@DF_PATENTS_OECDSPECIFIC(1.0),Patents in OECD selected technologies,I,6F0,European Patent Office,A,Annual,AP,Patent applications,PATN,Patents,PRIORITY,Priority date,BGR,Bulgaria,_Z,Not applicable,INVENTOR,Inventor,_Z,Not applicable,_Z,Not applicable,AI,Technologies related to artificial intelligence,2020,,0.89999998,,A,Normal value,1,One,0,Units
DATAFLOW,OECD.STI.PIE:DSD_PATENTS@DF_PATENTS_OECDSPECIFIC(1.0),Patents in OECD selected technologies,I,6F0,European Patent Office,A,Annual,AP,Patent applications,PATN,Patents,PRIORITY,Priority date,MEX,Mexico,_Z,Not applicable,INVENTOR,Inventor,_Z,Not applicable,_Z,Not applicable,AI,Technologies related to artificial intelligence,2020,,3.9935999,,A,Normal value,1,One,0,Units
DATAFLOW,OECD.STI.PIE:DSD_PATENTS@DF_PATENTS_OECDSPECIFIC(1.0),Patents in OECD selected technologies,I,6F0,European Patent Office,A,Annual,AP,Patent applications,PATN,Patents,PRIORITY,Priority date,CRI,Costa Rica,_Z,Not applicable,INVENTOR,Inventor,_Z,Not applicable,_Z,Not applicable,AI,Technologies related to artificial intelligence,2020,,2.4166999,,A,Normal value,1,One,0,Units
DATAFLOW,OECD.STI.PIE:DSD_PATENTS@DF_PATENTS_OECDSPECIFIC(1.0),Patents in OECD selected technologies,I,6F0,European Patent Office,A,Annual,AP,Patent applications,PATN,Patents,PRIORITY,Priority date,GRC,Greece,_Z,Not applicable,INVENTOR,Inventor,_Z,Not applicable,_Z,Not applicable,AI,Technologies related to artificial intelligence,2020,,7.7666998,,A,Normal value,1,One,0,Units
DATAFLOW,OECD.STI.PIE:DSD_PATENTS@DF_PATENTS_OECDSPECIFIC(1.0),Patents in OECD selected technologies,I,6F0,European Patent Office,A,Annual,AP,Patent applications,PATN,Patents,PRIORITY,Priority date,ESP,Spain,_Z,Not applicable,INVENTOR,Inventor,_Z,Not applicable,_Z,Not applicable,AI,Technologies related to artificial intelligence,2020,,67.030502,,A,Normal value,1,One,0,Units
DATAFLOW,OECD.STI.PIE:DSD_PATENTS@DF_PATENTS_OECDSPECIFIC(1.0),Patents in OECD selected technologies,I,6F0,European Patent Office,A,Annual,AP,Patent applications,PATN,Patents,PRIORITY,Priority date,CHL,Chile,_Z,Not applicable,INVENTOR,Inventor,_Z,Not applicable,_Z,Not applicable,AI,Technologies related to artificial intelligence,2020,,5,,A,Normal value,1,One,0,Units
DATAFLOW,OECD.STI.PIE:DSD_PATENTS@DF_PATENTS_OECDSPECIFIC(1.0),Patents in OECD selected technologies,I,6F0,European Patent Office,A,Annual,AP,Patent applications,PATN,Patents,PRIORITY,Priority date,TUR,Türkiye,_Z,Not applicable,INVENTOR,Inventor,_Z,Not applicable,_Z,Not applicable,AI,Technologies related to artificial intelligence,2020,,10.5,,A,Normal value,1,One,0,Units
DATAFLOW,OECD.STI.PIE:DSD_PATENTS@DF_PATENTS_OECDSPECIFIC(1.0),Patents in OECD selected technologies,I,6F0,European Patent Office,A,Annual,AP,Patent applications,PATN,Patents,PRIORITY,Priority date,AUS,Australia,_Z,Not applicable,INVENTOR,Inventor,_Z,Not applicable,_Z,Not applicable,AI,Technologies related to artificial intelligence,2020,,49.414101,,A,Normal value,1,One,0,Units
DATAFLOW,OECD.STI.PIE:DSD_PATENTS@DF_PATENTS_OECDSPECIFIC(1.0),Patents in OECD selected technologies,I,6F0,European Patent Office,A,Annual,AP,Patent applications,PATN,Patents,PRIORITY,Priority date,EU27_2020,European Union (27 countries from 01/02/2020),_Z,Not applicable,INVENTOR,Inventor,_Z,Not applicable,_Z,Not applicable,AI,Technologies related to artificial intelligence,2020,,1998.314,,A,Normal value,1,One,0,Units
DATAFLOW,OECD.STI.PIE:DSD_PATENTS@DF_PATENTS_OECDSPECIFIC(1.0),Patents in OECD selected technologies,I,6F0,European Patent Office,A,Annual,AP,Patent applications,PATN,Patents,PRIORITY,Priority date,ISR,Israel,_Z,Not applicable,INVENTOR,Inventor,_Z,Not applicable,_Z,Not applicable,AI,Technologies related to artificial intelligence,2020,,147.871,,A,Normal value,1,One,0,Units
DATAFLOW,OECD.STI.PIE:DSD_PATENTS@DF_PATENTS_OECDSPECIFIC(1.0),Patents in OECD selected technologies,I,6F0,European Patent Office,A,Annual,AP,Patent applications,PATN,Patents,PRIORITY,Priority date,ARE,United Arab Emirates,_Z,Not applicable,INVENTOR,Inventor,_Z,Not applicable,_Z,Not applicable,AI,Technologies related to artificial intelligence,2020,,6.0667,,A,Normal value,1,One,0,Units
DATAFLOW,OECD.STI.PIE:DSD_PATENTS@DF_PATENTS_OECDSPECIFIC(1.0),Patents in OECD selected technologies,I,6F0,European Patent Office,A,Annual,AP,Patent applications,PATN,Patents,PRIORITY,Priority date,NLD,Netherlands,_Z,Not applicable,INVENTOR,Inventor,_Z,Not applicable,_Z,Not applicable,AI,Technologies related to artificial intelligence,2020,,230.0004,,A,Normal value,1,One,0,Units
DATAFLOW,OECD.STI.PIE:DSD_PATENTS@DF_PATENTS_OECDSPECIFIC(1.0),Patents in OECD selected technologies,I,6F0,European Patent Office,A,Annual,AP,Patent applications,PATN,Patents,PRIORITY,Priority date,SGP,Singapore,_Z,Not applicable,INVENTOR,Inventor,_Z,Not applicable,_Z,Not applicable,AI,Technologies related to artificial intelligence,2020,,29.242901,,A,Normal value,1,One,0,Units
DATAFLOW,OECD.STI.PIE:DSD_PATENTS@DF_PATENTS_OECDSPECIFIC(1.0),Patents in OECD selected technologies,I,6F0,European Patent Office,A,Annual,AP,Patent applications,PATN,Patents,PRIORITY,Priority date,SVK,Slovak Republic,_Z,Not applicable,INVENTOR,Inventor,_Z,Not applicable,_Z,Not applicable,AI,Technologies related to artificial intelligence,2020,,3.1984,,A,Normal value,1,One,0,Units
DATAFLOW,OECD.STI.PIE:DSD_PATENTS@DF_PATENTS_OECDSPECIFIC(1.0),Patents in OECD selected technologies,I,6F0,European Patent Office,A,Annual,AP,Patent applications,PATN,Patents,PRIORITY,Priority date,BRA,Brazil,_Z,Not applicable,INVENTOR,Inventor,_Z,Not applicable,_Z,Not applicable,AI,Technologies related to artificial intelligence,2020,,19.3484,,A,Normal value,1,One,0,Units
DATAFLOW,OECD.STI.PIE:DSD_PATENTS@DF_PATENTS_OECDSPECIFIC(1.0),Patents in OECD selected technologies,I,6F0,European Patent Office,A,Annual,AP,Patent applications,PATN,Patents,PRIORITY,Priority date,PHL,Philippines,_Z,Not applicable,INVENTOR,Inventor,_Z,Not applicable,_Z,Not applicable,AI,Technologies related to artificial intelligence,2020,,0.090899996,,A,Normal value,1,One,0,Units
DATAFLOW,OECD.STI.PIE:DSD_PATENTS@DF_PATENTS_OECDSPECIFIC(1.0),Patents in OECD selected technologies,I,6F0,European Patent Office,A,Annual,AP,Patent applications,PATN,Patents,PRIORITY,Priority date,PRT,Portugal,_Z,Not applicable,INVENTOR,Inventor,_Z,Not applicable,_Z,Not applicable,AI,Technologies related to artificial intelligence,2020,,23.200001,,A,Normal value,1,One,0,Units
DATAFLOW,OECD.STI.PIE:DSD_PATENTS@DF_PATENTS_OECDSPECIFIC(1.0),Patents in OECD selected technologies,I,6F0,European Patent Office,A,Annual,AP,Patent applications,PATN,Patents,PRIORITY,Priority date,W,World,_Z,Not applicable,INVENTOR,Inventor,_Z,Not applicable,_Z,Not applicable,AI,Technologies related to artificial intelligence,2020,,8839,,A,Normal value,1,One,0,Units
DATAFLOW,OECD.STI.PIE:DSD_PATENTS@DF_PATENTS_OECDSPECIFIC(1.0),Patents in OECD selected technologies,I,6F0,European Patent Office,A,Annual,AP,Patent applications,PATN,Patents,PRIORITY,Priority date,SWE,Sweden,_Z,Not applicable,INVENTOR,Inventor,_Z,Not applicable,_Z,Not applicable,AI,Technologies related to artificial intelligence,2020,,174.5968,,A,Normal value,1,One,0,Units
DATAFLOW,OECD.STI.PIE:DSD_PATENTS@DF_PATENTS_OECDSPECIFIC(1.0),Patents in OECD selected technologies,I,6F0,European Patent Office,A,Annual,AP,Patent applications,PATN,Patents,PRIORITY,Priority date,AUT,Austria,_Z,Not applicable,INVENTOR,Inventor,_Z,Not applicable,_Z,Not applicable,AI,Technologies related to artificial intelligence,2020,,33.668999,,A,Normal value,1,One,0,Units
DATAFLOW,OECD.STI.PIE:DSD_PATENTS@DF_PATENTS_OECDSPECIFIC(1.0),Patents in OECD selected technologies,I,6F0,European Patent Office,A,Annual,AP,Patent applications,PATN,Patents,PRIORITY,Priority date,TWN,Chinese Taipei,_Z,Not applicable,INVENTOR,Inventor,_Z,Not applicable,_Z,Not applicable,AI,Technologies related to artificial intelligence,2020,,43.535702,,A,Normal value,1,One,0,Units
DATAFLOW,OECD.STI.PIE:DSD_PATENTS@DF_PATENTS_OECDSPECIFIC(1.0),Patents in OECD selected technologies,I,6F0,European Patent Office,A,Annual,AP,Patent applications,PATN,Patents,PRIORITY,Priority date,DEU,Germany,_Z,Not applicable,INVENTOR,Inventor,_Z,Not applicable,_Z,Not applicable,AI,Technologies related to artificial intelligence,2020,,787.09192,,A,Normal value,1,One,0,Units
DATAFLOW,OECD.STI.PIE:DSD_PATENTS@DF_PATENTS_OECDSPECIFIC(1.0),Patents in OECD selected technologies,I,6F0,European Patent Office,A,Annual,AP,Patent applications,PATN,Patents,PRIORITY,Priority date,HUN,Hungary,_Z,Not applicable,INVENTOR,Inventor,_Z,Not applicable,_Z,Not applicable,AI,Technologies related to artificial intelligence,2020,,16.2111,,A,Normal value,1,One,0,Units
DATAFLOW,OECD.STI.PIE:DSD_PATENTS@DF_PATENTS_OECDSPECIFIC(1.0),Patents in OECD selected technologies,I,6F0,European Patent Office,A,Annual,AP,Patent applications,PATN,Patents,PRIORITY,Priority date,LIE,Liechtenstein,_Z,Not applicable,INVENTOR,Inventor,_Z,Not applicable,_Z,Not applicable,AI,Technologies related to artificial intelligence,2020,,0.66670001,,A,Normal value,1,One,0,Units
DATAFLOW,OECD.STI.PIE:DSD_PATENTS@DF_PATENTS_OECDSPECIFIC(1.0),Patents in OECD selected technologies,I,6F0,European Patent Office,A,Annual,AP,Patent applications,PATN,Patents,PRIORITY,Priority date,MLT,Malta,_Z,Not applicable,INVENTOR,Inventor,_Z,Not applicable,_Z,Not applicable,AI,Technologies related to artificial intelligence,2020,,13,,A,Normal value,1,One,0,Units
DATAFLOW,OECD.STI.PIE:DSD_PATENTS@DF_PATENTS_OECDSPECIFIC(1.0),Patents in OECD selected technologies,I,6F0,European Patent Office,A,Annual,AP,Patent applications,PATN,Patents,PRIORITY,Priority date,MAR,Morocco,_Z,Not applicable,INVENTOR,Inventor,_Z,Not applicable,_Z,Not applicable,AI,Technologies related to artificial intelligence,2020,,3.9166999,,A,Normal value,1,One,0,Units
DATAFLOW,OECD.STI.PIE:DSD_PATENTS@DF_PATENTS_OECDSPECIFIC(1.0),Patents in OECD selected technologies,I,6F0,European Patent Office,A,Annual,AP,Patent applications,PATN,Patents,PRIORITY,Priority date,NOR,Norway,_Z,Not applicable,INVENTOR,Inventor,_Z,Not applicable,_Z,Not applicable,AI,Technologies related to artificial intelligence,2020,,10.4762,,A,Normal value,1,One,0,Units
DATAFLOW,OECD.STI.PIE:DSD_PATENTS@DF_PATENTS_OECDSPECIFIC(1.0),Patents in OECD selected technologies,I,6F0,European Patent Office,A,Annual,AP,Patent applications,PATN,Patents,PRIORITY,Priority date,BEL,Belgium,_Z,Not applicable,INVENTOR,Inventor,_Z,Not applicable,_Z,Not applicable,AI,Technologies related to artificial intelligence,2020,,49.551201,,A,Normal value,1,One,0,Units
DATAFLOW,OECD.STI.PIE:DSD_PATENTS@DF_PATENTS_OECDSPECIFIC(1.0),Patents in OECD selected technologies,I,6F0,European Patent Office,A,Annual,AP,Patent applications,PATN,Patents,PRIORITY,Priority date,IDN,Indonesia,_Z,Not applicable,INVENTOR,Inventor,_Z,Not applicable,_Z,Not applicable,AI,Technologies related to artificial intelligence,2020,,0.1429,,A,Normal value,1,One,0,Units
DATAFLOW,OECD.STI.PIE:DSD_PATENTS@DF_PATENTS_OECDSPECIFIC(1.0),Patents in OECD selected technologies,I,6F0,European Patent Office,A,Annual,AP,Patent applications,PATN,Patents,PRIORITY,Priority date,CYP,Cyprus,_Z,Not applicable,INVENTOR,Inventor,_Z,Not applicable,_Z,Not applicable,AI,Technologies related to artificial intelligence,2020,,0.16670001,,A,Normal value,1,One,0,Units
DATAFLOW,OECD.STI.PIE:DSD_PATENTS@DF_PATENTS_OECDSPECIFIC(1.0),Patents in OECD selected technologies,I,6F0,European Patent Office,A,Annual,AP,Patent applications,PATN,Patents,PRIORITY,Priority date,ITA,Italy,_Z,Not applicable,INVENTOR,Inventor,_Z,Not applicable,_Z,Not applicable,AI,Technologies related to artificial intelligence,2020,,71.895203,,A,Normal value,1,One,0,Units
DATAFLOW,OECD.STI.PIE:DSD_PATENTS@DF_PATENTS_OECDSPECIFIC(1.0),Patents in OECD selected technologies,I,6F0,European Patent Office,A,Annual,AP,Patent applications,PATN,Patents,PRIORITY,Priority date,OECD,OECD,_Z,Not applicable,INVENTOR,Inventor,_Z,Not applicable,_Z,Not applicable,AI,Technologies related to artificial intelligence,2020,,6975.2168,,A,Normal value,1,One,0,Units
DATAFLOW,OECD.STI.PIE:DSD_PATENTS@DF_PATENTS_OECDSPECIFIC(1.0),Patents in OECD selected technologies,I,6F0,European Patent Office,A,Annual,AP,Patent applications,PATN,Patents,PRIORITY,Priority date,KOR,Korea,_Z,Not applicable,INVENTOR,Inventor,_Z,Not applicable,_Z,Not applicable,AI,Technologies related to artificial intelligence,2020,,407.30951,,A,Normal value,1,One,0,Units
DATAFLOW,OECD.STI.PIE:DSD_PATENTS@DF_PATENTS_OECDSPECIFIC(1.0),Patents in OECD selected technologies,I,6F0,European Patent Office,A,Annual,AP,Patent applications,PATN,Patents,PRIORITY,Priority date,CAN,Canada,_Z,Not applicable,INVENTOR,Inventor,_Z,Not applicable,_Z,Not applicable,AI,Technologies related to artificial intelligence,2020,,183.2981,,A,Normal value,1,One,0,Units
DATAFLOW,OECD.STI.PIE:DSD_PATENTS@DF_PATENTS_OECDSPECIFIC(1.0),Patents in OECD selected technologies,I,6F0,European Patent Office,A,Annual,AP,Patent applications,PATN,Patents,PRIORITY,Priority date,JPN,Japan,_Z,Not applicable,INVENTOR,Inventor,_Z,Not applicable,_Z,Not applicable,AI,Technologies related to artificial intelligence,2020,,753.85162,,A,Normal value,1,One,0,Units
DATAFLOW,OECD.STI.PIE:DSD_PATENTS@DF_PATENTS_OECDSPECIFIC(1.0),Patents in OECD selected technologies,I,6F0,European Patent Office,A,Annual,AP,Patent applications,PATN,Patents,PRIORITY,Priority date,EGY,Egypt,_Z,Not applicable,INVENTOR,Inventor,_Z,Not applicable,_Z,Not applicable,AI,Technologies related to artificial intelligence,2020,,4.75,,A,Normal value,1,One,0,Units
DATAFLOW,OECD.STI.PIE:DSD_PATENTS@DF_PATENTS_OECDSPECIFIC(1.0),Patents in OECD selected technologies,I,6F0,European Patent Office,A,Annual,AP,Patent applications,PATN,Patents,PRIORITY,Priority date,EST,Estonia,_Z,Not applicable,INVENTOR,Inventor,_Z,Not applicable,_Z,Not applicable,AI,Technologies related to artificial intelligence,2020,,1.3667001,,A,Normal value,1,One,0,Units
DATAFLOW,OECD.STI.PIE:DSD_PATENTS@DF_PATENTS_OECDSPECIFIC(1.0),Patents in OECD selected technologies,I,6F0,European Patent Office,A,Annual,AP,Patent applications,PATN,Patents,PRIORITY,Priority date,NZL,New Zealand,_Z,Not applicable,INVENTOR,Inventor,_Z,Not applicable,_Z,Not applicable,AI,Technologies related to artificial intelligence,2020,,16.516701,,A,Normal value,1,One,0,Units
DATAFLOW,OECD.STI.PIE:DSD_PATENTS@DF_PATENTS_OECDSPECIFIC(1.0),Patents in OECD selected technologies,I,6F0,European Patent Office,A,Annual,AP,Patent applications,PATN,Patents,PRIORITY,Priority date,NZL,New Zealand,_Z,Not applicable,INVENTOR,Inventor,_Z,Not applicable,_Z,Not applicable,AI,Technologies related to artificial intelligence,2021,,9.6667004,,A,Normal value,1,One,0,Units
DATAFLOW,OECD.STI.PIE:DSD_PATENTS@DF_PATENTS_OECDSPECIFIC(1.0),Patents in OECD selected technologies,I,6F0,European Patent Office,A,Annual,AP,Patent applications,PATN,Patents,PRIORITY,Priority date,EST,Estonia,_Z,Not applicable,INVENTOR,Inventor,_Z,Not applicable,_Z,Not applicable,AI,Technologies related to artificial intelligence,2021,,3.5,,A,Normal value,1,One,0,Units
DATAFLOW,OECD.STI.PIE:DSD_PATENTS@DF_PATENTS_OECDSPECIFIC(1.0),Patents in OECD selected technologies,I,6F0,European Patent Office,A,Annual,AP,Patent applications,PATN,Patents,PRIORITY,Priority date,EGY,Egypt,_Z,Not applicable,INVENTOR,Inventor,_Z,Not applicable,_Z,Not applicable,AI,Technologies related to artificial intelligence,2021,,0.83329999,,A,Normal value,1,One,0,Units
DATAFLOW,OECD.STI.PIE:DSD_PATENTS@DF_PATENTS_OECDSPECIFIC(1.0),Patents in OECD selected technologies,I,6F0,European Patent Office,A,Annual,AP,Patent applications,PATN,Patents,PRIORITY,Priority date,JPN,Japan,_Z,Not applicable,INVENTOR,Inventor,_Z,Not applicable,_Z,Not applicable,AI,Technologies related to artificial intelligence,2021,,740.58209,,A,Normal value,1,One,0,Units
DATAFLOW,OECD.STI.PIE:DSD_PATENTS@DF_PATENTS_OECDSPECIFIC(1.0),Patents in OECD selected technologies,I,6F0,European Patent Office,A,Annual,AP,Patent applications,PATN,Patents,PRIORITY,Priority date,CAN,Canada,_Z,Not applicable,INVENTOR,Inventor,_Z,Not applicable,_Z,Not applicable,AI,Technologies related to artificial intelligence,2021,,190.05969,,A,Normal value,1,One,0,Units
DATAFLOW,OECD.STI.PIE:DSD_PATENTS@DF_PATENTS_OECDSPECIFIC(1.0),Patents in OECD selected technologies,I,6F0,European Patent Office,A,Annual,AP,Patent applications,PATN,Patents,PRIORITY,Priority date,KOR,Korea,_Z,Not applicable,INVENTOR,Inventor,_Z,Not applicable,_Z,Not applicable,AI,Technologies related to artificial intelligence,2021,,530.9375,,A,Normal value,1,One,0,Units
DATAFLOW,OECD.STI.PIE:DSD_PATENTS@DF_PATENTS_OECDSPECIFIC(1.0),Patents in OECD selected technologies,I,6F0,European Patent Office,A,Annual,AP,Patent applications,PATN,Patents,PRIORITY,Priority date,OECD,OECD,_Z,Not applicable,INVENTOR,Inventor,_Z,Not applicable,_Z,Not applicable,AI,Technologies related to artificial intelligence,2021,,6931.0303,,A,Normal value,1,One,0,Units
DATAFLOW,OECD.STI.PIE:DSD_PATENTS@DF_PATENTS_OECDSPECIFIC(1.0),Patents in OECD selected technologies,I,6F0,European Patent Office,A,Annual,AP,Patent applications,PATN,Patents,PRIORITY,Priority date,ITA,Italy,_Z,Not applicable,INVENTOR,Inventor,_Z,Not applicable,_Z,Not applicable,AI,Technologies related to artificial intelligence,2021,,83.498802,,A,Normal value,1,One,0,Units
DATAFLOW,OECD.STI.PIE:DSD_PATENTS@DF_PATENTS_OECDSPECIFIC(1.0),Patents in OECD selected technologies,I,6F0,European Patent Office,A,Annual,AP,Patent applications,PATN,Patents,PRIORITY,Priority date,IDN,Indonesia,_Z,Not applicable,INVENTOR,Inventor,_Z,Not applicable,_Z,Not applicable,AI,Technologies related to artificial intelligence,2021,,0.83329999,,A,Normal value,1,One,0,Units
DATAFLOW,OECD.STI.PIE:DSD_PATENTS@DF_PATENTS_OECDSPECIFIC(1.0),Patents in OECD selected technologies,I,6F0,European Patent Office,A,Annual,AP,Patent applications,PATN,Patents,PRIORITY,Priority date,BEL,Belgium,_Z,Not applicable,INVENTOR,Inventor,_Z,Not applicable,_Z,Not applicable,AI,Technologies related to artificial intelligence,2021,,47.4286,,A,Normal value,1,One,0,Units
DATAFLOW,OECD.STI.PIE:DSD_PATENTS@DF_PATENTS_OECDSPECIFIC(1.0),Patents in OECD selected technologies,I,6F0,European Patent Office,A,Annual,AP,Patent applications,PATN,Patents,PRIORITY,Priority date,NOR,Norway,_Z,Not applicable,INVENTOR,Inventor,_Z,Not applicable,_Z,Not applicable,AI,Technologies related to artificial intelligence,2021,,7.3095002,,A,Normal value,1,One,0,Units
DATAFLOW,OECD.STI.PIE:DSD_PATENTS@DF_PATENTS_OECDSPECIFIC(1.0),Patents in OECD selected technologies,I,6F0,European Patent Office,A,Annual,AP,Patent applications,PATN,Patents,PRIORITY,Priority date,MAR,Morocco,_Z,Not applicable,INVENTOR,Inventor,_Z,Not applicable,_Z,Not applicable,AI,Technologies related to artificial intelligence,2021,,1.4,,A,Normal value,1,One,0,Units
DATAFLOW,OECD.STI.PIE:DSD_PATENTS@DF_PATENTS_OECDSPECIFIC(1.0),Patents in OECD selected technologies,I,6F0,European Patent Office,A,Annual,AP,Patent applications,PATN,Patents,PRIORITY,Priority date,HUN,Hungary,_Z,Not applicable,INVENTOR,Inventor,_Z,Not applicable,_Z,Not applicable,AI,Technologies related to artificial intelligence,2021,,6.9973998,,A,Normal value,1,One,0,Units
DATAFLOW,OECD.STI.PIE:DSD_PATENTS@DF_PATENTS_OECDSPECIFIC(1.0),Patents in OECD selected technologies,I,6F0,European Patent Office,A,Annual,AP,Patent applications,PATN,Patents,PRIORITY,Priority date,DEU,Germany,_Z,Not applicable,INVENTOR,Inventor,_Z,Not applicable,_Z,Not applicable,AI,Technologies related to artificial intelligence,2021,,690.88483,,A,Normal value,1,One,0,Units
DATAFLOW,OECD.STI.PIE:DSD_PATENTS@DF_PATENTS_OECDSPECIFIC(1.0),Patents in OECD selected technologies,I,6F0,European Patent Office,A,Annual,AP,Patent applications,PATN,Patents,PRIORITY,Priority date,TWN,Chinese Taipei,_Z,Not applicable,INVENTOR,Inventor,_Z,Not applicable,_Z,Not applicable,AI,Technologies related to artificial intelligence,2021,,33.200001,,A,Normal value,1,One,0,Units
DATAFLOW,OECD.STI.PIE:DSD_PATENTS@DF_PATENTS_OECDSPECIFIC(1.0),Patents in OECD selected technologies,I,6F0,European Patent Office,A,Annual,AP,Patent applications,PATN,Patents,PRIORITY,Priority date,AUT,Austria,_Z,Not applicable,INVENTOR,Inventor,_Z,Not applicable,_Z,Not applicable,AI,Technologies related to artificial intelligence,2021,,33.626202,,A,Normal value,1,One,0,Units
DATAFLOW,OECD.STI.PIE:DSD_PATENTS@DF_PATENTS_OECDSPECIFIC(1.0),Patents in OECD selected technologies,I,6F0,European Patent Office,A,Annual,AP,Patent applications,PATN,Patents,PRIORITY,Priority date,SWE,Sweden,_Z,Not applicable,INVENTOR,Inventor,_Z,Not applicable,_Z,Not applicable,AI,Technologies related to artificial intelligence,2021,,163.49561,,A,Normal value,1,One,0,Units
DATAFLOW,OECD.STI.PIE:DSD_PATENTS@DF_PATENTS_OECDSPECIFIC(1.0),Patents in OECD selected technologies,I,6F0,European Patent Office,A,Annual,AP,Patent applications,PATN,Patents,PRIORITY,Priority date,W,World,_Z,Not applicable,INVENTOR,Inventor,_Z,Not applicable,_Z,Not applicable,AI,Technologies related to artificial intelligence,2021,,8532,,A,Normal value,1,One,0,Units
DATAFLOW,OECD.STI.PIE:DSD_PATENTS@DF_PATENTS_OECDSPECIFIC(1.0),Patents in OECD selected technologies,I,6F0,European Patent Office,A,Annual,AP,Patent applications,PATN,Patents,PRIORITY,Priority date,PRT,Portugal,_Z,Not applicable,INVENTOR,Inventor,_Z,Not applicable,_Z,Not applicable,AI,Technologies related to artificial intelligence,2021,,16.825001,,A,Normal value,1,One,0,Units
DATAFLOW,OECD.STI.PIE:DSD_PATENTS@DF_PATENTS_OECDSPECIFIC(1.0),Patents in OECD selected technologies,I,6F0,European Patent Office,A,Annual,AP,Patent applications,PATN,Patents,PRIORITY,Priority date,MCO,Monaco,_Z,Not applicable,INVENTOR,Inventor,_Z,Not applicable,_Z,Not applicable,AI,Technologies related to artificial intelligence,2021,,0.2,,A,Normal value,1,One,0,Units
DATAFLOW,OECD.STI.PIE:DSD_PATENTS@DF_PATENTS_OECDSPECIFIC(1.0),Patents in OECD selected technologies,I,6F0,European Patent Office,A,Annual,AP,Patent applications,PATN,Patents,PRIORITY,Priority date,BRA,Brazil,_Z,Not applicable,INVENTOR,Inventor,_Z,Not applicable,_Z,Not applicable,AI,Technologies related to artificial intelligence,2021,,12.4083,,A,Normal value,1,One,0,Units
DATAFLOW,OECD.STI.PIE:DSD_PATENTS@DF_PATENTS_OECDSPECIFIC(1.0),Patents in OECD selected technologies,I,6F0,European Patent Office,A,Annual,AP,Patent applications,PATN,Patents,PRIORITY,Priority date,SVK,Slovak Republic,_Z,Not applicable,INVENTOR,Inventor,_Z,Not applicable,_Z,Not applicable,AI,Technologies related to artificial intelligence,2021,,0.2,,A,Normal value,1,One,0,Units
DATAFLOW,OECD.STI.PIE:DSD_PATENTS@DF_PATENTS_OECDSPECIFIC(1.0),Patents in OECD selected technologies,I,6F0,European Patent Office,A,Annual,AP,Patent applications,PATN,Patents,PRIORITY,Priority date,SGP,Singapore,_Z,Not applicable,INVENTOR,Inventor,_Z,Not applicable,_Z,Not applicable,AI,Technologies related to artificial intelligence,2021,,37.5952,,A,Normal value,1,One,0,Units
DATAFLOW,OECD.STI.PIE:DSD_PATENTS@DF_PATENTS_OECDSPECIFIC(1.0),Patents in OECD selected technologies,I,6F0,European Patent Office,A,Annual,AP,Patent applications,PATN,Patents,PRIORITY,Priority date,NLD,Netherlands,_Z,Not applicable,INVENTOR,Inventor,_Z,Not applicable,_Z,Not applicable,AI,Technologies related to artificial intelligence,2021,,215.63519,,A,Normal value,1,One,0,Units
DATAFLOW,OECD.STI.PIE:DSD_PATENTS@DF_PATENTS_OECDSPECIFIC(1.0),Patents in OECD selected technologies,I,6F0,European Patent Office,A,Annual,AP,Patent applications,PATN,Patents,PRIORITY,Priority date,ARE,United Arab Emirates,_Z,Not applicable,INVENTOR,Inventor,_Z,Not applicable,_Z,Not applicable,AI,Technologies related to artificial intelligence,2021,,8.5,,A,Normal value,1,One,0,Units
DATAFLOW,OECD.STI.PIE:DSD_PATENTS@DF_PATENTS_OECDSPECIFIC(1.0),Patents in OECD selected technologies,I,6F0,European Patent Office,A,Annual,AP,Patent applications,PATN,Patents,PRIORITY,Priority date,BLR,Belarus,_Z,Not applicable,INVENTOR,Inventor,_Z,Not applicable,_Z,Not applicable,AI,Technologies related to artificial intelligence,2021,,2.3333001,,A,Normal value,1,One,0,Units
DATAFLOW,OECD.STI.PIE:DSD_PATENTS@DF_PATENTS_OECDSPECIFIC(1.0),Patents in OECD selected technologies,I,6F0,European Patent Office,A,Annual,AP,Patent applications,PATN,Patents,PRIORITY,Priority date,ISR,Israel,_Z,Not applicable,INVENTOR,Inventor,_Z,Not applicable,_Z,Not applicable,AI,Technologies related to artificial intelligence,2021,,139.644,,A,Normal value,1,One,0,Units
DATAFLOW,OECD.STI.PIE:DSD_PATENTS@DF_PATENTS_OECDSPECIFIC(1.0),Patents in OECD selected technologies,I,6F0,European Patent Office,A,Annual,AP,Patent applications,PATN,Patents,PRIORITY,Priority date,ZAF,South Africa,_Z,Not applicable,INVENTOR,Inventor,_Z,Not applicable,_Z,Not applicable,AI,Technologies related to artificial intelligence,2021,,0.33329999,,A,Normal value,1,One,0,Units
DATAFLOW,OECD.STI.PIE:DSD_PATENTS@DF_PATENTS_OECDSPECIFIC(1.0),Patents in OECD selected technologies,I,6F0,European Patent Office,A,Annual,AP,Patent applications,PATN,Patents,PRIORITY,Priority date,EU27_2020,European Union (27 countries from 01/02/2020),_Z,Not applicable,INVENTOR,Inventor,_Z,Not applicable,_Z,Not applicable,AI,Technologies related to artificial intelligence,2021,,1844.7236,,A,Normal value,1,One,0,Units
DATAFLOW,OECD.STI.PIE:DSD_PATENTS@DF_PATENTS_OECDSPECIFIC(1.0),Patents in OECD selected technologies,I,6F0,European Patent Office,A,Annual,AP,Patent applications,PATN,Patents,PRIORITY,Priority date,AUS,Australia,_Z,Not applicable,INVENTOR,Inventor,_Z,Not applicable,_Z,Not applicable,AI,Technologies related to artificial intelligence,2021,,45.277401,,A,Normal value,1,One,0,Units
DATAFLOW,OECD.STI.PIE:DSD_PATENTS@DF_PATENTS_OECDSPECIFIC(1.0),Patents in OECD selected technologies,I,6F0,European Patent Office,A,Annual,AP,Patent applications,PATN,Patents,PRIORITY,Priority date,TUR,Türkiye,_Z,Not applicable,INVENTOR,Inventor,_Z,Not applicable,_Z,Not applicable,AI,Technologies related to artificial intelligence,2021,,20.111099,,A,Normal value,1,One,0,Units
DATAFLOW,OECD.STI.PIE:DSD_PATENTS@DF_PATENTS_OECDSPECIFIC(1.0),Patents in OECD selected technologies,I,6F0,European Patent Office,A,Annual,AP,Patent applications,PATN,Patents,PRIORITY,Priority date,CHL,Chile,_Z,Not applicable,INVENTOR,Inventor,_Z,Not applicable,_Z,Not applicable,AI,Technologies related to artificial intelligence,2021,,5,,A,Normal value,1,One,0,Units
DATAFLOW,OECD.STI.PIE:DSD_PATENTS@DF_PATENTS_OECDSPECIFIC(1.0),Patents in OECD selected technologies,I,6F0,European Patent Office,A,Annual,AP,Patent applications,PATN,Patents,PRIORITY,Priority date,ESP,Spain,_Z,Not applicable,INVENTOR,Inventor,_Z,Not applicable,_Z,Not applicable,AI,Technologies related to artificial intelligence,2021,,62.419102,,A,Normal value,1,One,0,Units
DATAFLOW,OECD.STI.PIE:DSD_PATENTS@DF_PATENTS_OECDSPECIFIC(1.0),Patents in OECD selected technologies,I,6F0,European Patent Office,A,Annual,AP,Patent applications,PATN,Patents,PRIORITY,Priority date,GRC,Greece,_Z,Not applicable,INVENTOR,Inventor,_Z,Not applicable,_Z,Not applicable,AI,Technologies related to artificial intelligence,2021,,9.5667,,A,Normal value,1,One,0,Units
DATAFLOW,OECD.STI.PIE:DSD_PATENTS@DF_PATENTS_OECDSPECIFIC(1.0),Patents in OECD selected technologies,I,6F0,European Patent Office,A,Annual,AP,Patent applications,PATN,Patents,PRIORITY,Priority date,MEX,Mexico,_Z,Not applicable,INVENTOR,Inventor,_Z,Not applicable,_Z,Not applicable,AI,Technologies related to artificial intelligence,2021,,0.89999998,,A,Normal value,1,One,0,Units
DATAFLOW,OECD.STI.PIE:DSD_PATENTS@DF_PATENTS_OECDSPECIFIC(1.0),Patents in OECD selected technologies,I,6F0,European Patent Office,A,Annual,AP,Patent applications,PATN,Patents,PRIORITY,Priority date,BGR,Bulgaria,_Z,Not applicable,INVENTOR,Inventor,_Z,Not applicable,_Z,Not applicable,AI,Technologies related to artificial intelligence,2021,,2.25,,A,Normal value,1,One,0,Units
DATAFLOW,OECD.STI.PIE:DSD_PATENTS@DF_PATENTS_OECDSPECIFIC(1.0),Patents in OECD selected technologies,I,6F0,European Patent Office,A,Annual,AP,Patent applications,PATN,Patents,PRIORITY,Priority date,RUS,Russia,_Z,Not applicable,INVENTOR,Inventor,_Z,Not applicable,_Z,Not applicable,AI,Technologies related to artificial intelligence,2021,,21.322201,,A,Normal value,1,One,0,Units
DATAFLOW,OECD.STI.PIE:DSD_PATENTS@DF_PATENTS_OECDSPECIFIC(1.0),Patents in OECD selected technologies,I,6F0,European Patent Office,A,Annual,AP,Patent applications,PATN,Patents,PRIORITY,Priority date,IRL,Ireland,_Z,Not applicable,INVENTOR,Inventor,_Z,Not applicable,_Z,Not applicable,AI,Technologies related to artificial intelligence,2021,,32.984699,,A,Normal value,1,One,0,Units
DATAFLOW,OECD.STI.PIE:DSD_PATENTS@DF_PATENTS_OECDSPECIFIC(1.0),Patents in OECD selected technologies,I,6F0,European Patent Office,A,Annual,AP,Patent applications,PATN,Patents,PRIORITY,Priority date,GEO,Georgia,_Z,Not applicable,INVENTOR,Inventor,_Z,Not applicable,_Z,Not applicable,AI,Technologies related to artificial intelligence,2021,,0.16670001,,A,Normal value,1,One,0,Units
DATAFLOW,OECD.STI.PIE:DSD_PATENTS@DF_PATENTS_OECDSPECIFIC(1.0),Patents in OECD selected technologies,I,6F0,European Patent Office,A,Annual,AP,Patent applications,PATN,Patents,PRIORITY,Priority date,GBR,United Kingdom,_Z,Not applicable,INVENTOR,Inventor,_Z,Not applicable,_Z,Not applicable,AI,Technologies related to artificial intelligence,2021,,342.76041,,A,Normal value,1,One,0,Units
DATAFLOW,OECD.STI.PIE:DSD_PATENTS@DF_PATENTS_OECDSPECIFIC(1.0),Patents in OECD selected technologies,I,6F0,European Patent Office,A,Annual,AP,Patent applications,PATN,Patents,PRIORITY,Priority date,POL,Poland,_Z,Not applicable,INVENTOR,Inventor,_Z,Not applicable,_Z,Not applicable,AI,Technologies related to artificial intelligence,2021,,44.6861,,A,Normal value,1,One,0,Units
DATAFLOW,OECD.STI.PIE:DSD_PATENTS@DF_PATENTS_OECDSPECIFIC(1.0),Patents in OECD selected technologies,I,6F0,European Patent Office,A,Annual,AP,Patent applications,PATN,Patents,PRIORITY,Priority date,LTU,Lithuania,_Z,Not applicable,INVENTOR,Inventor,_Z,Not applicable,_Z,Not applicable,AI,Technologies related to artificial intelligence,2021,,4.5,,A,Normal value,1,One,0,Units
DATAFLOW,OECD.STI.PIE:DSD_PATENTS@DF_PATENTS_OECDSPECIFIC(1.0),Patents in OECD selected technologies,I,6F0,European Patent Office,A,Annual,AP,Patent applications,PATN,Patents,PRIORITY,Priority date,ROU,Romania,_Z,Not applicable,INVENTOR,Inventor,_Z,Not applicable,_Z,Not applicable,AI,Technologies related to artificial intelligence,2021,,10.975,,A,Normal value,1,One,0,Units
DATAFLOW,OECD.STI.PIE:DSD_PATENTS@DF_PATENTS_OECDSPECIFIC(1.0),Patents in OECD selected technologies,I,6F0,European Patent Office,A,Annual,AP,Patent applications,PATN,Patents,PRIORITY,Priority date,KEN,Kenya,_Z,Not applicable,INVENTOR,Inventor,_Z,Not applicable,_Z,Not applicable,AI,Technologies related to artificial intelligence,2021,,0.25,,A,Normal value,1,One,0,Units
DATAFLOW,OECD.STI.PIE:DSD_PATENTS@DF_PATENTS_OECDSPECIFIC(1.0),Patents in OECD selected technologies,I,6F0,European Patent Office,A,Annual,AP,Patent applications,PATN,Patents,PRIORITY,Priority date,DNK,Denmark,_Z,Not applicable,INVENTOR,Inventor,_Z,Not applicable,_Z,Not applicable,AI,Technologies related to artificial intelligence,2021,,41.488098,,A,Normal value,1,One,0,Units
DATAFLOW,OECD.STI.PIE:DSD_PATENTS@DF_PATENTS_OECDSPECIFIC(1.0),Patents in OECD selected technologies,I,6F0,European Patent Office,A,Annual,AP,Patent applications,PATN,Patents,PRIORITY,Priority date,SAU,Saudi Arabia,_Z,Not applicable,INVENTOR,Inventor,_Z,Not applicable,_Z,Not applicable,AI,Technologies related to artificial intelligence,2021,,5.9166999,,A,Normal value,1,One,0,Units
DATAFLOW,OECD.STI.PIE:DSD_PATENTS@DF_PATENTS_OECDSPECIFIC(1.0),Patents in OECD selected technologies,I,6F0,European Patent Office,A,Annual,AP,Patent applications,PATN,Patents,PRIORITY,Priority date,CHN,China (People’s Republic of),_Z,Not applicable,INVENTOR,Inventor,_Z,Not applicable,_Z,Not applicable,AI,Technologies related to artificial intelligence,2021,,1127.4067,,A,Normal value,1,One,0,Units
DATAFLOW,OECD.STI.PIE:DSD_PATENTS@DF_PATENTS_OECDSPECIFIC(1.0),Patents in OECD selected technologies,I,6F0,European Patent Office,A,Annual,AP,Patent applications,PATN,Patents,PRIORITY,Priority date,CHE,Switzerland,_Z,Not applicable,INVENTOR,Inventor,_Z,Not applicable,_Z,Not applicable,AI,Technologies related to artificial intelligence,2021,,106.0587,,A,Normal value,1,One,0,Units
DATAFLOW,OECD.STI.PIE:DSD_PATENTS@DF_PATENTS_OECDSPECIFIC(1.0),Patents in OECD selected technologies,I,6F0,European Patent Office,A,Annual,AP,Patent applications,PATN,Patents,PRIORITY,Priority date,IND,India,_Z,Not applicable,INVENTOR,Inventor,_Z,Not applicable,_Z,Not applicable,AI,Technologies related to artificial intelligence,2021,,300.37421,,A,Normal value,1,One,0,Units
DATAFLOW,OECD.STI.PIE:DSD_PATENTS@DF_PATENTS_OECDSPECIFIC(1.0),Patents in OECD selected technologies,I,6F0,European Patent Office,A,Annual,AP,Patent applications,PATN,Patents,PRIORITY,Priority date,CZE,Czechia,_Z,Not applicable,INVENTOR,Inventor,_Z,Not applicable,_Z,Not applicable,AI,Technologies related to artificial intelligence,2021,,4.0500002,,A,Normal value,1,One,0,Units
DATAFLOW,OECD.STI.PIE:DSD_PATENTS@DF_PATENTS_OECDSPECIFIC(1.0),Patents in OECD selected technologies,I,6F0,European Patent Office,A,Annual,AP,Patent applications,PATN,Patents,PRIORITY,Priority date,HKG,Hong Kong (China),_Z,Not applicable,INVENTOR,Inventor,_Z,Not applicable,_Z,Not applicable,AI,Technologies related to artificial intelligence,2021,,8.6643,,A,Normal value,1,One,0,Units
DATAFLOW,OECD.STI.PIE:DSD_PATENTS@DF_PATENTS_OECDSPECIFIC(1.0),Patents in OECD selected technologies,I,6F0,European Patent Office,A,Annual,AP,Patent applications,PATN,Patents,PRIORITY,Priority date,BIH,Bosnia and Herzegovina,_Z,Not applicable,INVENTOR,Inventor,_Z,Not applicable,_Z,Not applicable,AI,Technologies related to artificial intelligence,2021,,0.2,,A,Normal value,1,One,0,Units
DATAFLOW,OECD.STI.PIE:DSD_PATENTS@DF_PATENTS_OECDSPECIFIC(1.0),Patents in OECD selected technologies,I,6F0,European Patent Office,A,Annual,AP,Patent applications,PATN,Patents,PRIORITY,Priority date,FIN,Finland,_Z,Not applicable,INVENTOR,Inventor,_Z,Not applicable,_Z,Not applicable,AI,Technologies related to artificial intelligence,2021,,65.752403,,A,Normal value,1,One,0,Units
DATAFLOW,OECD.STI.PIE:DSD_PATENTS@DF_PATENTS_OECDSPECIFIC(1.0),Patents in OECD selected technologies,I,6F0,European Patent Office,A,Annual,AP,Patent applications,PATN,Patents,PRIORITY,Priority date,MYS,Malaysia,_Z,Not applicable,INVENTOR,Inventor,_Z,Not applicable,_Z,Not applicable,AI,Technologies related to artificial intelligence,2021,,3.3333001,,A,Normal value,1,One,0,Units
DATAFLOW,OECD.STI.PIE:DSD_PATENTS@DF_PATENTS_OECDSPECIFIC(1.0),Patents in OECD selected technologies,I,6F0,European Patent Office,A,Annual,AP,Patent applications,PATN,Patents,PRIORITY,Priority date,LUX,Luxembourg,_Z,Not applicable,INVENTOR,Inventor,_Z,Not applicable,_Z,Not applicable,AI,Technologies related to artificial intelligence,2021,,3.6666999,,A,Normal value,1,One,0,Units
DATAFLOW,OECD.STI.PIE:DSD_PATENTS@DF_PATENTS_OECDSPECIFIC(1.0),Patents in OECD selected technologies,I,6F0,European Patent Office,A,Annual,AP,Patent applications,PATN,Patents,PRIORITY,Priority date,USA,United States,_Z,Not applicable,INVENTOR,Inventor,_Z,Not applicable,_Z,Not applicable,AI,Technologies related to artificial intelligence,2021,,2961.7578,,A,Normal value,1,One,0,Units
DATAFLOW,OECD.STI.PIE:DSD_PATENTS@DF_PATENTS_OECDSPECIFIC(1.0),Patents in OECD selected technologies,I,6F0,European Patent Office,A,Annual,AP,Patent applications,PATN,Patents,PRIORITY,Priority date,KWT,Kuwait,_Z,Not applicable,INVENTOR,Inventor,_Z,Not applicable,_Z,Not applicable,AI,Technologies related to artificial intelligence,2021,,0.1111,,A,Normal value,1,One,0,Units
DATAFLOW,OECD.STI.PIE:DSD_PATENTS@DF_PATENTS_OECDSPECIFIC(1.0),Patents in OECD selected technologies,I,6F0,European Patent Office,A,Annual,AP,Patent applications,PATN,Patents,PRIORITY,Priority date,ARM,Armenia,_Z,Not applicable,INVENTOR,Inventor,_Z,Not applicable,_Z,Not applicable,AI,Technologies related to artificial intelligence,2021,,0.33329999,,A,Normal value,1,One,0,Units
DATAFLOW,OECD.STI.PIE:DSD_PATENTS@DF_PATENTS_OECDSPECIFIC(1.0),Patents in OECD selected technologies,I,6F0,European Patent Office,A,Annual,AP,Patent applications,PATN,Patents,PRIORITY,Priority date,FRA,France,_Z,Not applicable,INVENTOR,Inventor,_Z,Not applicable,_Z,Not applicable,AI,Technologies related to artificial intelligence,2021,,296.0932,,A,Normal value,1,One,0,Units
DATAFLOW,OECD.STI.PIE:DSD_PATENTS@DF_PATENTS_OECDSPECIFIC(1.0),Patents in OECD selected technologies,I,6F0,European Patent Office,A,Annual,AP,Patent applications,PATN,Patents,PRIORITY,Priority date,UKR,Ukraine,_Z,Not applicable,INVENTOR,Inventor,_Z,Not applicable,_Z,Not applicable,AI,Technologies related to artificial intelligence,2021,,1.3333,,A,Normal value,1,One,0,Units
DATAFLOW,OECD.STI.PIE:DSD_PATENTS@DF_PATENTS_OECDSPECIFIC(1.0),Patents in OECD selected technologies,I,6F0,European Patent Office,A,Annual,AP,Patent applications,PATN,Patents,PRIORITY,Priority date,THA,Thailand,_Z,Not applicable,INVENTOR,Inventor,_Z,Not applicable,_Z,Not applicable,AI,Technologies related to artificial intelligence,2021,,3.5,,A,Normal value,1,One,0,Units
DATAFLOW,OECD.STI.PIE:DSD_PATENTS@DF_PATENTS_OECDSPECIFIC(1.0),Patents in OECD selected technologies,I,6F0,European Patent Office,A,Annual,AP,Patent applications,PATN,Patents,PRIORITY,Priority date,HRV,Croatia,_Z,Not applicable,INVENTOR,Inventor,_Z,Not applicable,_Z,Not applicable,AI,Technologies related to artificial intelligence,2021,,2.2,,A,Normal value,1,One,0,Units
DATAFLOW,OECD.STI.PIE:DSD_PATENTS@DF_PATENTS_OECDSPECIFIC(1.0),Patents in OECD selected technologies,I,6F0,European Patent Office,A,Annual,AP,Patent applications,PATN,Patents,PRIORITY,Priority date,COL,Colombia,_Z,Not applicable,INVENTOR,Inventor,_Z,Not applicable,_Z,Not applicable,AI,Technologies related to artificial intelligence,2021,,0.66670001,,A,Normal value,1,One,0,Units
DATAFLOW,OECD.STI.PIE:DSD_PATENTS@DF_PATENTS_OECDSPECIFIC(1.0),Patents in OECD selected technologies,I,6F0,European Patent Office,A,Annual,AP,Patent applications,PATN,Patents,PRIORITY,Priority date,HRV,Croatia,_Z,Not applicable,INVENTOR,Inventor,_Z,Not applicable,_Z,Not applicable,AI,Technologies related to artificial intelligence,2022,,2.3333001,,A,Normal value,1,One,0,Units
DATAFLOW,OECD.STI.PIE:DSD_PATENTS@DF_PATENTS_OECDSPECIFIC(1.0),Patents in OECD selected technologies,I,6F0,European Patent Office,A,Annual,AP,Patent applications,PATN,Patents,PRIORITY,Priority date,UKR,Ukraine,_Z,Not applicable,INVENTOR,Inventor,_Z,Not applicable,_Z,Not applicable,AI,Technologies related to artificial intelligence,2022,,3.0278001,,A,Normal value,1,One,0,Units
DATAFLOW,OECD.STI.PIE:DSD_PATENTS@DF_PATENTS_OECDSPECIFIC(1.0),Patents in OECD selected technologies,I,6F0,European Patent Office,A,Annual,AP,Patent applications,PATN,Patents,PRIORITY,Priority date,FRA,France,_Z,Not applicable,INVENTOR,Inventor,_Z,Not applicable,_Z,Not applicable,AI,Technologies related to artificial intelligence,2022,,268.0318,,A,Normal value,1,One,0,Units
DATAFLOW,OECD.STI.PIE:DSD_PATENTS@DF_PATENTS_OECDSPECIFIC(1.0),Patents in OECD selected technologies,I,6F0,European Patent Office,A,Annual,AP,Patent applications,PATN,Patents,PRIORITY,Priority date,ARM,Armenia,_Z,Not applicable,INVENTOR,Inventor,_Z,Not applicable,_Z,Not applicable,AI,Technologies related to artificial intelligence,2022,,0.46149999,,A,Normal value,1,One,0,Units
DATAFLOW,OECD.STI.PIE:DSD_PATENTS@DF_PATENTS_OECDSPECIFIC(1.0),Patents in OECD selected technologies,I,6F0,European Patent Office,A,Annual,AP,Patent applications,PATN,Patents,PRIORITY,Priority date,USA,United States,_Z,Not applicable,INVENTOR,Inventor,_Z,Not applicable,_Z,Not applicable,AI,Technologies related to artificial intelligence,2022,,2242.6846,,A,Normal value,1,One,0,Units
DATAFLOW,OECD.STI.PIE:DSD_PATENTS@DF_PATENTS_OECDSPECIFIC(1.0),Patents in OECD selected technologies,I,6F0,European Patent Office,A,Annual,AP,Patent applications,PATN,Patents,PRIORITY,Priority date,LUX,Luxembourg,_Z,Not applicable,INVENTOR,Inventor,_Z,Not applicable,_Z,Not applicable,AI,Technologies related to artificial intelligence,2022,,2.3666999,,A,Normal value,1,One,0,Units
DATAFLOW,OECD.STI.PIE:DSD_PATENTS@DF_PATENTS_OECDSPECIFIC(1.0),Patents in OECD selected technologies,I,6F0,European Patent Office,A,Annual,AP,Patent applications,PATN,Patents,PRIORITY,Priority date,MYS,Malaysia,_Z,Not applicable,INVENTOR,Inventor,_Z,Not applicable,_Z,Not applicable,AI,Technologies related to artificial intelligence,2022,,0.58329999,,A,Normal value,1,One,0,Units
DATAFLOW,OECD.STI.PIE:DSD_PATENTS@DF_PATENTS_OECDSPECIFIC(1.0),Patents in OECD selected technologies,I,6F0,European Patent Office,A,Annual,AP,Patent applications,PATN,Patents,PRIORITY,Priority date,FIN,Finland,_Z,Not applicable,INVENTOR,Inventor,_Z,Not applicable,_Z,Not applicable,AI,Technologies related to artificial intelligence,2022,,53.226002,,A,Normal value,1,One,0,Units
DATAFLOW,OECD.STI.PIE:DSD_PATENTS@DF_PATENTS_OECDSPECIFIC(1.0),Patents in OECD selected technologies,I,6F0,European Patent Office,A,Annual,AP,Patent applications,PATN,Patents,PRIORITY,Priority date,BIH,Bosnia and Herzegovina,_Z,Not applicable,INVENTOR,Inventor,_Z,Not applicable,_Z,Not applicable,AI,Technologies related to artificial intelligence,2022,,0.1,,A,Normal value,1,One,0,Units
DATAFLOW,OECD.STI.PIE:DSD_PATENTS@DF_PATENTS_OECDSPECIFIC(1.0),Patents in OECD selected technologies,I,6F0,European Patent Office,A,Annual,AP,Patent applications,PATN,Patents,PRIORITY,Priority date,HKG,Hong Kong (China),_Z,Not applicable,INVENTOR,Inventor,_Z,Not applicable,_Z,Not applicable,AI,Technologies related to artificial intelligence,2022,,6.3333001,,A,Normal value,1,One,0,Units
DATAFLOW,OECD.STI.PIE:DSD_PATENTS@DF_PATENTS_OECDSPECIFIC(1.0),Patents in OECD selected technologies,I,6F0,European Patent Office,A,Annual,AP,Patent applications,PATN,Patents,PRIORITY,Priority date,CZE,Czechia,_Z,Not applicable,INVENTOR,Inventor,_Z,Not applicable,_Z,Not applicable,AI,Technologies related to artificial intelligence,2022,,3.2611001,,A,Normal value,1,One,0,Units
DATAFLOW,OECD.STI.PIE:DSD_PATENTS@DF_PATENTS_OECDSPECIFIC(1.0),Patents in OECD selected technologies,I,6F0,European Patent Office,A,Annual,AP,Patent applications,PATN,Patents,PRIORITY,Priority date,IND,India,_Z,Not applicable,INVENTOR,Inventor,_Z,Not applicable,_Z,Not applicable,AI,Technologies related to artificial intelligence,2022,,233.99319,,A,Normal value,1,One,0,Units
DATAFLOW,OECD.STI.PIE:DSD_PATENTS@DF_PATENTS_OECDSPECIFIC(1.0),Patents in OECD selected technologies,I,6F0,European Patent Office,A,Annual,AP,Patent applications,PATN,Patents,PRIORITY,Priority date,CHE,Switzerland,_Z,Not applicable,INVENTOR,Inventor,_Z,Not applicable,_Z,Not applicable,AI,Technologies related to artificial intelligence,2022,,105.744,,A,Normal value,1,One,0,Units
DATAFLOW,OECD.STI.PIE:DSD_PATENTS@DF_PATENTS_OECDSPECIFIC(1.0),Patents in OECD selected technologies,I,6F0,European Patent Office,A,Annual,AP,Patent applications,PATN,Patents,PRIORITY,Priority date,CHN,China (People’s Republic of),_Z,Not applicable,INVENTOR,Inventor,_Z,Not applicable,_Z,Not applicable,AI,Technologies related to artificial intelligence,2022,,809.2218,,A,Normal value,1,One,0,Units
DATAFLOW,OECD.STI.PIE:DSD_PATENTS@DF_PATENTS_OECDSPECIFIC(1.0),Patents in OECD selected technologies,I,6F0,European Patent Office,A,Annual,AP,Patent applications,PATN,Patents,PRIORITY,Priority date,DNK,Denmark,_Z,Not applicable,INVENTOR,Inventor,_Z,Not applicable,_Z,Not applicable,AI,Technologies related to artificial intelligence,2022,,31.7742,,A,Normal value,1,One,0,Units
DATAFLOW,OECD.STI.PIE:DSD_PATENTS@DF_PATENTS_OECDSPECIFIC(1.0),Patents in OECD selected technologies,I,6F0,European Patent Office,A,Annual,AP,Patent applications,PATN,Patents,PRIORITY,Priority date,ROU,Romania,_Z,Not applicable,INVENTOR,Inventor,_Z,Not applicable,_Z,Not applicable,AI,Technologies related to artificial intelligence,2022,,6.3428998,,A,Normal value,1,One,0,Units
DATAFLOW,OECD.STI.PIE:DSD_PATENTS@DF_PATENTS_OECDSPECIFIC(1.0),Patents in OECD selected technologies,I,6F0,European Patent Office,A,Annual,AP,Patent applications,PATN,Patents,PRIORITY,Priority date,POL,Poland,_Z,Not applicable,INVENTOR,Inventor,_Z,Not applicable,_Z,Not applicable,AI,Technologies related to artificial intelligence,2022,,25.2798,,A,Normal value,1,One,0,Units
DATAFLOW,OECD.STI.PIE:DSD_PATENTS@DF_PATENTS_OECDSPECIFIC(1.0),Patents in OECD selected technologies,I,6F0,European Patent Office,A,Annual,AP,Patent applications,PATN,Patents,PRIORITY,Priority date,PRK,Democratic People’s Republic of Korea,_Z,Not applicable,INVENTOR,Inventor,_Z,Not applicable,_Z,Not applicable,AI,Technologies related to artificial intelligence,2022,,0.16670001,,A,Normal value,1,One,0,Units
DATAFLOW,OECD.STI.PIE:DSD_PATENTS@DF_PATENTS_OECDSPECIFIC(1.0),Patents in OECD selected technologies,I,6F0,European Patent Office,A,Annual,AP,Patent applications,PATN,Patents,PRIORITY,Priority date,GBR,United Kingdom,_Z,Not applicable,INVENTOR,Inventor,_Z,Not applicable,_Z,Not applicable,AI,Technologies related to artificial intelligence,2022,,276.68109,,A,Normal value,1,One,0,Units
DATAFLOW,OECD.STI.PIE:DSD_PATENTS@DF_PATENTS_OECDSPECIFIC(1.0),Patents in OECD selected technologies,I,6F0,European Patent Office,A,Annual,AP,Patent applications,PATN,Patents,PRIORITY,Priority date,ARG,Argentina,_Z,Not applicable,INVENTOR,Inventor,_Z,Not applicable,_Z,Not applicable,AI,Technologies related to artificial intelligence,2022,,1.2833,,A,Normal value,1,One,0,Units
DATAFLOW,OECD.STI.PIE:DSD_PATENTS@DF_PATENTS_OECDSPECIFIC(1.0),Patents in OECD selected technologies,I,6F0,European Patent Office,A,Annual,AP,Patent applications,PATN,Patents,PRIORITY,Priority date,IRL,Ireland,_Z,Not applicable,INVENTOR,Inventor,_Z,Not applicable,_Z,Not applicable,AI,Technologies related to artificial intelligence,2022,,32.254398,,A,Normal value,1,One,0,Units
DATAFLOW,OECD.STI.PIE:DSD_PATENTS@DF_PATENTS_OECDSPECIFIC(1.0),Patents in OECD selected technologies,I,6F0,European Patent Office,A,Annual,AP,Patent applications,PATN,Patents,PRIORITY,Priority date,RUS,Russia,_Z,Not applicable,INVENTOR,Inventor,_Z,Not applicable,_Z,Not applicable,AI,Technologies related to artificial intelligence,2022,,11.3013,,A,Normal value,1,One,0,Units
DATAFLOW,OECD.STI.PIE:DSD_PATENTS@DF_PATENTS_OECDSPECIFIC(1.0),Patents in OECD selected technologies,I,6F0,European Patent Office,A,Annual,AP,Patent applications,PATN,Patents,PRIORITY,Priority date,MEX,Mexico,_Z,Not applicable,INVENTOR,Inventor,_Z,Not applicable,_Z,Not applicable,AI,Technologies related to artificial intelligence,2022,,2.25,,A,Normal value,1,One,0,Units
DATAFLOW,OECD.STI.PIE:DSD_PATENTS@DF_PATENTS_OECDSPECIFIC(1.0),Patents in OECD selected technologies,I,6F0,European Patent Office,A,Annual,AP,Patent applications,PATN,Patents,PRIORITY,Priority date,CRI,Costa Rica,_Z,Not applicable,INVENTOR,Inventor,_Z,Not applicable,_Z,Not applicable,AI,Technologies related to artificial intelligence,2022,,0.2,,A,Normal value,1,One,0,Units
DATAFLOW,OECD.STI.PIE:DSD_PATENTS@DF_PATENTS_OECDSPECIFIC(1.0),Patents in OECD selected technologies,I,6F0,European Patent Office,A,Annual,AP,Patent applications,PATN,Patents,PRIORITY,Priority date,GRC,Greece,_Z,Not applicable,INVENTOR,Inventor,_Z,Not applicable,_Z,Not applicable,AI,Technologies related to artificial intelligence,2022,,7.5110998,,A,Normal value,1,One,0,Units
DATAFLOW,OECD.STI.PIE:DSD_PATENTS@DF_PATENTS_OECDSPECIFIC(1.0),Patents in OECD selected technologies,I,6F0,European Patent Office,A,Annual,AP,Patent applications,PATN,Patents,PRIORITY,Priority date,ESP,Spain,_Z,Not applicable,INVENTOR,Inventor,_Z,Not applicable,_Z,Not applicable,AI,Technologies related to artificial intelligence,2022,,48.395599,,A,Normal value,1,One,0,Units
DATAFLOW,OECD.STI.PIE:DSD_PATENTS@DF_PATENTS_OECDSPECIFIC(1.0),Patents in OECD selected technologies,I,6F0,European Patent Office,A,Annual,AP,Patent applications,PATN,Patents,PRIORITY,Priority date,CHL,Chile,_Z,Not applicable,INVENTOR,Inventor,_Z,Not applicable,_Z,Not applicable,AI,Technologies related to artificial intelligence,2022,,0.91670001,,A,Normal value,1,One,0,Units
DATAFLOW,OECD.STI.PIE:DSD_PATENTS@DF_PATENTS_OECDSPECIFIC(1.0),Patents in OECD selected technologies,I,6F0,European Patent Office,A,Annual,AP,Patent applications,PATN,Patents,PRIORITY,Priority date,TUR,Türkiye,_Z,Not applicable,INVENTOR,Inventor,_Z,Not applicable,_Z,Not applicable,AI,Technologies related to artificial intelligence,2022,,10.8036,,A,Normal value,1,One,0,Units
DATAFLOW,OECD.STI.PIE:DSD_PATENTS@DF_PATENTS_OECDSPECIFIC(1.0),Patents in OECD selected technologies,I,6F0,European Patent Office,A,Annual,AP,Patent applications,PATN,Patents,PRIORITY,Priority date,AUS,Australia,_Z,Not applicable,INVENTOR,Inventor,_Z,Not applicable,_Z,Not applicable,AI,Technologies related to artificial intelligence,2022,,28.6798,,A,Normal value,1,One,0,Units
DATAFLOW,OECD.STI.PIE:DSD_PATENTS@DF_PATENTS_OECDSPECIFIC(1.0),Patents in OECD selected technologies,I,6F0,European Patent Office,A,Annual,AP,Patent applications,PATN,Patents,PRIORITY,Priority date,EU27_2020,European Union (27 countries from 01/02/2020),_Z,Not applicable,INVENTOR,Inventor,_Z,Not applicable,_Z,Not applicable,AI,Technologies related to artificial intelligence,2022,,1662.6044,,A,Normal value,1,One,0,Units
DATAFLOW,OECD.STI.PIE:DSD_PATENTS@DF_PATENTS_OECDSPECIFIC(1.0),Patents in OECD selected technologies,I,6F0,European Patent Office,A,Annual,AP,Patent applications,PATN,Patents,PRIORITY,Priority date,ISR,Israel,_Z,Not applicable,INVENTOR,Inventor,_Z,Not applicable,_Z,Not applicable,AI,Technologies related to artificial intelligence,2022,,90.868698,,A,Normal value,1,One,0,Units
DATAFLOW,OECD.STI.PIE:DSD_PATENTS@DF_PATENTS_OECDSPECIFIC(1.0),Patents in OECD selected technologies,I,6F0,European Patent Office,A,Annual,AP,Patent applications,PATN,Patents,PRIORITY,Priority date,ARE,United Arab Emirates,_Z,Not applicable,INVENTOR,Inventor,_Z,Not applicable,_Z,Not applicable,AI,Technologies related to artificial intelligence,2022,,12.5333,,A,Normal value,1,One,0,Units
DATAFLOW,OECD.STI.PIE:DSD_PATENTS@DF_PATENTS_OECDSPECIFIC(1.0),Patents in OECD selected technologies,I,6F0,European Patent Office,A,Annual,AP,Patent applications,PATN,Patents,PRIORITY,Priority date,NLD,Netherlands,_Z,Not applicable,INVENTOR,Inventor,_Z,Not applicable,_Z,Not applicable,AI,Technologies related to artificial intelligence,2022,,229.4053,,A,Normal value,1,One,0,Units
DATAFLOW,OECD.STI.PIE:DSD_PATENTS@DF_PATENTS_OECDSPECIFIC(1.0),Patents in OECD selected technologies,I,6F0,European Patent Office,A,Annual,AP,Patent applications,PATN,Patents,PRIORITY,Priority date,SGP,Singapore,_Z,Not applicable,INVENTOR,Inventor,_Z,Not applicable,_Z,Not applicable,AI,Technologies related to artificial intelligence,2022,,37.765499,,A,Normal value,1,One,0,Units
DATAFLOW,OECD.STI.PIE:DSD_PATENTS@DF_PATENTS_OECDSPECIFIC(1.0),Patents in OECD selected technologies,I,6F0,European Patent Office,A,Annual,AP,Patent applications,PATN,Patents,PRIORITY,Priority date,BRA,Brazil,_Z,Not applicable,INVENTOR,Inventor,_Z,Not applicable,_Z,Not applicable,AI,Technologies related to artificial intelligence,2022,,4.8309999,,A,Normal value,1,One,0,Units
DATAFLOW,OECD.STI.PIE:DSD_PATENTS@DF_PATENTS_OECDSPECIFIC(1.0),Patents in OECD selected technologies,I,6F0,European Patent Office,A,Annual,AP,Patent applications,PATN,Patents,PRIORITY,Priority date,PHL,Philippines,_Z,Not applicable,INVENTOR,Inventor,_Z,Not applicable,_Z,Not applicable,AI,Technologies related to artificial intelligence,2022,,0.69999999,,A,Normal value,1,One,0,Units
DATAFLOW,OECD.STI.PIE:DSD_PATENTS@DF_PATENTS_OECDSPECIFIC(1.0),Patents in OECD selected technologies,I,6F0,European Patent Office,A,Annual,AP,Patent applications,PATN,Patents,PRIORITY,Priority date,PRT,Portugal,_Z,Not applicable,INVENTOR,Inventor,_Z,Not applicable,_Z,Not applicable,AI,Technologies related to artificial intelligence,2022,,15.9524,,A,Normal value,1,One,0,Units
DATAFLOW,OECD.STI.PIE:DSD_PATENTS@DF_PATENTS_OECDSPECIFIC(1.0),Patents in OECD selected technologies,I,6F0,European Patent Office,A,Annual,AP,Patent applications,PATN,Patents,PRIORITY,Priority date,W,World,_Z,Not applicable,INVENTOR,Inventor,_Z,Not applicable,_Z,Not applicable,AI,Technologies related to artificial intelligence,2022,,6903,,A,Normal value,1,One,0,Units
DATAFLOW,OECD.STI.PIE:DSD_PATENTS@DF_PATENTS_OECDSPECIFIC(1.0),Patents in OECD selected technologies,I,6F0,European Patent Office,A,Annual,AP,Patent applications,PATN,Patents,PRIORITY,Priority date,SWE,Sweden,_Z,Not applicable,INVENTOR,Inventor,_Z,Not applicable,_Z,Not applicable,AI,Technologies related to artificial intelligence,2022,,171.5024,,A,Normal value,1,One,0,Units
DATAFLOW,OECD.STI.PIE:DSD_PATENTS@DF_PATENTS_OECDSPECIFIC(1.0),Patents in OECD selected technologies,I,6F0,European Patent Office,A,Annual,AP,Patent applications,PATN,Patents,PRIORITY,Priority date,AUT,Austria,_Z,Not applicable,INVENTOR,Inventor,_Z,Not applicable,_Z,Not applicable,AI,Technologies related to artificial intelligence,2022,,31.883301,,A,Normal value,1,One,0,Units
DATAFLOW,OECD.STI.PIE:DSD_PATENTS@DF_PATENTS_OECDSPECIFIC(1.0),Patents in OECD selected technologies,I,6F0,European Patent Office,A,Annual,AP,Patent applications,PATN,Patents,PRIORITY,Priority date,TWN,Chinese Taipei,_Z,Not applicable,INVENTOR,Inventor,_Z,Not applicable,_Z,Not applicable,AI,Technologies related to artificial intelligence,2022,,61.489101,,A,Normal value,1,One,0,Units
DATAFLOW,OECD.STI.PIE:DSD_PATENTS@DF_PATENTS_OECDSPECIFIC(1.0),Patents in OECD selected technologies,I,6F0,European Patent Office,A,Annual,AP,Patent applications,PATN,Patents,PRIORITY,Priority date,DEU,Germany,_Z,Not applicable,INVENTOR,Inventor,_Z,Not applicable,_Z,Not applicable,AI,Technologies related to artificial intelligence,2022,,609.81958,,A,Normal value,1,One,0,Units
DATAFLOW,OECD.STI.PIE:DSD_PATENTS@DF_PATENTS_OECDSPECIFIC(1.0),Patents in OECD selected technologies,I,6F0,European Patent Office,A,Annual,AP,Patent applications,PATN,Patents,PRIORITY,Priority date,HUN,Hungary,_Z,Not applicable,INVENTOR,Inventor,_Z,Not applicable,_Z,Not applicable,AI,Technologies related to artificial intelligence,2022,,20.9578,,A,Normal value,1,One,0,Units
DATAFLOW,OECD.STI.PIE:DSD_PATENTS@DF_PATENTS_OECDSPECIFIC(1.0),Patents in OECD selected technologies,I,6F0,European Patent Office,A,Annual,AP,Patent applications,PATN,Patents,PRIORITY,Priority date,NOR,Norway,_Z,Not applicable,INVENTOR,Inventor,_Z,Not applicable,_Z,Not applicable,AI,Technologies related to artificial intelligence,2022,,11.5333,,A,Normal value,1,One,0,Units
DATAFLOW,OECD.STI.PIE:DSD_PATENTS@DF_PATENTS_OECDSPECIFIC(1.0),Patents in OECD selected technologies,I,6F0,European Patent Office,A,Annual,AP,Patent applications,PATN,Patents,PRIORITY,Priority date,BEL,Belgium,_Z,Not applicable,INVENTOR,Inventor,_Z,Not applicable,_Z,Not applicable,AI,Technologies related to artificial intelligence,2022,,44.5984,,A,Normal value,1,One,0,Units
DATAFLOW,OECD.STI.PIE:DSD_PATENTS@DF_PATENTS_OECDSPECIFIC(1.0),Patents in OECD selected technologies,I,6F0,European Patent Office,A,Annual,AP,Patent applications,PATN,Patents,PRIORITY,Priority date,CYP,Cyprus,_Z,Not applicable,INVENTOR,Inventor,_Z,Not applicable,_Z,Not applicable,AI,Technologies related to artificial intelligence,2022,,1.2,,A,Normal value,1,One,0,Units
DATAFLOW,OECD.STI.PIE:DSD_PATENTS@DF_PATENTS_OECDSPECIFIC(1.0),Patents in OECD selected technologies,I,6F0,European Patent Office,A,Annual,AP,Patent applications,PATN,Patents,PRIORITY,Priority date,ITA,Italy,_Z,Not applicable,INVENTOR,Inventor,_Z,Not applicable,_Z,Not applicable,AI,Technologies related to artificial intelligence,2022,,53.508301,,A,Normal value,1,One,0,Units
DATAFLOW,OECD.STI.PIE:DSD_PATENTS@DF_PATENTS_OECDSPECIFIC(1.0),Patents in OECD selected technologies,I,6F0,European Patent Office,A,Annual,AP,Patent applications,PATN,Patents,PRIORITY,Priority date,OECD,OECD,_Z,Not applicable,INVENTOR,Inventor,_Z,Not applicable,_Z,Not applicable,AI,Technologies related to artificial intelligence,2022,,5697.166,,A,Normal value,1,One,0,Units
DATAFLOW,OECD.STI.PIE:DSD_PATENTS@DF_PATENTS_OECDSPECIFIC(1.0),Patents in OECD selected technologies,I,6F0,European Patent Office,A,Annual,AP,Patent applications,PATN,Patents,PRIORITY,Priority date,KOR,Korea,_Z,Not applicable,INVENTOR,Inventor,_Z,Not applicable,_Z,Not applicable,AI,Technologies related to artificial intelligence,2022,,542.13452,,A,Normal value,1,One,0,Units
DATAFLOW,OECD.STI.PIE:DSD_PATENTS@DF_PATENTS_OECDSPECIFIC(1.0),Patents in OECD selected technologies,I,6F0,European Patent Office,A,Annual,AP,Patent applications,PATN,Patents,PRIORITY,Priority date,CAN,Canada,_Z,Not applicable,INVENTOR,Inventor,_Z,Not applicable,_Z,Not applicable,AI,Technologies related to artificial intelligence,2022,,149.9043,,A,Normal value,1,One,0,Units
DATAFLOW,OECD.STI.PIE:DSD_PATENTS@DF_PATENTS_OECDSPECIFIC(1.0),Patents in OECD selected technologies,I,6F0,European Patent Office,A,Annual,AP,Patent applications,PATN,Patents,PRIORITY,Priority date,JPN,Japan,_Z,Not applicable,INVENTOR,Inventor,_Z,Not applicable,_Z,Not applicable,AI,Technologies related to artificial intelligence,2022,,576.42621,,A,Normal value,1,One,0,Units
DATAFLOW,OECD.STI.PIE:DSD_PATENTS@DF_PATENTS_OECDSPECIFIC(1.0),Patents in OECD selected technologies,I,6F0,European Patent Office,A,Annual,AP,Patent applications,PATN,Patents,PRIORITY,Priority date,NZL,New Zealand,_Z,Not applicable,INVENTOR,Inventor,_Z,Not applicable,_Z,Not applicable,AI,Technologies related to artificial intelligence,2022,,4.6111002,,A,Normal value,1,One,0,Units
DATAFLOW,OECD.STI.PIE:DSD_PATENTS@DF_PATENTS_OECDSPECIFIC(1.0),Patents in OECD selected technologies,I,6F0,European Patent Office,A,Annual,AP,Patent applications,PATN,Patents,PRIORITY,Priority date,PRI,Puerto Rico,_Z,Not applicable,INVENTOR,Inventor,_Z,Not applicable,_Z,Not applicable,AI,Technologies related to artificial intelligence,2010,,0.5,,A,Normal value,1,One,0,Units
DATAFLOW,OECD.STI.PIE:DSD_PATENTS@DF_PATENTS_OECDSPECIFIC(1.0),Patents in OECD selected technologies,I,6F0,European Patent Office,A,Annual,AP,Patent applications,PATN,Patents,PRIORITY,Priority date,NZL,New Zealand,_Z,Not applicable,INVENTOR,Inventor,_Z,Not applicable,_Z,Not applicable,AI,Technologies related to artificial intelligence,2010,,0.5,,A,Normal value,1,One,0,Units
DATAFLOW,OECD.STI.PIE:DSD_PATENTS@DF_PATENTS_OECDSPECIFIC(1.0),Patents in OECD selected technologies,I,6F0,European Patent Office,A,Annual,AP,Patent applications,PATN,Patents,PRIORITY,Priority date,EGY,Egypt,_Z,Not applicable,INVENTOR,Inventor,_Z,Not applicable,_Z,Not applicable,AI,Technologies related to artificial intelligence,2011,,0.5,,A,Normal value,1,One,0,Units
DATAFLOW,OECD.STI.PIE:DSD_PATENTS@DF_PATENTS_OECDSPECIFIC(1.0),Patents in OECD selected technologies,I,6F0,European Patent Office,A,Annual,AP,Patent applications,PATN,Patents,PRIORITY,Priority date,ARE,United Arab Emirates,_Z,Not applicable,INVENTOR,Inventor,_Z,Not applicable,_Z,Not applicable,AI,Technologies related to artificial intelligence,2013,,0.5,,A,Normal value,1,One,0,Units
DATAFLOW,OECD.STI.PIE:DSD_PATENTS@DF_PATENTS_OECDSPECIFIC(1.0),Patents in OECD selected technologies,I,6F0,European Patent Office,A,Annual,AP,Patent applications,PATN,Patents,PRIORITY,Priority date,COL,Colombia,_Z,Not applicable,INVENTOR,Inventor,_Z,Not applicable,_Z,Not applicable,AI,Technologies related to artificial intelligence,2014,,0.5,,A,Normal value,1,One,0,Units
DATAFLOW,OECD.STI.PIE:DSD_PATENTS@DF_PATENTS_OECDSPECIFIC(1.0),Patents in OECD selected technologies,I,6F0,European Patent Office,A,Annual,AP,Patent applications,PATN,Patents,PRIORITY,Priority date,ECU,Ecuador,_Z,Not applicable,INVENTOR,Inventor,_Z,Not applicable,_Z,Not applicable,AI,Technologies related to artificial intelligence,2014,,0.5,,A,Normal value,1,One,0,Units
DATAFLOW,OECD.STI.PIE:DSD_PATENTS@DF_PATENTS_OECDSPECIFIC(1.0),Patents in OECD selected technologies,I,6F0,European Patent Office,A,Annual,AP,Patent applications,PATN,Patents,PRIORITY,Priority date,HUN,Hungary,_Z,Not applicable,INVENTOR,Inventor,_Z,Not applicable,_Z,Not applicable,AI,Technologies related to artificial intelligence,2015,,0.5,,A,Normal value,1,One,0,Units
DATAFLOW,OECD.STI.PIE:DSD_PATENTS@DF_PATENTS_OECDSPECIFIC(1.0),Patents in OECD selected technologies,I,6F0,European Patent Office,A,Annual,AP,Patent applications,PATN,Patents,PRIORITY,Priority date,TUR,Türkiye,_Z,Not applicable,INVENTOR,Inventor,_Z,Not applicable,_Z,Not applicable,AI,Technologies related to artificial intelligence,2015,,0.5,,A,Normal value,1,One,0,Units
DATAFLOW,OECD.STI.PIE:DSD_PATENTS@DF_PATENTS_OECDSPECIFIC(1.0),Patents in OECD selected technologies,I,6F0,European Patent Office,A,Annual,AP,Patent applications,PATN,Patents,PRIORITY,Priority date,IRN,Iran,_Z,Not applicable,INVENTOR,Inventor,_Z,Not applicable,_Z,Not applicable,AI,Technologies related to artificial intelligence,2015,,0.5,,A,Normal value,1,One,0,Units
DATAFLOW,OECD.STI.PIE:DSD_PATENTS@DF_PATENTS_OECDSPECIFIC(1.0),Patents in OECD selected technologies,I,6F0,European Patent Office,A,Annual,AP,Patent applications,PATN,Patents,PRIORITY,Priority date,ISL,Iceland,_Z,Not applicable,INVENTOR,Inventor,_Z,Not applicable,_Z,Not applicable,AI,Technologies related to artificial intelligence,2015,,0.5,,A,Normal value,1,One,0,Units
DATAFLOW,OECD.STI.PIE:DSD_PATENTS@DF_PATENTS_OECDSPECIFIC(1.0),Patents in OECD selected technologies,I,6F0,European Patent Office,A,Annual,AP,Patent applications,PATN,Patents,PRIORITY,Priority date,THA,Thailand,_Z,Not applicable,INVENTOR,Inventor,_Z,Not applicable,_Z,Not applicable,AI,Technologies related to artificial intelligence,2015,,0.5,,A,Normal value,1,One,0,Units
DATAFLOW,OECD.STI.PIE:DSD_PATENTS@DF_PATENTS_OECDSPECIFIC(1.0),Patents in OECD selected technologies,I,6F0,European Patent Office,A,Annual,AP,Patent applications,PATN,Patents,PRIORITY,Priority date,COL,Colombia,_Z,Not applicable,INVENTOR,Inventor,_Z,Not applicable,_Z,Not applicable,AI,Technologies related to artificial intelligence,2018,,0.5,,A,Normal value,1,One,0,Units
DATAFLOW,OECD.STI.PIE:DSD_PATENTS@DF_PATENTS_OECDSPECIFIC(1.0),Patents in OECD selected technologies,I,6F0,European Patent Office,A,Annual,AP,Patent applications,PATN,Patents,PRIORITY,Priority date,IRN,Iran,_Z,Not applicable,INVENTOR,Inventor,_Z,Not applicable,_Z,Not applicable,AI,Technologies related to artificial intelligence,2019,,0.5,,A,Normal value,1,One,0,Units
DATAFLOW,OECD.STI.PIE:DSD_PATENTS@DF_PATENTS_OECDSPECIFIC(1.0),Patents in OECD selected technologies,I,6F0,European Patent Office,A,Annual,AP,Patent applications,PATN,Patents,PRIORITY,Priority date,HRV,Croatia,_Z,Not applicable,INVENTOR,Inventor,_Z,Not applicable,_Z,Not applicable,AI,Technologies related to artificial intelligence,2019,,0.5,,A,Normal value,1,One,0,Units
DATAFLOW,OECD.STI.PIE:DSD_PATENTS@DF_PATENTS_OECDSPECIFIC(1.0),Patents in OECD selected technologies,I,6F0,European Patent Office,A,Annual,AP,Patent applications,PATN,Patents,PRIORITY,Priority date,TUN,Tunisia,_Z,Not applicable,INVENTOR,Inventor,_Z,Not applicable,_Z,Not applicable,AI,Technologies related to artificial intelligence,2020,,0.5,,A,Normal value,1,One,0,Units
DATAFLOW,OECD.STI.PIE:DSD_PATENTS@DF_PATENTS_OECDSPECIFIC(1.0),Patents in OECD selected technologies,I,6F0,European Patent Office,A,Annual,AP,Patent applications,PATN,Patents,PRIORITY,Priority date,PAK,Pakistan,_Z,Not applicable,INVENTOR,Inventor,_Z,Not applicable,_Z,Not applicable,AI,Technologies related to artificial intelligence,2021,,0.5,,A,Normal value,1,One,0,Units
DATAFLOW,OECD.STI.PIE:DSD_PATENTS@DF_PATENTS_OECDSPECIFIC(1.0),Patents in OECD selected technologies,I,6F0,European Patent Office,A,Annual,AP,Patent applications,PATN,Patents,PRIORITY,Priority date,LBN,Lebanon,_Z,Not applicable,INVENTOR,Inventor,_Z,Not applicable,_Z,Not applicable,AI,Technologies related to artificial intelligence,2021,,0.5,,A,Normal value,1,One,0,Units
DATAFLOW,OECD.STI.PIE:DSD_PATENTS@DF_PATENTS_OECDSPECIFIC(1.0),Patents in OECD selected technologies,I,6F0,European Patent Office,A,Annual,AP,Patent applications,PATN,Patents,PRIORITY,Priority date,AUT,Austria,_Z,Not applicable,INVENTOR,Inventor,_Z,Not applicable,_Z,Not applicable,AI,Technologies related to artificial intelligence,2010,,3,,A,Normal value,1,One,0,Units
DATAFLOW,OECD.STI.PIE:DSD_PATENTS@DF_PATENTS_OECDSPECIFIC(1.0),Patents in OECD selected technologies,I,6F0,European Patent Office,A,Annual,AP,Patent applications,PATN,Patents,PRIORITY,Priority date,NOR,Norway,_Z,Not applicable,INVENTOR,Inventor,_Z,Not applicable,_Z,Not applicable,AI,Technologies related to artificial intelligence,2011,,3,,A,Normal value,1,One,0,Units
DATAFLOW,OECD.STI.PIE:DSD_PATENTS@DF_PATENTS_OECDSPECIFIC(1.0),Patents in OECD selected technologies,I,6F0,European Patent Office,A,Annual,AP,Patent applications,PATN,Patents,PRIORITY,Priority date,HUN,Hungary,_Z,Not applicable,INVENTOR,Inventor,_Z,Not applicable,_Z,Not applicable,AI,Technologies related to artificial intelligence,2011,,3,,A,Normal value,1,One,0,Units
DATAFLOW,OECD.STI.PIE:DSD_PATENTS@DF_PATENTS_OECDSPECIFIC(1.0),Patents in OECD selected technologies,I,6F0,European Patent Office,A,Annual,AP,Patent applications,PATN,Patents,PRIORITY,Priority date,DNK,Denmark,_Z,Not applicable,INVENTOR,Inventor,_Z,Not applicable,_Z,Not applicable,AI,Technologies related to artificial intelligence,2012,,3,,A,Normal value,1,One,0,Units
DATAFLOW,OECD.STI.PIE:DSD_PATENTS@DF_PATENTS_OECDSPECIFIC(1.0),Patents in OECD selected technologies,I,6F0,European Patent Office,A,Annual,AP,Patent applications,PATN,Patents,PRIORITY,Priority date,RUS,Russia,_Z,Not applicable,INVENTOR,Inventor,_Z,Not applicable,_Z,Not applicable,AI,Technologies related to artificial intelligence,2012,,3,,A,Normal value,1,One,0,Units
DATAFLOW,OECD.STI.PIE:DSD_PATENTS@DF_PATENTS_OECDSPECIFIC(1.0),Patents in OECD selected technologies,I,6F0,European Patent Office,A,Annual,AP,Patent applications,PATN,Patents,PRIORITY,Priority date,TUR,Türkiye,_Z,Not applicable,INVENTOR,Inventor,_Z,Not applicable,_Z,Not applicable,AI,Technologies related to artificial intelligence,2012,,3,,A,Normal value,1,One,0,Units
DATAFLOW,OECD.STI.PIE:DSD_PATENTS@DF_PATENTS_OECDSPECIFIC(1.0),Patents in OECD selected technologies,I,6F0,European Patent Office,A,Annual,AP,Patent applications,PATN,Patents,PRIORITY,Priority date,NOR,Norway,_Z,Not applicable,INVENTOR,Inventor,_Z,Not applicable,_Z,Not applicable,AI,Technologies related to artificial intelligence,2012,,3,,A,Normal value,1,One,0,Units
DATAFLOW,OECD.STI.PIE:DSD_PATENTS@DF_PATENTS_OECDSPECIFIC(1.0),Patents in OECD selected technologies,I,6F0,European Patent Office,A,Annual,AP,Patent applications,PATN,Patents,PRIORITY,Priority date,SAU,Saudi Arabia,_Z,Not applicable,INVENTOR,Inventor,_Z,Not applicable,_Z,Not applicable,AI,Technologies related to artificial intelligence,2014,,3,,A,Normal value,1,One,0,Units
DATAFLOW,OECD.STI.PIE:DSD_PATENTS@DF_PATENTS_OECDSPECIFIC(1.0),Patents in OECD selected technologies,I,6F0,European Patent Office,A,Annual,AP,Patent applications,PATN,Patents,PRIORITY,Priority date,NOR,Norway,_Z,Not applicable,INVENTOR,Inventor,_Z,Not applicable,_Z,Not applicable,AI,Technologies related to artificial intelligence,2014,,3,,A,Normal value,1,One,0,Units
DATAFLOW,OECD.STI.PIE:DSD_PATENTS@DF_PATENTS_OECDSPECIFIC(1.0),Patents in OECD selected technologies,I,6F0,European Patent Office,A,Annual,AP,Patent applications,PATN,Patents,PRIORITY,Priority date,HRV,Croatia,_Z,Not applicable,INVENTOR,Inventor,_Z,Not applicable,_Z,Not applicable,AI,Technologies related to artificial intelligence,2016,,3,,A,Normal value,1,One,0,Units
DATAFLOW,OECD.STI.PIE:DSD_PATENTS@DF_PATENTS_OECDSPECIFIC(1.0),Patents in OECD selected technologies,I,6F0,European Patent Office,A,Annual,AP,Patent applications,PATN,Patents,PRIORITY,Priority date,NZL,New Zealand,_Z,Not applicable,INVENTOR,Inventor,_Z,Not applicable,_Z,Not applicable,AI,Technologies related to artificial intelligence,2018,,3,,A,Normal value,1,One,0,Units
DATAFLOW,OECD.STI.PIE:DSD_PATENTS@DF_PATENTS_OECDSPECIFIC(1.0),Patents in OECD selected technologies,I,6F0,European Patent Office,A,Annual,AP,Patent applications,PATN,Patents,PRIORITY,Priority date,ZAF,South Africa,_Z,Not applicable,INVENTOR,Inventor,_Z,Not applicable,_Z,Not applicable,AI,Technologies related to artificial intelligence,2020,,3,,A,Normal value,1,One,0,Units
DATAFLOW,OECD.STI.PIE:DSD_PATENTS@DF_PATENTS_OECDSPECIFIC(1.0),Patents in OECD selected technologies,I,6F0,European Patent Office,A,Annual,AP,Patent applications,PATN,Patents,PRIORITY,Priority date,MCO,Monaco,_Z,Not applicable,INVENTOR,Inventor,_Z,Not applicable,_Z,Not applicable,AI,Technologies related to artificial intelligence,2020,,3,,A,Normal value,1,One,0,Units
DATAFLOW,OECD.STI.PIE:DSD_PATENTS@DF_PATENTS_OECDSPECIFIC(1.0),Patents in OECD selected technologies,I,6F0,European Patent Office,A,Annual,AP,Patent applications,PATN,Patents,PRIORITY,Priority date,ZAF,South Africa,_Z,Not applicable,INVENTOR,Inventor,_Z,Not applicable,_Z,Not applicable,AI,Technologies related to artificial intelligence,2022,,3,,A,Normal value,1,One,0,Units
DATAFLOW,OECD.STI.PIE:DSD_PATENTS@DF_PATENTS_OECDSPECIFIC(1.0),Patents in OECD selected technologies,I,6F0,European Patent Office,A,Annual,AP,Patent applications,PATN,Patents,PRIORITY,Priority date,MAR,Morocco,_Z,Not applicable,INVENTOR,Inventor,_Z,Not applicable,_Z,Not applicable,AI,Technologies related to artificial intelligence,2022,,3,,A,Normal value,1,One,0,Units
DATAFLOW,OECD.STI.PIE:DSD_PATENTS@DF_PATENTS_OECDSPECIFIC(1.0),Patents in OECD selected technologies,I,6F0,European Patent Office,A,Annual,AP,Patent applications,PATN,Patents,PRIORITY,Priority date,HKG,Hong Kong (China),_Z,Not applicable,INVENTOR,Inventor,_Z,Not applicable,_Z,Not applicable,AI,Technologies related to artificial intelligence,2010,,2,,A,Normal value,1,One,0,Units
DATAFLOW,OECD.STI.PIE:DSD_PATENTS@DF_PATENTS_OECDSPECIFIC(1.0),Patents in OECD selected technologies,I,6F0,European Patent Office,A,Annual,AP,Patent applications,PATN,Patents,PRIORITY,Priority date,DNK,Denmark,_Z,Not applicable,INVENTOR,Inventor,_Z,Not applicable,_Z,Not applicable,AI,Technologies related to artificial intelligence,2010,,2,,A,Normal value,1,One,0,Units
DATAFLOW,OECD.STI.PIE:DSD_PATENTS@DF_PATENTS_OECDSPECIFIC(1.0),Patents in OECD selected technologies,I,6F0,European Patent Office,A,Annual,AP,Patent applications,PATN,Patents,PRIORITY,Priority date,TWN,Chinese Taipei,_Z,Not applicable,INVENTOR,Inventor,_Z,Not applicable,_Z,Not applicable,AI,Technologies related to artificial intelligence,2010,,2,,A,Normal value,1,One,0,Units
DATAFLOW,OECD.STI.PIE:DSD_PATENTS@DF_PATENTS_OECDSPECIFIC(1.0),Patents in OECD selected technologies,I,6F0,European Patent Office,A,Annual,AP,Patent applications,PATN,Patents,PRIORITY,Priority date,TUR,Türkiye,_Z,Not applicable,INVENTOR,Inventor,_Z,Not applicable,_Z,Not applicable,AI,Technologies related to artificial intelligence,2011,,2,,A,Normal value,1,One,0,Units
DATAFLOW,OECD.STI.PIE:DSD_PATENTS@DF_PATENTS_OECDSPECIFIC(1.0),Patents in OECD selected technologies,I,6F0,European Patent Office,A,Annual,AP,Patent applications,PATN,Patents,PRIORITY,Priority date,SAU,Saudi Arabia,_Z,Not applicable,INVENTOR,Inventor,_Z,Not applicable,_Z,Not applicable,AI,Technologies related to artificial intelligence,2011,,2,,A,Normal value,1,One,0,Units
DATAFLOW,OECD.STI.PIE:DSD_PATENTS@DF_PATENTS_OECDSPECIFIC(1.0),Patents in OECD selected technologies,I,6F0,European Patent Office,A,Annual,AP,Patent applications,PATN,Patents,PRIORITY,Priority date,SAU,Saudi Arabia,_Z,Not applicable,INVENTOR,Inventor,_Z,Not applicable,_Z,Not applicable,AI,Technologies related to artificial intelligence,2012,,2,,A,Normal value,1,One,0,Units
DATAFLOW,OECD.STI.PIE:DSD_PATENTS@DF_PATENTS_OECDSPECIFIC(1.0),Patents in OECD selected technologies,I,6F0,European Patent Office,A,Annual,AP,Patent applications,PATN,Patents,PRIORITY,Priority date,POL,Poland,_Z,Not applicable,INVENTOR,Inventor,_Z,Not applicable,_Z,Not applicable,AI,Technologies related to artificial intelligence,2012,,2,,A,Normal value,1,One,0,Units
DATAFLOW,OECD.STI.PIE:DSD_PATENTS@DF_PATENTS_OECDSPECIFIC(1.0),Patents in OECD selected technologies,I,6F0,European Patent Office,A,Annual,AP,Patent applications,PATN,Patents,PRIORITY,Priority date,TUR,Türkiye,_Z,Not applicable,INVENTOR,Inventor,_Z,Not applicable,_Z,Not applicable,AI,Technologies related to artificial intelligence,2013,,2,,A,Normal value,1,One,0,Units
DATAFLOW,OECD.STI.PIE:DSD_PATENTS@DF_PATENTS_OECDSPECIFIC(1.0),Patents in OECD selected technologies,I,6F0,European Patent Office,A,Annual,AP,Patent applications,PATN,Patents,PRIORITY,Priority date,SAU,Saudi Arabia,_Z,Not applicable,INVENTOR,Inventor,_Z,Not applicable,_Z,Not applicable,AI,Technologies related to artificial intelligence,2013,,2,,A,Normal value,1,One,0,Units
DATAFLOW,OECD.STI.PIE:DSD_PATENTS@DF_PATENTS_OECDSPECIFIC(1.0),Patents in OECD selected technologies,I,6F0,European Patent Office,A,Annual,AP,Patent applications,PATN,Patents,PRIORITY,Priority date,CHL,Chile,_Z,Not applicable,INVENTOR,Inventor,_Z,Not applicable,_Z,Not applicable,AI,Technologies related to artificial intelligence,2015,,2,,A,Normal value,1,One,0,Units
DATAFLOW,OECD.STI.PIE:DSD_PATENTS@DF_PATENTS_OECDSPECIFIC(1.0),Patents in OECD selected technologies,I,6F0,European Patent Office,A,Annual,AP,Patent applications,PATN,Patents,PRIORITY,Priority date,SVK,Slovak Republic,_Z,Not applicable,INVENTOR,Inventor,_Z,Not applicable,_Z,Not applicable,AI,Technologies related to artificial intelligence,2016,,2,,A,Normal value,1,One,0,Units
DATAFLOW,OECD.STI.PIE:DSD_PATENTS@DF_PATENTS_OECDSPECIFIC(1.0),Patents in OECD selected technologies,I,6F0,European Patent Office,A,Annual,AP,Patent applications,PATN,Patents,PRIORITY,Priority date,PRT,Portugal,_Z,Not applicable,INVENTOR,Inventor,_Z,Not applicable,_Z,Not applicable,AI,Technologies related to artificial intelligence,2017,,2,,A,Normal value,1,One,0,Units
DATAFLOW,OECD.STI.PIE:DSD_PATENTS@DF_PATENTS_OECDSPECIFIC(1.0),Patents in OECD selected technologies,I,6F0,European Patent Office,A,Annual,AP,Patent applications,PATN,Patents,PRIORITY,Priority date,BGR,Bulgaria,_Z,Not applicable,INVENTOR,Inventor,_Z,Not applicable,_Z,Not applicable,AI,Technologies related to artificial intelligence,2019,,2,,A,Normal value,1,One,0,Units
DATAFLOW,OECD.STI.PIE:DSD_PATENTS@DF_PATENTS_OECDSPECIFIC(1.0),Patents in OECD selected technologies,I,6F0,European Patent Office,A,Annual,AP,Patent applications,PATN,Patents,PRIORITY,Priority date,LTU,Lithuania,_Z,Not applicable,INVENTOR,Inventor,_Z,Not applicable,_Z,Not applicable,AI,Technologies related to artificial intelligence,2019,,2,,A,Normal value,1,One,0,Units
DATAFLOW,OECD.STI.PIE:DSD_PATENTS@DF_PATENTS_OECDSPECIFIC(1.0),Patents in OECD selected technologies,I,6F0,European Patent Office,A,Annual,AP,Patent applications,PATN,Patents,PRIORITY,Priority date,HRV,Croatia,_Z,Not applicable,INVENTOR,Inventor,_Z,Not applicable,_Z,Not applicable,AI,Technologies related to artificial intelligence,2020,,2,,A,Normal value,1,One,0,Units
DATAFLOW,OECD.STI.PIE:DSD_PATENTS@DF_PATENTS_OECDSPECIFIC(1.0),Patents in OECD selected technologies,I,6F0,European Patent Office,A,Annual,AP,Patent applications,PATN,Patents,PRIORITY,Priority date,BLR,Belarus,_Z,Not applicable,INVENTOR,Inventor,_Z,Not applicable,_Z,Not applicable,AI,Technologies related to artificial intelligence,2020,,2,,A,Normal value,1,One,0,Units
DATAFLOW,OECD.STI.PIE:DSD_PATENTS@DF_PATENTS_OECDSPECIFIC(1.0),Patents in OECD selected technologies,I,6F0,European Patent Office,A,Annual,AP,Patent applications,PATN,Patents,PRIORITY,Priority date,LVA,Latvia,_Z,Not applicable,INVENTOR,Inventor,_Z,Not applicable,_Z,Not applicable,AI,Technologies related to artificial intelligence,2020,,2,,A,Normal value,1,One,0,Units
DATAFLOW,OECD.STI.PIE:DSD_PATENTS@DF_PATENTS_OECDSPECIFIC(1.0),Patents in OECD selected technologies,I,6F0,European Patent Office,A,Annual,AP,Patent applications,PATN,Patents,PRIORITY,Priority date,ISL,Iceland,_Z,Not applicable,INVENTOR,Inventor,_Z,Not applicable,_Z,Not applicable,AI,Technologies related to artificial intelligence,2021,,2,,A,Normal value,1,One,0,Units
DATAFLOW,OECD.STI.PIE:DSD_PATENTS@DF_PATENTS_OECDSPECIFIC(1.0),Patents in OECD selected technologies,I,6F0,European Patent Office,A,Annual,AP,Patent applications,PATN,Patents,PRIORITY,Priority date,SAU,Saudi Arabia,_Z,Not applicable,INVENTOR,Inventor,_Z,Not applicable,_Z,Not applicable,AI,Technologies related to artificial intelligence,2022,,2,,A,Normal value,1,One,0,Units
DATAFLOW,OECD.STI.PIE:DSD_PATENTS@DF_PATENTS_OECDSPECIFIC(1.0),Patents in OECD selected technologies,I,6F0,European Patent Office,A,Annual,AP,Patent applications,PATN,Patents,PRIORITY,Priority date,LTU,Lithuania,_Z,Not applicable,INVENTOR,Inventor,_Z,Not applicable,_Z,Not applicable,AI,Technologies related to artificial intelligence,2022,,2,,A,Normal value,1,One,0,Units
