Country Name,Country Code,Series Name,Series Code,2010 [YR2010],2011 [YR2011],2012 [YR2012],2013 [YR2013],2014 [YR2014],2015 [YR2015],2016 [YR2016],2017 [YR2017],2018 [YR2018],2019 [YR2019],2020 [YR2020],2021 [YR2021],2022 [YR2022]
Afghanistan,AFG,Control of Corruption - Governance estimate (approx. -2.5 to +2.5),GOV_WGI_CC.EST,-1.65416719999999,-1.5926582,-1.635471,-1.5860489,-1.5607981,-1.5195275,-1.56501159999999,-1.54351939999999,-1.5398439,-1.5013636,-1.40089,-1.22202489999999,-1.1719937
Afghanistan,AFG,Government Effectiveness - Governance estimate (approx. -2.5 to +2.5),GOV_WGI_GE.EST,-1.5857412,-1.6043337,-1.4997935,-1.50099379999999,-1.52460319999999,-1.4711716,-1.41773019999999,-1.4421872,-1.6312498,-1.65408049999999,-1.7167282,-1.7059035,-1.9646115
Afghanistan,AFG,Political Stability - Governance estimate (approx. -2.5 to +2.5),GOV_WGI_PV.EST,-2.53097419999999,-2.5512555,-2.5040196,-2.699732,-2.3186705,-2.48125299999999,-2.4834928,-2.61393089999999,-2.5824048,-2.5893714,-2.5896897,-2.4506389,-2.4492487
Afghanistan,AFG,Rule of Law - Governance estimate (approx. -2.5 to +2.5),GOV_WGI_RL.EST,-1.8493765,-1.92548149999999,-1.8835503,-1.70220409999999,-1.63760859999999,-1.6427748,-1.580107,-1.59509909999999,-1.66687379999999,-1.65715489999999,-1.65566449999999,-1.7202682,-1.8586889
Afghanistan,AFG,Voice and Accountability - Governance estimate (approx. -2.5 to +2.5),GOV_WGI_VA.EST,-1.3979576,-1.2883533,-1.2510408,-1.2481171,-1.2039387,-1.20990209999999,-1.2164992,-1.2397194,-1.1858104,-1.1404758,-1.081484,-1.42797209999999,-1.8416443
Afghanistan,AFG,Regulatory Quality - Governance estimate (approx. -2.5 to +2.5),GOV_WGI_RQ.EST,-1.4285697,-1.4373007,-1.2540947,-1.282454,-1.1832846,-1.06718849999999,-1.36089939999999,-1.4164481,-1.3029823,-1.2762178,-1.3026506,-1.40994469999999,-1.4229756
Albania,ALB,Control of Corruption - Governance estimate (approx. -2.5 to +2.5),GOV_WGI_CC.EST,-0.503922299999999,-0.6894267,-0.8226266,-0.815531999999999,-0.6758626,-0.5865235,-0.5061985,-0.5663593,-0.587108899999999,-0.5384935,-0.6594306,-0.60203,-0.500456
Albania,ALB,Government Effectiveness - Governance estimate (approx. -2.5 to +2.5),GOV_WGI_GE.EST,-0.2964483,-0.249067699999999,-0.3393566,-0.356418399999999,0.0801175,0.1835585,0.1974461,0.256049,0.2684643,0.0266494,0.0187103,0.1116368,0.1929668
Albania,ALB,Political Stability - Governance estimate (approx. -2.5 to +2.5),GOV_WGI_PV.EST,-0.1725061,-0.348045,-0.3697641,-0.1931708,0.2608816,0.1252711,0.1659701,0.1638298,0.1502032,0.00437499999999999,-0.0049854,0.0239536,0.0115425
Albania,ALB,Rule of Law - Governance estimate (approx. -2.5 to +2.5),GOV_WGI_RL.EST,-0.3178041,-0.299265399999999,-0.402225799999999,-0.4812225,-0.276422499999999,-0.2267931,-0.2061558,-0.2057486,-0.1743527,-0.291428099999999,-0.256738199999999,-0.2015586,-0.1309656
Albania,ALB,Voice and Accountability - Governance estimate (approx. -2.5 to +2.5),GOV_WGI_VA.EST,0.1270914,-0.0048785,-0.0572675,-0.0615944,0.0984136999999999,0.0763576,0.0737892,0.1067553,0.1354782,0.0967645999999999,0.0554688,-0.000404299999999999,0.024176
Albania,ALB,Regulatory Quality - Governance estimate (approx. -2.5 to +2.5),GOV_WGI_RQ.EST,0.1073455,0.053824,-0.0835796999999999,-0.0639441999999999,0.056535,0.0444083,0.0642829999999999,0.1105237,0.1139598,0.0917374,-0.0195592999999999,-0.0049463,0.0155769
Algeria,DZA,Control of Corruption - Governance estimate (approx. -2.5 to +2.5),GOV_WGI_CC.EST,-0.3918564,-0.4094732,-0.453743099999999,-0.4058013,-0.6220502,-0.6299526,-0.6412808,-0.5404682,-0.538513599999999,-0.620545999999999,-0.635634599999999,-0.6509952,-0.6430769
Algeria,DZA,Government Effectiveness - Governance estimate (approx. -2.5 to +2.5),GOV_WGI_GE.EST,-0.6027467,-0.722398099999999,-0.659519699999999,-0.5509556,-0.3152327,-0.3555636,-0.4244363,-0.5231578,-0.2892145,-0.315897,-0.2693237,-0.4641151,-0.2671351
Algeria,DZA,Political Stability - Governance estimate (approx. -2.5 to +2.5),GOV_WGI_PV.EST,-1.31766989999999,-1.43622689999999,-1.2861441,-1.3382043,-1.1769102,-1.049624,-1.12458449999999,-0.929504599999999,-0.6370211,-1.06252749999999,-0.883733299999999,-0.9009933,-0.8074555
Algeria,DZA,Rule of Law - Governance estimate (approx. -2.5 to +2.5),GOV_WGI_RL.EST,-0.7700849,-0.833268,-0.820280599999999,-0.7149392,-0.836116699999999,-0.8774318,-0.860594099999999,-0.8676221,-0.853582899999999,-0.845730299999999,-0.7746944,-0.7553319,-0.798385
Algeria,DZA,Voice and Accountability - Governance estimate (approx. -2.5 to +2.5),GOV_WGI_VA.EST,-0.8855445,-0.888241699999999,-0.838695,-0.8264644,-0.7248832,-0.725713899999999,-0.776438,-0.789930999999999,-0.8950813,-1.0557838,-1.067081,-1.0429601,-1.073884
Algeria,DZA,Regulatory Quality - Governance estimate (approx. -2.5 to +2.5),GOV_WGI_RQ.EST,-0.9696248,-1.13479399999999,-1.088001,-0.799061399999999,-1.0284052,-0.910741399999999,-0.9245888,-0.945913999999999,-1.0402376,-1.1291834,-1.08103289999999,-0.9720042,-0.8782506
American Samoa,ASM,Control of Corruption - Governance estimate (approx. -2.5 to +2.5),GOV_WGI_CC.EST,0.3958154,0.3934592,0.3885632,0.3889352,1.1646295,1.1685187,1.1716528,1.7934572,1.7972711,1.8025255,1.1797991,1.1772281,1.1763452
American Samoa,ASM,Government Effectiveness - Governance estimate (approx. -2.5 to +2.5),GOV_WGI_GE.EST,0.2368725,0.2355177,0.2358589,0.23624,0.767958,0.7651163,0.7661041,0.7664249,0.7681859,0.7699023,0.7650002,0.7679093,0.7674713
American Samoa,ASM,Political Stability - Governance estimate (approx. -2.5 to +2.5),GOV_WGI_PV.EST,0.9942908,0.9847551,0.9837485,0.9806728,1.2631079,1.2607488,1.2548748,1.2555945,1.2606571,1.2471192,1.2465402,1.2442687,1.2481785
American Samoa,ASM,Rule of Law - Governance estimate (approx. -2.5 to +2.5),GOV_WGI_RL.EST,1.0340099,1.0485488,1.0430097,1.0306287,1.3203479,1.3258622,1.3267711,1.3245468,1.32674,1.3724833,1.2020006,1.1954792,1.1914695
American Samoa,ASM,Voice and Accountability - Governance estimate (approx. -2.5 to +2.5),GOV_WGI_VA.EST,1.056728,1.0619652,1.0575993,1.0511693,1.0580907,1.0598446,1.0576599,1.0557605,..,1.3288373,0.9550312,0.941677,0.937291
American Samoa,ASM,Regulatory Quality - Governance estimate (approx. -2.5 to +2.5),GOV_WGI_RQ.EST,0.5759582,0.5770316,0.5653036,0.5635653,0.1453016,0.1563708,0.1589592,-0.0750966,-0.0739706,-0.0709177,0.3974735,0.3953827,0.3898105
Andorra,AND,Control of Corruption - Governance estimate (approx. -2.5 to +2.5),GOV_WGI_CC.EST,1.3318853,1.3295291,1.3246331,1.3250051,1.1646295,1.1685187,1.1716528,1.1694105,1.1732244,1.1784788,1.1797991,1.1772281,1.1763452
Andorra,AND,Government Effectiveness - Governance estimate (approx. -2.5 to +2.5),GOV_WGI_GE.EST,1.2694874,1.2681327,1.2684739,1.268855,1.8005729,1.7977313,1.7987191,1.7990398,1.8008008,1.8025173,1.7976151,1.8005243,1.1591046
Andorra,AND,Political Stability - Governance estimate (approx. -2.5 to +2.5),GOV_WGI_PV.EST,1.3332046,1.3258412,1.3250639,1.3226889,1.3308928,1.3290711,1.3245352,1.3250909,1.3290002,1.5488694,1.5484064,1.5465903,1.5497163
Andorra,AND,Rule of Law - Governance estimate (approx. -2.5 to +2.5),GOV_WGI_RL.EST,1.305241,1.4604527,1.4572645,1.4501381,1.6005796,1.6037535,1.6042767,1.6029964,1.6178208,1.6176246,1.6193172,1.61332,1.4108315
Andorra,AND,Voice and Accountability - Governance estimate (approx. -2.5 to +2.5),GOV_WGI_VA.EST,1.4568311,1.4590846,1.5094509,1.5070081,1.3785606,1.3792269,1.3368503,1.3522661,0.9863455,1.0039275,0.9786021,0.8695156,0.9489464
Andorra,AND,Regulatory Quality - Governance estimate (approx. -2.5 to +2.5),GOV_WGI_RQ.EST,1.6415342,1.8202037,1.8084758,1.8067375,1.0924802,1.1035494,1.1061377,1.3456712,1.3467972,1.3498501,1.1078572,1.1057664,1.1001942
Angola,AGO,Control of Corruption - Governance estimate (approx. -2.5 to +2.5),GOV_WGI_CC.EST,-1.32703029999999,-1.3687643,-1.4394482,-1.46090079999999,-1.48643939999999,-1.4857649,-1.4881942,-1.4208093,-1.18178199999999,-0.9647988,-0.891832299999999,-0.6416506,-0.6031537
Angola,AGO,Government Effectiveness - Governance estimate (approx. -2.5 to +2.5),GOV_WGI_GE.EST,-0.9515013,-1.0097747,-1.0191994,-1.0286328,-0.940011399999999,-0.937823699999999,-0.9493847,-0.968115699999999,-0.9784602,-0.911696499999999,-1.0163604,-0.9347008,-0.8325718
Angola,AGO,Political Stability - Governance estimate (approx. -2.5 to +2.5),GOV_WGI_PV.EST,-0.2720682,-0.494662599999999,-0.4414594,-0.6100776,-0.5090269,-0.5591026,-0.434627999999999,-0.537214499999999,-0.4058117,-0.420703899999999,-0.6427634,-0.7936068,-0.5414068
Angola,AGO,Rule of Law - Governance estimate (approx. -2.5 to +2.5),GOV_WGI_RL.EST,-1.23819369999999,-1.3083456,-1.34388359999999,-1.3625741,-1.3052002,-1.3086297,-1.3287764,-1.3317055,-1.11055219999999,-1.0519682,-0.9475038,-1.0980135,-1.1625439
Angola,AGO,Voice and Accountability - Governance estimate (approx. -2.5 to +2.5),GOV_WGI_VA.EST,-1.1285907,-1.108214,-1.0591925,-1.0947921,-1.1303739,-1.1542998,-1.19498,-1.131561,-1.005668,-0.9382176,-0.937689799999999,-0.998508499999999,-1.0480912
Angola,AGO,Regulatory Quality - Governance estimate (approx. -2.5 to +2.5),GOV_WGI_RQ.EST,-1.08506299999999,-1.1090351,-1.0374151,-1.0979742,-1.02714519999999,-1.0904945,-1.18042349999999,-1.17998849999999,-1.06243929999999,-0.9960854,-1.0388818,-0.8486184,-0.8618821
Anguilla,AIA,Control of Corruption - Governance estimate (approx. -2.5 to +2.5),GOV_WGI_CC.EST,1.3318853,1.3295291,1.3246331,1.3250051,1.1646295,1.1685187,1.1716528,1.1694105,1.1732244,1.1784788,0.5557528,0.5531818,1.1763452
Anguilla,AIA,Government Effectiveness - Governance estimate (approx. -2.5 to +2.5),GOV_WGI_GE.EST,1.7857949,1.7844401,1.7847814,1.7851624,1.4563681,1.4535264,1.4545142,0.7664249,0.7681859,0.7699023,0.7650002,0.7679093,1.1116761
Anguilla,AIA,Political Stability - Governance estimate (approx. -2.5 to +2.5),GOV_WGI_PV.EST,1.5491647,1.5428413,1.5421738,1.5401343,1.2267455,1.2251811,1.221286,1.2217632,1.2251203,1.2261279,1.3857911,1.3836197,1.3873573
Anguilla,AIA,Rule of Law - Governance estimate (approx. -2.5 to +2.5),GOV_WGI_RL.EST,1.2891313,1.3036701,1.2981311,1.28575,-0.0402989,-0.0347847,-0.0338758,-0.0361000999999999,-0.0339069,0.4193614,0.4217835,0.4132015,0.4079249
Anguilla,AIA,Voice and Accountability - Governance estimate (approx. -2.5 to +2.5),GOV_WGI_VA.EST,1.056728,1.0619652,1.0575993,1.0511693,1.0580907,1.0598446,1.0576599,1.0557605,..,..,..,..,..
Anguilla,AIA,Regulatory Quality - Governance estimate (approx. -2.5 to +2.5),GOV_WGI_RQ.EST,1.4639385,1.4650118,1.4532839,1.4515456,0.6188909,0.6299601,0.8693433,0.8720819,0.8732079,0.8762608,0.8710628,0.868972,0.8633998
Antigua and Barbuda,ATG,Control of Corruption - Governance estimate (approx. -2.5 to +2.5),GOV_WGI_CC.EST,1.3318853,1.3295291,1.3246331,1.3250051,0.5405831,0.6366369,0.6379406,0.1957295,0.2262187,0.2193663,0.2199155,0.181489,0.2369304
Antigua and Barbuda,ATG,Government Effectiveness - Governance estimate (approx. -2.5 to +2.5),GOV_WGI_GE.EST,0.7531799,0.7518252,0.7521664,0.7525475,0.0795478999999999,0.4209115,0.4218993,-0.2661901,-0.2644291,-0.262712599999999,-0.6118196,-0.6089105,-0.0927924
Antigua and Barbuda,ATG,Political Stability - Governance estimate (approx. -2.5 to +2.5),GOV_WGI_PV.EST,0.9357643,0.9304755,0.9299172,0.9282114,0.93921,0.9161633,0.7403626,0.614623,0.7900001,0.9169085,0.9164728,0.9147636,1.0787211
Antigua and Barbuda,ATG,Rule of Law - Governance estimate (approx. -2.5 to +2.5),GOV_WGI_RL.EST,1.0247303,1.0330986,1.0299104,1.0227841,0.5532204,0.9093919,0.9071149,0.65568,0.581689,0.5895105,0.5899858,0.5666971,0.6200291
Antigua and Barbuda,ATG,Voice and Accountability - Governance estimate (approx. -2.5 to +2.5),GOV_WGI_VA.EST,0.6468387,0.6490922,0.6980354,0.6907511,0.6982468,0.5959673,0.612667,0.5341477,0.5037134,0.5090714,0.5086709,0.5304723,0.5083016
Antigua and Barbuda,ATG,Regulatory Quality - Governance estimate (approx. -2.5 to +2.5),GOV_WGI_RQ.EST,0.5759582,0.5770316,0.5653036,0.5635653,0.3820965,0.2063206,0.2076412,0.218442,0.484595,0.5787682,0.576116,0.5644068,0.4644715
Argentina,ARG,Control of Corruption - Governance estimate (approx. -2.5 to +2.5),GOV_WGI_CC.EST,-0.3672971,-0.3396354,-0.5168142,-0.517294,-0.6660539,-0.645135999999999,-0.2193628,-0.178141599999999,-0.0057354,-0.0847054,-0.1344697,-0.3273298,-0.3402325
Argentina,ARG,Government Effectiveness - Governance estimate (approx. -2.5 to +2.5),GOV_WGI_GE.EST,0.00723629999999999,0.0717304,0.0013935,-0.0162574999999999,0.1781782,0.1187015,0.3427634,0.2956525,0.257748,0.2629574,0.148927,0.1125651,0.1085858
Argentina,ARG,Political Stability - Governance estimate (approx. -2.5 to +2.5),GOV_WGI_PV.EST,-0.0975562,0.1203533,0.0804879,0.0324742,-0.0132091,-0.0308863,0.1932708,0.2394066,0.1204378,0.0571577,0.0552501,0.0921998,0.0576438
Argentina,ARG,Rule of Law - Governance estimate (approx. -2.5 to +2.5),GOV_WGI_RL.EST,-0.5170484,-0.4685103,-0.5151067,-0.5758327,-0.7299737,-0.467320499999999,-0.2365898,-0.172504599999999,-0.2022099,-0.338125599999999,-0.290549699999999,-0.303899,-0.2913485
Argentina,ARG,Voice and Accountability - Governance estimate (approx. -2.5 to +2.5),GOV_WGI_VA.EST,0.4439987,0.3421553,0.3112012,0.2479511,0.3052787,0.3678175,0.4495506,0.5819915,0.6297742,0.5979723,0.5903064,0.5235454,0.4969087
Argentina,ARG,Regulatory Quality - Governance estimate (approx. -2.5 to +2.5),GOV_WGI_RQ.EST,-0.7577834,-0.7069559,-0.841032599999999,-0.835456,-1.012746,-0.7973254,-0.2527044,-0.1203619,-0.190133499999999,-0.449108299999999,-0.5471843,-0.584024299999999,-0.5792423
Armenia,ARM,Control of Corruption - Governance estimate (approx. -2.5 to +2.5),GOV_WGI_CC.EST,-0.671372099999999,-0.677393,-0.6183619,-0.5341199,-0.6390245,-0.6231951,-0.580676299999999,-0.5641041,-0.1642391,-0.0523489,0.1056079,0.0558398,0.0574942
Armenia,ARM,Government Effectiveness - Governance estimate (approx. -2.5 to +2.5),GOV_WGI_GE.EST,-0.1432718,-0.0113660999999999,0.0313392,0.0697532,-0.132629399999999,-0.1424065,-0.1056077,-0.010591,-0.173061599999999,-0.2531827,-0.3375702,-0.3553578,-0.3306901
Armenia,ARM,Political Stability - Governance estimate (approx. -2.5 to +2.5),GOV_WGI_PV.EST,0.0171223,-0.142543,0.0562514,-0.0281785,-0.2358315,-0.139264399999999,-0.3896011,-0.3015882,-0.00389009999999999,0.0683699,-0.2935835,-0.5019,-0.3556235
Armenia,ARM,Rule of Law - Governance estimate (approx. -2.5 to +2.5),GOV_WGI_RL.EST,-0.4412636,-0.3869668,-0.357317599999999,-0.3019861,-0.414507299999999,-0.396324299999999,-0.3080558,-0.3193061,-0.218660599999999,-0.247987899999999,-0.0751786,-0.1028405,-0.2386468
Armenia,ARM,Voice and Accountability - Governance estimate (approx. -2.5 to +2.5),GOV_WGI_VA.EST,-0.727251299999999,-0.5426552,-0.4296658,-0.4439759,-0.3735727,-0.3535547,-0.3894293,-0.3415409,0.2320021,0.2006866,0.2108734,0.1047104,0.0567692
Armenia,ARM,Regulatory Quality - Governance estimate (approx. -2.5 to +2.5),GOV_WGI_RQ.EST,0.3844424,0.3710118,0.4081354,0.3441588,0.1234003,0.2129025,0.2424884,0.2658499,0.2852478,0.2583707,0.2080999,0.1972098,0.0783259999999999
Aruba,ABW,Control of Corruption - Governance estimate (approx. -2.5 to +2.5),GOV_WGI_CC.EST,1.0319006,1.0309026,1.0288289,1.0289865,0.8949794,1.1609441,1.1622716,1.1613218,1.1629372,1.1651628,1.165722,0.8692192,0.8688452
Aruba,ABW,Government Effectiveness - Governance estimate (approx. -2.5 to +2.5),GOV_WGI_GE.EST,1.0023954,1.0015699,1.0017778,1.00201,0.6967705,0.6950388,0.6956408,0.6958363,0.9066629,0.9077089,0.9047216,0.9064944,1.0084741
Aruba,ABW,Political Stability - Governance estimate (approx. -2.5 to +2.5),GOV_WGI_PV.EST,1.2560673,1.251139,1.3159088,1.3143193,1.2105482,1.209329,1.2062931,1.2066651,1.3341522,1.3349374,1.3345061,1.3328137,1.3357267
Aruba,ABW,Rule of Law - Governance estimate (approx. -2.5 to +2.5),GOV_WGI_RL.EST,1.4158901,1.3475874,1.3458678,1.3420243,1.0095673,1.2928771,1.2931593,1.2924687,1.2931496,1.2930625,1.2938144,1.2183341,1.2205245
Aruba,ABW,Voice and Accountability - Governance estimate (approx. -2.5 to +2.5),GOV_WGI_VA.EST,1.3885304,1.3908076,1.3889093,1.3861136,1.3891229,1.3898855,1.3889356,1.3881098,1.4179056,1.4172559,1.4163396,0.9629543,0.9608656
Aruba,ABW,Regulatory Quality - Governance estimate (approx. -2.5 to +2.5),GOV_WGI_RQ.EST,1.4684441,1.4689355,1.4635658,1.4627699,1.2441605,1.3576467,1.3588318,1.2660605,0.9845005,0.9858983,0.9835183,0.9825611,0.9800098
Australia,AUS,Control of Corruption - Governance estimate (approx. -2.5 to +2.5),GOV_WGI_CC.EST,1.9936736,1.9689203,1.9635732,1.7300796,1.8631086,1.8544442,1.7943998,1.7942938,1.7686469,1.7864413,1.6038237,1.6770561,1.7288156
Australia,AUS,Government Effectiveness - Governance estimate (approx. -2.5 to +2.5),GOV_WGI_GE.EST,1.7130228,1.7037267,1.7045531,1.6221252,1.7947484,1.6762148,1.6248454,1.6442984,1.7247815,1.6666492,1.6054566,1.7024874,1.7675146
Australia,AUS,Political Stability - Governance estimate (approx. -2.5 to +2.5),GOV_WGI_PV.EST,1.0028093,0.9549761,0.9876022,0.9563371,1.0196126,0.8032474,0.9540785,0.7831479,0.8840942,0.8454141,0.8859397,0.8536507,0.9015353
Australia,AUS,Rule of Law - Governance estimate (approx. -2.5 to +2.5),GOV_WGI_RL.EST,1.5972921,1.575215,1.6348948,1.6356769,1.7323447,1.7177851,1.7288287,1.6237004,1.6358922,1.6342612,1.5521387,1.5701838,1.471946
Australia,AUS,Voice and Accountability - Governance estimate (approx. -2.5 to +2.5),GOV_WGI_VA.EST,1.6357193,1.6451967,1.707013,1.543246,1.5339542,1.5545445,1.5880705,1.6211893,1.5700131,1.4944488,1.4705869,1.4353311,1.4808101
Australia,AUS,Regulatory Quality - Governance estimate (approx. -2.5 to +2.5),GOV_WGI_RQ.EST,1.6844562,1.8396635,1.9300031,1.8805423,1.7469317,1.7397648,1.8140649,1.8256736,1.828177,1.8466041,1.7684279,1.7860103,1.8002733
Austria,AUT,Control of Corruption - Governance estimate (approx. -2.5 to +2.5),GOV_WGI_CC.EST,1.6674975,1.5778123,1.3720899,1.4466859,1.4211309,1.4914799,1.5179793,1.5672466,1.6348091,1.607711,1.6059221,1.3601171,1.3678343
Austria,AUT,Government Effectiveness - Governance estimate (approx. -2.5 to +2.5),GOV_WGI_GE.EST,1.7509901,1.5645026,1.5204181,1.5738779,1.6929112,1.6009157,1.658232,1.6138342,1.6043579,1.7527565,1.9079985,1.8163061,1.7373291
Austria,AUT,Political Stability - Governance estimate (approx. -2.5 to +2.5),GOV_WGI_PV.EST,1.2601717,1.2207577,1.3019271,1.287147,1.3377971,1.1389655,0.8951862,0.9266955,0.8440814,0.7878108,0.8186312,0.7543747,0.6005165
Austria,AUT,Rule of Law - Governance estimate (approx. -2.5 to +2.5),GOV_WGI_RL.EST,1.7638238,1.6684956,1.7025891,1.7373053,1.7758935,1.7816313,1.7942461,1.7738843,1.7989463,1.8098146,1.7481079,1.7167011,1.6419642
Austria,AUT,Voice and Accountability - Governance estimate (approx. -2.5 to +2.5),GOV_WGI_VA.EST,1.6082815,1.5482262,1.5522565,1.5862519,1.5285745,1.5465377,1.5055302,1.4702463,1.4643983,1.4551242,1.5300268,1.4910037,1.4754309
Austria,AUT,Regulatory Quality - Governance estimate (approx. -2.5 to +2.5),GOV_WGI_RQ.EST,1.6301795,1.5512902,1.5292054,1.4173873,1.3187394,1.2822536,1.3915836,1.4202869,1.530712,1.5588698,1.4737069,1.4481822,1.4011869
Azerbaijan,AZE,Control of Corruption - Governance estimate (approx. -2.5 to +2.5),GOV_WGI_CC.EST,-1.2337448,-1.1630943,-1.1735441,-1.0027032,-1.1217641,-0.9367808,-0.752306599999999,-0.8585937,-0.9065044,-0.7550887,-0.7598072,-0.775813299999999,-0.8302212
Azerbaijan,AZE,Government Effectiveness - Governance estimate (approx. -2.5 to +2.5),GOV_WGI_GE.EST,-0.8597442,-0.795864399999999,-0.8083243,-0.6064243,-0.4254637,-0.353725199999999,-0.1263081,-0.135534799999999,-0.1558709,-0.0555998,-0.0570332999999999,-0.0569922999999999,-0.0543532
Azerbaijan,AZE,Political Stability - Governance estimate (approx. -2.5 to +2.5),GOV_WGI_PV.EST,-0.3145012,-0.6570897,-0.683856599999999,-0.483763999999999,-0.433564,-0.4941808,-0.5043466,-0.455635299999999,-0.3567438,-0.3373117,-0.5087721,-0.4888287,-0.542048099999999
Azerbaijan,AZE,Rule of Law - Governance estimate (approx. -2.5 to +2.5),GOV_WGI_RL.EST,-0.7874494,-0.760613499999999,-0.7516124,-0.6655226,-0.6478778,-0.7053728,-0.6732404,-0.7127751,-0.6533544,-0.6725504,-0.6182094,-0.608585199999999,-0.5484749
Azerbaijan,AZE,Voice and Accountability - Governance estimate (approx. -2.5 to +2.5),GOV_WGI_VA.EST,-1.0195147,-1.026788,-1.0260348,-1.1753685,-1.1592198,-1.18726549999999,-1.2208691,-1.23463909999999,-1.2691213,-1.45978869999999,-1.4537297,-1.433342,-1.4304325
Azerbaijan,AZE,Regulatory Quality - Governance estimate (approx. -2.5 to +2.5),GOV_WGI_RQ.EST,-0.4634625,-0.4419223,-0.489390799999999,-0.389969499999999,-0.2770165,-0.261817099999999,-0.216678799999999,-0.185369999999999,-0.2005079,-0.1045151,-0.1055885,-0.0594814,-0.0606320999999999
"Bahamas, The",BHS,Control of Corruption - Governance estimate (approx. -2.5 to +2.5),GOV_WGI_CC.EST,1.4842,1.483393,1.4817162,1.4818436,1.3095259,1.0887958,1.0895206,1.0769219,1.1027809,1.2125503,1.2128533,1.2282597,1.2330855
"Bahamas, The",BHS,Government Effectiveness - Governance estimate (approx. -2.5 to +2.5),GOV_WGI_GE.EST,0.9780496,0.977426,0.9775831,0.9777585,0.7471619,0.7458537,0.7463085,0.7464561,0.7472668,0.748057,0.5873396,0.5886789,0.7093344
"Bahamas, The",BHS,Political Stability - Governance estimate (approx. -2.5 to +2.5),GOV_WGI_PV.EST,0.9175646,0.9777309,0.9992333,0.9869744,0.8227482,0.7437356,0.7974457,0.8186672,0.7130765,0.6927555,0.7133519,0.7434332,0.8592816
"Bahamas, The",BHS,Rule of Law - Governance estimate (approx. -2.5 to +2.5),GOV_WGI_RL.EST,0.8743035,0.7880709,0.6533056,0.6510804,0.4786558,0.4869107,0.4454825,0.3770041,0.381433,0.376965,0.3141962,0.3484926,0.272063
"Bahamas, The",BHS,Voice and Accountability - Governance estimate (approx. -2.5 to +2.5),GOV_WGI_VA.EST,0.9652284,0.9349375,0.9363269,0.9324918,0.9374454,0.6214276,0.5087193,0.5292198,0.5155607,0.6241479,0.6238987,0.6714212,0.608717
"Bahamas, The",BHS,Regulatory Quality - Governance estimate (approx. -2.5 to +2.5),GOV_WGI_RQ.EST,0.6386137,0.5800603,0.5761701,0.4393561,0.3567767,0.1858547,0.2183789,0.0716726,0.1415783,-0.00398039999999999,-0.0114288999999999,-0.020375,-0.0671185
Bahrain,BHR,Control of Corruption - Governance estimate (approx. -2.5 to +2.5),GOV_WGI_CC.EST,0.15202,0.1964302,0.1663109,0.197016,-0.0204446,0.0385922,-0.0877355,-0.143222,-0.140961,-0.0835445,-0.0925165999999999,0.210097,0.144834
Bahrain,BHR,Government Effectiveness - Governance estimate (approx. -2.5 to +2.5),GOV_WGI_GE.EST,0.3995029,0.4333329,0.3354941,0.3589139,0.4256973,0.44791,0.4226535,0.4227562,0.4181683,0.4361988,0.4205912,0.7183116,0.7297568
Bahrain,BHR,Political Stability - Governance estimate (approx. -2.5 to +2.5),GOV_WGI_PV.EST,-0.7371495,-1.1775267,-1.0354447,-1.2920542,-1.0441426,-0.9584379,-0.909807199999999,-1.0066263,-0.8677102,-0.603362,-0.5964745,-0.5041164,-0.482549599999999
Bahrain,BHR,Rule of Law - Governance estimate (approx. -2.5 to +2.5),GOV_WGI_RL.EST,0.1010185,-0.0253953,-0.1376475,-0.123284899999999,-0.1310885,0.0118928,-0.0230253,-0.0275196999999999,-0.0572436999999999,0.0073826,-0.110376599999999,0.0190676,0.0328686
Bahrain,BHR,Voice and Accountability - Governance estimate (approx. -2.5 to +2.5),GOV_WGI_VA.EST,-0.826753899999999,-1.1267284,-1.16779569999999,-1.2165799,-1.1899239,-1.0813101,-1.178604,-1.19495709999999,-1.28231949999999,-1.2689416,-1.26990729999999,-1.31637239999999,-1.31704889999999
Bahrain,BHR,Regulatory Quality - Governance estimate (approx. -2.5 to +2.5),GOV_WGI_RQ.EST,0.8816129,0.9001858,0.8032498,0.819964,0.6266024,0.7369814,0.5338814,0.4961675,0.4964201,0.5202512,0.5553824,0.7964885,0.8697953
Bangladesh,BGD,Control of Corruption - Governance estimate (approx. -2.5 to +2.5),GOV_WGI_CC.EST,-1.0218466,-1.0523775,-1.12133289999999,-1.1326018,-1.1845563,-1.0798121,-1.0667924,-1.062185,-1.0964787,-1.1006451,-1.07605779999999,-1.0928915,-1.17834859999999
Bangladesh,BGD,Government Effectiveness - Governance estimate (approx. -2.5 to +2.5),GOV_WGI_GE.EST,-0.807076799999999,-0.8372577,-0.7988014,-0.773905699999999,-0.6851605,-0.6547007,-0.5337691,-0.573203,-0.6193938,-0.5970582,-0.7213698,-0.563899399999999,-0.62345
Bangladesh,BGD,Political Stability - Governance estimate (approx. -2.5 to +2.5),GOV_WGI_PV.EST,-1.4437712,-1.4544464,-1.4690337,-1.771799,-1.0510112,-1.331635,-1.3416192,-1.3289506,-1.02517179999999,-0.996755,-1.01518479999999,-1.0535518,-1.0954422
Bangladesh,BGD,Rule of Law - Governance estimate (approx. -2.5 to +2.5),GOV_WGI_RL.EST,-0.8477644,-0.6998395,-0.9887756,-0.9749211,-0.851857499999999,-0.856926099999999,-0.9068902,-0.924304999999999,-0.9096266,-0.9419472,-0.8969166,-0.974914899999999,-0.973641299999999
Bangladesh,BGD,Voice and Accountability - Governance estimate (approx. -2.5 to +2.5),GOV_WGI_VA.EST,-0.3150938,-0.4084443,-0.612621099999999,-0.704802199999999,-0.788675999999999,-0.8770251,-0.933366799999999,-0.9168972,-0.962351699999999,-0.989835399999999,-1.0048373,-1.05678039999999,-1.07223619999999
Bangladesh,BGD,Regulatory Quality - Governance estimate (approx. -2.5 to +2.5),GOV_WGI_RQ.EST,-0.8368896,-0.8270946,-0.978781999999999,-0.9494963,-0.8964974,-0.776809499999999,-0.7592301,-0.7430899,-0.7854912,-0.8895369,-0.8942304,-0.871176499999999,-0.9240476
Barbados,BRB,Control of Corruption - Governance estimate (approx. -2.5 to +2.5),GOV_WGI_CC.EST,1.3402327,1.514105,1.4452466,1.422247,0.9707469,1.207238,1.1460171,1.1097987,1.1350977,1.1451261,1.1695313,1.1946829,1.1926841
Barbados,BRB,Government Effectiveness - Governance estimate (approx. -2.5 to +2.5),GOV_WGI_GE.EST,1.2232303,1.2759677,1.2905412,1.2093535,1.164952,1.1636099,0.9780647,0.9782162,0.9790479,0.7790151,0.6105647,0.6625554,0.7073038
Barbados,BRB,Political Stability - Governance estimate (approx. -2.5 to +2.5),GOV_WGI_PV.EST,1.1818697,1.173978,1.2347483,1.216274,1.3382083,1.1290517,0.839715,0.8399905,0.8002803,0.9758945,1.0680614,1.0845669,1.2066625
Barbados,BRB,Rule of Law - Governance estimate (approx. -2.5 to +2.5),GOV_WGI_RL.EST,1.1937698,1.2130279,1.1685047,1.1305025,1.0585348,1.0869039,1.0487063,0.9602192,0.8225751,0.7845979,0.7048546,0.7010659,0.7169373
Barbados,BRB,Voice and Accountability - Governance estimate (approx. -2.5 to +2.5),GOV_WGI_VA.EST,1.1997637,1.1889203,1.1635494,1.1449136,1.1254913,0.9763248,0.963913,0.9132342,0.9455467,0.918711,0.9404741,0.9713716,0.9892759
Barbados,BRB,Regulatory Quality - Governance estimate (approx. -2.5 to +2.5),GOV_WGI_RQ.EST,0.6270269,0.7575873,0.6839117,0.6885383,0.364218,0.5798223,0.539714,0.449052,0.4221577,0.3609854,0.401461,0.4761062,0.4039531
Belarus,BLR,Control of Corruption - Governance estimate (approx. -2.5 to +2.5),GOV_WGI_CC.EST,-0.5605517,-0.459480599999999,-0.3105829,-0.2788276,-0.1522547,-0.2405698,-0.1462308,-0.1120128,-0.1272022,0.0170374,-0.1014181,-0.2062736,-0.415013199999999
Belarus,BLR,Government Effectiveness - Governance estimate (approx. -2.5 to +2.5),GOV_WGI_GE.EST,-1.0551971,-1.0673804,-1.0741204,-1.0027888,-0.4791856,-0.334119699999999,-0.3286362,-0.201457,-0.229958,-0.2387162,-0.6167824,-0.6825409,-0.5969261
Belarus,BLR,Political Stability - Governance estimate (approx. -2.5 to +2.5),GOV_WGI_PV.EST,-0.0852672,-0.0818477,0.00362419999999999,0.0177012,0.1349975,0.1165415,0.2027723,0.0265511,0.2676565,0.4258145,-0.818298499999999,-0.616372399999999,-0.6168791
Belarus,BLR,Rule of Law - Governance estimate (approx. -2.5 to +2.5),GOV_WGI_RL.EST,-0.956997099999999,-0.997853299999999,-0.7380981,-0.8222853,-0.7472243,-0.731698899999999,-0.7123954,-0.759944699999999,-0.733064199999999,-0.794237099999999,-0.8602112,-1.0672559,-1.1591441
Belarus,BLR,Voice and Accountability - Governance estimate (approx. -2.5 to +2.5),GOV_WGI_VA.EST,-1.2410381,-1.2790985,-1.235427,-1.273777,-1.18783519999999,-1.19594929999999,-1.1130495,-1.17853079999999,-1.10105529999999,-1.2640856,-1.3757237,-1.55548589999999,-1.64264869999999
Belarus,BLR,Regulatory Quality - Governance estimate (approx. -2.5 to +2.5),GOV_WGI_RQ.EST,-1.1710193,-1.3322808,-1.0299101,-1.0356233,-0.8946824,-1.0025727,-0.914265099999999,-0.8816836,-0.7883245,-0.5076275,-0.6830906,-0.7942597,-1.0760793
Belgium,BEL,Control of Corruption - Governance estimate (approx. -2.5 to +2.5),GOV_WGI_CC.EST,1.4956315,1.5664836,1.4862037,1.5003188,1.5150458,1.5244457,1.5450402,1.4425342,1.4543603,1.4973857,1.5662608,1.5502151,1.5774306
Belgium,BEL,Government Effectiveness - Governance estimate (approx. -2.5 to +2.5),GOV_WGI_GE.EST,1.659156,1.7960063,1.8013661,1.8156516,1.5482903,1.5255063,1.3520474,1.1503596,1.2308189,1.1205719,1.1695968,1.2282716,1.3103839
Belgium,BEL,Political Stability - Governance estimate (approx. -2.5 to +2.5),GOV_WGI_PV.EST,0.9164492,0.9302398,0.9449853,0.9488863,0.786586,0.6581707,0.4864269,0.3647602,0.4247021,0.3774033,0.3686413,0.461917,0.2465264
Belgium,BEL,Rule of Law - Governance estimate (approx. -2.5 to +2.5),GOV_WGI_RL.EST,1.2316759,1.2689293,1.313828,1.3339446,1.3600975,1.4251797,1.4372251,1.377531,1.4207604,1.4493311,1.4533249,1.4052126,1.3398087
Belgium,BEL,Voice and Accountability - Governance estimate (approx. -2.5 to +2.5),GOV_WGI_VA.EST,1.5232196,1.4154858,1.4318518,1.4682398,1.4666488,1.5225951,1.5164105,1.4607612,1.4858461,1.4474148,1.5200949,1.541916,1.5409176
Belgium,BEL,Regulatory Quality - Governance estimate (approx. -2.5 to +2.5),GOV_WGI_RQ.EST,1.1312828,1.0640569,1.1007296,1.1209955,0.9346005,1.1764063,1.3239138,1.2707575,1.2683788,1.2890183,1.3238216,1.3954035,1.4079657
Belize,BLZ,Control of Corruption - Governance estimate (approx. -2.5 to +2.5),GOV_WGI_CC.EST,0.1822509,-0.0679632999999999,-0.0752991,-0.0751853,-0.287196399999999,-0.2669244,-0.1234777,-0.1991297,-0.1082321,-0.075652,-0.0753264999999999,-0.0899104999999999,-0.0459141999999999
Belize,BLZ,Government Effectiveness - Governance estimate (approx. -2.5 to +2.5),GOV_WGI_GE.EST,-0.276714199999999,-0.2683306,-0.268194,-0.2680415,-0.436971699999999,-0.3941298,-0.412649999999999,-0.4124914,-0.3950567,-0.3772395,-0.3797712,-0.378268799999999,-0.141304899999999
Belize,BLZ,Political Stability - Governance estimate (approx. -2.5 to +2.5),GOV_WGI_PV.EST,0.0218801,0.0910169,0.0905854,0.0892671,0.032488,0.0315234,0.02715,0.0274572,0.0296183,0.1334022,0.6026689,0.3568757,0.7353533
Belize,BLZ,Rule of Law - Governance estimate (approx. -2.5 to +2.5),GOV_WGI_RL.EST,-0.0901010999999999,-0.307469899999999,-0.330874499999999,-0.3329908,-0.638328,-0.613802499999999,-0.583099199999999,-0.5418511,-0.5907692,-0.5612969,-0.5207908,-0.527655099999999,-0.4371369
Belize,BLZ,Voice and Accountability - Governance estimate (approx. -2.5 to +2.5),GOV_WGI_VA.EST,0.691136,0.7131289,0.7135194,0.7334776,0.3191867,0.229675,0.2287226,0.2557342,0.0799134,0.0770993,0.0837771,0.0776529,0.1097777
Belize,BLZ,Regulatory Quality - Governance estimate (approx. -2.5 to +2.5),GOV_WGI_RQ.EST,-0.1986764,-0.2862027,-0.3279258,-0.328449799999999,-0.5535223,-0.5037448,-0.4649404,-0.5395473,-0.663063499999999,-0.574924099999999,-0.5762528,-0.6067267,-0.617476
Benin,BEN,Control of Corruption - Governance estimate (approx. -2.5 to +2.5),GOV_WGI_CC.EST,-0.4991988,-0.4955475,-0.677392,-0.573860199999999,-0.6075837,-0.5072447,-0.433568399999999,-0.402134,-0.292142199999999,-0.2398967,-0.0352655,-0.1642663,-0.1108108
Benin,BEN,Government Effectiveness - Governance estimate (approx. -2.5 to +2.5),GOV_WGI_GE.EST,-0.4821387,-0.446753199999999,-0.5014158,-0.5198363,-0.447104399999999,-0.5410404,-0.4948066,-0.46663,-0.362429,-0.3133743,-0.1887935,-0.2018892,-0.214913499999999
Benin,BEN,Political Stability - Governance estimate (approx. -2.5 to +2.5),GOV_WGI_PV.EST,0.3130091,0.3444706,0.3524209,0.3313874,0.1371161,0.117506,0.2420032,0.3155886,0.1649971,-0.197976799999999,-0.283192699999999,-0.4106645,-0.4373008
Benin,BEN,Rule of Law - Governance estimate (approx. -2.5 to +2.5),GOV_WGI_RL.EST,-0.3935015,-0.4510183,-0.427510399999999,-0.4894608,-0.4784921,-0.4157073,-0.3859257,-0.3899186,-0.4319457,-0.395343799999999,-0.393457699999999,-0.3852134,-0.468466
Benin,BEN,Voice and Accountability - Governance estimate (approx. -2.5 to +2.5),GOV_WGI_VA.EST,0.2966194,0.0746324,0.0527832,0.0518878,0.0640877,0.1082878,0.2156686,0.2055497,0.2256013,-0.0206192,-0.0674593,-0.3316053,-0.437646999999999
Benin,BEN,Regulatory Quality - Governance estimate (approx. -2.5 to +2.5),GOV_WGI_RQ.EST,-0.4195411,-0.4622483,-0.5416802,-0.5705637,-0.5574079,-0.538424999999999,-0.4684046,-0.457321,-0.451924599999999,-0.4897407,-0.436359599999999,-0.3792796,-0.2859729
Bermuda,BMU,Control of Corruption - Governance estimate (approx. -2.5 to +2.5),GOV_WGI_CC.EST,1.3318853,1.3295291,1.3246331,1.3250051,1.1646295,1.1685187,1.1716528,1.1694105,1.1732244,1.1784788,1.1797991,1.1772281,1.1763452
Bermuda,BMU,Government Effectiveness - Governance estimate (approx. -2.5 to +2.5),GOV_WGI_GE.EST,0.7531799,0.7518252,0.7521664,0.7525475,1.4563681,1.4535264,1.4545142,1.454835,1.456596,1.4583124,1.4534103,1.4563194,1.214283
Bermuda,BMU,Political Stability - Governance estimate (approx. -2.5 to +2.5),GOV_WGI_PV.EST,0.959812,0.9534886,0.9528211,0.9507816,0.8176369,0.8160725,0.8121773,0.8126545,0.9762284,0.977236,0.9766825,0.974511,0.9782486
Bermuda,BMU,Rule of Law - Governance estimate (approx. -2.5 to +2.5),GOV_WGI_RL.EST,1.0340099,1.0485488,1.0430097,1.0306287,-0.0402989,0.8723133,0.8732221,0.8709978,0.873191,0.8729103,0.6485582,0.6399761,0.8013243
Bermuda,BMU,Voice and Accountability - Governance estimate (approx. -2.5 to +2.5),GOV_WGI_VA.EST,1.056728,1.0619652,1.0575993,1.0511693,1.0580907,1.0598446,1.0576599,1.0557605,..,..,..,..,..
Bermuda,BMU,Regulatory Quality - Governance estimate (approx. -2.5 to +2.5),GOV_WGI_RQ.EST,1.4639385,1.4650118,1.4532839,1.4515456,0.6188909,0.6299601,0.8693433,0.8720819,0.8732079,0.8762608,0.8710628,0.868972,0.8633998
Bhutan,BTN,Control of Corruption - Governance estimate (approx. -2.5 to +2.5),GOV_WGI_CC.EST,0.7720446,0.7141101,0.8135637,0.785208,1.0904024,1.0788548,1.169102,1.4511886,1.4519306,1.4640293,1.3421241,1.3198694,1.357056
Bhutan,BTN,Government Effectiveness - Governance estimate (approx. -2.5 to +2.5),GOV_WGI_GE.EST,0.4330688,0.4711814,0.5172017,0.6398365,0.4198133,0.3649184,0.440651,0.4832628,0.5384773,0.4846393,0.4837444,0.5963822,0.5347986
Bhutan,BTN,Political Stability - Governance estimate (approx. -2.5 to +2.5),GOV_WGI_PV.EST,0.7505364,0.7467369,0.7756826,0.7771733,1.1573285,0.9981818,1.1113941,1.1177867,1.1151798,1.1641113,1.1154419,0.9391838,1.3224382
Bhutan,BTN,Rule of Law - Governance estimate (approx. -2.5 to +2.5),GOV_WGI_RL.EST,0.1661014,0.2019468,0.1873333,0.2565264,0.3487073,0.5171592,0.5150738,0.6206244,0.6674477,0.6618686,0.6470186,0.6782878,0.6837835
Bhutan,BTN,Voice and Accountability - Governance estimate (approx. -2.5 to +2.5),GOV_WGI_VA.EST,-0.149119299999999,-0.1626838,0.0959276999999999,0.1957274,0.2050489,0.2205872,0.2162486,0.2185623,0.4090063,0.4302343,0.337151,0.3423094,0.2660367
Bhutan,BTN,Regulatory Quality - Governance estimate (approx. -2.5 to +2.5),GOV_WGI_RQ.EST,-0.867229399999999,-0.8648393,-0.8397388,-0.8405889,-0.727548099999999,-0.401577299999999,-0.344325999999999,-0.1285626,-0.0472384,-0.0695533,-0.0309429,-0.0451337,-0.109357799999999
Bolivia,BOL,Control of Corruption - Governance estimate (approx. -2.5 to +2.5),GOV_WGI_CC.EST,-0.4112377,-0.5781748,-0.698911,-0.5857827,-0.6409494,-0.754699,-0.7783732,-0.8143488,-0.8237458,-0.8232153,-0.8045643,-0.9489015,-0.9824356
Bolivia,BOL,Government Effectiveness - Governance estimate (approx. -2.5 to +2.5),GOV_WGI_GE.EST,-0.3055989,-0.2672438,-0.2476484,-0.1627207,-0.3868723,-0.4320931,-0.332731799999999,-0.313079,-0.364265,-0.4578656,-0.4718419,-0.4784584,-0.4335715
Bolivia,BOL,Political Stability - Governance estimate (approx. -2.5 to +2.5),GOV_WGI_PV.EST,-0.2159855,-0.2956719,-0.381218399999999,-0.256508,-0.2978539,-0.175327899999999,-0.2594315,-0.2207409,-0.1913596,-0.7539613,-0.3855901,-0.2859636,-0.170608899999999
Bolivia,BOL,Rule of Law - Governance estimate (approx. -2.5 to +2.5),GOV_WGI_RL.EST,-1.0805326,-1.0144825,-1.0969326,-1.1936901,-1.139505,-1.2376147,-1.2512006,-1.2565518,-1.2847988,-1.24490489999999,-1.2021414,-1.1101906,-1.1775683
Bolivia,BOL,Voice and Accountability - Governance estimate (approx. -2.5 to +2.5),GOV_WGI_VA.EST,0.0367525,-0.0848776,-0.162847699999999,-0.1734942,-0.0995359,-0.1594334,-0.1911694,-0.227986599999999,-0.322517799999999,-0.4802862,-0.3793012,-0.3237121,-0.395731899999999
Bolivia,BOL,Regulatory Quality - Governance estimate (approx. -2.5 to +2.5),GOV_WGI_RQ.EST,-0.8393752,-0.799982699999999,-0.8690743,-0.856648299999999,-0.8423377,-0.8213682,-0.8393587,-0.829255299999999,-0.8485465,-0.9755809,-1.0510123,-1.117001,-1.13735149999999
Bosnia and Herzegovina,BIH,Control of Corruption - Governance estimate (approx. -2.5 to +2.5),GOV_WGI_CC.EST,-0.463675,-0.501397099999999,-0.405939,-0.3230858,-0.3542824,-0.4923931,-0.468403399999999,-0.5769795,-0.6404386,-0.6387532,-0.624659499999999,-0.6690056,-0.680061199999999
Bosnia and Herzegovina,BIH,Government Effectiveness - Governance estimate (approx. -2.5 to +2.5),GOV_WGI_GE.EST,-0.708598699999999,-0.7322155,-0.5915425,-0.5381602,-0.237929199999999,-0.4626996,-0.4139216,-0.4707049,-0.6666,-0.7937191,-0.7051218,-0.8403621,-0.7459726
Bosnia and Herzegovina,BIH,Political Stability - Governance estimate (approx. -2.5 to +2.5),GOV_WGI_PV.EST,-0.6337606,-0.6699284,-0.590616799999999,-0.4534621,-0.0605189,-0.2551002,-0.3709896,-0.3110983,-0.2895156,-0.309193899999999,-0.2690285,-0.310701599999999,-0.248056399999999
Bosnia and Herzegovina,BIH,Rule of Law - Governance estimate (approx. -2.5 to +2.5),GOV_WGI_RL.EST,-0.3711756,-0.4173075,-0.1318904,-0.125035099999999,-0.0894811,-0.2307844,-0.209474599999999,-0.3294168,-0.3210995,-0.3905029,-0.3025925,-0.3074514,-0.289740999999999
Bosnia and Herzegovina,BIH,Voice and Accountability - Governance estimate (approx. -2.5 to +2.5),GOV_WGI_VA.EST,-0.061222,-0.183315099999999,-0.142103999999999,-0.1978231,-0.1598354,-0.212129799999999,-0.256938599999999,-0.383017999999999,-0.4378719,-0.4515923,-0.4512199,-0.4759813,-0.4739062
Bosnia and Herzegovina,BIH,Regulatory Quality - Governance estimate (approx. -2.5 to +2.5),GOV_WGI_RQ.EST,-0.2413666,-0.2715825,-0.205219999999999,-0.2013766,-0.1859247,-0.2509226,-0.2439076,-0.1684447,-0.3157976,-0.3767077,-0.3741576,-0.3797619,-0.3795221
Botswana,BWA,Control of Corruption - Governance estimate (approx. -2.5 to +2.5),GOV_WGI_CC.EST,1.0119522,1.0051672,1.0357782,0.9806396,0.8215662,0.7957375,0.8579361,0.7790808,0.851239,0.8223154,0.7218389,0.7018975,0.6506622
Botswana,BWA,Government Effectiveness - Governance estimate (approx. -2.5 to +2.5),GOV_WGI_GE.EST,0.5312259,0.5431636,0.5525088,0.5476863,0.5180867,0.5694337,0.5361603,0.4156169,0.3467776,0.4033395,0.310377,0.4025631,0.4593723
Botswana,BWA,Political Stability - Governance estimate (approx. -2.5 to +2.5),GOV_WGI_PV.EST,1.2771925,1.2314867,1.2248637,1.187303,1.1504977,1.1318799,0.9837653,1.0166207,0.9948159,1.1539103,1.0835182,1.0572186,1.0798421
Botswana,BWA,Rule of Law - Governance estimate (approx. -2.5 to +2.5),GOV_WGI_RL.EST,0.7341617,0.7466632,0.7034965,0.5939995,0.5753426,0.4252987,0.3914359,0.4037409,0.4031783,0.4519148,0.33481,0.3719933,0.3434669
Botswana,BWA,Voice and Accountability - Governance estimate (approx. -2.5 to +2.5),GOV_WGI_VA.EST,0.5542748,0.5018226,0.5393273,0.4264996,0.3462974,0.2702248,0.2224214,0.2119983,0.2110871,0.2359357,0.2262539,0.1662642,0.1383421
Botswana,BWA,Regulatory Quality - Governance estimate (approx. -2.5 to +2.5),GOV_WGI_RQ.EST,0.8006087,0.7899782,0.8758155,0.7803101,0.7233534,0.6069256,0.6279767,0.5386963,0.5568633,0.4296886,0.3891703,0.459995,0.4849039
Brazil,BRA,Control of Corruption - Governance estimate (approx. -2.5 to +2.5),GOV_WGI_CC.EST,-0.0150966,0.2097513,-0.0113872,-0.0608636,-0.2351787,-0.3512683,-0.366817699999999,-0.4693688,-0.407628,-0.372764,-0.337231599999999,-0.404589,-0.4562788
Brazil,BRA,Government Effectiveness - Governance estimate (approx. -2.5 to +2.5),GOV_WGI_GE.EST,-0.0076855,-0.0357455,-0.0055523,0.1384625,-0.0203333,-0.1018264,-0.100539499999999,-0.1049895,-0.206420599999999,0.0428329,-0.0873994999999999,-0.0686133999999999,-0.2352194
Brazil,BRA,Political Stability - Governance estimate (approx. -2.5 to +2.5),GOV_WGI_PV.EST,-0.1493446,-0.1721799,-0.0995934,-0.3656427,-0.2414052,-0.4959054,-0.5263958,-0.602133799999999,-0.645190399999999,-0.722116299999999,-0.427421599999999,-0.3922756,-0.415796899999999
Brazil,BRA,Rule of Law - Governance estimate (approx. -2.5 to +2.5),GOV_WGI_RL.EST,-0.0413875,-0.0747892,-0.0446889,-0.134532999999999,-0.1419913,-0.225204699999999,-0.1485678,-0.2808179,-0.4015041,-0.3861785,-0.392171899999999,-0.4091435,-0.4398335
Brazil,BRA,Voice and Accountability - Governance estimate (approx. -2.5 to +2.5),GOV_WGI_VA.EST,0.6301767,0.5275116,0.5532977,0.4259615,0.4250488,0.461258,0.4599637,0.4292352,0.2933228,0.2046798,0.166765,0.0763533,0.0304374
Brazil,BRA,Regulatory Quality - Governance estimate (approx. -2.5 to +2.5),GOV_WGI_RQ.EST,0.1900322,0.1885087,0.1894102,0.1300154,-0.0364999,-0.0963301999999999,-0.0962291,-0.106341399999999,-0.244291999999999,-0.099421,-0.1518853,-0.1510718,-0.1989311
Brunei Darussalam,BRN,Control of Corruption - Governance estimate (approx. -2.5 to +2.5),GOV_WGI_CC.EST,0.9284875,0.945319,0.9671207,0.9963226,1.2036828,1.2048251,1.0855421,1.2166994,1.2159731,1.1831673,1.183555,1.1827999,1.1825406
Brunei Darussalam,BRN,Government Effectiveness - Governance estimate (approx. -2.5 to +2.5),GOV_WGI_GE.EST,0.7436709,0.7425023,0.7478848,0.8076506,1.1383825,1.1373096,0.9756594,1.0134455,1.0202584,1.0771038,1.0752528,1.0763513,0.9849534
Brunei Darussalam,BRN,Political Stability - Governance estimate (approx. -2.5 to +2.5),GOV_WGI_PV.EST,1.2633781,0.9587232,0.901649,0.9634698,1.2566861,1.2031979,1.0333017,1.0788022,1.1449838,1.0980607,1.1645233,1.1632013,1.175984
Brunei Darussalam,BRN,Rule of Law - Governance estimate (approx. -2.5 to +2.5),GOV_WGI_RL.EST,0.6410918,0.6708764,0.6338542,0.4689994,0.4540224,0.3745893,0.2656862,0.2936459,0.3405091,0.2885457,0.5634206,0.5616354,0.6385844
Brunei Darussalam,BRN,Voice and Accountability - Governance estimate (approx. -2.5 to +2.5),GOV_WGI_VA.EST,-0.578133,-0.5124769,-0.4945562,-0.486417,-0.4797516,-0.563829999999999,-0.6163268,-0.7580815,-0.782867499999999,-0.773543499999999,-0.775273099999999,-0.817422,-0.809513599999999
Brunei Darussalam,BRN,Regulatory Quality - Governance estimate (approx. -2.5 to +2.5),GOV_WGI_RQ.EST,1.0035146,1.0180884,0.9898506,1.0783592,1.0142248,0.9482167,0.7803651,0.8630799,0.8702446,0.8013123,0.8099842,0.86713,0.8654815
Bulgaria,BGR,Control of Corruption - Governance estimate (approx. -2.5 to +2.5),GOV_WGI_CC.EST,-0.3206264,-0.355813899999999,-0.3572623,-0.3480638,-0.3904198,-0.4387083,-0.3444028,-0.308377299999999,-0.1893944,-0.1252922,-0.258415699999999,-0.2260611,-0.1369351
Bulgaria,BGR,Government Effectiveness - Governance estimate (approx. -2.5 to +2.5),GOV_WGI_GE.EST,-0.2958077,-0.280549799999999,-0.202198,-0.1532468,-0.1542943,-0.109724499999999,-0.0689038999999999,-0.0494362,-0.0244659,0.0359426,-0.0577385999999999,-0.0148069999999999,-0.0737381
Bulgaria,BGR,Political Stability - Governance estimate (approx. -2.5 to +2.5),GOV_WGI_PV.EST,0.3736482,0.3085567,0.3911291,0.1704694,0.242071,0.1823906,0.2073039,0.4061393,0.592909,0.5788167,0.4210468,0.4063981,0.3269733
Bulgaria,BGR,Rule of Law - Governance estimate (approx. -2.5 to +2.5),GOV_WGI_RL.EST,-0.2998251,-0.3367214,-0.2175182,-0.231316,-0.2149399,-0.2080985,-0.1981219,-0.2333326,-0.1406672,-0.1405825,-0.1505346,-0.0377457,-0.0998029
Bulgaria,BGR,Voice and Accountability - Governance estimate (approx. -2.5 to +2.5),GOV_WGI_VA.EST,0.5234556,0.325433,0.3526623,0.2012595,0.2195941,0.2421524,0.2331893,0.1264569,0.0730547,0.1389293,0.193102,0.1902884,0.1982152
Bulgaria,BGR,Regulatory Quality - Governance estimate (approx. -2.5 to +2.5),GOV_WGI_RQ.EST,0.4826727,0.3293894,0.3314826,0.2963471,0.3082609,0.4178283,0.5564144,0.5379574,0.4816346,0.4580563,0.3077122,0.3229289,0.2475956
Burkina Faso,BFA,Control of Corruption - Governance estimate (approx. -2.5 to +2.5),GOV_WGI_CC.EST,-0.381726199999999,-0.347665399999999,-0.375203,-0.4520066,-0.4450109,-0.3288238,-0.2212838,-0.1525315,-0.1575363,-0.2008751,-0.2018274,-0.2024751,-0.2342071
Burkina Faso,BFA,Government Effectiveness - Governance estimate (approx. -2.5 to +2.5),GOV_WGI_GE.EST,-0.518394,-0.5279818,-0.6191411,-0.625200099999999,-0.5627279,-0.653111099999999,-0.524935199999999,-0.510937499999999,-0.482296399999999,-0.627609,-0.6308904,-0.746447899999999,-0.871408499999999
Burkina Faso,BFA,Political Stability - Governance estimate (approx. -2.5 to +2.5),GOV_WGI_PV.EST,-0.3146407,-0.6837156,-0.6478491,-0.7949543,-0.699829399999999,-0.6795154,-0.9073878,-0.855665599999999,-0.961889999999999,-1.19570659999999,-1.4159765,-1.5801637,-1.82102069999999
Burkina Faso,BFA,Rule of Law - Governance estimate (approx. -2.5 to +2.5),GOV_WGI_RL.EST,-0.225212499999999,-0.4159968,-0.361949099999999,-0.511934,-0.5499377,-0.5251363,-0.486524199999999,-0.4398187,-0.406209,-0.408522599999999,-0.418916099999999,-0.401084599999999,-0.6266501
Burkina Faso,BFA,Voice and Accountability - Governance estimate (approx. -2.5 to +2.5),GOV_WGI_VA.EST,-0.239026699999999,-0.2511289,-0.303128299999999,-0.333495,-0.391469399999999,-0.209465799999999,-0.1019967,-0.0466125,-0.0592664,-0.1034561,-0.2152963,-0.172692999999999,-0.593244099999999
Burkina Faso,BFA,Regulatory Quality - Governance estimate (approx. -2.5 to +2.5),GOV_WGI_RQ.EST,-0.158146999999999,-0.192947099999999,-0.246521599999999,-0.2644979,-0.352730899999999,-0.4192478,-0.425305,-0.415901199999999,-0.423763899999999,-0.4675262,-0.4990944,-0.4590282,-0.497673999999999
Burundi,BDI,Control of Corruption - Governance estimate (approx. -2.5 to +2.5),GOV_WGI_CC.EST,-1.2408811,-1.2549651,-1.3979996,-1.3468046,-1.2665737,-1.2586575,-1.2905502,-1.31264049999999,-1.46464249999999,-1.4706435,-1.3529714,-1.390618,-1.3235206
Burundi,BDI,Government Effectiveness - Governance estimate (approx. -2.5 to +2.5),GOV_WGI_GE.EST,-1.2006202,-1.1611384,-1.1869228,-0.8972943,-0.8758081,-0.9257032,-1.07213089999999,-0.921758299999999,-1.0293582,-0.9766193,-1.0934389,-1.1242343,-1.1809945
Burundi,BDI,Political Stability - Governance estimate (approx. -2.5 to +2.5),GOV_WGI_PV.EST,-1.6874837,-1.84318419999999,-1.9079102,-1.67571539999999,-1.06174299999999,-2.03645089999999,-2.106715,-2.0904201,-1.62367939999999,-1.66929629999999,-1.49526809999999,-1.37835589999999,-1.28089529999999
Burundi,BDI,Rule of Law - Governance estimate (approx. -2.5 to +2.5),GOV_WGI_RL.EST,-1.2592986,-1.2594938,-1.1556781,-1.16960589999999,-1.1036389,-1.3206989,-1.40329029999999,-1.32741439999999,-1.3842373,-1.3300858,-1.32121199999999,-1.3122824,-1.32171369999999
Burundi,BDI,Voice and Accountability - Governance estimate (approx. -2.5 to +2.5),GOV_WGI_VA.EST,-0.974247099999999,-0.9743506,-1.0645581,-1.1037371,-1.0633176,-1.2657593,-1.4549059,-1.4779632,-1.56641829999999,-1.6236321,-1.4624906,-1.43815269999999,-1.3992831
Burundi,BDI,Regulatory Quality - Governance estimate (approx. -2.5 to +2.5),GOV_WGI_RQ.EST,-1.02492729999999,-0.974507799999999,-0.925571199999999,-0.975190999999999,-0.859611399999999,-0.877409999999999,-0.8927645,-0.8542464,-0.9758328,-0.926177799999999,-1.0171598,-1.00004119999999,-0.9203619
Cabo Verde,CPV,Control of Corruption - Governance estimate (approx. -2.5 to +2.5),GOV_WGI_CC.EST,0.8461885,0.9223281,0.8821601,0.8253651,0.8877993,0.888954,0.8563504,0.8080692,0.8724586,0.8894292,0.8002643,0.8975963,0.856269
Cabo Verde,CPV,Government Effectiveness - Governance estimate (approx. -2.5 to +2.5),GOV_WGI_GE.EST,0.107822,0.1311091,0.1117572,0.0741599999999999,0.1923468,0.3232931,0.2898294,0.3194131,0.345416,0.383949,0.3949941,0.2774591,0.3600121
Cabo Verde,CPV,Political Stability - Governance estimate (approx. -2.5 to +2.5),GOV_WGI_PV.EST,1.0110449,1.0171202,0.8408258,0.8049926,0.6455106,0.8435225,0.827822,0.7203252,0.8387813,0.8393375,0.839032,0.8339009,0.8359641
Cabo Verde,CPV,Rule of Law - Governance estimate (approx. -2.5 to +2.5),GOV_WGI_RL.EST,0.5682754,0.5883838,0.6063501,0.596241,0.6666182,0.6784725,0.6852921,0.701514,0.7400744,0.7683294,0.6687901,0.4863826,0.4774863
Cabo Verde,CPV,Voice and Accountability - Governance estimate (approx. -2.5 to +2.5),GOV_WGI_VA.EST,0.8673591,0.9363257,0.8977302,0.8296579,0.7736703,0.7695004,0.7230402,0.7340745,0.8471925,0.8082604,0.7194835,0.7321187,0.7456206
Cabo Verde,CPV,Regulatory Quality - Governance estimate (approx. -2.5 to +2.5),GOV_WGI_RQ.EST,-0.1195222,-0.0077972,-0.0338918999999999,-0.1824181,-0.1956659,-0.213468,-0.1817907,-0.1391468,-0.207029699999999,-0.054116,0.00220269999999999,0.0657809,0.0965552
Cambodia,KHM,Control of Corruption - Governance estimate (approx. -2.5 to +2.5),GOV_WGI_CC.EST,-1.19379,-1.3007746,-1.1374421,-1.1373777,-1.2606479,-1.27990079999999,-1.3323199,-1.33048529999999,-1.4286146,-1.33890439999999,-1.1175106,-1.0917539,-1.1129555
Cambodia,KHM,Government Effectiveness - Governance estimate (approx. -2.5 to +2.5),GOV_WGI_GE.EST,-0.814118,-0.747837299999999,-0.7009489,-0.8143031,-0.5981221,-0.5898441,-0.572328,-0.4673244,-0.4851255,-0.5152334,-0.5904535,-0.643403,-0.4625515
Cambodia,KHM,Political Stability - Governance estimate (approx. -2.5 to +2.5),GOV_WGI_PV.EST,-0.3874276,-0.3236001,-0.377158799999999,-0.3707293,-0.2628078,-0.1585169,-0.0778582999999999,-0.153852799999999,-0.1054427,-0.1935314,-0.2401873,-0.1486895,-0.0739156
Cambodia,KHM,Rule of Law - Governance estimate (approx. -2.5 to +2.5),GOV_WGI_RL.EST,-1.233226,-1.1516075,-1.0805729,-1.15471679999999,-1.1952691,-1.2627563,-1.2323005,-1.18795879999999,-1.2191229,-1.1306816,-1.1462953,-1.14770479999999,-1.1151898
Cambodia,KHM,Voice and Accountability - Governance estimate (approx. -2.5 to +2.5),GOV_WGI_VA.EST,-0.995362899999999,-1.0464565,-1.022324,-1.0291663,-1.0752484,-1.2074577,-1.21921259999999,-1.2106905,-1.5176701,-1.4922674,-1.3831133,-1.4431473,-1.50494479999999
Cambodia,KHM,Regulatory Quality - Governance estimate (approx. -2.5 to +2.5),GOV_WGI_RQ.EST,-0.411989799999999,-0.660577299999999,-0.516539899999999,-0.491139699999999,-0.6121749,-0.6326758,-0.567275899999999,-0.603996499999999,-0.5908086,-0.6492291,-0.696444,-0.6885401,-0.6946692
Cameroon,CMR,Control of Corruption - Governance estimate (approx. -2.5 to +2.5),GOV_WGI_CC.EST,-0.9239071,-1.0477201,-1.2340704,-1.1694764,-1.1800614,-1.0952851,-1.1306679,-1.1579943,-1.1162626,-1.1336941,-1.057706,-1.115647,-1.1102965
Cameroon,CMR,Government Effectiveness - Governance estimate (approx. -2.5 to +2.5),GOV_WGI_GE.EST,-0.8190524,-0.842170299999999,-0.8326177,-0.795054399999999,-0.575134599999999,-0.6267228,-0.612498099999999,-0.6251,-0.6780214,-0.7379684,-0.8271415,-0.787710799999999,-0.7843452
Cameroon,CMR,Political Stability - Governance estimate (approx. -2.5 to +2.5),GOV_WGI_PV.EST,-0.6655279,-0.743046299999999,-0.7987418,-0.831334199999999,-0.9216987,-1.0831153,-1.1424059,-1.1934513,-1.4691248,-1.6172731,-1.6215792,-1.57868299999999,-1.6950827
Cameroon,CMR,Rule of Law - Governance estimate (approx. -2.5 to +2.5),GOV_WGI_RL.EST,-1.0110913,-1.0550838,-1.1055169,-1.16956249999999,-1.0563501,-1.0900712,-1.08851489999999,-1.11830689999999,-1.1423927,-1.18924269999999,-1.2272568,-1.2194535,-1.2120562
Cameroon,CMR,Voice and Accountability - Governance estimate (approx. -2.5 to +2.5),GOV_WGI_VA.EST,-1.0311765,-1.0194629,-1.0898972,-1.0759872,-0.9633286,-0.9796946,-1.0603877,-1.1012762,-1.22088669999999,-1.25256069999999,-1.2003042,-1.24492729999999,-1.243908
Cameroon,CMR,Regulatory Quality - Governance estimate (approx. -2.5 to +2.5),GOV_WGI_RQ.EST,-0.7502651,-0.814931499999999,-0.9033095,-0.918762499999999,-0.8083541,-0.7586864,-0.7135794,-0.7908965,-0.774601499999999,-0.7732119,-0.7462458,-0.816719899999999,-0.754941299999999
Canada,CAN,Control of Corruption - Governance estimate (approx. -2.5 to +2.5),GOV_WGI_CC.EST,1.941867,1.8892441,1.8407404,1.8292063,1.8178559,1.8679741,1.9407326,1.8841224,1.8073526,1.7955073,1.6422133,1.6156132,1.651994
Canada,CAN,Government Effectiveness - Governance estimate (approx. -2.5 to +2.5),GOV_WGI_GE.EST,1.8008051,1.8561632,1.9358475,1.8530136,1.9138517,1.8766375,1.8665128,1.9509261,1.8344901,1.8495246,1.6877631,1.682819,1.8072447
Canada,CAN,Political Stability - Governance estimate (approx. -2.5 to +2.5),GOV_WGI_PV.EST,1.0176806,1.0765359,1.0932951,1.0153332,1.1626133,1.1827978,1.1623092,1.0192144,0.9371514,0.9041813,0.9455077,0.7604154,0.5074459
Canada,CAN,Rule of Law - Governance estimate (approx. -2.5 to +2.5),GOV_WGI_RL.EST,1.6001704,1.5766277,1.6013849,1.5897423,1.6432199,1.7204594,1.7286564,1.7126573,1.7028344,1.682264,1.5585901,1.5493331,1.5052581
Canada,CAN,Voice and Accountability - Governance estimate (approx. -2.5 to +2.5),GOV_WGI_VA.EST,1.4115941,1.4253065,1.4470402,1.463503,1.4204969,1.5823156,1.5977174,1.6335494,1.6209737,1.5957418,1.5974088,1.4726848,1.4766713
Canada,CAN,Regulatory Quality - Governance estimate (approx. -2.5 to +2.5),GOV_WGI_RQ.EST,1.6328448,1.5988621,1.7284567,1.7532264,1.6824307,1.6588804,1.7705123,1.8439556,1.642282,1.6826483,1.5928788,1.6316738,1.6322148
Cayman Islands,CYM,Control of Corruption - Governance estimate (approx. -2.5 to +2.5),GOV_WGI_CC.EST,1.0319006,1.2291407,1.227067,1.2272246,0.8949794,0.8966267,0.6025403,0.6015906,0.6032059,0.6054315,0.6059907,0.6049017,0.6045278
Cayman Islands,CYM,Government Effectiveness - Governance estimate (approx. -2.5 to +2.5),GOV_WGI_GE.EST,1.0023954,1.0015699,1.0017778,1.00201,1.1162778,1.1145462,1.1151481,1.1153436,1.1164167,1.1174627,0.9047216,1.1162482,1.1842957
Cayman Islands,CYM,Political Stability - Governance estimate (approx. -2.5 to +2.5),GOV_WGI_PV.EST,1.246168,1.2412396,1.2407194,1.2391298,1.2758384,1.2746191,0.9743726,0.974877,0.978425,1.275357,1.2749256,1.4633939,1.4663069
Cayman Islands,CYM,Rule of Law - Governance estimate (approx. -2.5 to +2.5),GOV_WGI_RL.EST,0.8333611,0.8378745,0.836155,0.8323114,0.4998544,0.7831642,0.7834464,0.7827559,0.7834367,0.7833496,0.7841015,0.8542534,0.8305979
Cayman Islands,CYM,Voice and Accountability - Governance estimate (approx. -2.5 to +2.5),GOV_WGI_VA.EST,0.7075597,0.7098368,0.7079386,0.7051428,0.7081522,0.7089148,0.7079649,0.707139,0.5238535,0.5232038,0.5222875,0.9629543,0.9608656
Cayman Islands,CYM,Regulatory Quality - Governance estimate (approx. -2.5 to +2.5),GOV_WGI_RQ.EST,1.2676821,1.2681736,1.2628039,1.262008,0.9620849,0.967153,0.9683381,0.969592,1.0785257,1.0799235,1.0775435,1.0765863,1.074035
Central African Republic,CAF,Control of Corruption - Governance estimate (approx. -2.5 to +2.5),GOV_WGI_CC.EST,-0.979839599999999,-0.980304699999999,-0.9511,-1.1350883,-1.25103109999999,-1.3662253,-1.30818529999999,-1.18078179999999,-1.22089,-1.20142479999999,-1.25240479999999,-1.316273,-1.3173981
Central African Republic,CAF,Government Effectiveness - Governance estimate (approx. -2.5 to +2.5),GOV_WGI_GE.EST,-1.40942409999999,-1.40418629999999,-1.4247717,-1.5187178,-1.6249509,-1.61794669999999,-1.5617326,-1.56295379999999,-1.5339025,-1.5816743,-1.61231869999999,-1.5775561,-1.59031909999999
Central African Republic,CAF,Political Stability - Governance estimate (approx. -2.5 to +2.5),GOV_WGI_PV.EST,-1.71672009999999,-1.5684755,-1.8710274,-2.14915889999999,-2.4862537,-1.8904664,-1.698431,-1.82651039999999,-1.89363629999999,-1.85285369999999,-2.3306101,-2.1689304,-1.9022515
Central African Republic,CAF,Rule of Law - Governance estimate (approx. -2.5 to +2.5),GOV_WGI_RL.EST,-1.3182623,-1.33362769999999,-1.42836609999999,-1.8659188,-1.8093264,-1.7074828,-1.6889029,-1.60528049999999,-1.553388,-1.5839953,-1.5623816,-1.5476834,-1.66733549999999
Central African Republic,CAF,Voice and Accountability - Governance estimate (approx. -2.5 to +2.5),GOV_WGI_VA.EST,-1.1109098,-1.0581363,-1.0844806,-1.3458993,-1.183112,-1.1507213,-1.08091,-1.0753709,-0.991607999999999,-1.0322464,-1.2261003,-1.2527095,-1.2634566
Central African Republic,CAF,Regulatory Quality - Governance estimate (approx. -2.5 to +2.5),GOV_WGI_RQ.EST,-1.1011777,-1.1159256,-1.1406329,-1.4160967,-1.51844619999999,-1.51735929999999,-1.4327731,-1.4177784,-1.36776269999999,-1.36738239999999,-1.365152,-1.3937882,-1.36948269999999
Chad,TCD,Control of Corruption - Governance estimate (approx. -2.5 to +2.5),GOV_WGI_CC.EST,-1.3954646,-1.3655434,-1.37646699999999,-1.4313551,-1.47772829999999,-1.5175651,-1.50292809999999,-1.4572612,-1.46041809999999,-1.4780052,-1.48219979999999,-1.4920803,-1.4663578
Chad,TCD,Government Effectiveness - Governance estimate (approx. -2.5 to +2.5),GOV_WGI_GE.EST,-1.2969073,-1.2335999,-1.31857119999999,-1.2533334,-1.2514726,-1.232359,-1.18726929999999,-1.10043,-1.178056,-1.26227,-1.2291822,-1.24045919999999,-1.1754288
Chad,TCD,Political Stability - Governance estimate (approx. -2.5 to +2.5),GOV_WGI_PV.EST,-1.08974669999999,-1.1533318,-1.1726684,-1.18913009999999,-1.3290695,-1.1227573,-1.34170719999999,-1.36771589999999,-1.3603311,-1.4521212,-1.4524146,-1.689273,-1.6491593
Chad,TCD,Rule of Law - Governance estimate (approx. -2.5 to +2.5),GOV_WGI_RL.EST,-1.5453464,-1.53988439999999,-1.55651839999999,-1.55121589999999,-1.3726839,-1.3612518,-1.4004476,-1.3185396,-1.35745459999999,-1.32118309999999,-1.33343259999999,-1.34307209999999,-1.38191249999999
Chad,TCD,Voice and Accountability - Governance estimate (approx. -2.5 to +2.5),GOV_WGI_VA.EST,-1.3228554,-1.2662324,-1.2414207,-1.2594363,-1.1722919,-1.1956684,-1.268907,-1.2692214,-1.3206115,-1.3019227,-1.3268961,-1.4563133,-1.4100369
Chad,TCD,Regulatory Quality - Governance estimate (approx. -2.5 to +2.5),GOV_WGI_RQ.EST,-1.2069765,-1.2004469,-1.2158533,-1.22437019999999,-1.1659712,-1.150013,-1.14236,-1.09164939999999,-1.124001,-1.151166,-1.1473695,-1.0888251,-1.0433507
Chile,CHL,Control of Corruption - Governance estimate (approx. -2.5 to +2.5),GOV_WGI_CC.EST,1.5074067,1.5441989,1.4796889,1.4311564,1.3860663,1.1438485,1.1036472,1.1123641,1.1121229,1.1570367,1.2156268,1.1463006,1.1452971
Chile,CHL,Government Effectiveness - Governance estimate (approx. -2.5 to +2.5),GOV_WGI_GE.EST,1.155394,1.2408511,1.2838887,1.2255779,1.1023819,1.0506453,0.9734877,0.9620758,1.0356277,1.0469727,0.8727629,0.8697585,0.8753581
Chile,CHL,Political Stability - Governance estimate (approx. -2.5 to +2.5),GOV_WGI_PV.EST,0.9018874,0.5996883,0.592861,0.574319,0.7184817,0.6780588,0.5937207,0.5894191,0.6742085,0.1657239,0.1362588,0.146317,-0.004406
Chile,CHL,Rule of Law - Governance estimate (approx. -2.5 to +2.5),GOV_WGI_RL.EST,1.2297551,1.1056868,1.1356496,1.0732241,1.057621,1.0033345,0.9892533,0.9674315,0.9580736,0.9142445,0.7392409,0.7564837,0.7437613
Chile,CHL,Voice and Accountability - Governance estimate (approx. -2.5 to +2.5),GOV_WGI_VA.EST,1.259344,1.1506042,1.1457118,1.1428919,1.1535631,1.126836,1.1140561,1.1097074,1.117223,1.0810036,1.0554867,0.9953359,1.0098662
Chile,CHL,Regulatory Quality - Governance estimate (approx. -2.5 to +2.5),GOV_WGI_RQ.EST,1.4678973,1.4886588,1.5473793,1.5014762,1.3238528,1.2230295,1.2761322,1.2402076,1.1753875,1.0772532,0.8902664,0.8736894,0.8278003
China,CHN,Control of Corruption - Governance estimate (approx. -2.5 to +2.5),GOV_WGI_CC.EST,-0.5891592,-0.440116499999999,-0.5068203,-0.4580204,-0.3014404,-0.1750814,-0.092968,-0.0492492,-0.0701512,-0.0496157999999999,0.0531167,0.0556852,0.0432332
China,CHN,Government Effectiveness - Governance estimate (approx. -2.5 to +2.5),GOV_WGI_GE.EST,-0.1269778,-0.104167,-0.132009799999999,-0.1410284,0.4896286,0.5336101,0.543189,0.5787617,0.5311035,0.6706547,0.5674972,0.6669456,0.5292387
China,CHN,Political Stability - Governance estimate (approx. -2.5 to +2.5),GOV_WGI_PV.EST,-0.6176124,-0.6326472,-0.6177714,-0.5627312,-0.523856099999999,-0.5462433,-0.501441799999999,-0.203288,-0.237003599999999,-0.138588699999999,-0.302661299999999,-0.259168,-0.249058199999999
China,CHN,Rule of Law - Governance estimate (approx. -2.5 to +2.5),GOV_WGI_RL.EST,-0.7004332,-0.5970818,-0.691498899999999,-0.795021299999999,-0.6904443,-0.6620808,-0.6211726,-0.5354403,-0.5204445,-0.5515574,-0.5093696,-0.5386195,-0.563864399999999
China,CHN,Voice and Accountability - Governance estimate (approx. -2.5 to +2.5),GOV_WGI_VA.EST,-1.49515209999999,-1.3691389,-1.455172,-1.4723262,-1.3647981,-1.3924056,-1.3897969,-1.3804523,-1.4520217,-1.5025339,-1.54226819999999,-1.61369489999999,-1.6167147
China,CHN,Regulatory Quality - Governance estimate (approx. -2.5 to +2.5),GOV_WGI_RQ.EST,-0.1275767,-0.0991737999999999,-0.2489079,-0.262571999999999,-0.1691285,-0.1789518,-0.147913799999999,-0.0708427,-0.0905581,-0.0619233999999999,-0.0666201,-0.0246937,-0.0908271
Colombia,COL,Control of Corruption - Governance estimate (approx. -2.5 to +2.5),GOV_WGI_CC.EST,-0.376108499999999,-0.2066749,-0.4099866,-0.441234099999999,-0.3713217,-0.3173369,-0.3694889,-0.410863,-0.3185939,-0.272275,-0.256463899999999,-0.269745299999999,-0.256400299999999
Colombia,COL,Government Effectiveness - Governance estimate (approx. -2.5 to +2.5),GOV_WGI_GE.EST,-0.1486694,-0.0530657,-0.104984399999999,-0.0488964999999999,-0.2072724,-0.134012,-0.115066599999999,-0.1489232,-0.113928099999999,-0.0738128,-0.082969,-0.0318011,0.0015825
Colombia,COL,Political Stability - Governance estimate (approx. -2.5 to +2.5),GOV_WGI_PV.EST,-1.3306958,-1.1659142,-1.3314327,-1.29909379999999,-0.995331299999999,-0.9555119,-0.873548099999999,-0.779948499999999,-0.665561899999999,-0.9052968,-0.6819314,-1.0147831,-0.809182
Colombia,COL,Rule of Law - Governance estimate (approx. -2.5 to +2.5),GOV_WGI_RL.EST,-0.360987499999999,-0.3902442,-0.447664299999999,-0.483686599999999,-0.4114652,-0.3995338,-0.3488186,-0.3653829,-0.422010899999999,-0.452757099999999,-0.482495599999999,-0.506983,-0.5296476
Colombia,COL,Voice and Accountability - Governance estimate (approx. -2.5 to +2.5),GOV_WGI_VA.EST,-0.1461791,-0.0089158,-0.0525201,-0.112052,-0.0568228999999999,0.0168067,0.0341417,0.020767,0.0817099999999999,0.0805217999999999,0.0627933,-0.0098546,0.0288542
Colombia,COL,Regulatory Quality - Governance estimate (approx. -2.5 to +2.5),GOV_WGI_RQ.EST,0.056311,0.2180915,0.221908,0.2360812,0.2562707,0.3094832,0.2729462,0.1683573,0.108854,0.2323351,0.160839,0.2365791,0.1864213
Comoros,COM,Control of Corruption - Governance estimate (approx. -2.5 to +2.5),GOV_WGI_CC.EST,-0.795079099999999,-0.7945742,-0.7798117,-0.8220641,-0.8060681,-0.8467167,-0.8635472,-0.9443349,-1.02353499999999,-1.2697513,-1.32241109999999,-1.4088014,-1.33720709999999
Comoros,COM,Government Effectiveness - Governance estimate (approx. -2.5 to +2.5),GOV_WGI_GE.EST,-1.63052779999999,-1.6969104,-1.5902603,-1.527998,-1.3214626,-1.4105773,-1.3535015,-1.29554259999999,-1.313442,-1.34315149999999,-1.37485899999999,-1.55203659999999,-1.3767923
Comoros,COM,Political Stability - Governance estimate (approx. -2.5 to +2.5),GOV_WGI_PV.EST,-0.4825094,-0.5277008,-0.3950629,-0.2395935,-0.0153216999999999,-0.0966781999999999,-0.2599683,-0.1999982,-0.407626,-0.4550338,-0.4562829,-0.3981267,-0.374766
Comoros,COM,Rule of Law - Governance estimate (approx. -2.5 to +2.5),GOV_WGI_RL.EST,-1.0378139,-1.0345801,-1.0292356,-0.964946699999999,-0.8098073,-0.7631998,-0.7360739,-0.824427999999999,-0.9141433,-0.981524,-1.0663536,-1.1021442,-1.17970929999999
Comoros,COM,Voice and Accountability - Governance estimate (approx. -2.5 to +2.5),GOV_WGI_VA.EST,-0.5873859,-0.5184542,-0.5483186,-0.621803099999999,-0.596658599999999,-0.677090699999999,-0.708650799999999,-0.706106999999999,-0.8163125,-1.1947881,-1.2150822,-1.28283139999999,-1.288717
Comoros,COM,Regulatory Quality - Governance estimate (approx. -2.5 to +2.5),GOV_WGI_RQ.EST,-1.4802115,-1.46831129999999,-1.4250109,-1.3969175,-1.2510772,-1.2404562,-1.223077,-1.222602,-1.2410959,-1.2136277,-1.2775189,-1.330504,-1.2493257
"Congo, Dem. Rep.",COD,Control of Corruption - Governance estimate (approx. -2.5 to +2.5),GOV_WGI_CC.EST,-1.41909129999999,-1.39535909999999,-1.3730997,-1.3705987,-1.4371692,-1.3932852,-1.4189706,-1.4338617,-1.5315596,-1.5570273,-1.4573026,-1.50417239999999,-1.5102589
"Congo, Dem. Rep.",COD,Government Effectiveness - Governance estimate (approx. -2.5 to +2.5),GOV_WGI_GE.EST,-1.67767209999999,-1.63878409999999,-1.5733358,-1.369127,-1.40088869999999,-1.4727107,-1.3846284,-1.45882809999999,-1.5190922,-1.57826,-1.6808836,-1.70495509999999,-1.73411619999999
"Congo, Dem. Rep.",COD,Political Stability - Governance estimate (approx. -2.5 to +2.5),GOV_WGI_PV.EST,-2.0298993,-2.1644541,-2.21679669999999,-2.2257153,-2.2481931,-2.01074219999999,-2.2189353,-2.26337839999999,-1.8967124,-1.6467983,-1.80629289999999,-1.6314631,-1.8455557
"Congo, Dem. Rep.",COD,Rule of Law - Governance estimate (approx. -2.5 to +2.5),GOV_WGI_RL.EST,-1.61640879999999,-1.6378424,-1.67236839999999,-1.6163831,-1.55097329999999,-1.57003159999999,-1.52723269999999,-1.59959419999999,-1.65695599999999,-1.649235,-1.6143214,-1.53122649999999,-1.5809744
"Congo, Dem. Rep.",COD,Voice and Accountability - Governance estimate (approx. -2.5 to +2.5),GOV_WGI_VA.EST,-1.3365794,-1.44055579999999,-1.44606639999999,-1.4381305,-1.34815289999999,-1.3123683,-1.40943209999999,-1.471641,-1.3529201,-1.17874029999999,-1.1257361,-1.1423478,-1.14413529999999
"Congo, Dem. Rep.",COD,Regulatory Quality - Governance estimate (approx. -2.5 to +2.5),GOV_WGI_RQ.EST,-1.45614319999999,-1.4304309,-1.4086777,-1.2472691,-1.2192687,-1.265019,-1.207594,-1.281525,-1.2952622,-1.3641956,-1.36869589999999,-1.3231263,-1.3074062
"Congo, Rep.",COG,Control of Corruption - Governance estimate (approx. -2.5 to +2.5),GOV_WGI_CC.EST,-1.1727804,-1.1227079,-1.2236744,-1.1924841,-1.2753339,-1.2818737,-1.2697622,-1.3044744,-1.36936939999999,-1.4947169,-1.3702576,-1.34316449999999,-1.36385159999999
"Congo, Rep.",COG,Government Effectiveness - Governance estimate (approx. -2.5 to +2.5),GOV_WGI_GE.EST,-1.11770219999999,-1.10321159999999,-1.0475415,-1.1096762,-0.929383,-0.8351827,-0.8123243,-0.8685556,-0.9770525,-0.9420603,-1.1735413,-1.1895932,-1.1313765
"Congo, Rep.",COG,Political Stability - Governance estimate (approx. -2.5 to +2.5),GOV_WGI_PV.EST,-0.532351,-0.6251959,-0.668392299999999,-0.5775904,-0.474273699999999,-0.7582165,-0.760806,-0.7695685,-0.6896411,-0.5963817,-0.5758284,-0.517419899999999,-0.1445911
"Congo, Rep.",COG,Rule of Law - Governance estimate (approx. -2.5 to +2.5),GOV_WGI_RL.EST,-1.21704219999999,-1.2164845,-1.1966054,-1.182882,-1.1269949,-1.0761749,-1.1470002,-1.1856071,-1.2048968,-1.22240669999999,-1.2489371,-1.23331679999999,-1.2067389
"Congo, Rep.",COG,Voice and Accountability - Governance estimate (approx. -2.5 to +2.5),GOV_WGI_VA.EST,-1.0975082,-1.0979268,-1.1414271,-1.1074311,-1.1230949,-1.0367267,-1.13554169999999,-1.1395448,-1.2112094,-1.28469679999999,-1.2242845,-1.2723726,-1.26993509999999
"Congo, Rep.",COG,Regulatory Quality - Governance estimate (approx. -2.5 to +2.5),GOV_WGI_RQ.EST,-1.1313015,-1.1564755,-1.1262868,-1.0833788,-1.0410129,-0.9831998,-1.06324589999999,-1.18652,-1.1717606,-1.2153336,-1.32058079999999,-1.1613755,-1.2181294
Cook Islands,COK,Control of Corruption - Governance estimate (approx. -2.5 to +2.5),GOV_WGI_CC.EST,0.1672639,0.1624394,-0.1645849,-0.1637744,-0.17328,-0.1648083,..,..,..,..,..,..,0.1263752
Cook Islands,COK,Government Effectiveness - Governance estimate (approx. -2.5 to +2.5),GOV_WGI_GE.EST,-0.491680499999999,-0.467079199999999,-0.7884165,-0.787608499999999,-0.754933899999999,-0.7609589,..,..,..,..,..,..,0.0321933
Cook Islands,COK,Political Stability - Governance estimate (approx. -2.5 to +2.5),GOV_WGI_PV.EST,1.5857688,1.5716047,1.5701095,1.5655411,1.5813217,..,..,..,0.9824054,1.1021535,1.1883308,1.2207442,1.194571
Cook Islands,COK,Rule of Law - Governance estimate (approx. -2.5 to +2.5),GOV_WGI_RL.EST,-0.4376712,-0.3779455,-0.7065176,-0.744213799999999,-0.7251806,-0.7083915,..,..,0.9806873,1.0985605,1.1914175,1.2138301,0.8009975
Cook Islands,COK,Voice and Accountability - Governance estimate (approx. -2.5 to +2.5),GOV_WGI_VA.EST,-0.0551421,-0.0353488,-0.1790399,-0.2034465,-0.1771749,-0.170517399999999,..,..,0.7716623,0.8481749,0.9117293,0.9822008,0.5848707
Cook Islands,COK,Regulatory Quality - Governance estimate (approx. -2.5 to +2.5),GOV_WGI_RQ.EST,-0.5506151,-0.549156299999999,-0.8754016,-0.8782915,-0.884730399999999,-0.8663282,..,..,..,..,..,..,-0.2207362
Costa Rica,CRI,Control of Corruption - Governance estimate (approx. -2.5 to +2.5),GOV_WGI_CC.EST,0.6993258,0.6579069,0.670503,0.6633217,0.7809898,0.7699694,0.8034365,0.5853521,0.6496945,0.7249661,0.756375,0.590956,0.5669805
Costa Rica,CRI,Government Effectiveness - Governance estimate (approx. -2.5 to +2.5),GOV_WGI_GE.EST,0.4026744,0.3641095,0.4335446,0.3382818,0.3669615,0.3596651,0.315527,0.3339142,0.3528682,0.3043657,0.2258033,0.2714874,0.1212348
Costa Rica,CRI,Political Stability - Governance estimate (approx. -2.5 to +2.5),GOV_WGI_PV.EST,0.7938234,0.6316858,0.655542,0.6591343,0.6803966,0.7458992,0.7331119,0.7405908,0.6346654,0.6261254,0.9250217,1.0171458,1.1460641
Costa Rica,CRI,Rule of Law - Governance estimate (approx. -2.5 to +2.5),GOV_WGI_RL.EST,0.6499221,0.4626021,0.4471085,0.4576895,0.5463937,0.5212516,0.5143501,0.54111,0.518591,0.5808637,0.6316985,0.6104539,0.6675589
Costa Rica,CRI,Voice and Accountability - Governance estimate (approx. -2.5 to +2.5),GOV_WGI_VA.EST,1.1191398,1.110229,1.0972617,1.08912,1.1415848,1.1586172,1.1385772,1.1764736,1.2067174,1.1972153,1.2021175,1.126743,1.1110038
Costa Rica,CRI,Regulatory Quality - Governance estimate (approx. -2.5 to +2.5),GOV_WGI_RQ.EST,0.6253571,0.5711371,0.6859128,0.7356994,0.524805,0.6166595,0.6548876,0.5457847,0.6513804,0.6689887,0.5391413,0.5605961,0.5923863
Cote d'Ivoire,CIV,Control of Corruption - Governance estimate (approx. -2.5 to +2.5),GOV_WGI_CC.EST,-1.00570309999999,-0.9073893,-0.835052,-0.7559365,-0.4250952,-0.4307488,-0.471418699999999,-0.4649251,-0.483168999999999,-0.5301004,-0.4863208,-0.446876999999999,-0.370305999999999
Cote d'Ivoire,CIV,Government Effectiveness - Governance estimate (approx. -2.5 to +2.5),GOV_WGI_GE.EST,-1.25140649999999,-1.20852,-1.06664579999999,-0.9238056,-0.721840199999999,-0.5999604,-0.610353199999999,-0.5958625,-0.5079239,-0.489134199999999,-0.4875808,-0.5005974,-0.354842
Cote d'Ivoire,CIV,Political Stability - Governance estimate (approx. -2.5 to +2.5),GOV_WGI_PV.EST,-1.84989379999999,-1.6395136,-1.5191192,-1.2086343,-1.0370019,-0.7838544,-0.8652379,-1.0411412,-0.9182691,-1.0134615,-1.16712789999999,-0.895587799999999,-0.716317499999999
Cote d'Ivoire,CIV,Rule of Law - Governance estimate (approx. -2.5 to +2.5),GOV_WGI_RL.EST,-1.2583646,-1.3422528,-1.03930259999999,-0.9376194,-0.6596147,-0.6916479,-0.679972399999999,-0.694249799999999,-0.6230846,-0.599899499999999,-0.618331,-0.6527655,-0.6021757
Cote d'Ivoire,CIV,Voice and Accountability - Governance estimate (approx. -2.5 to +2.5),GOV_WGI_VA.EST,-1.0250035,-1.0268298,-0.838305,-0.8051769,-0.6838095,-0.602650599999999,-0.628304099999999,-0.5960906,-0.480761799999999,-0.464221999999999,-0.666806999999999,-0.7085168,-0.6597367
Cote d'Ivoire,CIV,Regulatory Quality - Governance estimate (approx. -2.5 to +2.5),GOV_WGI_RQ.EST,-0.9544514,-0.9415677,-0.797894,-0.7101269,-0.5486818,-0.4458059,-0.4435669,-0.4052154,-0.297267,-0.3160613,-0.321199499999999,-0.289141,-0.2155259
Croatia,HRV,Control of Corruption - Governance estimate (approx. -2.5 to +2.5),GOV_WGI_CC.EST,0.1141188,0.1086579,0.0944764999999999,0.1136039,0.1153811,0.1722605,0.1085585,0.0456235,0.0249186,0.0249751,0.1356925,0.0954983,0.1067785
Croatia,HRV,Government Effectiveness - Governance estimate (approx. -2.5 to +2.5),GOV_WGI_GE.EST,0.2868905,0.240585,0.4012631,0.4156062,0.4256344,0.2567445,0.2649439,0.404068,0.4927546,0.4191078,0.5056587,0.7557995,0.7162336
Croatia,HRV,Political Stability - Governance estimate (approx. -2.5 to +2.5),GOV_WGI_PV.EST,0.6992294,0.6832234,0.6651026,0.6983074,0.6331008,0.611397,0.6354526,0.6251591,0.7689202,0.7476171,0.6477441,0.6364386,0.7321186
Croatia,HRV,Rule of Law - Governance estimate (approx. -2.5 to +2.5),GOV_WGI_RL.EST,0.2139766,0.240209,0.267695,0.2615987,0.3591069,0.333543,0.3047754,0.3433337,0.2554052,0.31002,0.3486941,0.4127964,0.4345096
Croatia,HRV,Voice and Accountability - Governance estimate (approx. -2.5 to +2.5),GOV_WGI_VA.EST,0.5866916,0.5073076,0.574486,0.513264,0.5360017,0.5836676,0.5260745,0.4559302,0.3876269,0.4375104,0.5711056,0.5908861,0.5940068
Croatia,HRV,Regulatory Quality - Governance estimate (approx. -2.5 to +2.5),GOV_WGI_RQ.EST,0.3131224,0.2745086,0.2064496,0.2263801,0.1190738,0.1462806,0.180344,0.2956415,0.3955931,0.38478,0.2017786,0.3318001,0.2993308
Cuba,CUB,Control of Corruption - Governance estimate (approx. -2.5 to +2.5),GOV_WGI_CC.EST,0.4889156,0.4883787,0.4572964,0.3160506,0.2926138,0.2903657,0.00530579999999999,0.0402953,-0.0111422,-0.1433557,-0.1430736,-0.2211207,-0.2238752
Cuba,CUB,Government Effectiveness - Governance estimate (approx. -2.5 to +2.5),GOV_WGI_GE.EST,-0.595966099999999,-0.5964777,-0.4747673,-0.4746378,-0.0016531,-0.00261849999999999,-0.0350921,-0.0638778,-0.211616,-0.1082032,-0.1099187,-0.0976359,0.0198019
Cuba,CUB,Political Stability - Governance estimate (approx. -2.5 to +2.5),GOV_WGI_PV.EST,0.4544143,0.2361692,0.2398598,0.3041157,0.5757986,0.5847166,0.6142617,0.5729674,0.5676311,0.6592457,0.6687382,0.4994388,0.4974928
Cuba,CUB,Rule of Law - Governance estimate (approx. -2.5 to +2.5),GOV_WGI_RL.EST,-0.9527566,-0.9101838,-0.8796389,-0.8771996,-0.8454438,-0.880566699999999,-0.8469491,-0.874022899999999,-0.8329432,-0.7580682,-0.5749692,-0.6486658,-0.4977926
Cuba,CUB,Voice and Accountability - Governance estimate (approx. -2.5 to +2.5),GOV_WGI_VA.EST,-1.5192541,-1.50057899999999,-1.49915399999999,-1.46986589999999,-1.4282708,-1.39812809999999,-1.41036119999999,-1.4159595,-1.2856792,-1.1895935,-1.1899555,-1.2291961,-1.2297456
Cuba,CUB,Regulatory Quality - Governance estimate (approx. -2.5 to +2.5),GOV_WGI_RQ.EST,-1.6241742,-1.6239119,-1.38237189999999,-1.3468561,-1.0973937,-0.9848517,-1.1406888,-1.14007709999999,-1.2250246,-1.2243427,-1.2255038,-1.1730802,-1.1673033
Cyprus,CYP,Control of Corruption - Governance estimate (approx. -2.5 to +2.5),GOV_WGI_CC.EST,1.1061312,1.0124344,1.0052242,0.9856079,0.7530793,0.6824205,0.7247771,0.8179827,0.6608595,0.6807343,0.4663521,0.4905518,0.5652889
Cyprus,CYP,Government Effectiveness - Governance estimate (approx. -2.5 to +2.5),GOV_WGI_GE.EST,1.4784399,1.4990644,1.485049,1.4722986,1.1190613,1.0770285,1.0483689,1.1146166,0.860738,0.9974556,1.0026015,0.86,0.9509266
Cyprus,CYP,Political Stability - Governance estimate (approx. -2.5 to +2.5),GOV_WGI_PV.EST,0.7665588,0.7840771,0.7933209,0.7163623,0.7031147,0.6831374,0.7672285,0.6738103,0.6561041,0.7399069,0.4538116,0.4791734,0.3811357
Cyprus,CYP,Rule of Law - Governance estimate (approx. -2.5 to +2.5),GOV_WGI_RL.EST,1.1894709,0.9579583,0.9610401,0.8635981,0.8227872,0.835657,0.834571,0.9252619,0.8521444,0.8580537,0.7472668,0.7712279,0.7642266
Cyprus,CYP,Voice and Accountability - Governance estimate (approx. -2.5 to +2.5),GOV_WGI_VA.EST,1.1474284,1.1525291,1.1030943,1.0462418,1.0347024,1.0108417,1.0198642,1.0417544,1.0535864,1.0941113,1.0583368,0.9075915,0.8916138
Cyprus,CYP,Regulatory Quality - Governance estimate (approx. -2.5 to +2.5),GOV_WGI_RQ.EST,1.4438511,1.2151122,1.0369259,0.8202721,0.9876497,0.9934827,0.98056,0.9695105,0.9434584,1.0395499,0.8979194,0.8484873,0.7331313
Czechia,CZE,Control of Corruption - Governance estimate (approx. -2.5 to +2.5),GOV_WGI_CC.EST,0.3937065,0.4745101,0.4104378,0.3827776,0.5091331,0.5929256,0.6247694,0.7473855,0.6140583,0.6034081,0.6341668,0.7300087,0.8031753
Czechia,CZE,Government Effectiveness - Governance estimate (approx. -2.5 to +2.5),GOV_WGI_GE.EST,0.713873,0.7416914,0.7285974,0.6929877,0.9017758,0.9304102,1.0079335,1.0284233,1.0258091,0.971418,1.0855924,1.1010113,1.1951482
Czechia,CZE,Political Stability - Governance estimate (approx. -2.5 to +2.5),GOV_WGI_PV.EST,1.0992694,1.1297603,1.1228486,1.1188359,1.1241036,1.100576,1.0617374,1.0199948,1.0436452,1.0363667,0.9082209,0.9968819,0.9957469
Czechia,CZE,Rule of Law - Governance estimate (approx. -2.5 to +2.5),GOV_WGI_RL.EST,0.7330604,0.8440617,0.8309207,0.8587857,0.9570647,1.0475127,1.0846322,1.13083,1.0403101,1.116394,1.1245932,1.1669833,1.1392733
Czechia,CZE,Voice and Accountability - Governance estimate (approx. -2.5 to +2.5),GOV_WGI_VA.EST,0.960342,0.9199571,0.8854643,0.9119659,0.9617226,0.9870659,0.9821893,0.8284651,0.7634218,0.888522,1.0021327,1.0405404,1.0848262
Czechia,CZE,Regulatory Quality - Governance estimate (approx. -2.5 to +2.5),GOV_WGI_RQ.EST,1.1026865,1.0263037,0.9257526,0.947901,0.812549,0.9885827,0.9408369,1.1404044,1.1466245,1.1215213,1.0899444,1.2403943,1.3279348
Denmark,DNK,Control of Corruption - Governance estimate (approx. -2.5 to +2.5),GOV_WGI_CC.EST,2.2632106,2.3322647,2.258271,2.2419071,2.1516341,2.1589365,2.1677475,2.1877812,2.1580954,2.1562325,2.2645808,2.2948313,2.3022376
Denmark,DNK,Government Effectiveness - Governance estimate (approx. -2.5 to +2.5),GOV_WGI_GE.EST,1.920097,2.0426979,1.9667251,1.9589905,1.8095293,1.7943827,1.8352349,1.8254188,1.920528,1.9444854,1.9999488,2.1905145,2.0983389
Denmark,DNK,Political Stability - Governance estimate (approx. -2.5 to +2.5),GOV_WGI_PV.EST,1.1703202,1.155094,1.0433934,1.0203721,1.1307994,1.0198991,0.9320841,0.9149035,1.0018359,0.8984987,0.8682976,0.8409469,0.8416401
Denmark,DNK,Rule of Law - Governance estimate (approx. -2.5 to +2.5),GOV_WGI_RL.EST,1.8409141,1.8953729,1.9226675,1.8977246,1.9105598,1.9817984,1.9474066,1.9374557,1.9248352,2.0201937,1.9748465,2.0133921,2.0023268
Denmark,DNK,Voice and Accountability - Governance estimate (approx. -2.5 to +2.5),GOV_WGI_VA.EST,1.7535682,1.7539873,1.8432156,1.8219441,1.6861879,1.8029116,1.8008604,1.6950847,1.7815998,1.7878967,1.8719672,1.9120246,1.9129484
Denmark,DNK,Regulatory Quality - Governance estimate (approx. -2.5 to +2.5),GOV_WGI_RQ.EST,1.9388202,1.9897696,1.8221563,1.8256852,1.6614901,1.7644765,1.7589174,1.7913698,1.8428455,1.9335346,1.9761315,1.9974993,2.020588
Djibouti,DJI,Control of Corruption - Governance estimate (approx. -2.5 to +2.5),GOV_WGI_CC.EST,-0.5264958,-0.5260663,-0.5478799,-0.620851399999999,-0.7346191,-0.729731599999999,-0.7112911,-0.7643067,-0.821555599999999,-0.9286163,-0.814078299999999,-0.9086172,-0.9087909
Djibouti,DJI,Government Effectiveness - Governance estimate (approx. -2.5 to +2.5),GOV_WGI_GE.EST,-0.729241799999999,-0.725115499999999,-0.768965799999999,-0.7216376,-0.6905333,-0.7524266,-0.712875399999999,-0.779234499999999,-0.772010699999999,-0.6529552,-0.675007399999999,-0.647701299999999,-0.5581809
Djibouti,DJI,Political Stability - Governance estimate (approx. -2.5 to +2.5),GOV_WGI_PV.EST,0.3584284,0.1177782,0.1173704,-0.2955231,-0.3843552,-0.493180099999999,-0.7074408,-0.7552217,-0.296717499999999,-0.3842768,-0.4591955,-0.5273642,-0.4774121
Djibouti,DJI,Rule of Law - Governance estimate (approx. -2.5 to +2.5),GOV_WGI_RL.EST,-0.7820756,-0.864629,-0.865352799999999,-0.917468,-1.0251459,-1.0027773,-1.0026644,-1.01021689999999,-0.9865925,-1.0072723,-1.0447412,-1.0311038,-1.0215603
Djibouti,DJI,Voice and Accountability - Governance estimate (approx. -2.5 to +2.5),GOV_WGI_VA.EST,-1.075547,-1.2197109,-1.257943,-1.3687557,-1.3474302,-1.3363074,-1.2586587,-1.2859353,-1.2354091,-1.26267139999999,-1.1935356,-1.1996692,-1.2068256
Djibouti,DJI,Regulatory Quality - Governance estimate (approx. -2.5 to +2.5),GOV_WGI_RQ.EST,-0.7631836,-0.7534194,-0.689775799999999,-0.753186199999999,-0.7204568,-0.7293921,-0.715720799999999,-0.6812526,-0.7398709,-0.772907799999999,-0.830967799999999,-0.7686696,-0.769363799999999
Dominica,DMA,Control of Corruption - Governance estimate (approx. -2.5 to +2.5),GOV_WGI_CC.EST,0.8317948,0.8301434,0.8267117,0.8269725,0.6052154,0.6194167,0.6205238,0.62126,0.5097888,0.4981335,0.4019084,0.3994373,0.3990364
Dominica,DMA,Government Effectiveness - Governance estimate (approx. -2.5 to +2.5),GOV_WGI_GE.EST,0.6879945,0.6135665,0.6138167,0.6140962,0.1205519,0.118468,0.0457581,-0.4588519,-0.4575605,-0.4563017,-0.3864624,-0.384329,-0.0222235
Dominica,DMA,Political Stability - Governance estimate (approx. -2.5 to +2.5),GOV_WGI_PV.EST,1.098788,1.0934992,1.092941,1.0912351,1.1473784,1.1120789,0.9362782,1.1093885,1.112031,0.9867091,1.2385037,1.2367945,1.2397365
Dominica,DMA,Rule of Law - Governance estimate (approx. -2.5 to +2.5),GOV_WGI_RL.EST,0.9098685,0.8499179,0.8484471,0.8451595,0.6962779,0.7343047,0.7305425,0.6990632,0.6138951,0.6025772,0.5984586,0.5368851,0.5641308
Dominica,DMA,Voice and Accountability - Governance estimate (approx. -2.5 to +2.5),GOV_WGI_VA.EST,0.9459527,0.9479093,0.917842,0.9115175,0.9141033,0.5437182,0.5435555,0.528835,0.4330706,0.4072504,0.3358446,0.3267128,0.3185418
Dominica,DMA,Regulatory Quality - Governance estimate (approx. -2.5 to +2.5),GOV_WGI_RQ.EST,0.5839169,0.4752437,0.521512,0.5208123,0.3779611,0.2329832,0.2337346,0.174223,0.159295,0.1189288,0.1541986,0.1493075,0.1471658
Dominican Republic,DOM,Control of Corruption - Governance estimate (approx. -2.5 to +2.5),GOV_WGI_CC.EST,-0.7609997,-0.7070725,-0.7816871,-0.770886899999999,-0.755538199999999,-0.7903907,-0.794053,-0.801055499999999,-0.8443735,-0.802128499999999,-0.706555199999999,-0.545258,-0.422172599999999
Dominican Republic,DOM,Government Effectiveness - Governance estimate (approx. -2.5 to +2.5),GOV_WGI_GE.EST,-0.7108721,-0.6735468,-0.500899299999999,-0.4176139,-0.1120342,-0.303055299999999,-0.243263899999999,-0.314226599999999,-0.3568186,-0.299485699999999,-0.3603632,-0.1501487,-0.121071299999999
Dominican Republic,DOM,Political Stability - Governance estimate (approx. -2.5 to +2.5),GOV_WGI_PV.EST,-0.0570436999999999,-0.0597805999999999,0.0313944,-0.0097174,0.0549569,0.1170524,0.1555826,0.0918722,0.0030759,0.0515231,0.2361204,0.3502987,0.4914554
Dominican Republic,DOM,Rule of Law - Governance estimate (approx. -2.5 to +2.5),GOV_WGI_RL.EST,-0.658293999999999,-0.6041963,-0.5862733,-0.5420109,-0.413435,-0.5344359,-0.5326099,-0.5595468,-0.5483264,-0.4801078,-0.3813297,-0.3243436,-0.2774196
Dominican Republic,DOM,Voice and Accountability - Governance estimate (approx. -2.5 to +2.5),GOV_WGI_VA.EST,0.0337112,-0.0206158,0.0500891,-0.0140626,0.0457756,-0.0123257,-0.0169925,-0.0263768,-0.0353179,0.00338979999999999,0.0633816,0.0897951999999999,0.1170494
Dominican Republic,DOM,Regulatory Quality - Governance estimate (approx. -2.5 to +2.5),GOV_WGI_RQ.EST,-0.0661851,-0.1878076,-0.1849073,-0.1742221,-0.1490567,-0.0898717,-0.065041,-0.1071549,-0.1446846,-0.1017681,-0.0974015999999999,-0.0103431,-0.0598314999999999
Ecuador,ECU,Control of Corruption - Governance estimate (approx. -2.5 to +2.5),GOV_WGI_CC.EST,-0.711728799999999,-0.669629799999999,-0.6136706,-0.584110999999999,-0.7552215,-0.7228483,-0.766105399999999,-0.775722799999999,-0.618424299999999,-0.5273627,-0.5183859,-0.6326965,-0.655353
Ecuador,ECU,Government Effectiveness - Governance estimate (approx. -2.5 to +2.5),GOV_WGI_GE.EST,-0.4838765,-0.3010584,-0.292018799999999,-0.1859129,-0.1076037,-0.193812999999999,-0.1531976,-0.142592499999999,-0.213034,-0.195296299999999,-0.343507499999999,-0.1107469,0.00162489999999999
Ecuador,ECU,Political Stability - Governance estimate (approx. -2.5 to +2.5),GOV_WGI_PV.EST,-0.6609602,-0.7429017,-0.660745199999999,-0.2633528,-0.0167487,-0.1822625,-0.1672879,-0.1273984,-0.0672488,-0.209832,-0.1513823,-0.1983083,-0.2336288
Ecuador,ECU,Rule of Law - Governance estimate (approx. -2.5 to +2.5),GOV_WGI_RL.EST,-1.0787288,-1.0913867,-1.0775133,-0.994210199999999,-1.0146122,-1.0655454,-0.965986399999999,-0.8823998,-0.7671005,-0.6485634,-0.5676359,-0.4314709,-0.5794902
Ecuador,ECU,Voice and Accountability - Governance estimate (approx. -2.5 to +2.5),GOV_WGI_VA.EST,-0.1711153,-0.183273,-0.339713999999999,-0.3577029,-0.317060499999999,-0.4061724,-0.3716661,-0.326162599999999,-0.1611409,-0.1418141,-0.1590886,-0.0753616999999999,-0.0898423
Ecuador,ECU,Regulatory Quality - Governance estimate (approx. -2.5 to +2.5),GOV_WGI_RQ.EST,-1.2560471,-1.1368099,-0.9981981,-0.8297139,-0.760396899999999,-0.9664965,-0.8667598,-0.937257,-0.8243339,-0.731576999999999,-0.7359599,-0.5551263,-0.4783493
"Egypt, Arab Rep.",EGY,Control of Corruption - Governance estimate (approx. -2.5 to +2.5),GOV_WGI_CC.EST,-0.608266,-0.5611174,-0.5175138,-0.5658677,-0.576257999999999,-0.5639736,-0.4472655,-0.4059653,-0.4749757,-0.652109199999999,-0.7914606,-0.7873199,-0.7776624
"Egypt, Arab Rep.",EGY,Government Effectiveness - Governance estimate (approx. -2.5 to +2.5),GOV_WGI_GE.EST,-0.482093799999999,-0.493349,-0.5323164,-0.764836299999999,-0.644012799999999,-0.5216722,-0.440950399999999,-0.406895199999999,-0.405885499999999,-0.118641699999999,-0.234355899999999,-0.225102299999999,-0.1434309
"Egypt, Arab Rep.",EGY,Political Stability - Governance estimate (approx. -2.5 to +2.5),GOV_WGI_PV.EST,-1.0007352,-1.68884559999999,-1.58945659999999,-1.8070331,-1.5091298,-1.5178167,-1.5399732,-1.4711477,-1.26200959999999,-1.19692089999999,-1.1172787,-1.066781,-0.9542974
"Egypt, Arab Rep.",EGY,Rule of Law - Governance estimate (approx. -2.5 to +2.5),GOV_WGI_RL.EST,-0.2849681,-0.51085,-0.5396816,-0.795294,-0.839702699999999,-0.8381446,-0.8445636,-0.774614199999999,-0.739756099999999,-0.749387999999999,-0.789880599999999,-0.8185251,-0.772813099999999
"Egypt, Arab Rep.",EGY,Voice and Accountability - Governance estimate (approx. -2.5 to +2.5),GOV_WGI_VA.EST,-1.0903918,-1.0149758,-0.7796626,-1.0853614,-1.2061889,-1.27674619999999,-1.341413,-1.33211219999999,-1.5263923,-1.5713115,-1.587094,-1.65797359999999,-1.6315045
"Egypt, Arab Rep.",EGY,Regulatory Quality - Governance estimate (approx. -2.5 to +2.5),GOV_WGI_RQ.EST,-0.0846898,-0.2206717,-0.5120719,-0.738630799999999,-0.7425351,-0.7363711,-0.7670926,-0.7082554,-0.742675299999999,-0.7028437,-0.6355909,-0.5701379,-0.6685017
El Salvador,SLV,Control of Corruption - Governance estimate (approx. -2.5 to +2.5),GOV_WGI_CC.EST,-0.2559994,-0.168123,-0.412827599999999,-0.3454095,-0.4848632,-0.523622599999999,-0.5627985,-0.5282498,-0.579658,-0.5208324,-0.5107438,-0.5616664,-0.680151
El Salvador,SLV,Government Effectiveness - Governance estimate (approx. -2.5 to +2.5),GOV_WGI_GE.EST,-0.207951499999999,-0.2858874,-0.2629505,-0.2285247,-0.1173206,-0.3051905,-0.324718499999999,-0.3512048,-0.3651057,-0.3446971,-0.1427333,-0.2484854,-0.387094
El Salvador,SLV,Political Stability - Governance estimate (approx. -2.5 to +2.5),GOV_WGI_PV.EST,0.0373531,0.0229262,0.1962335,-0.1174817,-0.1004167,-0.1411131,-0.2511021,-0.3360373,-0.420064599999999,-0.2138062,-0.1497936,-0.222007099999999,-0.0998814
El Salvador,SLV,Rule of Law - Governance estimate (approx. -2.5 to +2.5),GOV_WGI_RL.EST,-0.7999777,-0.6816525,-0.8105369,-0.681355199999999,-0.6097108,-0.7675683,-0.7459281,-0.8610369,-0.831723099999999,-0.7489712,-0.6910565,-0.83512,-0.9646984
El Salvador,SLV,Voice and Accountability - Governance estimate (approx. -2.5 to +2.5),GOV_WGI_VA.EST,0.032629,-0.0157832,-0.116027499999999,-0.0962094999999999,0.0477758,-0.0514586999999999,-0.0424607,-0.0652348,-0.129725199999999,-0.0355093,-0.093384,-0.334136999999999,-0.577896899999999
El Salvador,SLV,Regulatory Quality - Governance estimate (approx. -2.5 to +2.5),GOV_WGI_RQ.EST,0.4860596,0.4552317,0.2304693,0.2347388,0.1904279,0.1043314,-0.0119876,-0.063322,-0.0241538,-0.0559227999999999,-0.0750467,-0.2893204,-0.3858311
Equatorial Guinea,GNQ,Control of Corruption - Governance estimate (approx. -2.5 to +2.5),GOV_WGI_CC.EST,-1.2609948,-1.261717,-1.26321779999999,-1.30996279999999,-1.58996809999999,-1.5888102,-1.6329041,-1.63363519999999,-1.5191557,-1.5178173,-1.51748099999999,-1.51813589999999,-1.5183607
Equatorial Guinea,GNQ,Government Effectiveness - Governance estimate (approx. -2.5 to +2.5),GOV_WGI_GE.EST,-1.3172768,-1.3209115,-1.3207353,-1.35304729999999,-0.977450199999999,-0.997541799999999,-0.973975199999999,-1.0052134,-0.984674699999999,-1.009579,-1.06237919999999,-1.041591,-1.17575719999999
Equatorial Guinea,GNQ,Political Stability - Governance estimate (approx. -2.5 to +2.5),GOV_WGI_PV.EST,0.1280299,-0.0605353999999999,-0.0777002,-0.1980612,-0.5596512,-0.5106021,-0.404997699999999,-0.3950453,-0.3808707,-0.3400881,-0.380621,-0.3214725,-0.3481526
Equatorial Guinea,GNQ,Rule of Law - Governance estimate (approx. -2.5 to +2.5),GOV_WGI_RL.EST,-1.2288899,-1.226947,-1.2725022,-1.4111595,-1.48349469999999,-1.52240929999999,-1.5650886,-1.5657288,-1.6273258,-1.58846,-1.52793729999999,-1.528819,-1.4839685
Equatorial Guinea,GNQ,Voice and Accountability - Governance estimate (approx. -2.5 to +2.5),GOV_WGI_VA.EST,-1.7646289,-1.759199,-1.7678557,-1.79428829999999,-1.75267969999999,-1.7571359,-1.70734529999999,-1.69954079999999,-1.7287651,-1.707428,-1.7200521,-1.7265335,-1.73885699999999
Equatorial Guinea,GNQ,Regulatory Quality - Governance estimate (approx. -2.5 to +2.5),GOV_WGI_RQ.EST,-1.59766189999999,-1.57908989999999,-1.6259788,-1.6351215,-1.5390838,-1.5095134,-1.398269,-1.3973309,-1.4958505,-1.443702,-1.4963872,-1.4969104,-1.2793839
Eritrea,ERI,Control of Corruption - Governance estimate (approx. -2.5 to +2.5),GOV_WGI_CC.EST,-0.720041399999999,-0.7517438,-0.872825699999999,-0.9908114,-1.124763,-1.3519275,-1.35281649999999,-1.320663,-1.4338129,-1.4238042,-1.3612091,-1.36851339999999,-1.3644356
Eritrea,ERI,Government Effectiveness - Governance estimate (approx. -2.5 to +2.5),GOV_WGI_GE.EST,-1.1909988,-1.2937716,-1.3263806,-1.3919184,-1.2490594,-1.2742181,-1.2669749,-1.2739169,-1.42377589999999,-1.4628029,-1.3975653,-1.394653,-1.34348739999999
Eritrea,ERI,Political Stability - Governance estimate (approx. -2.5 to +2.5),GOV_WGI_PV.EST,-0.8910469,-0.8949954,-0.9125405,-0.983509699999999,-0.651784799999999,-0.7893504,-0.7487988,-0.834184199999999,-0.9260353,-0.9764301,-1.0705711,-1.02707899999999,-1.0696541
Eritrea,ERI,Rule of Law - Governance estimate (approx. -2.5 to +2.5),GOV_WGI_RL.EST,-1.5184043,-1.5167327,-1.51498929999999,-1.570103,-1.676812,-1.6533883,-1.6534478,-1.633707,-1.6817801,-1.6886873,-1.6238593,-1.6516587,-1.7694664
Eritrea,ERI,Voice and Accountability - Governance estimate (approx. -2.5 to +2.5),GOV_WGI_VA.EST,-2.2680878,-2.2744375,-2.361104,-2.3429253,-2.31982369999999,-2.31266839999999,-2.2514852,-2.256531,-2.1458016,-2.1503856,-2.13194839999999,-2.1460385,-2.1228333
Eritrea,ERI,Regulatory Quality - Governance estimate (approx. -2.5 to +2.5),GOV_WGI_RQ.EST,-1.8738187,-1.87367889999999,-1.8952942,-1.9571541,-1.9053624,-1.8843157,-1.92438579999999,-1.9095327,-1.9132827,-1.9646637,-1.95704219999999,-1.98880149999999,-1.9894957
Estonia,EST,Control of Corruption - Governance estimate (approx. -2.5 to +2.5),GOV_WGI_CC.EST,0.9912376,1.1623156,1.1139136,1.173543,1.2696404,1.2999987,1.2763152,1.280741,1.4976464,1.52358,1.5899428,1.5368104,1.5957125
Estonia,EST,Government Effectiveness - Governance estimate (approx. -2.5 to +2.5),GOV_WGI_GE.EST,1.0389597,1.0559372,1.0577763,1.0627505,1.1638114,1.0344114,1.0636815,1.0682358,1.2651627,1.1953645,1.3201957,1.3707206,1.3587321
Estonia,EST,Political Stability - Governance estimate (approx. -2.5 to +2.5),GOV_WGI_PV.EST,0.7732081,0.7183725,0.704313,0.8630858,1.024732,0.8918499,0.8731492,0.8425161,0.7988248,0.8235862,0.9178902,0.8879044,0.8742633
Estonia,EST,Rule of Law - Governance estimate (approx. -2.5 to +2.5),GOV_WGI_RL.EST,1.0862504,1.1574635,1.1538371,1.1910277,1.3434077,1.3613873,1.3740735,1.4064495,1.3621544,1.5061563,1.4988678,1.4888413,1.5220957
Estonia,EST,Voice and Accountability - Governance estimate (approx. -2.5 to +2.5),GOV_WGI_VA.EST,1.1185454,1.193398,1.1530285,1.1434192,1.2176114,1.2588335,1.2674888,1.29647,1.2712932,1.4094654,1.4142436,1.4062889,1.4173259
Estonia,EST,Regulatory Quality - Governance estimate (approx. -2.5 to +2.5),GOV_WGI_RQ.EST,1.4148898,1.4413017,1.458717,1.46505,1.5190269,1.5695561,1.6068172,1.5192028,1.431181,1.5431575,1.4919949,1.5595497,1.5410127
Eswatini,SWZ,Control of Corruption - Governance estimate (approx. -2.5 to +2.5),GOV_WGI_CC.EST,-0.0920035999999999,-0.132006899999999,-0.111456099999999,-0.134462,-0.2843032,-0.2787246,-0.2738615,-0.0881199,-0.272451599999999,-0.2969784,-0.3014253,-0.5806756,-0.6085804
Eswatini,SWZ,Government Effectiveness - Governance estimate (approx. -2.5 to +2.5),GOV_WGI_GE.EST,-0.255726499999999,-0.3542781,-0.1872129,-0.207609699999999,-0.2740835,-0.2900182,-0.248355699999999,-0.2875028,-0.4508541,-0.4962233,-0.6235547,-0.723303399999999,-0.6320655
Eswatini,SWZ,Political Stability - Governance estimate (approx. -2.5 to +2.5),GOV_WGI_PV.EST,-0.0016446,-0.539824699999999,-0.5257872,-0.547354999999999,-0.3976089,-0.4462561,-0.4484062,-0.380332699999999,-0.5468116,-0.3182636,-0.1948628,-0.428643699999999,-0.400835
Eswatini,SWZ,Rule of Law - Governance estimate (approx. -2.5 to +2.5),GOV_WGI_RL.EST,-0.601492599999999,-0.6936422,-0.6112614,-0.6068486,-0.5813088,-0.537880399999999,-0.5377407,-0.4682555,-0.46541,-0.5571124,-0.6595902,-0.6977002,-0.726965099999999
Eswatini,SWZ,Voice and Accountability - Governance estimate (approx. -2.5 to +2.5),GOV_WGI_VA.EST,-1.2327546,-1.2315025,-1.2510617,-1.21542249999999,-1.2606556,-1.2650606,-1.32648949999999,-1.3337719,-1.32322949999999,-1.2554067,-1.26470629999999,-1.30526869999999,-1.31343679999999
Eswatini,SWZ,Regulatory Quality - Governance estimate (approx. -2.5 to +2.5),GOV_WGI_RQ.EST,-0.402933899999999,-0.445625799999999,-0.4144504,-0.293597999999999,-0.380591399999999,-0.3859781,-0.4170142,-0.3867846,-0.5010658,-0.5229659,-0.524157499999999,-0.5237379,-0.621976499999999
Ethiopia,ETH,Control of Corruption - Governance estimate (approx. -2.5 to +2.5),GOV_WGI_CC.EST,-0.6997533,-0.6055573,-0.6106685,-0.5672534,-0.5429668,-0.5196265,-0.435890499999999,-0.5649481,-0.4565279,-0.4268519,-0.368558799999999,-0.4003096,-0.406565399999999
Ethiopia,ETH,Government Effectiveness - Governance estimate (approx. -2.5 to +2.5),GOV_WGI_GE.EST,-0.4772744,-0.5169232,-0.4212532,-0.5207719,-0.451422999999999,-0.5298526,-0.4771006,-0.5281279,-0.5328814,-0.5253376,-0.551689499999999,-0.650462099999999,-0.7000773
Ethiopia,ETH,Political Stability - Governance estimate (approx. -2.5 to +2.5),GOV_WGI_PV.EST,-1.5760665,-1.5281949,-1.613535,-1.3952471,-1.1765231,-1.26354339999999,-1.43965759999999,-1.5195725,-1.2054246,-1.1789771,-1.5934093,-2.0139565,-1.8659545
Ethiopia,ETH,Rule of Law - Governance estimate (approx. -2.5 to +2.5),GOV_WGI_RL.EST,-0.8369645,-0.847511,-0.7490211,-0.8458441,-0.7533654,-0.805187299999999,-0.798565,-0.782502799999999,-0.7938799,-0.7767788,-0.8139468,-0.9484534,-0.9181925
Ethiopia,ETH,Voice and Accountability - Governance estimate (approx. -2.5 to +2.5),GOV_WGI_VA.EST,-1.2490008,-1.2689659,-1.2547209,-1.3228999,-1.3018621,-1.3145088,-1.3385295,-1.369723,-1.1704682,-1.01667779999999,-1.0380249,-1.0719325,-1.1043087
Ethiopia,ETH,Regulatory Quality - Governance estimate (approx. -2.5 to +2.5),GOV_WGI_RQ.EST,-0.7207448,-0.861597699999999,-0.917400999999999,-1.06822369999999,-0.9043825,-0.902880599999999,-0.9613611,-0.898545399999999,-0.846342199999999,-0.828078099999999,-0.8158694,-0.7684521,-0.7815691
Fiji,FJI,Control of Corruption - Governance estimate (approx. -2.5 to +2.5),GOV_WGI_CC.EST,-0.1720755,0.0901135,0.0857756,0.0896913,0.3474414,0.3146995,0.3150779,0.344813,0.340503,0.6824056,0.5418111,0.4839702,0.4582725
Fiji,FJI,Government Effectiveness - Governance estimate (approx. -2.5 to +2.5),GOV_WGI_GE.EST,-0.5441368,-0.5254383,-0.5785579,-0.578263699999999,-0.0992434,-0.101437199999999,-0.100674599999999,-0.100427,0.4324074,1.1141072,0.6553479,0.7309158,0.5025006
Fiji,FJI,Political Stability - Governance estimate (approx. -2.5 to +2.5),GOV_WGI_PV.EST,-0.177588399999999,-0.1217703,-0.1223286,-0.124034399999999,0.3275632,0.3263655,0.7205988,0.3819841,0.6984111,0.6881602,0.6004415,0.6663534,0.782553
Fiji,FJI,Rule of Law - Governance estimate (approx. -2.5 to +2.5),GOV_WGI_RL.EST,-0.945171299999999,-0.8580439,-0.841065499999999,-0.8337905,-0.4315572,-0.283524799999999,-0.3532412,-0.2958768,-0.204869599999999,0.0630039999999999,0.1646154,0.1636161,0.2370994
Fiji,FJI,Voice and Accountability - Governance estimate (approx. -2.5 to +2.5),GOV_WGI_VA.EST,-1.1410748,-1.0977742,-0.966952599999999,-0.841415799999999,-0.308363899999999,-0.2660296,-0.2015064,-0.2429692,-0.018233,0.0019276,0.0852339999999999,0.00329959999999999,0.0180241
Fiji,FJI,Regulatory Quality - Governance estimate (approx. -2.5 to +2.5),GOV_WGI_RQ.EST,-0.8730854,-0.7969782,-0.7927599,-0.7220821,-0.246157799999999,-0.239896299999999,-0.2026016,-0.2010525,-0.2004155,0.152716,-0.1526032,-0.0698337,-0.0999849
Finland,FIN,Control of Corruption - Governance estimate (approx. -2.5 to +2.5),GOV_WGI_CC.EST,2.0755526,2.1357305,2.0890617,2.0358514,2.0450303,2.1750212,2.1900901,2.1795948,2.1834702,2.1845876,2.2354321,2.2264683,2.1894699
Finland,FIN,Government Effectiveness - Governance estimate (approx. -2.5 to +2.5),GOV_WGI_GE.EST,2.1469591,2.2380912,2.2730989,2.2328225,2.0675854,1.9234691,1.9380968,2.1101082,2.1598194,2.1491065,2.1354229,2.1560517,1.8972063
Finland,FIN,Political Stability - Governance estimate (approx. -2.5 to +2.5),GOV_WGI_PV.EST,1.4608384,1.4052403,1.3727278,1.3332335,1.3181701,1.1347824,1.0609919,1.1388152,1.041505,0.9978349,1.1572607,1.1287431,1.0892287
Finland,FIN,Rule of Law - Governance estimate (approx. -2.5 to +2.5),GOV_WGI_RL.EST,1.9445504,1.9050247,1.9912164,1.9176965,2.0147036,2.0648276,2.0616811,2.0894522,2.051007,2.1086885,2.108953,2.0708538,1.9939363
Finland,FIN,Voice and Accountability - Governance estimate (approx. -2.5 to +2.5),GOV_WGI_VA.EST,1.6635712,1.6936311,1.8195476,1.7599456,1.7486535,1.8318798,1.8122181,1.7957995,1.8561275,1.8337714,1.9151339,1.913997,1.9074802
Finland,FIN,Regulatory Quality - Governance estimate (approx. -2.5 to +2.5),GOV_WGI_RQ.EST,1.9607069,1.9132285,2.0005462,1.9418273,1.8789118,1.8686997,1.8147025,1.8324158,1.8525188,1.9937531,1.9717616,2.0110043,1.9092509
France,FRA,Control of Corruption - Governance estimate (approx. -2.5 to +2.5),GOV_WGI_CC.EST,1.3817944,1.503435,1.4686276,1.3296179,1.311456,1.2963551,1.3423858,1.3564923,1.4123369,1.3620502,1.2939757,1.422803,1.3856444
France,FRA,Government Effectiveness - Governance estimate (approx. -2.5 to +2.5),GOV_WGI_GE.EST,1.4409639,1.4686756,1.5129077,1.4742784,1.4539502,1.4592807,1.4200425,1.4018117,1.5186813,1.4821333,1.4906558,1.5363267,1.4637769
France,FRA,Political Stability - Governance estimate (approx. -2.5 to +2.5),GOV_WGI_PV.EST,0.7401354,0.5880869,0.6152427,0.4916417,0.3877863,0.1735665,-0.0415329,0.229972,0.1043516,0.2040672,0.1270887,0.1241525,0.0198376
France,FRA,Rule of Law - Governance estimate (approx. -2.5 to +2.5),GOV_WGI_RL.EST,1.2971705,1.1807407,1.2885997,1.2396775,1.2630022,1.2424867,1.2562889,1.2449136,1.225462,1.1849149,1.1272001,1.0805521,1.0195192
France,FRA,Voice and Accountability - Governance estimate (approx. -2.5 to +2.5),GOV_WGI_VA.EST,1.3338995,1.2227445,1.3133921,1.2297224,1.2106791,1.2297173,1.1836318,1.162837,1.152628,1.1253167,1.1823864,1.1650934,1.1796995
France,FRA,Regulatory Quality - Governance estimate (approx. -2.5 to +2.5),GOV_WGI_RQ.EST,1.2341536,1.108929,1.1365688,1.1440293,1.0322133,1.1137263,1.1025649,1.2328687,1.2678981,1.4571643,1.2588514,1.2843889,1.2688944
French Guiana,GUF,Control of Corruption - Governance estimate (approx. -2.5 to +2.5),GOV_WGI_CC.EST,1.3273144,1.3263165,1.3242427,1.3244003,1.1903933,1.1920406,1.193368,1.1924183,1.1940337,1.1962592,1.1968184,1.1957295,1.1953555
French Guiana,GUF,Government Effectiveness - Governance estimate (approx. -2.5 to +2.5),GOV_WGI_GE.EST,1.4825188,1.4816932,1.4819011,1.4821334,1.4915243,1.4897926,1.4903946,1.4905901,1.4916632,1.4927092,1.4897219,1.4914946,1.2859047
French Guiana,GUF,Political Stability - Governance estimate (approx. -2.5 to +2.5),GOV_WGI_PV.EST,0.1316319,0.1267035,0.1261833,0.1245937,0.3173906,0.3161713,0.3131355,0.3135074,0.3161239,0.2573287,0.3817679,0.3800755,0.5424152
French Guiana,GUF,Rule of Law - Governance estimate (approx. -2.5 to +2.5),GOV_WGI_RL.EST,1.111859,1.1163724,1.1146528,1.1108093,0.9367512,1.220061,1.2203431,1.1468365,1.1475174,1.0770308,1.0777827,1.0751185,0.9446594
French Guiana,GUF,Voice and Accountability - Governance estimate (approx. -2.5 to +2.5),GOV_WGI_VA.EST,0.8060669,0.808344,0.8064457,0.80365,0.8066594,0.807422,0.8064721,0.8056462,0.9708795,0.9702299,0.9693136,0.9629543,0.9608656
French Guiana,GUF,Regulatory Quality - Governance estimate (approx. -2.5 to +2.5),GOV_WGI_RQ.EST,1.2931055,1.2935969,1.2882272,1.2874313,1.3669714,1.3720395,1.3732246,1.3744785,1.3749941,1.3763918,1.1571758,1.1562185,1.059642
French Polynesia,PYF,Control of Corruption - Governance estimate (approx. -2.5 to +2.5),GOV_WGI_CC.EST,..,..,..,..,..,..,..,..,..,..,..,-0.2035976,-0.2079857
French Polynesia,PYF,Government Effectiveness - Governance estimate (approx. -2.5 to +2.5),GOV_WGI_GE.EST,..,..,..,..,..,..,..,..,..,..,..,..,..
French Polynesia,PYF,Political Stability - Governance estimate (approx. -2.5 to +2.5),GOV_WGI_PV.EST,..,..,..,..,..,..,..,..,..,0.9033343,0.9517964,1.0386429,1.0479309
French Polynesia,PYF,Rule of Law - Governance estimate (approx. -2.5 to +2.5),GOV_WGI_RL.EST,..,..,..,..,..,..,..,..,..,0.8978004,0.952574,1.0299512,1.0202576
French Polynesia,PYF,Voice and Accountability - Governance estimate (approx. -2.5 to +2.5),GOV_WGI_VA.EST,..,..,..,..,..,..,..,..,..,0.4985194,0.4862757,0.8876558,0.8832697
French Polynesia,PYF,Regulatory Quality - Governance estimate (approx. -2.5 to +2.5),GOV_WGI_RQ.EST,..,..,..,..,..,..,..,..,..,..,..,..,..
Gabon,GAB,Control of Corruption - Governance estimate (approx. -2.5 to +2.5),GOV_WGI_CC.EST,-0.790127399999999,-0.7302265,-0.6847821,-0.6819546,-0.830800499999999,-0.741064899999999,-0.689372299999999,-0.870111499999999,-0.820118999999999,-0.8194499,-0.8043948,-0.8653289,-1.0035399
Gabon,GAB,Government Effectiveness - Governance estimate (approx. -2.5 to +2.5),GOV_WGI_GE.EST,-0.581348099999999,-0.7953663,-0.9553429,-0.8356498,-0.6813684,-0.702388999999999,-0.6634804,-0.8272048,-0.779531299999999,-0.7880906,-0.8134549,-0.588664699999999,-0.5943568
Gabon,GAB,Political Stability - Governance estimate (approx. -2.5 to +2.5),GOV_WGI_PV.EST,-0.000929999999999999,-0.0247919,0.0644217,-0.0012508,-0.0865664999999999,-0.1148078,-0.534579199999999,-0.4524644,-0.393451,-0.2805716,-0.2194997,-0.28203,-0.1324826
Gabon,GAB,Rule of Law - Governance estimate (approx. -2.5 to +2.5),GOV_WGI_RL.EST,-0.6043955,-0.518889199999999,-0.469124999999999,-0.6486187,-0.6161267,-0.6346841,-0.551562099999999,-0.638817,-0.7730817,-0.865841899999999,-0.9315253,-0.9165415,-1.0937103
Gabon,GAB,Voice and Accountability - Governance estimate (approx. -2.5 to +2.5),GOV_WGI_VA.EST,-0.8611472,-0.8986902,-0.8329362,-0.873231499999999,-0.8845052,-0.888459999999999,-0.922775399999999,-0.984201799999999,-0.920816099999999,-0.918410699999999,-0.9268989,-0.952399799999999,-1.06249099999999
Gabon,GAB,Regulatory Quality - Governance estimate (approx. -2.5 to +2.5),GOV_WGI_RQ.EST,-0.411489899999999,-0.5188594,-0.5270081,-0.6584268,-0.6875047,-0.6567197,-0.6099754,-0.622216,-0.756495599999999,-0.8766721,-0.8995732,-0.832492799999999,-0.760076299999999
"Gambia, The",GMB,Control of Corruption - Governance estimate (approx. -2.5 to +2.5),GOV_WGI_CC.EST,-0.696732999999999,-0.6556196,-0.7701443,-0.8714738,-0.891646899999999,-0.9231417,-0.9137354,-0.503196099999999,-0.417942,-0.3416671,-0.222816799999999,-0.3139401,-0.3002052
"Gambia, The",GMB,Government Effectiveness - Governance estimate (approx. -2.5 to +2.5),GOV_WGI_GE.EST,-0.638967,-0.6268448,-0.5767663,-0.6098694,-0.5410093,-0.6335683,-0.6110704,-0.522074599999999,-0.5023406,-0.5361521,-0.5874216,-0.5131901,-0.502495799999999
"Gambia, The",GMB,Political Stability - Governance estimate (approx. -2.5 to +2.5),GOV_WGI_PV.EST,0.0735716999999999,-0.0174454,-0.221411399999999,-0.2420331,-0.3503537,-0.210501599999999,-0.446274,-0.196953699999999,-0.115459499999999,0.0678807,0.1363877,0.0231959,0.1344853
"Gambia, The",GMB,Rule of Law - Governance estimate (approx. -2.5 to +2.5),GOV_WGI_RL.EST,-0.6685595,-0.6923652,-0.7332373,-0.8035133,-0.8943356,-0.9141184,-0.964988099999999,-0.5615844,-0.4590143,-0.443056699999999,-0.336829999999999,-0.3721489,-0.3639747
"Gambia, The",GMB,Voice and Accountability - Governance estimate (approx. -2.5 to +2.5),GOV_WGI_VA.EST,-1.08244759999999,-1.1982281,-1.2368014,-1.2195775,-1.2094307,-1.3095822,-1.2057754,-0.654595399999999,-0.291369999999999,-0.3337986,-0.2585693,-0.201333999999999,-0.210048799999999
"Gambia, The",GMB,Regulatory Quality - Governance estimate (approx. -2.5 to +2.5),GOV_WGI_RQ.EST,-0.539204799999999,-0.5046122,-0.4463311,-0.62969,-0.617325599999999,-0.6927682,-0.636904599999999,-0.560059499999999,-0.7118009,-0.6967552,-0.70407,-0.754535499999999,-0.673555
Georgia,GEO,Control of Corruption - Governance estimate (approx. -2.5 to +2.5),GOV_WGI_CC.EST,0.2516678,0.317603,0.5201487,0.5383892,0.8080156,0.7754032,0.799381,0.8616872,0.8416678,0.8436252,0.8203237,0.7226795,0.6512819
Georgia,GEO,Government Effectiveness - Governance estimate (approx. -2.5 to +2.5),GOV_WGI_GE.EST,0.2118458,0.5431231,0.6137741,0.5511037,0.5296758,0.4698911,0.5977322,0.6334817,0.5020219,0.511363,0.3081567,0.4515433,0.4424252
Georgia,GEO,Political Stability - Governance estimate (approx. -2.5 to +2.5),GOV_WGI_PV.EST,-0.5609883,-0.622573199999999,-0.5006273,-0.225994399999999,-0.0248029,-0.090598,-0.0614684,-0.1125587,-0.0948569,-0.134771,-0.1271941,-0.2017684,-0.100034699999999
Georgia,GEO,Rule of Law - Governance estimate (approx. -2.5 to +2.5),GOV_WGI_RL.EST,-0.1152913,-0.0187223,0.1864406,0.1218199,0.3527978,0.3405598,0.3711937,0.2231623,0.2663887,0.2144371,0.2567958,0.2251347,0.18182
Georgia,GEO,Voice and Accountability - Governance estimate (approx. -2.5 to +2.5),GOV_WGI_VA.EST,-0.0429631,-0.037764,-0.0325473,0.0696,0.2364329,0.257919,0.2793397,0.1845367,0.1902669,0.1539206,0.0930661,0.0300981,-0.020937
Georgia,GEO,Regulatory Quality - Governance estimate (approx. -2.5 to +2.5),GOV_WGI_RQ.EST,0.64397,0.715806,0.6933446,0.7283063,0.819501,0.8099349,0.9448319,0.9415641,0.8011622,0.8781482,0.8062149,0.8431074,0.7730594
Germany,DEU,Control of Corruption - Governance estimate (approx. -2.5 to +2.5),GOV_WGI_CC.EST,1.6517124,1.6649059,1.6570716,1.6261055,1.7082916,1.7233648,1.763112,1.8222612,1.9178103,1.8768449,1.8713077,1.8243293,1.8224098
Germany,DEU,Government Effectiveness - Governance estimate (approx. -2.5 to +2.5),GOV_WGI_GE.EST,1.538577,1.645879,1.7583687,1.8105078,1.9655186,1.9623466,1.9057837,1.8901031,1.8019092,1.8881241,1.7812546,1.8265941,1.7792628
Germany,DEU,Political Stability - Governance estimate (approx. -2.5 to +2.5),GOV_WGI_PV.EST,0.9300893,0.895856,0.9668035,0.9567087,1.067265,0.8311441,0.7945337,0.7022243,0.8239013,0.7271723,0.6840532,0.6603045,0.5284799
Germany,DEU,Rule of Law - Governance estimate (approx. -2.5 to +2.5),GOV_WGI_RL.EST,1.6169218,1.5919362,1.6179786,1.6271661,1.7365653,1.739872,1.6848367,1.7028849,1.715527,1.7076622,1.6271231,1.6349496,1.5810518
Germany,DEU,Voice and Accountability - Governance estimate (approx. -2.5 to +2.5),GOV_WGI_VA.EST,1.5107482,1.518923,1.5272685,1.528676,1.5532686,1.5917252,1.5145689,1.5233606,1.5425213,1.5336755,1.6004463,1.5769284,1.5586754
Germany,DEU,Regulatory Quality - Governance estimate (approx. -2.5 to +2.5),GOV_WGI_RQ.EST,1.4217684,1.472517,1.5033775,1.4776207,1.5568299,1.6412186,1.6895096,1.6946666,1.6795515,1.6651379,1.5622145,1.6129105,1.5636199
Ghana,GHA,Control of Corruption - Governance estimate (approx. -2.5 to +2.5),GOV_WGI_CC.EST,0.0661022,0.0550802,-0.0180774,-0.0209075,-0.1952286,-0.2762732,-0.246555599999999,-0.2759026,-0.140224799999999,-0.0994456,-0.0922532,-0.1554389,-0.0967234999999999
Ghana,GHA,Government Effectiveness - Governance estimate (approx. -2.5 to +2.5),GOV_WGI_GE.EST,0.0369136,0.0061563,0.0221723,-0.0886218999999999,-0.0881126,-0.085856,0.0177698,0.0366097,-0.0138733,-0.0546834,-0.0103657,-0.0445107,-0.0662946
Ghana,GHA,Political Stability - Governance estimate (approx. -2.5 to +2.5),GOV_WGI_PV.EST,-0.0543989999999999,0.0898514,0.0333979,0.0303364,-0.0929878,-0.0228697,-0.128208,0.0663948999999999,-0.032042,0.0133997,0.0588855,-0.1622488,-0.1877453
Ghana,GHA,Rule of Law - Governance estimate (approx. -2.5 to +2.5),GOV_WGI_RL.EST,0.0192559,0.1772023,0.1657172,0.2017795,0.1435263,0.2011809,0.2040096,0.2800282,0.1999325,0.1177125,0.1110047,0.0415219,0.0021348
Ghana,GHA,Voice and Accountability - Governance estimate (approx. -2.5 to +2.5),GOV_WGI_VA.EST,0.5375983,0.5108169,0.5280831,0.4680727,0.4460775,0.3876992,0.37094,0.4517344,0.37686,0.3201061,0.2829497,0.2068363,0.1697154
Ghana,GHA,Regulatory Quality - Governance estimate (approx. -2.5 to +2.5),GOV_WGI_RQ.EST,-0.00732509999999999,-0.0260614999999999,-0.0164951,-0.0348948,-0.1382604,-0.1261719,-0.2411721,-0.1635273,-0.168820499999999,-0.1935344,-0.1601259,-0.1880837,-0.1621235
Greece,GRC,Control of Corruption - Governance estimate (approx. -2.5 to +2.5),GOV_WGI_CC.EST,-0.0313709,-0.0756332,-0.0229614,0.1098246,0.0019795,0.0220321,0.0885981,0.1466842,0.2408155,0.3040548,0.2809798,0.3910516,0.3224993
Greece,GRC,Government Effectiveness - Governance estimate (approx. -2.5 to +2.5),GOV_WGI_GE.EST,0.3044238,0.2558843,0.2269435,0.396537,0.2447728,0.1817351,0.0838989,0.2623317,0.3398991,0.4589741,0.5867351,0.5727218,0.5636045
Greece,GRC,Political Stability - Governance estimate (approx. -2.5 to +2.5),GOV_WGI_PV.EST,-0.0107333,-0.0776492,-0.1628976,-0.152352,-0.0700276,-0.1201405,-0.1537754,0.00694,0.351321,0.2789347,0.2996221,0.2270172,0.236947
Greece,GRC,Rule of Law - Governance estimate (approx. -2.5 to +2.5),GOV_WGI_RL.EST,0.4791736,0.4787775,0.3458755,0.3947317,0.3608832,0.3396437,0.2646202,0.2778969,0.2797611,0.3838302,0.4729929,0.4439375,0.4892737
Greece,GRC,Voice and Accountability - Governance estimate (approx. -2.5 to +2.5),GOV_WGI_VA.EST,1.0095167,0.9376314,0.7074172,0.6757818,0.6896289,0.6672394,0.678085,0.6628897,0.6995366,0.7342913,0.855378,0.7984164,0.7920598
Greece,GRC,Regulatory Quality - Governance estimate (approx. -2.5 to +2.5),GOV_WGI_RQ.EST,0.434872,0.273721,0.144625,0.2747397,0.1536974,0.2363589,0.1504686,0.156796,0.2867976,0.4186735,0.4420625,0.3962921,0.4212368
Greenland,GRL,Control of Corruption - Governance estimate (approx. -2.5 to +2.5),GOV_WGI_CC.EST,1.0261919,1.0246504,1.0214471,1.0216906,1.0188354,1.02138,1.1093795,1.1079441,1.1103855,1.1137491,1.1145942,1.0270782,1.0265006
Greenland,GRL,Government Effectiveness - Governance estimate (approx. -2.5 to +2.5),GOV_WGI_GE.EST,0.4658113,0.4641538,0.4645713,0.4650375,0.4838917,0.4804151,0.4816236,0.482016,0.4841706,0.4862706,0.480273,0.4838322,0.7779131
Greenland,GRL,Political Stability - Governance estimate (approx. -2.5 to +2.5),GOV_WGI_PV.EST,1.467415,1.7538046,1.7528896,1.7500938,1.7597512,1.7576068,1.7522673,1.7529215,1.7575234,1.7589045,1.7581458,1.7551692,1.2502225
Greenland,GRL,Rule of Law - Governance estimate (approx. -2.5 to +2.5),GOV_WGI_RL.EST,1.6243297,1.6302648,1.6280036,1.6229493,1.6255013,1.6277524,1.6281234,1.6272154,1.6281107,1.6279961,1.6289849,1.6254815,1.5750875
Greenland,GRL,Voice and Accountability - Governance estimate (approx. -2.5 to +2.5),GOV_WGI_VA.EST,1.4193045,1.4227895,1.4198844,1.4156057,1.4202113,1.4213785,1.4199247,1.4186607,1.4179056,1.4172559,1.4163396,1.4099803,1.4078917
Greenland,GRL,Regulatory Quality - Governance estimate (approx. -2.5 to +2.5),GOV_WGI_RQ.EST,1.5082149,1.5089813,1.5006076,1.4993665,1.4966011,1.5045044,1.5063525,1.5083079,1.5091118,1.5112916,1.5075802,1.5060874,1.3554833
Grenada,GRD,Control of Corruption - Governance estimate (approx. -2.5 to +2.5),GOV_WGI_CC.EST,0.52034,0.5189688,0.5161195,0.516336,0.2414206,0.5361081,0.5371119,0.4508706,0.4166836,0.3780139,0.3784368,0.3144044,0.2886861
Grenada,GRD,Government Effectiveness - Governance estimate (approx. -2.5 to +2.5),GOV_WGI_GE.EST,0.5616484,0.5608317,0.5610374,0.5009041,0.2423394,0.0331347,0.0337302,0.0339235,-0.154583399999999,-0.0931857,-0.0961408,-0.0943871,-0.0438885
Grenada,GRD,Political Stability - Governance estimate (approx. -2.5 to +2.5),GOV_WGI_PV.EST,0.4428405,0.3304882,0.3758143,0.3741085,0.5970391,0.5941324,0.9130972,0.9134729,0.9161154,0.9169085,1.0425879,1.0408786,1.2048361
Grenada,GRD,Rule of Law - Governance estimate (approx. -2.5 to +2.5),GOV_WGI_RL.EST,0.3820309,0.3871952,0.3852277,0.3808298,0.2018074,0.6377915,0.8005994,0.5590962,0.4216609,0.3905347,0.4276609,0.4044535,0.4711413
Grenada,GRD,Voice and Accountability - Governance estimate (approx. -2.5 to +2.5),GOV_WGI_VA.EST,0.8065886,0.8085019,0.7867711,0.7805866,0.7869506,0.604135,0.5979174,0.461201,0.4067725,0.3676888,0.3626019,0.2559813,0.2406624
Grenada,GRD,Regulatory Quality - Governance estimate (approx. -2.5 to +2.5),GOV_WGI_RQ.EST,0.3118208,0.2356602,0.2309441,0.2302451,0.0620513,0.075533,0.0762839,-0.0486777,-0.1478545,-0.1308406,-0.1239178,-0.0492583,-0.040791
Guam,GUM,Control of Corruption - Governance estimate (approx. -2.5 to +2.5),GOV_WGI_CC.EST,0.8638503,0.8614942,0.8565981,0.8569702,1.1646295,1.1685187,1.1716528,1.1694105,1.1732244,1.1784788,1.1797991,1.1772281,1.1763452
Guam,GUM,Government Effectiveness - Governance estimate (approx. -2.5 to +2.5),GOV_WGI_GE.EST,-0.279435,-0.2807897,-0.2804485,-0.280067499999999,0.767958,0.7651163,0.7661041,0.7664249,0.7681859,0.7699023,0.7650002,0.7679093,0.952868
Guam,GUM,Political Stability - Governance estimate (approx. -2.5 to +2.5),GOV_WGI_PV.EST,0.4506688,0.7732445,0.772577,0.7705375,0.8176369,0.8160725,0.6519602,0.8126545,0.9368685,0.9450797,0.9970127,0.9953332,0.9982241
Guam,GUM,Rule of Law - Governance estimate (approx. -2.5 to +2.5),GOV_WGI_RL.EST,1.0340099,1.0485488,1.0430097,1.0306287,1.3203479,1.3258622,1.0999968,1.3245468,1.4141978,1.4239573,1.1574435,1.1509221,1.1703242
Guam,GUM,Voice and Accountability - Governance estimate (approx. -2.5 to +2.5),GOV_WGI_VA.EST,0.8341135,0.8393508,0.8349849,0.8285549,0.8354763,0.8372302,0.8350454,0.833146,1.0667354,1.1536426,1.2002513,1.186897,1.182511
Guam,GUM,Regulatory Quality - Governance estimate (approx. -2.5 to +2.5),GOV_WGI_RQ.EST,0.5759582,0.5770316,0.5653036,0.5635653,0.1453016,0.1563708,-0.0778353,-0.0750966,-0.0739706,-0.0709177,0.3974735,0.3953827,0.3898105
Guatemala,GTM,Control of Corruption - Governance estimate (approx. -2.5 to +2.5),GOV_WGI_CC.EST,-0.6209412,-0.5518373,-0.7692412,-0.720212,-0.8707969,-0.9067476,-0.873697899999999,-0.8839206,-0.972041399999999,-1.0038569,-1.0998808,-1.21790929999999,-1.2166625
Guatemala,GTM,Government Effectiveness - Governance estimate (approx. -2.5 to +2.5),GOV_WGI_GE.EST,-0.6073928,-0.6813602,-0.6922625,-0.645259799999999,-0.5721862,-0.652722799999999,-0.6757539,-0.6982041,-0.7651424,-0.777929099999999,-0.7764521,-0.7444335,-0.8842065
Guatemala,GTM,Political Stability - Governance estimate (approx. -2.5 to +2.5),GOV_WGI_PV.EST,-0.811138399999999,-0.7531567,-0.7159854,-0.733731999999999,-0.730266499999999,-0.690917999999999,-0.6431273,-0.700759599999999,-0.6836211,-0.6944184,-0.563868399999999,-0.5740791,-0.3005447
Guatemala,GTM,Rule of Law - Governance estimate (approx. -2.5 to +2.5),GOV_WGI_RL.EST,-0.8997347,-1.0328095,-0.9611443,-1.0370188,-0.960209,-0.9498506,-0.9640867,-0.9510672,-0.9808528,-1.0056597,-0.9659236,-0.975567699999999,-1.0371304
Guatemala,GTM,Voice and Accountability - Governance estimate (approx. -2.5 to +2.5),GOV_WGI_VA.EST,-0.2765199,-0.3393179,-0.2917547,-0.328015499999999,-0.3165549,-0.293462799999999,-0.2657024,-0.2370381,-0.307068299999999,-0.339720199999999,-0.357609399999999,-0.435668599999999,-0.4749828
Guatemala,GTM,Regulatory Quality - Governance estimate (approx. -2.5 to +2.5),GOV_WGI_RQ.EST,-0.363829399999999,-0.3920435,-0.465229699999999,-0.505690899999999,-0.4728187,-0.404694399999999,-0.356197899999999,-0.451575699999999,-0.3907315,-0.423147799999999,-0.3770766,-0.385992799999999,-0.3817018
Guinea,GIN,Control of Corruption - Governance estimate (approx. -2.5 to +2.5),GOV_WGI_CC.EST,-1.2031714,-1.1443626,-1.1535446,-1.1447747,-1.1775585,-1.097256,-1.0088286,-1.09129299999999,-1.1175524,-0.9231457,-0.8663898,-1.0113603,-0.9739553
Guinea,GIN,Government Effectiveness - Governance estimate (approx. -2.5 to +2.5),GOV_WGI_GE.EST,-1.1136703,-1.1619696,-1.2211888,-1.110455,-1.0008725,-0.9452185,-0.8784328,-0.888003,-0.838005999999999,-0.6765097,-0.8118614,-0.808593999999999,-0.9248516
Guinea,GIN,Political Stability - Governance estimate (approx. -2.5 to +2.5),GOV_WGI_PV.EST,-1.6907747,-1.53866069999999,-1.48727869999999,-1.4036079,-1.168846,-0.7463171,-0.577628599999999,-0.800407099999999,-0.930512799999999,-0.857881799999999,-1.0877324,-1.0159308,-0.813667399999999
Guinea,GIN,Rule of Law - Governance estimate (approx. -2.5 to +2.5),GOV_WGI_RL.EST,-1.4931823,-1.44327569999999,-1.44435049999999,-1.48052309999999,-1.50843099999999,-1.1894041,-1.1407363,-1.1416472,-1.104063,-1.08321389999999,-1.0962208,-1.003033,-1.05538819999999
Guinea,GIN,Voice and Accountability - Governance estimate (approx. -2.5 to +2.5),GOV_WGI_VA.EST,-0.9521156,-0.908715899999999,-0.9857594,-0.9781818,-0.930808,-0.869675499999999,-0.884008399999999,-0.865076699999999,-0.7865896,-0.8204037,-0.855399599999999,-1.0322931,-1.0215934
Guinea,GIN,Regulatory Quality - Governance estimate (approx. -2.5 to +2.5),GOV_WGI_RQ.EST,-1.1130312,-1.0667906,-1.0451097,-1.1032004,-1.0866483,-0.8658766,-0.828718699999999,-0.7873519,-0.802823699999999,-0.792774299999999,-0.826735999999999,-0.912789299999999,-0.960537699999999
Guinea-Bissau,GNB,Control of Corruption - Governance estimate (approx. -2.5 to +2.5),GOV_WGI_CC.EST,-1.12242209999999,-1.1238522,-1.3434781,-1.42845,-1.58751319999999,-1.5509685,-1.57810309999999,-1.664347,-1.59620689999999,-1.52807229999999,-1.2993067,-1.21682239999999,-1.1609749
Guinea-Bissau,GNB,Government Effectiveness - Governance estimate (approx. -2.5 to +2.5),GOV_WGI_GE.EST,-0.960274299999999,-1.0116558,-1.2131091,-1.41289509999999,-1.45258129999999,-1.3953114,-1.44082809999999,-1.5425984,-1.23534299999999,-1.2804308,-1.2811844,-1.3839632,-1.5281779
Guinea-Bissau,GNB,Political Stability - Governance estimate (approx. -2.5 to +2.5),GOV_WGI_PV.EST,-0.5652463,-0.6382914,-1.038788,-0.960841,-0.881487399999999,-0.5875693,-0.5084519,-0.582037399999999,-0.649365499999999,-0.4638332,-0.2838803,-0.3001867,-0.360252199999999
Guinea-Bissau,GNB,Rule of Law - Governance estimate (approx. -2.5 to +2.5),GOV_WGI_RL.EST,-1.3160216,-1.3258959,-1.5652773,-1.60079939999999,-1.4091451,-1.3024083,-1.3675385,-1.3274637,-1.1339259,-1.1439271,-1.1334891,-1.2016468,-1.25159
Guinea-Bissau,GNB,Voice and Accountability - Governance estimate (approx. -2.5 to +2.5),GOV_WGI_VA.EST,-0.8150278,-0.854057699999999,-1.1860564,-1.1743736,-0.9246413,-0.874814,-0.900523099999999,-0.940245799999999,-0.808816699999999,-0.6333624,-0.5137328,-0.5278763,-0.5873721
Guinea-Bissau,GNB,Regulatory Quality - Governance estimate (approx. -2.5 to +2.5),GOV_WGI_RQ.EST,-1.0805874,-1.13496929999999,-1.3284026,-1.3739272,-1.2728339,-1.295315,-1.2618137,-1.2299468,-1.2523992,-1.25198039999999,-1.2914875,-1.3114711,-1.31223539999999
Guyana,GUY,Control of Corruption - Governance estimate (approx. -2.5 to +2.5),GOV_WGI_CC.EST,-0.4763999,-0.5678004,-0.6766898,-0.5714367,-0.600799099999999,-0.5095919,-0.4101323,-0.479041499999999,-0.36789,-0.2410317,-0.1158874,-0.1042454,-0.2293385
Guyana,GUY,Government Effectiveness - Governance estimate (approx. -2.5 to +2.5),GOV_WGI_GE.EST,-0.042627,-0.045055,-0.0195935,-0.0235782,-0.0947731,-0.1184435,-0.118152399999999,-0.161326499999999,-0.0849901,-0.0844712,-0.2652471,-0.1426381,-0.1291709
Guyana,GUY,Political Stability - Governance estimate (approx. -2.5 to +2.5),GOV_WGI_PV.EST,-0.3589398,-0.4609717,-0.4771909,-0.5088822,-0.218368099999999,-0.150202,-0.00540029999999999,-0.0051392,-0.0410701,-0.0594026999999999,-0.00729659999999999,-0.0281476999999999,0.210713
Guyana,GUY,Rule of Law - Governance estimate (approx. -2.5 to +2.5),GOV_WGI_RL.EST,-0.4185333,-0.5935159,-0.5748148,-0.5954332,-0.606746799999999,-0.546689099999999,-0.4932335,-0.4147758,-0.4102576,-0.4402673,-0.3872775,-0.378924,-0.3602997
Guyana,GUY,Voice and Accountability - Governance estimate (approx. -2.5 to +2.5),GOV_WGI_VA.EST,0.0274536,-0.0207601,-0.0377718,0.0091792,-0.0122943999999999,-0.0799546999999999,-0.067868,-0.0364931,0.061393,0.0413674,0.0164415,-0.012718,-0.0386204
Guyana,GUY,Regulatory Quality - Governance estimate (approx. -2.5 to +2.5),GOV_WGI_RQ.EST,-0.557920499999999,-0.6387181,-0.624864099999999,-0.5773702,-0.5788286,-0.5358252,-0.3884311,-0.370790399999999,-0.4646567,-0.5433513,-0.5877644,-0.5733425,-0.647654699999999
Haiti,HTI,Control of Corruption - Governance estimate (approx. -2.5 to +2.5),GOV_WGI_CC.EST,-1.2638364,-1.29792589999999,-1.35379609999999,-1.27546269999999,-1.4306803,-1.4465713,-1.4729127,-1.4223857,-1.4376012,-1.46242959999999,-1.44666959999999,-1.4853353,-1.508626
Haiti,HTI,Government Effectiveness - Governance estimate (approx. -2.5 to +2.5),GOV_WGI_GE.EST,-1.5677862,-1.61896169999999,-1.59966299999999,-1.523841,-1.92983739999999,-1.86939899999999,-1.8833592,-1.8904667,-1.7517146,-1.8885565,-1.9163196,-2.0602282,-2.0132007
Haiti,HTI,Political Stability - Governance estimate (approx. -2.5 to +2.5),GOV_WGI_PV.EST,-1.30874809999999,-1.26130189999999,-1.12059439999999,-0.915407899999999,-0.9222469,-0.925938199999999,-0.894686099999999,-0.834199999999999,-0.7667849,-0.9509746,-1.0389171,-1.2132391,-0.947002399999999
Haiti,HTI,Rule of Law - Governance estimate (approx. -2.5 to +2.5),GOV_WGI_RL.EST,-1.3289944,-1.40688749999999,-1.37638289999999,-1.3555571,-1.2479641,-1.2262159,-1.2069142,-1.2058005,-1.1714715,-1.1812778,-1.211177,-1.392161,-1.5628925
Haiti,HTI,Voice and Accountability - Governance estimate (approx. -2.5 to +2.5),GOV_WGI_VA.EST,-0.7490678,-0.7594984,-0.710594,-0.7334972,-0.7323394,-0.8820112,-0.8411095,-0.7824757,-0.7805673,-0.8359679,-0.8710311,-1.0935313,-1.2193892
Haiti,HTI,Regulatory Quality - Governance estimate (approx. -2.5 to +2.5),GOV_WGI_RQ.EST,-1.1168745,-1.20311449999999,-1.2257236,-1.2023346,-1.31480169999999,-1.3343055,-1.3334701,-1.300095,-1.24179819999999,-1.2718629,-1.30768439999999,-1.4160753,-1.41718639999999
Honduras,HND,Control of Corruption - Governance estimate (approx. -2.5 to +2.5),GOV_WGI_CC.EST,-1.0019392,-0.9697948,-1.0955287,-1.1060767,-0.9656425,-0.8111784,-0.924298699999999,-0.946983999999999,-0.969578899999999,-1.0582406,-0.972603599999999,-1.1204199,-1.03140529999999
Honduras,HND,Government Effectiveness - Governance estimate (approx. -2.5 to +2.5),GOV_WGI_GE.EST,-0.6254799,-0.604003699999999,-0.688157399999999,-0.805053399999999,-0.6009781,-0.5555614,-0.431288299999999,-0.4193229,-0.5271479,-0.5125275,-0.582503099999999,-0.6672516,-0.686258199999999
Honduras,HND,Political Stability - Governance estimate (approx. -2.5 to +2.5),GOV_WGI_PV.EST,-0.6306269,-0.5252471,-0.511655899999999,-0.535936499999999,-0.6895701,-0.6604916,-0.7047922,-0.9065696,-0.864353599999999,-0.827137599999999,-0.666353099999999,-0.806377,-0.4781621
Honduras,HND,Rule of Law - Governance estimate (approx. -2.5 to +2.5),GOV_WGI_RL.EST,-0.9933417,-1.0237154,-1.1939336,-1.2383989,-1.174669,-1.1570215,-1.1783644,-1.0906729,-1.09364329999999,-1.0765301,-1.1109938,-1.1417518,-1.09175279999999
Honduras,HND,Voice and Accountability - Governance estimate (approx. -2.5 to +2.5),GOV_WGI_VA.EST,-0.5697808,-0.520129899999999,-0.5092177,-0.5024379,-0.5608808,-0.603179399999999,-0.6577893,-0.710326399999999,-0.768458299999999,-0.8093716,-0.7831642,-0.745449199999999,-0.6394536
Honduras,HND,Regulatory Quality - Governance estimate (approx. -2.5 to +2.5),GOV_WGI_RQ.EST,-0.3574873,-0.2784058,-0.3805097,-0.4431174,-0.5844085,-0.5300981,-0.5949609,-0.4499974,-0.4794427,-0.5191215,-0.5559791,-0.606984299999999,-0.6195218
"Hong Kong SAR, China",HKG,Control of Corruption - Governance estimate (approx. -2.5 to +2.5),GOV_WGI_CC.EST,1.6931807,1.7387892,1.6299761,1.5216743,1.5773889,1.6386086,1.6981569,1.7019137,1.7152609,1.7391529,1.6888523,1.6345393,1.5284267
"Hong Kong SAR, China",HKG,Government Effectiveness - Governance estimate (approx. -2.5 to +2.5),GOV_WGI_GE.EST,1.6058929,1.6227774,1.8817297,1.7309633,1.8462661,1.8408043,1.9071365,1.9265977,1.9404871,1.888806,1.5914491,1.6245817,1.6433381
"Hong Kong SAR, China",HKG,Political Stability - Governance estimate (approx. -2.5 to +2.5),GOV_WGI_PV.EST,0.9990971,0.9128416,0.9387575,0.8557967,1.025742,0.8753195,0.6672047,0.6833963,0.7617643,-0.1843167,0.0079016,0.2186871,0.3891702
"Hong Kong SAR, China",HKG,Rule of Law - Governance estimate (approx. -2.5 to +2.5),GOV_WGI_RL.EST,1.4407453,1.4811085,1.4380197,1.3672057,1.5541539,1.5759094,1.5982656,1.4957062,1.4802865,1.3356624,1.1753872,1.0319968,0.8841773
"Hong Kong SAR, China",HKG,Voice and Accountability - Governance estimate (approx. -2.5 to +2.5),GOV_WGI_VA.EST,0.5816234,0.751866,0.7264432,0.669206,0.6159868,0.6365834,0.6029023,0.6137688,0.5803236,0.3649501,0.2406441,-0.0977455,-0.204058
"Hong Kong SAR, China",HKG,Regulatory Quality - Governance estimate (approx. -2.5 to +2.5),GOV_WGI_RQ.EST,2.0142091,1.812245,1.999236,1.9677633,1.9897124,2.1746956,2.2314766,2.1917763,2.2141902,2.0347741,1.8517763,1.7461556,1.7235844
Hungary,HUN,Control of Corruption - Governance estimate (approx. -2.5 to +2.5),GOV_WGI_CC.EST,0.2469328,0.2982138,0.3833893,0.3541563,0.172662,0.1723755,0.1568851,0.160723,0.1391573,0.084756,0.1418393,0.1312695,0.0402617
Hungary,HUN,Government Effectiveness - Governance estimate (approx. -2.5 to +2.5),GOV_WGI_GE.EST,0.4504472,0.4689702,0.4322592,0.5712638,0.6662414,0.579719,0.5552886,0.6076573,0.6259032,0.5238239,0.7208016,0.784219,0.657731
Hungary,HUN,Political Stability - Governance estimate (approx. -2.5 to +2.5),GOV_WGI_PV.EST,0.7770358,0.7163601,0.712188,0.8127253,0.805848,0.843542,0.6277681,0.7324048,0.6616322,0.7326156,0.7938892,0.7337253,0.6701403
Hungary,HUN,Rule of Law - Governance estimate (approx. -2.5 to +2.5),GOV_WGI_RL.EST,0.5821301,0.6315963,0.5661169,0.4986862,0.3509972,0.3552783,0.4099126,0.4009882,0.3396782,0.3081109,0.329192,0.2971399,0.2426218
Hungary,HUN,Voice and Accountability - Governance estimate (approx. -2.5 to +2.5),GOV_WGI_VA.EST,0.9488392,0.8857405,0.7239314,0.6721209,0.5132176,0.4598701,0.3729857,0.3339126,0.1357955,0.1344536,0.1668036,0.080264,0.0447248
Hungary,HUN,Regulatory Quality - Governance estimate (approx. -2.5 to +2.5),GOV_WGI_RQ.EST,0.9304828,0.8949521,0.7676964,0.6995175,0.4352147,0.5204327,0.4961603,0.5151311,0.4420607,0.4598348,0.4381497,0.4002885,0.2882324
Iceland,ISL,Control of Corruption - Governance estimate (approx. -2.5 to +2.5),GOV_WGI_CC.EST,1.8327409,1.881645,1.8243195,1.8605171,1.842095,1.9854027,1.9714103,1.8691325,1.8868085,1.8260874,1.8422993,1.8584301,1.6495728
Iceland,ISL,Government Effectiveness - Governance estimate (approx. -2.5 to +2.5),GOV_WGI_GE.EST,1.4263824,1.4235563,1.4729315,1.5285978,1.3980102,1.3946724,1.382973,1.4685991,1.5836283,1.5796502,1.5637066,1.8005665,1.6330091
Iceland,ISL,Political Stability - Governance estimate (approx. -2.5 to +2.5),GOV_WGI_PV.EST,1.0867054,1.2313176,1.2316756,1.2538154,1.2726864,1.2622879,1.2205951,1.2503574,1.2958486,1.556416,1.3289196,1.3382488,1.2672872
Iceland,ISL,Rule of Law - Governance estimate (approx. -2.5 to +2.5),GOV_WGI_RL.EST,1.6310633,1.6824991,1.6910691,1.6404358,1.6211726,1.6421472,1.6203859,1.6658303,1.7407855,1.7467004,1.6866361,1.7076168,1.5968615
Iceland,ISL,Voice and Accountability - Governance estimate (approx. -2.5 to +2.5),GOV_WGI_VA.EST,1.5492553,1.498124,1.5094717,1.54359,1.4889413,1.5172337,1.5312554,1.5010156,1.4963063,1.4945189,1.4534576,1.4547451,1.4313945
Iceland,ISL,Regulatory Quality - Governance estimate (approx. -2.5 to +2.5),GOV_WGI_RQ.EST,0.9751951,1.148601,1.1846502,1.1472846,1.1980632,1.2962827,1.2838536,1.4266014,1.4402955,1.5164097,1.4674124,1.6297845,1.4250509
India,IND,Control of Corruption - Governance estimate (approx. -2.5 to +2.5),GOV_WGI_CC.EST,-0.3618247,-0.4906967,-0.5029878,-0.4708017,-0.4139641,-0.3449931,-0.2852229,-0.2244224,-0.2079644,-0.2183329,-0.254487099999999,-0.300757,-0.2924866
India,IND,Government Effectiveness - Governance estimate (approx. -2.5 to +2.5),GOV_WGI_GE.EST,-0.114147699999999,-0.0726295,-0.0887591,-0.0587027,-0.0134938,0.3968483,0.3761225,0.3527821,0.5015296,0.5054858,0.3492894,0.2400136,0.3392526
India,IND,Political Stability - Governance estimate (approx. -2.5 to +2.5),GOV_WGI_PV.EST,-0.942319199999999,-1.1659038,-1.15725679999999,-1.17090389999999,-0.817516599999999,-0.7619187,-0.7362183,-0.572111399999999,-0.6785888,-0.590466199999999,-0.720631199999999,-0.6015988,-0.7535037
India,IND,Rule of Law - Governance estimate (approx. -2.5 to +2.5),GOV_WGI_RL.EST,0.0630896,-0.0132833999999999,-0.1308812,-0.1159615,-0.165636199999999,-0.1374229,-0.0823440999999999,-0.0399917,0.020334,-0.0201063,-0.1029725,-0.1841026,-0.1104884
India,IND,Voice and Accountability - Governance estimate (approx. -2.5 to +2.5),GOV_WGI_VA.EST,0.3954553,0.3687833,0.2744517,0.3021831,0.2647595,0.2973847,0.304626,0.2554492,0.2032286,0.1106301,0.056762,-0.0956843999999999,-0.0982654999999999
India,IND,Regulatory Quality - Governance estimate (approx. -2.5 to +2.5),GOV_WGI_RQ.EST,-0.277761,-0.3395793,-0.3740965,-0.3722425,-0.380901899999999,-0.3303195,-0.2535746,-0.215826699999999,-0.1555625,-0.0981205,-0.1486534,-0.169914899999999,-0.087658
Indonesia,IDN,Control of Corruption - Governance estimate (approx. -2.5 to +2.5),GOV_WGI_CC.EST,-0.663338299999999,-0.6451671,-0.772433599999999,-0.727894399999999,-0.7150247,-0.5229666,-0.482257599999999,-0.3767695,-0.338129499999999,-0.427850399999999,-0.3456603,-0.416213499999999,-0.3702139
Indonesia,IDN,Government Effectiveness - Governance estimate (approx. -2.5 to +2.5),GOV_WGI_GE.EST,-0.2531404,-0.3273953,-0.257083599999999,-0.1633885,0.3191278,-0.062646,0.1221929,0.1565617,0.2534613,0.3122885,0.213754,0.1470804,0.2328093
Indonesia,IDN,Political Stability - Governance estimate (approx. -2.5 to +2.5),GOV_WGI_PV.EST,-0.778454699999999,-0.7510901,-0.5992727,-0.6180612,-0.385008199999999,-0.5390218,-0.463383,-0.5816146,-0.5428012,-0.5802685,-0.539945999999999,-0.6496757,-0.7624666
Indonesia,IDN,Rule of Law - Governance estimate (approx. -2.5 to +2.5),GOV_WGI_RL.EST,-0.6518311,-0.285231299999999,-0.3852324,-0.419998,-0.338428,-0.3812221,-0.321809499999999,-0.3165999,-0.2197187,-0.1919729,-0.1479773,-0.1436778,-0.1291182
Indonesia,IDN,Voice and Accountability - Governance estimate (approx. -2.5 to +2.5),GOV_WGI_VA.EST,-0.0204782999999999,0.060052,0.0318185,-0.0085749,-0.0006737,0.0861197,0.102893,0.0621222,0.1218045,0.1137857,0.1051795,0.0239606,0.0259014
Indonesia,IDN,Regulatory Quality - Governance estimate (approx. -2.5 to +2.5),GOV_WGI_RQ.EST,-0.1461447,-0.151232199999999,-0.179268799999999,-0.0485665,0.0028168,-0.1393886,0.0343509,0.1002062,0.0734587999999999,0.1109827,0.2247809,0.3421673,0.2811244
"Iran, Islamic Rep.",IRN,Control of Corruption - Governance estimate (approx. -2.5 to +2.5),GOV_WGI_CC.EST,-1.15665139999999,-0.9423621,-0.98264,-0.9147814,-0.816847099999999,-0.7596233,-0.656176099999999,-0.7011486,-0.9420795,-0.9919553,-1.1044169,-1.1267612,-1.13191439999999
"Iran, Islamic Rep.",IRN,Government Effectiveness - Governance estimate (approx. -2.5 to +2.5),GOV_WGI_GE.EST,-0.6340289,-0.536930599999999,-0.5324399,-0.5687029,-0.2574672,-0.191803399999999,-0.2031626,-0.1973883,-0.2727406,-0.4172702,-0.7071428,-0.6566521,-0.7076616
"Iran, Islamic Rep.",IRN,Political Stability - Governance estimate (approx. -2.5 to +2.5),GOV_WGI_PV.EST,-1.52478809999999,-1.35645059999999,-1.2630067,-1.1808701,-0.726596199999999,-0.7896962,-0.6448832,-0.699442999999999,-0.9686014,-1.2556127,-1.2213247,-1.1577773,-1.1448403
"Iran, Islamic Rep.",IRN,Rule of Law - Governance estimate (approx. -2.5 to +2.5),GOV_WGI_RL.EST,-1.1024424,-1.01296569999999,-0.9840127,-1.2057757,-1.2547891,-0.9741059,-0.973579499999999,-0.928377599999999,-0.969023,-1.0537229,-1.0270682,-1.06900019999999,-1.1257877
"Iran, Islamic Rep.",IRN,Voice and Accountability - Governance estimate (approx. -2.5 to +2.5),GOV_WGI_VA.EST,-1.49803699999999,-1.49553089999999,-1.47932129999999,-1.43577849999999,-1.385483,-1.3080192,-1.29808979999999,-1.2639669,-1.3384928,-1.38442779999999,-1.4381547,-1.4876262,-1.5314025
"Iran, Islamic Rep.",IRN,Regulatory Quality - Governance estimate (approx. -2.5 to +2.5),GOV_WGI_RQ.EST,-1.42150619999999,-1.1976073,-1.24873909999999,-1.3745965,-1.3019342,-1.0907749,-1.05587229999999,-1.08286669999999,-1.2929956,-1.36056169999999,-1.39295869999999,-1.39362039999999,-1.3976255
Iraq,IRQ,Control of Corruption - Governance estimate (approx. -2.5 to +2.5),GOV_WGI_CC.EST,-1.3062258,-1.2387175,-1.26788219999999,-1.26454969999999,-1.357674,-1.393567,-1.4012064,-1.4065197,-1.4767763,-1.4433306,-1.3692381,-1.37400869999999,-1.37334849999999
Iraq,IRQ,Government Effectiveness - Governance estimate (approx. -2.5 to +2.5),GOV_WGI_GE.EST,-1.17899359999999,-1.1846155,-1.1168342,-1.07101239999999,-0.9609496,-1.0793082,-1.09191939999999,-1.09181669999999,-1.0744668,-1.1066349,-1.21784199999999,-1.2310377,-1.223854
Iraq,IRQ,Political Stability - Governance estimate (approx. -2.5 to +2.5),GOV_WGI_PV.EST,-2.187694,-1.91313499999999,-1.97642609999999,-2.1039641,-2.2538271,-2.2449091,-2.22917579999999,-2.1677252,-2.1719253,-2.2227253,-2.1814743,-2.1722684,-2.2294281
Iraq,IRQ,Rule of Law - Governance estimate (approx. -2.5 to +2.5),GOV_WGI_RL.EST,-1.57079259999999,-1.4239293,-1.4532764,-1.4740494,-1.4559635,-1.48886679999999,-1.53679029999999,-1.5484905,-1.43204969999999,-1.37408,-1.512443,-1.4374976,-1.45504109999999
Iraq,IRQ,Voice and Accountability - Governance estimate (approx. -2.5 to +2.5),GOV_WGI_VA.EST,-0.938281799999999,-1.01313649999999,-0.955669,-0.993534599999999,-1.043163,-1.0662816,-1.1001688,-1.1032692,-0.971495,-0.934025099999999,-1.0174959,-1.0273564,-1.0157691
Iraq,IRQ,Regulatory Quality - Governance estimate (approx. -2.5 to +2.5),GOV_WGI_RQ.EST,-0.9629582,-0.9193194,-1.0140703,-1.01449489999999,-1.07080859999999,-1.01794729999999,-0.9696252,-1.06927179999999,-1.16118109999999,-1.1604354,-1.2511236,-1.1622157,-1.2214123
Ireland,IRL,Control of Corruption - Governance estimate (approx. -2.5 to +2.5),GOV_WGI_CC.EST,1.4080005,1.3802239,1.4035742,1.5469722,1.5913084,1.6308016,1.636332,1.5580627,1.5533781,1.5189367,1.5958903,1.6117468,1.6463639
Ireland,IRL,Government Effectiveness - Governance estimate (approx. -2.5 to +2.5),GOV_WGI_GE.EST,1.0340843,1.2438016,1.3719864,1.3399878,1.4680962,1.4129064,1.4160358,1.3768564,1.4575251,1.3035565,1.5003528,1.6184384,1.7057914
Ireland,IRL,Political Stability - Governance estimate (approx. -2.5 to +2.5),GOV_WGI_PV.EST,1.0812782,0.8737859,0.9454027,0.8948024,1.1679817,0.951695,0.8856802,0.9418026,0.9855531,0.9409046,0.8785787,0.7362963,0.8053599
Ireland,IRL,Rule of Law - Governance estimate (approx. -2.5 to +2.5),GOV_WGI_RL.EST,1.508714,1.5150115,1.5276348,1.5002207,1.5324247,1.603553,1.5660124,1.5319793,1.5281158,1.5409912,1.5214022,1.5453584,1.5040267
Ireland,IRL,Voice and Accountability - Governance estimate (approx. -2.5 to +2.5),GOV_WGI_VA.EST,1.3749061,1.3622234,1.3639946,1.3539292,1.3604983,1.3918301,1.3765917,1.3987146,1.4323389,1.4455034,1.5010975,1.5787476,1.6017718
Ireland,IRL,Regulatory Quality - Governance estimate (approx. -2.5 to +2.5),GOV_WGI_RQ.EST,1.5589282,1.441947,1.5219127,1.5775092,1.655585,1.7242938,1.7059099,1.5978967,1.6485933,1.5832688,1.4657053,1.621098,1.766517
Israel,ISR,Control of Corruption - Governance estimate (approx. -2.5 to +2.5),GOV_WGI_CC.EST,0.6767019,0.722372,0.7558579,0.7521332,0.7470115,0.8495585,1.1108815,0.8089617,0.7398512,0.8011548,0.6932777,0.9249105,0.8878345
Israel,ISR,Government Effectiveness - Governance estimate (approx. -2.5 to +2.5),GOV_WGI_GE.EST,1.3031018,1.3431697,1.3000012,1.2984187,1.3011387,1.4633523,1.526777,1.545783,1.397369,1.5693245,1.1657244,1.5896737,1.5237704
Israel,ISR,Political Stability - Governance estimate (approx. -2.5 to +2.5),GOV_WGI_PV.EST,-0.756258099999999,-0.8097795,-0.776944,-0.8855141,-0.592453,-0.6113908,-0.354649699999999,-0.4501475,-0.3446955,-0.4361137,-0.567841399999999,-0.699899199999999,-0.904996799999999
Israel,ISR,Rule of Law - Governance estimate (approx. -2.5 to +2.5),GOV_WGI_RL.EST,0.8139792,0.8918872,0.8713317,0.8935236,0.9289545,1.0408491,1.0048923,0.9942786,0.9351938,0.9491335,0.8873608,0.8807927,0.8010265
Israel,ISR,Voice and Accountability - Governance estimate (approx. -2.5 to +2.5),GOV_WGI_VA.EST,0.6136436,0.5395263,0.4956908,0.4818055,0.4773612,0.4834851,0.5106974,0.5103599,0.5497977,0.5086626,0.5590953,0.5273842,0.512879
Israel,ISR,Regulatory Quality - Governance estimate (approx. -2.5 to +2.5),GOV_WGI_RQ.EST,1.0545829,1.1985341,1.1065081,1.0845921,1.039203,1.0998742,1.2410934,1.21522,1.163545,1.2416535,1.1520351,1.1753426,1.1223555
Italy,ITA,Control of Corruption - Governance estimate (approx. -2.5 to +2.5),GOV_WGI_CC.EST,0.2007651,0.2491583,0.1585745,0.0420703,0.0131434,0.0677760999999999,0.1252339,0.1948577,0.2476928,0.2828802,0.5299614,0.5394316,0.5738577
Italy,ITA,Government Effectiveness - Governance estimate (approx. -2.5 to +2.5),GOV_WGI_GE.EST,0.3361573,0.275086,0.4071077,0.4695114,0.3588429,0.3701946,0.4338893,0.3879336,0.4350955,0.4586098,0.5477288,0.574774,0.7178718
Italy,ITA,Political Stability - Governance estimate (approx. -2.5 to +2.5),GOV_WGI_PV.EST,0.5591006,0.4456142,0.4718772,0.3827968,0.4893962,0.394629,0.3518422,0.2543499,0.3723628,0.3223326,0.3322841,0.4392226,0.4124684
Italy,ITA,Rule of Law - Governance estimate (approx. -2.5 to +2.5),GOV_WGI_RL.EST,0.4537097,0.5210134,0.5461758,0.5329679,0.5543355,0.4617928,0.4609982,0.4389986,0.4187181,0.529631,0.5546368,0.5885,0.5739685
Italy,ITA,Voice and Accountability - Governance estimate (approx. -2.5 to +2.5),GOV_WGI_VA.EST,1.0280408,0.8456621,0.8871353,0.9061148,0.975257,1.0210974,1.0351199,0.9884646,0.9076833,0.8941527,1.0198604,1.0203423,1.0393532
Italy,ITA,Regulatory Quality - Governance estimate (approx. -2.5 to +2.5),GOV_WGI_RQ.EST,0.7462046,0.4856351,0.4822093,0.4880841,0.3783433,0.5869675,0.6337422,0.6356778,0.5602677,0.7011105,0.4717415,0.5735641,0.6011866
Jamaica,JAM,Control of Corruption - Governance estimate (approx. -2.5 to +2.5),GOV_WGI_CC.EST,-0.2207188,-0.0495086999999999,-0.2406003,-0.2538053,-0.2893901,-0.2392146,-0.166887999999999,-0.1631899,-0.174784399999999,-0.0636837,-0.0800814,-0.0851526,-0.0788141
Jamaica,JAM,Government Effectiveness - Governance estimate (approx. -2.5 to +2.5),GOV_WGI_GE.EST,0.1785637,0.165791,0.1538521,0.2032651,0.4521342,0.4342705,0.4750324,0.4596789,0.4999179,0.5016204,0.3867314,0.3396406,0.2544889
Jamaica,JAM,Political Stability - Governance estimate (approx. -2.5 to +2.5),GOV_WGI_PV.EST,-0.412128599999999,-0.120367599999999,0.0478137,0.1274496,0.0349026,0.0607252,0.0960441,0.1291365,0.169434,0.179033,0.1525241,0.1423135,0.4525342
Jamaica,JAM,Rule of Law - Governance estimate (approx. -2.5 to +2.5),GOV_WGI_RL.EST,-0.3988235,-0.2893569,-0.356012799999999,-0.2763074,-0.1823274,-0.1394095,-0.1131152,-0.0899914,-0.1409645,-0.1704977,-0.103995499999999,-0.0742917999999999,-0.0687388999999999
Jamaica,JAM,Voice and Accountability - Governance estimate (approx. -2.5 to +2.5),GOV_WGI_VA.EST,0.4838631,0.3526706,0.4039313,0.4953676,0.5392399,0.5896512,0.5942121,0.6039973,0.4724016,0.5043883,0.5120442,0.5026751,0.5015442
Jamaica,JAM,Regulatory Quality - Governance estimate (approx. -2.5 to +2.5),GOV_WGI_RQ.EST,0.2536728,0.1950194,-0.0021633,0.0417636,0.0551423,0.1273892,0.1445195,0.1244681,0.1473187,0.1355129,0.0985113,0.1818115,0.1706852
Japan,JPN,Control of Corruption - Governance estimate (approx. -2.5 to +2.5),GOV_WGI_CC.EST,1.3876183,1.5406092,1.4904141,1.4979614,1.5393479,1.4505851,1.4452816,1.4760635,1.3909549,1.4335295,1.4301233,1.4554011,1.4419346
Japan,JPN,Government Effectiveness - Governance estimate (approx. -2.5 to +2.5),GOV_WGI_GE.EST,1.3323082,1.3314858,1.3144799,1.4512486,1.7731694,1.7060508,1.8137387,1.7125133,1.8248998,1.8365282,1.8051167,1.653038,2.0307507
Japan,JPN,Political Stability - Governance estimate (approx. -2.5 to +2.5),GOV_WGI_PV.EST,0.9967916,0.9897212,0.9655197,1.0478848,1.2105334,1.2226375,1.1198832,1.169376,1.1378638,1.1161393,1.1325471,1.1600529,1.2758787
Japan,JPN,Rule of Law - Governance estimate (approx. -2.5 to +2.5),GOV_WGI_RL.EST,1.3391975,1.387931,1.3484037,1.3734398,1.4566952,1.4360203,1.4336864,1.4892015,1.4871198,1.5119949,1.5138826,1.5319019,1.5084676
Japan,JPN,Voice and Accountability - Governance estimate (approx. -2.5 to +2.5),GOV_WGI_VA.EST,1.258734,1.3005589,1.2947394,1.225573,1.2343567,1.1764466,1.165848,1.1976783,1.120314,1.0775489,1.0813117,1.0951218,1.0997002
Japan,JPN,Regulatory Quality - Governance estimate (approx. -2.5 to +2.5),GOV_WGI_RQ.EST,1.197376,1.3335982,1.4295254,1.3594273,1.2994963,1.4111482,1.5287918,1.3985802,1.364542,1.3886549,1.3671823,1.3955783,1.4106972
Jersey,JEY,Control of Corruption - Governance estimate (approx. -2.5 to +2.5),GOV_WGI_CC.EST,..,1.0246504,1.0214471,1.0216906,1.0188354,1.02138,1.0234305,1.0219635,1.0244587,1.0278965,1.0287603,1.0270782,1.0265006
Jersey,JEY,Government Effectiveness - Governance estimate (approx. -2.5 to +2.5),GOV_WGI_GE.EST,..,1.2619702,1.2623876,1.2628538,1.2817081,1.2782314,1.2794399,1.2798324,1.2819869,1.2840869,1.2780893,1.2816485,1.2811126
Jersey,JEY,Political Stability - Governance estimate (approx. -2.5 to +2.5),GOV_WGI_PV.EST,..,1.4513095,1.4496094,1.4444148,1.4623584,1.458374,1.4484531,1.4496687,1.458219,1.4607852,1.246013,1.2404824,1.4633644
Jersey,JEY,Rule of Law - Governance estimate (approx. -2.5 to +2.5),GOV_WGI_RL.EST,..,1.6302648,1.6280036,1.6229493,1.6255013,1.6277524,1.6281234,1.6272154,1.6281107,1.6279961,1.6289849,1.6254815,1.6233274
Jersey,JEY,Voice and Accountability - Governance estimate (approx. -2.5 to +2.5),GOV_WGI_VA.EST,..,1.4227895,1.4198844,1.4156057,1.4202113,1.4213785,1.4199247,1.4186607,1.4179056,1.4172559,1.4163396,1.4099803,1.4078917
Jersey,JEY,Regulatory Quality - Governance estimate (approx. -2.5 to +2.5),GOV_WGI_RQ.EST,..,1.2157302,1.2073565,1.2061153,1.20335,1.2112533,0.9198502,0.9218056,0.9226096,1.0714149,1.0677035,1.0662107,1.0622322
Jordan,JOR,Control of Corruption - Governance estimate (approx. -2.5 to +2.5),GOV_WGI_CC.EST,0.0263631,0.150624,0.0948384999999999,0.0969314999999999,0.0942006,0.2644497,0.2009082,0.1776447,0.0742478,0.0894230999999999,0.1409154,0.0177108,0.0226578
Jordan,JOR,Government Effectiveness - Governance estimate (approx. -2.5 to +2.5),GOV_WGI_GE.EST,0.0759657,0.1349915,0.2203515,0.2411636,0.3808336,0.3820942,0.3625455,0.2771646,0.089873,0.011123,0.1138845,0.1228638,0.1428514
Jordan,JOR,Political Stability - Governance estimate (approx. -2.5 to +2.5),GOV_WGI_PV.EST,-0.407725,-0.6339348,-0.5975891,-0.6862202,-0.609596,-0.6404285,-0.538077799999999,-0.444359699999999,-0.322432699999999,-0.2846298,-0.3260056,-0.390988399999999,-0.311462199999999
Jordan,JOR,Rule of Law - Governance estimate (approx. -2.5 to +2.5),GOV_WGI_RL.EST,0.0570422,0.1505452,0.1782421,0.1297285,0.111905,0.1375421,0.1691297,0.1933843,0.1458763,0.1365134,0.1081792,0.0436082,0.0764869
Jordan,JOR,Voice and Accountability - Governance estimate (approx. -2.5 to +2.5),GOV_WGI_VA.EST,-0.665550699999999,-0.6597253,-0.673437699999999,-0.7089293,-0.6717732,-0.6098713,-0.587962099999999,-0.578742499999999,-0.6399465,-0.6407531,-0.672090299999999,-0.715912,-0.7613575
Jordan,JOR,Regulatory Quality - Governance estimate (approx. -2.5 to +2.5),GOV_WGI_RQ.EST,0.1073349,0.1908722,0.1819511,0.0995895,0.104591,0.1682906,0.1178125,0.1335964,0.0851019,0.159713,0.1930478,0.1917529,0.2117071
Kazakhstan,KAZ,Control of Corruption - Governance estimate (approx. -2.5 to +2.5),GOV_WGI_CC.EST,-0.9891057,-0.8894339,-0.912828,-0.9287508,-0.842471,-0.8337886,-0.7865395,-0.7427939,-0.5048657,-0.207193,-0.2881195,-0.2698189,-0.1920096
Kazakhstan,KAZ,Government Effectiveness - Governance estimate (approx. -2.5 to +2.5),GOV_WGI_GE.EST,-0.7934049,-0.749787,-0.6199698,-0.5895608,-0.006638,-0.011417,-0.1075078,0.012276,-0.1036204,0.0590993,0.0522732,0.017817,0.1603392
Kazakhstan,KAZ,Political Stability - Governance estimate (approx. -2.5 to +2.5),GOV_WGI_PV.EST,0.4331905,-0.4304921,-0.3923638,-0.4514259,0.0295973,0.0342151,-0.0865605,-0.0563947,-0.1086366,-0.221063999999999,-0.2842993,-0.2325504,-0.5795614
Kazakhstan,KAZ,Rule of Law - Governance estimate (approx. -2.5 to +2.5),GOV_WGI_RL.EST,-0.7753761,-0.5864784,-0.643061,-0.679818399999999,-0.5977257,-0.4919324,-0.510937699999999,-0.4614698,-0.3704992,-0.430970199999999,-0.4154444,-0.4655785,-0.440637699999999
Kazakhstan,KAZ,Voice and Accountability - Governance estimate (approx. -2.5 to +2.5),GOV_WGI_VA.EST,-0.771833299999999,-0.7953408,-0.888636299999999,-0.9945294,-0.908048499999999,-0.790997699999999,-0.8250537,-0.9065213,-0.8029,-0.9427464,-0.8846303,-0.8581561,-0.8774668
Kazakhstan,KAZ,Regulatory Quality - Governance estimate (approx. -2.5 to +2.5),GOV_WGI_RQ.EST,-0.3591992,-0.311006699999999,-0.3353459,-0.3372732,-0.1482337,-0.0714085,-0.135354299999999,0.0833098999999999,0.0552752,0.112725,0.0538787,0.0132367,-0.0640574
Kenya,KEN,Control of Corruption - Governance estimate (approx. -2.5 to +2.5),GOV_WGI_CC.EST,-0.854366499999999,-0.9218464,-0.974947799999999,-0.9346291,-0.834178699999999,-0.9711807,-0.900809099999999,-0.8985955,-0.8341484,-0.809611299999999,-0.7505394,-0.710787899999999,-0.751285
Kenya,KEN,Government Effectiveness - Governance estimate (approx. -2.5 to +2.5),GOV_WGI_GE.EST,-0.5014835,-0.530936,-0.468612,-0.418693999999999,-0.4155586,-0.3675673,-0.316579699999999,-0.3033052,-0.3449543,-0.2914418,-0.3759713,-0.3468069,-0.3324798
Kenya,KEN,Political Stability - Governance estimate (approx. -2.5 to +2.5),GOV_WGI_PV.EST,-1.3827355,-1.4963456,-1.4931583,-1.1667366,-1.26316649999999,-1.2308131,-1.17914689999999,-1.1322093,-1.1196296,-1.07516719999999,-1.0502651,-1.11021939999999,-0.962236
Kenya,KEN,Rule of Law - Governance estimate (approx. -2.5 to +2.5),GOV_WGI_RL.EST,-0.8769138,-0.866718299999999,-0.7864458,-0.7406402,-0.5508657,-0.6423593,-0.612463299999999,-0.5442175,-0.5107269,-0.559008899999999,-0.5784344,-0.445618199999999,-0.4245656
Kenya,KEN,Voice and Accountability - Governance estimate (approx. -2.5 to +2.5),GOV_WGI_VA.EST,-0.3201097,-0.4458657,-0.3543765,-0.2687045,-0.195759,-0.2660841,-0.2881147,-0.4085002,-0.5310028,-0.500132799999999,-0.435817599999999,-0.437757499999999,-0.250971899999999
Kenya,KEN,Regulatory Quality - Governance estimate (approx. -2.5 to +2.5),GOV_WGI_RQ.EST,-0.352640099999999,-0.5228608,-0.512205399999999,-0.5061369,-0.3260229,-0.28953,-0.227071399999999,-0.1985132,-0.2993553,-0.3436142,-0.460141099999999,-0.424813499999999,-0.3909087
Kiribati,KIR,Control of Corruption - Governance estimate (approx. -2.5 to +2.5),GOV_WGI_CC.EST,0.0684729,0.2356682,0.145384,0.1455969,0.2820761,0.2843015,0.2512942,0.2500111,0.2521934,0.3505035,0.3514103,0.3344081,0.3338154
Kiribati,KIR,Government Effectiveness - Governance estimate (approx. -2.5 to +2.5),GOV_WGI_GE.EST,-0.6677172,-0.6319074,-0.684930399999999,-0.6847075,-0.411962999999999,-0.413625099999999,-0.4130473,-0.4128597,-0.411829699999999,-0.273534599999999,-0.257145499999999,-0.2550887,-0.255398399999999
Kiribati,KIR,Political Stability - Governance estimate (approx. -2.5 to +2.5),GOV_WGI_PV.EST,1.5510465,1.5457577,1.5451994,1.5434936,1.281381,0.9559309,0.951395,0.9519508,0.95586,1.0992501,1.1749608,1.1647191,1.2429196
Kiribati,KIR,Rule of Law - Governance estimate (approx. -2.5 to +2.5),GOV_WGI_RL.EST,0.3552405,0.3589525,0.3571933,0.3746723,0.3242202,0.3256281,0.3258601,0.3831903,0.2855611,0.5835214,1.1590995,1.0695661,0.7720439
Kiribati,KIR,Voice and Accountability - Governance estimate (approx. -2.5 to +2.5),GOV_WGI_VA.EST,0.1820493,0.6074912,0.6212974,0.6112817,0.6138092,0.6106159,0.614837,0.6237279,0.8235364,0.8833992,0.8858057,0.9876663,0.9861458
Kiribati,KIR,Regulatory Quality - Governance estimate (approx. -2.5 to +2.5),GOV_WGI_RQ.EST,-1.1712064,-1.1695716,-1.1799003,-1.180479,-0.6670026,-0.6633176,-0.6785642,-0.6776525,-0.6772777,-0.5049386,-0.5492947,-0.5500931,-0.5337443
"Korea, Dem. People's Rep.",PRK,Control of Corruption - Governance estimate (approx. -2.5 to +2.5),GOV_WGI_CC.EST,-0.966997,-0.967500399999999,-1.27135319999999,-1.27127369999999,-1.2722061,-1.2713751,-1.41972829999999,-1.4202074,-1.5872449,-1.5773982,-1.57352389999999,-1.651571,-1.6517597
"Korea, Dem. People's Rep.",PRK,Government Effectiveness - Governance estimate (approx. -2.5 to +2.5),GOV_WGI_GE.EST,-1.4430083,-1.45011159999999,-1.80483479999999,-1.8047014,-1.46049039999999,-1.4614848,-1.4611391,-1.4610269,-1.48192599999999,-1.2531349,-1.2548503,-1.4820228,-1.3350416
"Korea, Dem. People's Rep.",PRK,Political Stability - Governance estimate (approx. -2.5 to +2.5),GOV_WGI_PV.EST,-0.0471047999999999,-0.0333117999999999,-0.269017499999999,-0.5030753,-1.00560579999999,-1.0064947,-0.4555063,-0.3543859,-0.275313,-0.187036099999999,-0.187350699999999,-0.1983915,0.2686785
"Korea, Dem. People's Rep.",PRK,Rule of Law - Governance estimate (approx. -2.5 to +2.5),GOV_WGI_RL.EST,-1.3121367,-1.31239369999999,-1.5216162,-1.5594854,-1.7508633,-1.7500177,-1.7498783,-1.77301929999999,-1.71407509999999,-1.7136635,-1.6782172,-1.680154,-1.48587729999999
"Korea, Dem. People's Rep.",PRK,Voice and Accountability - Governance estimate (approx. -2.5 to +2.5),GOV_WGI_VA.EST,-1.6755164,-1.6645428,-2.0344525,-2.0610925,-2.0325603,-2.0337046,-2.03878399999999,-2.0496319,-1.95203549999999,-1.96656559999999,-1.96706429999999,-1.98428719999999,-1.9570503
"Korea, Dem. People's Rep.",PRK,Regulatory Quality - Governance estimate (approx. -2.5 to +2.5),GOV_WGI_RQ.EST,-1.8343177,-1.8375062,-2.4263935,-2.4267817,-2.0615378,-2.1049346,-2.10435649999999,-2.1037448,-2.0268175,-2.0261356,-1.9455234,-1.9459904,-1.94723499999999
"Korea, Rep.",KOR,Control of Corruption - Governance estimate (approx. -2.5 to +2.5),GOV_WGI_CC.EST,0.4243376,0.582102,0.5254345,0.584669,0.5041579,0.3449721,0.3532288,0.427734,0.5413024,0.6133176,0.7558651,0.7614152,0.8217095
"Korea, Rep.",KOR,Government Effectiveness - Governance estimate (approx. -2.5 to +2.5),GOV_WGI_GE.EST,1.2722652,1.323113,1.3333071,1.2238913,1.1863908,1.1983681,1.186349,1.1827271,1.3865026,1.6276354,1.5914906,1.6261842,1.4844938
"Korea, Rep.",KOR,Political Stability - Governance estimate (approx. -2.5 to +2.5),GOV_WGI_PV.EST,0.5807388,0.5406915,0.4992315,0.5061279,0.5969209,0.667684,0.5156398,0.6254761,0.8705137,0.8544821,0.8679972,0.9005342,0.855673
"Korea, Rep.",KOR,Rule of Law - Governance estimate (approx. -2.5 to +2.5),GOV_WGI_RL.EST,0.9000647,0.9101943,1.0189309,0.9929714,1.0706201,1.0105606,1.0280786,1.011855,1.1100736,1.1105361,1.1479729,1.1681575,1.1662138
"Korea, Rep.",KOR,Voice and Accountability - Governance estimate (approx. -2.5 to +2.5),GOV_WGI_VA.EST,0.8758842,0.8457093,0.8603854,0.812211,0.7891756,0.6911672,0.6918169,0.8748979,0.9068002,0.8843808,0.9454893,0.991734,0.9475108
"Korea, Rep.",KOR,Regulatory Quality - Governance estimate (approx. -2.5 to +2.5),GOV_WGI_RQ.EST,0.8025338,0.9312521,0.9288607,1.0180914,0.9937598,0.996129,0.9758957,0.9593042,0.9569194,0.9120155,0.9083199,0.9879995,1.01728
Kosovo,XKX,Control of Corruption - Governance estimate (approx. -2.5 to +2.5),GOV_WGI_CC.EST,-0.4550304,-0.449542599999999,-0.4549896,-0.451741399999999,-0.349694499999999,-0.370412299999999,-0.2981032,-0.4089401,-0.3876501,-0.344486299999999,-0.423589999999999,-0.3919167,-0.2951205
Kosovo,XKX,Government Effectiveness - Governance estimate (approx. -2.5 to +2.5),GOV_WGI_GE.EST,-0.7120597,-0.622546199999999,-0.500329599999999,-0.548189399999999,-0.290095,-0.339765999999999,-0.3482057,-0.3439391,-0.3269129,-0.3265902,-0.3716021,-0.1579456,-0.0237723
Kosovo,XKX,Political Stability - Governance estimate (approx. -2.5 to +2.5),GOV_WGI_PV.EST,-0.7551692,-0.810254199999999,-0.7614632,-0.7879954,-0.301981899999999,-0.2170007,-0.2852683,-0.1718171,-0.4135898,-0.106046099999999,-0.0844029999999999,0.0010881,-0.0510421999999999
Kosovo,XKX,Rule of Law - Governance estimate (approx. -2.5 to +2.5),GOV_WGI_RL.EST,-0.298578499999999,-0.2600252,-0.343781499999999,-0.4200143,-0.3274012,-0.281933899999999,-0.2420433,-0.2788817,-0.250446699999999,-0.3527628,-0.278476699999999,-0.123977499999999,-0.149224599999999
Kosovo,XKX,Voice and Accountability - Governance estimate (approx. -2.5 to +2.5),GOV_WGI_VA.EST,0.0556424,0.012208,0.0145784,-0.0023793,0.1004976,0.117828,0.0979613,0.1314551,0.1234846,0.0665373,0.1273328,0.098677,0.150453
Kosovo,XKX,Regulatory Quality - Governance estimate (approx. -2.5 to +2.5),GOV_WGI_RQ.EST,-0.3411711,-0.398874,-0.2195981,-0.178281499999999,-0.213368199999999,-0.3315025,-0.254342199999999,-0.2101322,-0.363327,-0.3751079,-0.3899511,-0.3739534,-0.468636799999999
Kuwait,KWT,Control of Corruption - Governance estimate (approx. -2.5 to +2.5),GOV_WGI_CC.EST,0.1131822,-0.0793826,-0.1357484,-0.123960599999999,-0.2717863,-0.241923499999999,-0.338747099999999,-0.3931383,-0.2747578,-0.1345999,-0.1551226,-0.0606404,0.0771437
Kuwait,KWT,Government Effectiveness - Governance estimate (approx. -2.5 to +2.5),GOV_WGI_GE.EST,0.1289714,0.0334503,0.0282044,0.016508,0.1409051,0.237773,-0.0028171,-0.0073085,0.1281525,-0.112275699999999,-0.11216,0.0296612,0.3336204
Kuwait,KWT,Political Stability - Governance estimate (approx. -2.5 to +2.5),GOV_WGI_PV.EST,0.576776,0.326635,0.0971713999999999,0.1094954,0.0855674,-0.1466244,-0.0213093,0.0018547,0.2360921,0.2460837,0.1554026,0.1542148,0.1041664
Kuwait,KWT,Rule of Law - Governance estimate (approx. -2.5 to +2.5),GOV_WGI_RL.EST,0.3381151,0.3070359,0.3272807,0.2919927,0.0157648,7.06E-05,-0.0688786,-0.0541277,-0.0177652,0.0662246,0.146885,0.1194986,0.2236666
Kuwait,KWT,Voice and Accountability - Governance estimate (approx. -2.5 to +2.5),GOV_WGI_VA.EST,-0.2837021,-0.292831,-0.3894103,-0.430052799999999,-0.4284675,-0.426707,-0.4168537,-0.418240499999999,-0.4146491,-0.417902899999999,-0.4688158,-0.5604317,-0.5541874
Kuwait,KWT,Regulatory Quality - Governance estimate (approx. -2.5 to +2.5),GOV_WGI_RQ.EST,0.4485081,0.2857251,0.1507128,0.1194098,-0.0650589,-0.0254842,-0.0488498,-0.0306017,0.0185723,0.1059595,0.1356131,0.1641701,0.2464239
Kyrgyz Republic,KGZ,Control of Corruption - Governance estimate (approx. -2.5 to +2.5),GOV_WGI_CC.EST,-1.1425793,-1.21088169999999,-1.1598391,-1.1747911,-1.17187739999999,-1.2076555,-1.19001389999999,-1.1583682,-1.0445924,-0.9826685,-1.048438,-1.1583724,-1.2024196
Kyrgyz Republic,KGZ,Government Effectiveness - Governance estimate (approx. -2.5 to +2.5),GOV_WGI_GE.EST,-0.7697326,-0.8697708,-0.8926853,-0.8625472,-0.8594428,-0.8949145,-0.8966118,-0.713917199999999,-0.5418628,-0.670415099999999,-0.586251299999999,-0.842252799999999,-0.9984392
Kyrgyz Republic,KGZ,Political Stability - Governance estimate (approx. -2.5 to +2.5),GOV_WGI_PV.EST,-0.9344437,-0.997080699999999,-0.8759479,-0.816344899999999,-0.7066273,-0.7293545,-0.5531495,-0.2975366,-0.323764,-0.206819199999999,-0.5068231,-0.3876484,-0.422477
Kyrgyz Republic,KGZ,Rule of Law - Governance estimate (approx. -2.5 to +2.5),GOV_WGI_RL.EST,-1.1674615,-0.995306199999999,-0.934599,-0.946748399999999,-0.819314099999999,-0.8379898,-0.8007904,-0.7135136,-0.692172999999999,-0.738449599999999,-0.729520899999999,-0.879262,-0.9265186
Kyrgyz Republic,KGZ,Voice and Accountability - Governance estimate (approx. -2.5 to +2.5),GOV_WGI_VA.EST,-0.8101431,-0.6321637,-0.5682541,-0.4503839,-0.3187974,-0.2483693,-0.251539199999999,-0.283291199999999,-0.271814599999999,-0.3956981,-0.4870232,-0.5153924,-0.639873
Kyrgyz Republic,KGZ,Regulatory Quality - Governance estimate (approx. -2.5 to +2.5),GOV_WGI_RQ.EST,-0.472578699999999,-0.415269699999999,-0.499224,-0.4370868,-0.5414534,-0.559684699999999,-0.3906415,-0.2937056,-0.3502337,-0.4211895,-0.4846177,-0.5122396,-0.5260208
Lao PDR,LAO,Control of Corruption - Governance estimate (approx. -2.5 to +2.5),GOV_WGI_CC.EST,-1.1900658,-1.1502894,-1.14478789999999,-1.076746,-1.02596969999999,-0.9998267,-0.947724799999999,-1.00885769999999,-1.1101203,-1.1050142,-1.0608703,-1.0773186,-0.9974286
Lao PDR,LAO,Government Effectiveness - Governance estimate (approx. -2.5 to +2.5),GOV_WGI_GE.EST,-0.8602557,-0.8422502,-0.8376374,-0.7057833,-0.2761781,-0.353978299999999,-0.2622768,-0.2334031,-0.649149,-0.757151799999999,-0.765948,-0.7431648,-0.710403999999999
Lao PDR,LAO,Political Stability - Governance estimate (approx. -2.5 to +2.5),GOV_WGI_PV.EST,-0.2200354,-0.072408,-0.0728091,-0.0505462999999999,0.3772453,0.4046383,0.3452009,0.2776591,0.2651475,0.3582008,0.5456553,0.583086,0.7033051
Lao PDR,LAO,Rule of Law - Governance estimate (approx. -2.5 to +2.5),GOV_WGI_RL.EST,-0.946446799999999,-0.957751799999999,-0.8974981,-0.8536497,-0.779778,-0.7713994,-0.7516558,-0.822191799999999,-0.8579945,-0.944245599999999,-0.875201399999999,-0.7575675,-0.8397916
Lao PDR,LAO,Voice and Accountability - Governance estimate (approx. -2.5 to +2.5),GOV_WGI_VA.EST,-1.40629689999999,-1.4025949,-1.4072113,-1.39854339999999,-1.3776916,-1.3817502,-1.3451544,-1.39085139999999,-1.3641332,-1.4478452,-1.46743509999999,-1.3981687,-1.39861109999999
Lao PDR,LAO,Regulatory Quality - Governance estimate (approx. -2.5 to +2.5),GOV_WGI_RQ.EST,-0.948435799999999,-0.927360699999999,-0.8473352,-0.8088113,-0.745683299999999,-0.6993587,-0.665338,-0.6856629,-0.792704499999999,-0.720662799999999,-0.775701299999999,-0.742067799999999,-0.818860399999999
Latvia,LVA,Control of Corruption - Governance estimate (approx. -2.5 to +2.5),GOV_WGI_CC.EST,0.3436554,0.3903534,0.3863394,0.4288743,0.5065843,0.6009075,0.590799,0.6379966,0.5446798,0.6990995,0.7605048,0.8423495,0.8238921
Latvia,LVA,Government Effectiveness - Governance estimate (approx. -2.5 to +2.5),GOV_WGI_GE.EST,0.5604066,0.5698289,0.6097852,0.7056307,0.874541,0.7616412,0.6882968,0.6711156,0.7981066,0.8291601,0.7965198,0.8795712,0.7275574
Latvia,LVA,Political Stability - Governance estimate (approx. -2.5 to +2.5),GOV_WGI_PV.EST,0.5895207,0.3810125,0.4809516,0.6227437,0.720197,0.7167386,0.6434248,0.6631827,0.6632555,0.6780506,0.726286,0.8069842,0.7798656
Latvia,LVA,Rule of Law - Governance estimate (approx. -2.5 to +2.5),GOV_WGI_RL.EST,0.639395,0.5528728,0.5723849,0.5642618,0.6743999,0.6625807,0.6455907,0.6323351,0.6152447,0.828729,0.9229434,0.9839815,1.0087817
Latvia,LVA,Voice and Accountability - Governance estimate (approx. -2.5 to +2.5),GOV_WGI_VA.EST,0.8505226,0.7607673,0.6957507,0.7047938,0.7659565,0.7531513,0.7206221,0.7287864,0.7056906,0.9135978,0.9256747,0.9910654,1.06675
Latvia,LVA,Regulatory Quality - Governance estimate (approx. -2.5 to +2.5),GOV_WGI_RQ.EST,0.9998903,1.027476,0.9299474,0.9497473,1.0179488,1.0059047,0.9858411,0.9965005,1.0176263,1.0030074,0.9806216,1.1028018,0.9590621
Lebanon,LBN,Control of Corruption - Governance estimate (approx. -2.5 to +2.5),GOV_WGI_CC.EST,-0.9593813,-0.8636085,-0.938608999999999,-0.970074999999999,-1.1059903,-1.0047914,-1.069034,-1.0714014,-1.2208803,-1.2286796,-1.23052269999999,-1.2586741,-1.21762979999999
Lebanon,LBN,Government Effectiveness - Governance estimate (approx. -2.5 to +2.5),GOV_WGI_GE.EST,-0.243552799999999,-0.2594872,-0.2600992,-0.325725999999999,-0.266612,-0.2826924,-0.245921199999999,-0.221958699999999,-0.499689699999999,-0.6222753,-0.9492217,-1.0567104,-1.0420809
Lebanon,LBN,Political Stability - Governance estimate (approx. -2.5 to +2.5),GOV_WGI_PV.EST,-1.43369559999999,-1.4563703,-1.5792359,-1.6105378,-1.49478389999999,-1.3952938,-1.3333648,-1.3393518,-1.2146005,-1.3398887,-1.3492491,-1.3231817,-1.34257539999999
Lebanon,LBN,Rule of Law - Governance estimate (approx. -2.5 to +2.5),GOV_WGI_RL.EST,-0.6539495,-0.4793095,-0.5196035,-0.6166728,-0.6947778,-0.8084504,-0.8515653,-0.821323599999999,-0.7717368,-0.8604448,-0.918424399999999,-1.0028379,-1.0323318
Lebanon,LBN,Voice and Accountability - Governance estimate (approx. -2.5 to +2.5),GOV_WGI_VA.EST,-0.3436634,-0.355798599999999,-0.3211237,-0.379118299999999,-0.4595043,-0.5520082,-0.616314599999999,-0.6151856,-0.5658194,-0.6164535,-0.6889046,-0.7622156,-0.7786234
Lebanon,LBN,Regulatory Quality - Governance estimate (approx. -2.5 to +2.5),GOV_WGI_RQ.EST,0.0121012,-0.2805478,-0.3620584,-0.2888629,-0.441824599999999,-0.3625053,-0.4156822,-0.357388,-0.470461099999999,-0.5611682,-0.715552099999999,-0.821736999999999,-0.943323199999999
Lesotho,LSO,Control of Corruption - Governance estimate (approx. -2.5 to +2.5),GOV_WGI_CC.EST,0.1788739,0.2006484,0.1451542,0.2476871,0.1248333,0.0497097,0.0206204,0.0469636,0.0206214,-0.0282232,-0.009674,-0.1543581,-0.1463735
Lesotho,LSO,Government Effectiveness - Governance estimate (approx. -2.5 to +2.5),GOV_WGI_GE.EST,-0.3521504,-0.3753852,-0.443056699999999,-0.4522419,-0.498817599999999,-0.56995,-0.6209408,-0.6330237,-0.631831399999999,-0.6744181,-0.7085808,-0.7136054,-0.747926099999999
Lesotho,LSO,Political Stability - Governance estimate (approx. -2.5 to +2.5),GOV_WGI_PV.EST,0.5816165,0.6423581,0.2654833,0.3249377,-0.172191999999999,-0.208938699999999,-0.2746129,-0.2021614,-0.1397918,-0.287980099999999,-0.1451933,-0.1334002,-0.128161
Lesotho,LSO,Rule of Law - Governance estimate (approx. -2.5 to +2.5),GOV_WGI_RL.EST,-0.2581736,-0.2534609,-0.1994631,-0.1984955,-0.1499856,-0.1298453,-0.1871002,-0.2496806,-0.337208299999999,-0.341573299999999,-0.369226499999999,-0.401743299999999,-0.4650393
Lesotho,LSO,Voice and Accountability - Governance estimate (approx. -2.5 to +2.5),GOV_WGI_VA.EST,-0.149152999999999,-0.1378447,-0.0145537999999999,0.030405,-0.0778208,-0.0763691,-0.211975,-0.1860106,-0.148633699999999,-0.162956699999999,-0.136977899999999,-0.2217516,-0.1459999
Lesotho,LSO,Regulatory Quality - Governance estimate (approx. -2.5 to +2.5),GOV_WGI_RQ.EST,-0.5795946,-0.5974921,-0.5142951,-0.3929411,-0.4431457,-0.434587899999999,-0.441550499999999,-0.4168784,-0.5168768,-0.5508683,-0.7112968,-0.6526333,-0.5786676
Liberia,LBR,Control of Corruption - Governance estimate (approx. -2.5 to +2.5),GOV_WGI_CC.EST,-0.412423,-0.5668276,-0.4732171,-0.664203,-0.7936808,-0.734354699999999,-0.8475684,-0.852785,-0.9857106,-0.9910994,-0.9167423,-0.9896145,-1.0479173
Liberia,LBR,Government Effectiveness - Governance estimate (approx. -2.5 to +2.5),GOV_WGI_GE.EST,-1.0232677,-0.9978425,-0.881558299999999,-1.1231932,-1.115021,-1.20267369999999,-1.1576727,-1.1579163,-1.1977202,-1.2862251,-1.3754275,-1.32722149999999,-1.33159689999999
Liberia,LBR,Political Stability - Governance estimate (approx. -2.5 to +2.5),GOV_WGI_PV.EST,-0.393152599999999,-0.473186999999999,-0.3877254,-0.364639999999999,-0.510413,-0.5851773,-0.453136899999999,-0.2701752,-0.0185577,-0.2571938,-0.220102599999999,-0.2103506,-0.2807974
Liberia,LBR,Rule of Law - Governance estimate (approx. -2.5 to +2.5),GOV_WGI_RL.EST,-0.894351399999999,-0.897125899999999,-0.8335786,-0.848839799999999,-0.7733006,-0.7924952,-0.8082285,-0.791767,-0.831029799999999,-0.870665599999999,-0.855358499999999,-0.8429491,-0.858746399999999
Liberia,LBR,Voice and Accountability - Governance estimate (approx. -2.5 to +2.5),GOV_WGI_VA.EST,-0.1748594,-0.2723024,-0.1965545,-0.3267253,-0.2481803,-0.238272899999999,-0.2242728,-0.0459297,-0.135108099999999,-0.236170699999999,-0.1946272,-0.187357599999999,-0.1659338
Liberia,LBR,Regulatory Quality - Governance estimate (approx. -2.5 to +2.5),GOV_WGI_RQ.EST,-1.0577033,-1.1772919,-1.05962469999999,-1.0524016,-0.8265315,-0.789986699999999,-0.8651692,-0.8601742,-0.8639309,-0.9351647,-0.9601829,-0.945724799999999,-0.966968199999999
Libya,LBY,Control of Corruption - Governance estimate (approx. -2.5 to +2.5),GOV_WGI_CC.EST,-1.2258396,-1.250864,-1.1136811,-1.2916518,-1.475239,-1.59599119999999,-1.59775319999999,-1.6097899,-1.51601339999999,-1.5465395,-1.5214215,-1.5502152,-1.5332986
Libya,LBY,Government Effectiveness - Governance estimate (approx. -2.5 to +2.5),GOV_WGI_GE.EST,-1.28210579999999,-1.28253939999999,-1.3979031,-1.3728325,-1.5663079,-1.6501127,-1.666709,-1.5287142,-1.55155319999999,-1.5537488,-1.6327551,-1.4589466,-1.56371599999999
Libya,LBY,Political Stability - Governance estimate (approx. -2.5 to +2.5),GOV_WGI_PV.EST,-0.4787846,-1.6341249,-1.5745603,-1.9032456,-2.26526939999999,-2.2100778,-2.2576529,-2.29431519999999,-2.28391459999999,-2.25895969999999,-2.2231779,-2.2069296,-2.00397249999999
Libya,LBY,Rule of Law - Governance estimate (approx. -2.5 to +2.5),GOV_WGI_RL.EST,-1.1938263,-1.19040979999999,-1.0379947,-1.39483849999999,-1.59536189999999,-1.75455909999999,-1.6960655,-1.6097257,-1.5684814,-1.6213786,-1.6334673,-1.56279409999999,-1.7431898
Libya,LBY,Voice and Accountability - Governance estimate (approx. -2.5 to +2.5),GOV_WGI_VA.EST,-1.82689709999999,-1.5248663,-0.8508505,-0.811560899999999,-1.0752096,-1.165613,-1.1997746,-1.2324321,-1.1886225,-1.108952,-1.1145078,-1.26873449999999,-1.3168916
Libya,LBY,Regulatory Quality - Governance estimate (approx. -2.5 to +2.5),GOV_WGI_RQ.EST,-1.2492866,-1.4491899,-1.34726909999999,-1.5750015,-1.94609029999999,-2.0211489,-2.1039014,-1.9779852,-2.0627355,-2.0416816,-1.9895714,-1.9018167,-1.90307039999999
Liechtenstein,LIE,Control of Corruption - Governance estimate (approx. -2.5 to +2.5),GOV_WGI_CC.EST,1.7634559,1.762472,1.7604274,1.8180523,2.0144421,2.0160894,2.0174169,2.0164671,2.0180825,2.0203081,2.0208673,1.7554608,1.7550868
Liechtenstein,LIE,Government Effectiveness - Governance estimate (approx. -2.5 to +2.5),GOV_WGI_GE.EST,1.7144028,1.7135772,1.7137852,1.7140174,1.7234083,1.7216767,1.7222786,1.7224741,1.7235472,1.7245932,1.7216059,1.5136251,1.5173885
Liechtenstein,LIE,Political Stability - Governance estimate (approx. -2.5 to +2.5),GOV_WGI_PV.EST,1.644869,1.6405927,1.6401413,1.638762,1.6435264,1.5056039,1.5021925,1.5026105,1.5055506,1.6431087,1.6427344,1.5846135,1.5871411
Liechtenstein,LIE,Rule of Law - Governance estimate (approx. -2.5 to +2.5),GOV_WGI_RL.EST,1.6760806,1.6504211,1.5897692,1.5866416,1.6526677,1.6540607,1.6249582,1.6243963,1.6319998,1.6319229,1.6347175,1.6323677,1.7279582
Liechtenstein,LIE,Voice and Accountability - Governance estimate (approx. -2.5 to +2.5),GOV_WGI_VA.EST,1.7317172,1.6875788,1.5292348,1.5296566,1.4558907,1.4528958,1.3998969,1.3818292,1.3073919,1.313823,1.3135419,1.3347361,1.3366925
Liechtenstein,LIE,Regulatory Quality - Governance estimate (approx. -2.5 to +2.5),GOV_WGI_RQ.EST,1.7123847,1.7128762,1.7419622,1.7659616,1.5568901,1.5612025,1.5622108,1.6555279,1.6559665,1.6571558,1.6551308,1.5620662,1.5352187
Lithuania,LTU,Control of Corruption - Governance estimate (approx. -2.5 to +2.5),GOV_WGI_CC.EST,0.48572,0.4310611,0.5599732,0.5798078,0.5991275,0.6814439,0.7346677,0.6761875,0.4531588,0.7581204,0.8813828,0.9249581,0.855068
Lithuania,LTU,Government Effectiveness - Governance estimate (approx. -2.5 to +2.5),GOV_WGI_GE.EST,0.5772759,0.5794635,0.7054268,0.7087016,0.7945609,0.8794501,0.8452214,0.7582409,0.86117,0.8510012,0.9591268,0.9787009,0.9431482
Lithuania,LTU,Political Stability - Governance estimate (approx. -2.5 to +2.5),GOV_WGI_PV.EST,0.7159839,0.6843003,0.7176973,0.9839797,0.936572,0.9444776,0.9545715,0.8922634,0.9070273,0.9825192,1.1506312,1.0111257,0.963939
Lithuania,LTU,Rule of Law - Governance estimate (approx. -2.5 to +2.5),GOV_WGI_RL.EST,0.5982483,0.5466728,0.5849095,0.586968,0.7406313,0.8491406,0.9019135,0.8591134,0.7490782,1.0578671,1.1400782,1.2107283,1.228331
Lithuania,LTU,Voice and Accountability - Governance estimate (approx. -2.5 to +2.5),GOV_WGI_VA.EST,0.9490259,0.884775,0.8717718,0.8688475,0.889013,0.9019303,0.8522699,0.8829716,0.813513,1.0715599,1.086472,1.134426,1.1824494
Lithuania,LTU,Regulatory Quality - Governance estimate (approx. -2.5 to +2.5),GOV_WGI_RQ.EST,0.9389202,0.9138081,1.0029205,1.0155294,1.0103786,1.1895249,1.0789062,1.0760082,1.0635821,0.9756202,0.8963652,1.1708848,1.1852774
Luxembourg,LUX,Control of Corruption - Governance estimate (approx. -2.5 to +2.5),GOV_WGI_CC.EST,2.0803607,2.2289765,2.169911,2.1532216,2.1721389,2.2241466,2.1912929,2.1475168,2.2100505,2.2590117,2.2067723,1.9638476,1.9674109
Luxembourg,LUX,Government Effectiveness - Governance estimate (approx. -2.5 to +2.5),GOV_WGI_GE.EST,1.8503746,1.9488475,1.9034421,1.8352325,1.8322174,1.8995712,1.8926746,1.9443969,1.9421635,1.9821714,1.9824291,1.9512038,1.9655271
Luxembourg,LUX,Political Stability - Governance estimate (approx. -2.5 to +2.5),GOV_WGI_PV.EST,1.4878051,1.3788317,1.3639242,1.316509,1.4310289,1.4125194,1.3457296,1.2715421,1.3055181,1.3055593,1.2105167,1.1450494,1.0244114
Luxembourg,LUX,Rule of Law - Governance estimate (approx. -2.5 to +2.5),GOV_WGI_RL.EST,1.7383685,1.7584094,1.7782538,1.7641968,1.7507788,1.8141125,1.7993709,1.7990451,1.8614373,1.8431648,1.796841,1.7333366,1.7477473
Luxembourg,LUX,Voice and Accountability - Governance estimate (approx. -2.5 to +2.5),GOV_WGI_VA.EST,1.64731,1.6599762,1.6519812,1.6170351,1.5878417,1.6105936,1.598235,1.6256817,1.6101762,1.6112736,1.653888,1.6761181,1.6940035
Luxembourg,LUX,Regulatory Quality - Governance estimate (approx. -2.5 to +2.5),GOV_WGI_RQ.EST,1.7207932,1.8390106,1.7520668,1.7748859,1.5852947,1.6718385,1.7201424,1.6392801,1.7344219,1.7336486,1.8008159,1.8555011,1.8671503
"Macao SAR, China",MAC,Control of Corruption - Governance estimate (approx. -2.5 to +2.5),GOV_WGI_CC.EST,0.3400104,0.3390125,0.0415248,0.0416824,0.5684691,0.5701164,0.8357614,0.5704941,0.5721095,0.574335,0.5748942,0.5738053,0.5734313
"Macao SAR, China",MAC,Government Effectiveness - Governance estimate (approx. -2.5 to +2.5),GOV_WGI_GE.EST,1.0851419,1.0843163,0.6871473,0.6873796,1.3260314,1.3242998,1.1151481,1.3250972,1.1164167,1.1174627,1.1144754,1.1162482,1.1159813
"Macao SAR, China",MAC,Political Stability - Governance estimate (approx. -2.5 to +2.5),GOV_WGI_PV.EST,0.3473009,0.3423726,0.3418523,0.7532928,1.1417297,1.1400764,1.3130313,1.3135357,1.1477542,1.1488191,1.0596983,0.9688675,0.9728177
"Macao SAR, China",MAC,Rule of Law - Governance estimate (approx. -2.5 to +2.5),GOV_WGI_RL.EST,0.7136715,0.7170747,0.6059678,0.6030696,0.8482195,0.9044154,0.9046282,0.9041075,0.9595261,0.9063774,0.8569176,0.7814373,0.7797993
"Macao SAR, China",MAC,Voice and Accountability - Governance estimate (approx. -2.5 to +2.5),GOV_WGI_VA.EST,0.7092756,0.7115527,0.4175647,0.414769,0.1256886,0.418541,0.417591,0.4167652,0.5238535,0.5232038,0.5222875,0.0689022,0.0668135
"Macao SAR, China",MAC,Regulatory Quality - Governance estimate (approx. -2.5 to +2.5),GOV_WGI_RQ.EST,1.4338701,1.4342883,1.4297193,1.4290421,1.7042835,1.7085958,1.617354,1.6184209,1.5266096,1.527799,1.4335238,1.4327093,1.4305385
Madagascar,MDG,Control of Corruption - Governance estimate (approx. -2.5 to +2.5),GOV_WGI_CC.EST,-0.3902245,-0.4045495,-0.612370899999999,-0.7119532,-0.783836699999999,-0.784991,-0.794875999999999,-0.922522,-0.9185574,-0.925669499999999,-0.8463989,-0.9473613,-0.9659728
Madagascar,MDG,Government Effectiveness - Governance estimate (approx. -2.5 to +2.5),GOV_WGI_GE.EST,-0.6564666,-0.7418961,-0.908933,-0.931553299999999,-0.9922593,-0.999533399999999,-0.8355651,-0.819978,-0.8877092,-0.867749,-0.9069144,-0.9458829,-0.9182243
Madagascar,MDG,Political Stability - Governance estimate (approx. -2.5 to +2.5),GOV_WGI_PV.EST,-1.1657418,-0.8035247,-0.6903891,-0.6021042,-0.5624437,-0.526357699999999,-0.4661162,-0.535016199999999,-0.7625617,-0.529453,-0.574674,-0.4612648,-0.525026099999999
Madagascar,MDG,Rule of Law - Governance estimate (approx. -2.5 to +2.5),GOV_WGI_RL.EST,-0.8509099,-0.8607739,-0.8274005,-1.0194324,-0.914848,-0.7873387,-0.7441264,-0.7899503,-0.7923835,-0.8395324,-0.858634599999999,-0.893154,-0.9669241
Madagascar,MDG,Voice and Accountability - Governance estimate (approx. -2.5 to +2.5),GOV_WGI_VA.EST,-0.779294199999999,-0.7694481,-0.8368405,-0.8737117,-0.7331899,-0.6761863,-0.6621363,-0.6761349,-0.579241999999999,-0.534724,-0.4743286,-0.556467199999999,-0.533853399999999
Madagascar,MDG,Regulatory Quality - Governance estimate (approx. -2.5 to +2.5),GOV_WGI_RQ.EST,-0.7429887,-0.7428343,-0.7533594,-0.8753209,-0.8934656,-0.878050799999999,-0.7997983,-0.793997499999999,-0.8901794,-0.8495415,-0.8711152,-0.8689985,-0.831308199999999
Malawi,MWI,Control of Corruption - Governance estimate (approx. -2.5 to +2.5),GOV_WGI_CC.EST,-0.4404681,-0.3507495,-0.4934439,-0.643145499999999,-0.819742899999999,-0.829149999999999,-0.8277565,-0.715168199999999,-0.8171813,-0.802321,-0.4785598,-0.4316195,-0.6548107
Malawi,MWI,Government Effectiveness - Governance estimate (approx. -2.5 to +2.5),GOV_WGI_GE.EST,-0.5426828,-0.5839959,-0.5762271,-0.5704237,-0.542739,-0.585503099999999,-0.6089526,-0.5782225,-0.633709499999999,-0.686037,-0.7484164,-0.6797637,-0.781456199999999
Malawi,MWI,Political Stability - Governance estimate (approx. -2.5 to +2.5),GOV_WGI_PV.EST,-0.0357653,-0.1906666,-0.0861299,-0.203203,-0.0287147,-0.0522558,-0.2578002,-0.313000899999999,-0.3896791,-0.2824512,-0.0766165999999999,-0.102843499999999,-0.166924
Malawi,MWI,Rule of Law - Governance estimate (approx. -2.5 to +2.5),GOV_WGI_RL.EST,-0.132729899999999,-0.1907518,-0.2988361,-0.236368299999999,-0.3096161,-0.320057,-0.3434887,-0.2603898,-0.2926334,-0.3048007,-0.262679899999999,-0.2454536,-0.215452999999999
Malawi,MWI,Voice and Accountability - Governance estimate (approx. -2.5 to +2.5),GOV_WGI_VA.EST,-0.2711499,-0.325003,-0.231948,-0.2411969,-0.1612398,-0.142356099999999,-0.193207599999999,-0.2175942,-0.224112899999999,-0.2728638,-0.0851979,-0.0757201,-0.0793215999999999
Malawi,MWI,Regulatory Quality - Governance estimate (approx. -2.5 to +2.5),GOV_WGI_RQ.EST,-0.3917746,-0.4812109,-0.7275328,-0.7635909,-0.722596599999999,-0.749752899999999,-0.7414888,-0.6848017,-0.6718156,-0.6631094,-0.733428499999999,-0.6948634,-0.669774
Malaysia,MYS,Control of Corruption - Governance estimate (approx. -2.5 to +2.5),GOV_WGI_CC.EST,-0.0491702,0.0660407,0.1532346,0.215957,0.2951748,0.2439907,0.1034428,0.0731841,0.4935415,0.4609033,0.420523,0.3015023,0.3710292
Malaysia,MYS,Government Effectiveness - Governance estimate (approx. -2.5 to +2.5),GOV_WGI_GE.EST,0.9606573,0.9015908,0.8762495,0.8710349,0.9192375,0.8365268,0.7772776,0.7610752,0.8592296,0.8172716,0.8675226,0.8036415,0.7857271
Malaysia,MYS,Political Stability - Governance estimate (approx. -2.5 to +2.5),GOV_WGI_PV.EST,0.1752999,0.0582972,-0.0196796999999999,-0.0428372,0.0879800999999999,0.0447869,-0.0158376,-0.011848,0.1769644,0.1608892,0.1400704,0.196108,0.2483001
Malaysia,MYS,Rule of Law - Governance estimate (approx. -2.5 to +2.5),GOV_WGI_RL.EST,0.2255439,0.1386142,0.2392426,0.1917656,0.2420724,0.1141708,0.098701,0.1306432,0.2863954,0.3389272,0.3499706,0.3016338,0.2952941
Malaysia,MYS,Voice and Accountability - Governance estimate (approx. -2.5 to +2.5),GOV_WGI_VA.EST,-0.2505399,-0.2990577,-0.3845057,-0.397625,-0.409815999999999,-0.4440462,-0.4559705,-0.4206464,-0.177320099999999,-0.0505939,-0.1578862,-0.2516963,-0.1529312
Malaysia,MYS,Regulatory Quality - Governance estimate (approx. -2.5 to +2.5),GOV_WGI_RQ.EST,0.6535173,0.5248523,0.754922,0.844693,0.8827965,0.7623928,0.729094,0.7662252,0.7479363,0.755754,0.637551,0.7295908,0.6557654
Maldives,MDV,Control of Corruption - Governance estimate (approx. -2.5 to +2.5),GOV_WGI_CC.EST,-0.555744799999999,-0.542532799999999,-0.7108251,-0.763904599999999,-0.5760219,-0.587453,-0.764795,-0.8676893,-0.892958399999999,-0.520747899999999,-0.1711344,-0.1632074,-0.265023299999999
Maldives,MDV,Government Effectiveness - Governance estimate (approx. -2.5 to +2.5),GOV_WGI_GE.EST,-0.0057589,-0.0970951999999999,-0.0383274,-0.0966727,-0.1718945,-0.232125,-0.06644,-0.3095637,-0.3083187,0.00704069999999999,-0.0983054999999999,0.1471021,-0.2212354
Maldives,MDV,Political Stability - Governance estimate (approx. -2.5 to +2.5),GOV_WGI_PV.EST,-0.1410869,-0.2839227,-0.3264349,-0.0388545999999999,0.4805132,0.0821002,0.079118,-0.0431782999999999,-0.135999999999999,-0.0811059,0.2036825,0.4430279,0.2721525
Maldives,MDV,Rule of Law - Governance estimate (approx. -2.5 to +2.5),GOV_WGI_RL.EST,-0.203502,-0.481858199999999,-0.531052299999999,-0.774328,-0.5612798,-0.6506457,-0.623651,-0.6815256,-0.6259826,-0.483730999999999,-0.3114817,-0.1352825,0.1059573
Maldives,MDV,Voice and Accountability - Governance estimate (approx. -2.5 to +2.5),GOV_WGI_VA.EST,-0.0276323999999999,-0.0873877,-0.3456379,-0.515197799999999,-0.5291201,-0.5793588,-0.639416099999999,-0.7497602,-0.7287193,-0.3286885,-0.124150199999999,-0.1371966,-0.2241225
Maldives,MDV,Regulatory Quality - Governance estimate (approx. -2.5 to +2.5),GOV_WGI_RQ.EST,-0.173058799999999,-0.245051499999999,-0.2539345,-0.275600199999999,-0.2630012,-0.3073858,-0.228403,-0.227357299999999,-0.2269273,-0.225761599999999,-0.3494424,-0.2598203,-0.3523685
Mali,MLI,Control of Corruption - Governance estimate (approx. -2.5 to +2.5),GOV_WGI_CC.EST,-0.5808838,-0.5360999,-0.666150799999999,-0.599550199999999,-0.6426253,-0.6307364,-0.6456428,-0.706974099999999,-0.744831199999999,-0.7719638,-0.7753949,-0.896400299999999,-0.8528176
Mali,MLI,Government Effectiveness - Governance estimate (approx. -2.5 to +2.5),GOV_WGI_GE.EST,-0.9244336,-0.8221921,-0.910092599999999,-0.8529578,-1.0499743,-0.938338399999999,-0.929613999999999,-0.871987899999999,-0.9789893,-1.0954319,-1.12240539999999,-1.1810763,-1.20601619999999
Mali,MLI,Political Stability - Governance estimate (approx. -2.5 to +2.5),GOV_WGI_PV.EST,-0.130322,-0.7719954,-1.9634653,-1.6463052,-1.59000419999999,-1.5535933,-1.5338819,-1.71864139999999,-1.87828559999999,-2.05500729999999,-2.0594968,-2.3319481,-2.4680844
Mali,MLI,Rule of Law - Governance estimate (approx. -2.5 to +2.5),GOV_WGI_RL.EST,-0.4185293,-0.4621075,-0.749730799999999,-0.822118999999999,-0.7038046,-0.7521911,-0.7584401,-0.7545362,-0.7515531,-0.8086867,-0.8335984,-0.882688199999999,-1.0213887
Mali,MLI,Voice and Accountability - Governance estimate (approx. -2.5 to +2.5),GOV_WGI_VA.EST,0.0289389,0.0305249,-0.4575998,-0.3652117,-0.231560599999999,-0.338542099999999,-0.3368327,-0.3671838,-0.4790175,-0.5066704,-0.6560614,-0.811539599999999,-0.978497899999999
Mali,MLI,Regulatory Quality - Governance estimate (approx. -2.5 to +2.5),GOV_WGI_RQ.EST,-0.5175337,-0.4706606,-0.5259218,-0.6307686,-0.6481828,-0.5110576,-0.561468899999999,-0.5653398,-0.6149817,-0.6559592,-0.7294119,-0.6697155,-0.7107857
Malta,MLT,Control of Corruption - Governance estimate (approx. -2.5 to +2.5),GOV_WGI_CC.EST,0.9659229,0.9455787,0.9075464,0.9129264,0.8102062,0.8513513,0.7852018,0.7943079,0.7416132,0.4163584,0.611326,0.4667226,0.4469911
Malta,MLT,Government Effectiveness - Governance estimate (approx. -2.5 to +2.5),GOV_WGI_GE.EST,0.9877609,0.9882811,1.0718539,1.1879853,1.0645056,1.008955,1.1103655,1.0116786,1.0139731,0.9937489,1.0778299,1.0227164,0.9128888
Malta,MLT,Political Stability - Governance estimate (approx. -2.5 to +2.5),GOV_WGI_PV.EST,1.2175773,1.0020842,1.0126603,0.9719428,1.0486158,0.9507103,0.9368787,1.082828,1.1121321,0.9193493,0.9914658,0.9318346,0.9316852
Malta,MLT,Rule of Law - Governance estimate (approx. -2.5 to +2.5),GOV_WGI_RL.EST,1.4095187,1.2204987,1.2523387,1.2109839,1.0293544,1.0918616,1.0417449,1.1123707,1.058595,1.018577,0.9438011,0.8666429,0.8543614
Malta,MLT,Voice and Accountability - Governance estimate (approx. -2.5 to +2.5),GOV_WGI_VA.EST,1.2332963,1.164284,1.1636111,1.2117495,1.1728082,1.1871536,1.163645,1.1266584,1.1635326,1.112703,1.1610836,1.0102414,1.0201012
Malta,MLT,Regulatory Quality - Governance estimate (approx. -2.5 to +2.5),GOV_WGI_RQ.EST,1.3373913,1.2161781,1.2325928,1.2084197,0.8732281,0.9916351,1.0656325,1.2566571,1.2462056,0.8271849,1.0901554,0.7210401,0.5640572
Marshall Islands,MHL,Control of Corruption - Governance estimate (approx. -2.5 to +2.5),GOV_WGI_CC.EST,-0.4162416,-0.1709639,-0.1763141,-0.0429856,-0.114215299999999,0.81403,0.7744119,0.7728719,0.3468948,0.3505035,-0.0245517,-0.0263173999999999,-0.0269237999999999
Marshall Islands,MHL,Government Effectiveness - Governance estimate (approx. -2.5 to +2.5),GOV_WGI_GE.EST,-0.7741146,-1.2346237,-1.23423859999999,-1.202114,-1.1847221,-0.316748,-0.3160496,-0.315822799999999,-0.3344329,-0.3332193,-0.21495,-0.212893199999999,-0.1660294
Marshall Islands,MHL,Political Stability - Governance estimate (approx. -2.5 to +2.5),GOV_WGI_PV.EST,1.3502698,1.5682717,1.5672321,1.5640556,1.5750282,1.1425008,0.8824277,1.1385207,1.14243,1.1508696,1.0394581,1.004613,1.2819745
Marshall Islands,MHL,Rule of Law - Governance estimate (approx. -2.5 to +2.5),GOV_WGI_RL.EST,1.0194161,0.6288064,0.6261616,0.6588507,0.6618356,0.6868748,0.6872034,0.6863992,0.5808532,0.8478418,0.7858463,0.7827543,0.836255
Marshall Islands,MHL,Voice and Accountability - Governance estimate (approx. -2.5 to +2.5),GOV_WGI_VA.EST,0.9864973,0.872458,0.8702091,0.8797777,0.8769027,0.9435256,0.9357159,0.9347059,0.9067185,0.9369232,0.6958712,0.6912417,0.6897211
Marshall Islands,MHL,Regulatory Quality - Governance estimate (approx. -2.5 to +2.5),GOV_WGI_RQ.EST,-1.05643629999999,-1.0536779,-1.0600603,-1.0873386,-1.0894464,-0.814477799999999,-0.7916806,-0.790455799999999,-0.7985966,-0.797231199999999,-0.892459999999999,-0.8933951,-0.9175268
Martinique,MTQ,Control of Corruption - Governance estimate (approx. -2.5 to +2.5),GOV_WGI_CC.EST,0.8638503,0.8614942,0.8565981,0.8569702,1.1646295,1.1685187,1.1716528,1.1694105,1.1732244,1.1784788,0.5557528,0.5531818,0.5522989
Martinique,MTQ,Government Effectiveness - Governance estimate (approx. -2.5 to +2.5),GOV_WGI_GE.EST,0.7531799,0.7518252,0.7521664,0.7525475,1.1121628,1.1093212,1.110309,1.1106297,1.1123907,1.1141072,1.109205,1.1121142,1.214283
Martinique,MTQ,Political Stability - Governance estimate (approx. -2.5 to +2.5),GOV_WGI_PV.EST,0.5993238,0.5930005,0.592333,0.5902934,0.8176369,0.8160725,0.8121773,0.8126545,0.8160116,0.6568021,0.4960318,0.4938604,0.497598
Martinique,MTQ,Rule of Law - Governance estimate (approx. -2.5 to +2.5),GOV_WGI_RL.EST,0.7788886,0.7934275,0.7878884,0.7755074,-0.0402989,-0.0347847,0.8732221,0.8709978,0.873191,0.6461361,0.6485582,0.6399761,0.8013243
Martinique,MTQ,Voice and Accountability - Governance estimate (approx. -2.5 to +2.5),GOV_WGI_VA.EST,0.6114991,0.6167363,0.6123705,0.6059404,0.6128618,0.6146158,0.612431,0.6105316,..,..,..,..,..
Martinique,MTQ,Regulatory Quality - Governance estimate (approx. -2.5 to +2.5),GOV_WGI_RQ.EST,0.9311505,0.9322238,0.9204959,0.9187576,0.8556858,0.866755,0.8693433,1.1088764,1.1100024,1.1130552,0.6342679,0.6321771,0.6266049
Mauritania,MRT,Control of Corruption - Governance estimate (approx. -2.5 to +2.5),GOV_WGI_CC.EST,-0.6166503,-0.5421054,-0.734616199999999,-0.7989219,-0.9214158,-0.9528354,-0.8308534,-0.8700694,-0.8944903,-0.981007499999999,-0.7915263,-0.879153,-0.8477941
Mauritania,MRT,Government Effectiveness - Governance estimate (approx. -2.5 to +2.5),GOV_WGI_GE.EST,-0.5153748,-0.505274,-0.6504224,-0.830782599999999,-0.845636899999999,-0.9313712,-0.895438499999999,-0.8206663,-0.834363699999999,-0.824074099999999,-0.9008005,-0.848290299999999,-0.87695
Mauritania,MRT,Political Stability - Governance estimate (approx. -2.5 to +2.5),GOV_WGI_PV.EST,-0.815385999999999,-1.0034248,-1.0990669,-1.1394547,-0.7612141,-0.776510199999999,-0.9065538,-0.7637873,-0.748524899999999,-0.645438,-0.6263455,-0.5222228,-0.2992865
Mauritania,MRT,Rule of Law - Governance estimate (approx. -2.5 to +2.5),GOV_WGI_RL.EST,-0.899488699999999,-0.953907899999999,-0.989272199999999,-1.069894,-0.9896735,-0.9742152,-0.915534499999999,-0.806902,-0.823958899999999,-0.7821412,-0.7061772,-0.8740834,-0.8487425
Mauritania,MRT,Voice and Accountability - Governance estimate (approx. -2.5 to +2.5),GOV_WGI_VA.EST,-0.6984326,-0.6639976,-0.8761489,-0.943839,-0.917447599999999,-0.922540199999999,-0.9229242,-0.971436699999999,-0.938720599999999,-0.8727345,-0.798863299999999,-0.894332599999999,-0.8832882
Mauritania,MRT,Regulatory Quality - Governance estimate (approx. -2.5 to +2.5),GOV_WGI_RQ.EST,-0.5076316,-0.482121199999999,-0.678852999999999,-0.8388686,-0.832768899999999,-0.821841399999999,-0.6847164,-0.707577,-0.7617925,-0.7614288,-0.8732894,-0.969900299999999,-0.968165699999999
Mauritius,MUS,Control of Corruption - Governance estimate (approx. -2.5 to +2.5),GOV_WGI_CC.EST,0.3259093,0.343491,0.4410037,0.4205264,0.4563263,0.2903886,0.3223687,0.2855506,0.3016043,0.3198001,0.3426669,0.416008,0.3948817
Mauritius,MUS,Government Effectiveness - Governance estimate (approx. -2.5 to +2.5),GOV_WGI_GE.EST,0.7333444,0.7467754,0.98957,0.9262441,1.052631,1.0592368,1.1005388,1.0288458,0.9336102,0.8595784,0.8319144,0.738763,0.7319597
Mauritius,MUS,Political Stability - Governance estimate (approx. -2.5 to +2.5),GOV_WGI_PV.EST,0.502475,0.4718019,1.0701031,1.0531756,0.8096197,1.0248107,1.0313567,1.0144918,0.8991856,0.9291254,0.928832,0.9264413,0.8607357
Mauritius,MUS,Rule of Law - Governance estimate (approx. -2.5 to +2.5),GOV_WGI_RL.EST,0.837472,0.8838383,1.0288472,0.9329893,0.9599584,0.8836384,0.9620156,0.9262704,0.926741,0.8929962,0.9547352,0.7212842,0.6838381
Mauritius,MUS,Voice and Accountability - Governance estimate (approx. -2.5 to +2.5),GOV_WGI_VA.EST,0.7170552,0.7228476,0.8183553,0.8106968,0.8373596,0.8000559,0.8176716,0.7837644,0.7783716,0.5288847,0.490144,0.3693402,0.3427296
Mauritius,MUS,Regulatory Quality - Governance estimate (approx. -2.5 to +2.5),GOV_WGI_RQ.EST,0.8089043,0.7545106,0.9687685,0.9616397,1.1372839,1.0125431,1.062971,1.0666823,1.0408014,0.9600603,0.9972365,0.9383776,0.896846
Mexico,MEX,Control of Corruption - Governance estimate (approx. -2.5 to +2.5),GOV_WGI_CC.EST,-0.383217,-0.4247504,-0.4579567,-0.5312775,-0.7528978,-0.840903899999999,-0.8211672,-0.9481326,-0.9427494,-0.8896518,-0.853792,-0.8733867,-0.8757541
Mexico,MEX,Government Effectiveness - Governance estimate (approx. -2.5 to +2.5),GOV_WGI_GE.EST,-0.0704234,0.0989004,0.198193,0.2228276,0.131427,0.0999956999999999,0.1280596,0.0099863,-0.0269292,-0.00866849999999999,-0.0462657999999999,-0.0457428999999999,-0.0874176
Mexico,MEX,Political Stability - Governance estimate (approx. -2.5 to +2.5),GOV_WGI_PV.EST,-0.8229063,-0.7251572,-0.8010179,-0.804453299999999,-0.959658599999999,-0.892263399999999,-0.833912099999999,-1.0455954,-0.927316799999999,-0.8974274,-0.7772933,-0.736204699999999,-0.5890439
Mexico,MEX,Rule of Law - Governance estimate (approx. -2.5 to +2.5),GOV_WGI_RL.EST,-0.5089477,-0.617978399999999,-0.5948829,-0.6475514,-0.5831095,-0.6829719,-0.667592499999999,-0.7300047,-0.8062687,-0.8760117,-0.986665199999999,-1.0248188,-1.0822517
Mexico,MEX,Voice and Accountability - Governance estimate (approx. -2.5 to +2.5),GOV_WGI_VA.EST,0.302969,0.1509914,0.1613289,0.140441,0.0591695,-0.0649057,-0.09985,-0.1417561,-0.0473499999999999,-0.0639434,-0.0915771,-0.17373,-0.240528499999999
Mexico,MEX,Regulatory Quality - Governance estimate (approx. -2.5 to +2.5),GOV_WGI_RQ.EST,0.1160396,0.1727169,0.2864858,0.2862275,0.2083406,0.1825598,0.1610393,0.1640815,-0.00317669999999999,-0.0417639999999999,-0.1196879,-0.191282199999999,-0.156337
"Micronesia, Fed. Sts.",FSM,Control of Corruption - Governance estimate (approx. -2.5 to +2.5),GOV_WGI_CC.EST,-0.1017024,-0.2277112,-0.0430928,-0.0428372,0.8531295,0.8558006,0.7744119,0.7728719,0.7754912,0.7791,0.4040448,0.3004111,0.2998184
"Micronesia, Fed. Sts.",FSM,Government Effectiveness - Governance estimate (approx. -2.5 to +2.5),GOV_WGI_GE.EST,-0.4379422,-0.691110999999999,-0.6908698,-0.670745399999999,-0.1731488,-0.1751578,-0.1744595,0.0691179,0.0703628999999999,0.0007813,0.1389059,0.1409627,-0.0852637
"Micronesia, Fed. Sts.",FSM,Political Stability - Governance estimate (approx. -2.5 to +2.5),GOV_WGI_PV.EST,1.2088755,1.0812283,1.08067,1.0789642,1.0732124,1.071904,1.0686461,1.0690453,1.2058557,1.009383,1.1206831,1.2268624,1.5042238
"Micronesia, Fed. Sts.",FSM,Rule of Law - Governance estimate (approx. -2.5 to +2.5),GOV_WGI_RL.EST,0.495955,0.2574728,0.2560216,0.2527776,0.1504371,0.1518818,0.15212,0.1515372,0.0309074,0.2217998,0.6699225,0.8844429,0.9774711
"Micronesia, Fed. Sts.",FSM,Voice and Accountability - Governance estimate (approx. -2.5 to +2.5),GOV_WGI_VA.EST,0.9844809,0.7496022,0.8485562,0.846155,0.8534087,0.8540637,0.8439099,0.8432005,0.8841628,1.0303454,0.6446556,0.640026,0.6385055
"Micronesia, Fed. Sts.",FSM,Regulatory Quality - Governance estimate (approx. -2.5 to +2.5),GOV_WGI_RQ.EST,-0.5512136,-0.780307499999999,-0.7847858,-0.7612623,-0.8079514,-0.779537399999999,-0.7728383,-0.681372099999999,-0.7713626,-0.8495212,-0.851506099999999,-0.761884,-0.7640118
Moldova,MDA,Control of Corruption - Governance estimate (approx. -2.5 to +2.5),GOV_WGI_CC.EST,-0.6878966,-0.6534376,-0.7197195,-0.8114962,-0.969687699999999,-1.03857019999999,-1.099628,-0.937231199999999,-0.871319899999999,-0.7732817,-0.7308378,-0.550342,-0.421512599999999
Moldova,MDA,Government Effectiveness - Governance estimate (approx. -2.5 to +2.5),GOV_WGI_GE.EST,-0.604127499999999,-0.5793138,-0.5624904,-0.5012795,-0.463918799999999,-0.6288785,-0.6014068,-0.4025781,-0.215601899999999,-0.2731316,-0.2721944,-0.210143599999999,-0.133791
Moldova,MDA,Political Stability - Governance estimate (approx. -2.5 to +2.5),GOV_WGI_PV.EST,-0.0745102,0.1492997,0.1385944,0.1501042,-0.0788413999999999,-0.1714471,-0.1842961,-0.181840299999999,-0.2383059,-0.1474608,-0.149089399999999,-0.0451684,-0.2465629
Moldova,MDA,Rule of Law - Governance estimate (approx. -2.5 to +2.5),GOV_WGI_RL.EST,-0.3350164,-0.2783037,-0.360517,-0.4252199,-0.364908299999999,-0.419315799999999,-0.424311899999999,-0.4332048,-0.4034988,-0.3747443,-0.377801599999999,-0.2519381,-0.1948034
Moldova,MDA,Voice and Accountability - Governance estimate (approx. -2.5 to +2.5),GOV_WGI_VA.EST,0.083603,0.2324501,0.0215492,-0.0685532,-0.0337182,-0.0642348,-0.103968499999999,-0.110529999999999,-0.1677532,-0.1508752,-0.0883867,0.0252853,0.0872112999999999
Moldova,MDA,Regulatory Quality - Governance estimate (approx. -2.5 to +2.5),GOV_WGI_RQ.EST,-0.201061599999999,-0.1975832,-0.286980199999999,-0.2287158,-0.1363385,-0.199269199999999,-0.231593599999999,-0.122281199999999,-0.1859583,-0.113272799999999,-0.1518578,-0.0862631,-0.0435626
Monaco,MCO,Control of Corruption - Governance estimate (approx. -2.5 to +2.5),GOV_WGI_CC.EST,..,..,..,..,..,1.7925654,1.7956995,1.7934572,1.7972711,1.8025255,1.1797991,1.1772281,1.1763452
Monaco,MCO,Government Effectiveness - Governance estimate (approx. -2.5 to +2.5),GOV_WGI_GE.EST,..,..,..,..,..,1.7977313,1.7987191,1.7990398,1.8008008,1.8025173,1.7976151,1.8005243,1.7371134
Monaco,MCO,Political Stability - Governance estimate (approx. -2.5 to +2.5),GOV_WGI_PV.EST,0.9409444,0.9310959,0.9300563,0.9268798,0.9378524,1.2059066,1.2026488,1.5452189,1.5480267,1.5488694,1.2062355,1.2044193,1.3786309
Monaco,MCO,Rule of Law - Governance estimate (approx. -2.5 to +2.5),GOV_WGI_RL.EST,1.2597795,1.2748343,1.2690986,1.2562782,1.2627514,1.6037535,1.6042767,1.6029964,1.536679,1.5364829,1.379704,1.3737068,1.3462901
Monaco,MCO,Voice and Accountability - Governance estimate (approx. -2.5 to +2.5),GOV_WGI_VA.EST,0.9870805,0.7175055,0.7146461,0.7602859,0.764819,0.7659677,0.6889007,0.6532767,0.8095481,0.8817819,0.8806321,0.9018722,0.8992514
Monaco,MCO,Regulatory Quality - Governance estimate (approx. -2.5 to +2.5),GOV_WGI_RQ.EST,..,..,..,..,..,1.3403443,1.3429326,1.3456712,1.3467972,1.3498501,1.3446521,1.3425613,1.3369891
Mongolia,MNG,Control of Corruption - Governance estimate (approx. -2.5 to +2.5),GOV_WGI_CC.EST,-0.6280549,-0.5822872,-0.6058663,-0.5605354,-0.5593028,-0.586661299999999,-0.6103892,-0.5320484,-0.573848799999999,-0.6152153,-0.6207183,-0.6644684,-0.662165
Mongolia,MNG,Government Effectiveness - Governance estimate (approx. -2.5 to +2.5),GOV_WGI_GE.EST,-0.5374241,-0.5445631,-0.5466493,-0.5000373,-0.304772999999999,-0.3329464,-0.358860199999999,-0.4472314,-0.2974017,-0.3385736,-0.311666999999999,-0.3519979,-0.2986908
Mongolia,MNG,Political Stability - Governance estimate (approx. -2.5 to +2.5),GOV_WGI_PV.EST,0.6671331,0.5645353,0.604855,0.643466,0.887271,0.7608377,0.7157785,0.716039,0.7490657,0.7382926,0.7498288,0.7338327,0.6315013
Mongolia,MNG,Rule of Law - Governance estimate (approx. -2.5 to +2.5),GOV_WGI_RL.EST,-0.322234099999999,-0.236366,-0.2337148,-0.2558773,-0.246084299999999,-0.2154153,-0.1441468,-0.1693798,-0.179897299999999,-0.2038322,-0.1742243,-0.1731689,-0.1500746
Mongolia,MNG,Voice and Accountability - Governance estimate (approx. -2.5 to +2.5),GOV_WGI_VA.EST,0.2262623,0.2045318,0.0473849,0.086139,0.1797307,0.1742773,0.2098394,0.1974465,0.1650009,0.1580404,0.1817007,0.1480496,0.1368044
Mongolia,MNG,Regulatory Quality - Governance estimate (approx. -2.5 to +2.5),GOV_WGI_RQ.EST,-0.2778251,-0.3091131,-0.3833453,-0.4706872,-0.309591,-0.3044292,-0.0277123,-0.0358613,0.0263885,-0.0663774999999999,-0.1342621,-0.1284159,-0.194625599999999
Montenegro,MNE,Control of Corruption - Governance estimate (approx. -2.5 to +2.5),GOV_WGI_CC.EST,-0.560026599999999,-0.559879,-0.337634999999999,-0.342360799999999,-0.156991599999999,-0.1544911,-0.1624556,-0.1096413,-0.0848879999999999,-0.0626438,-0.0359882,0.0383454,-0.0127453999999999
Montenegro,MNE,Government Effectiveness - Governance estimate (approx. -2.5 to +2.5),GOV_WGI_GE.EST,-0.3366901,-0.3313272,-0.0931564,-0.00855199999999999,0.3125985,0.3138915,0.2498332,0.2868544,0.190468,0.2001456,0.0904093,-0.0246248999999999,0.0193238
Montenegro,MNE,Political Stability - Governance estimate (approx. -2.5 to +2.5),GOV_WGI_PV.EST,0.5091882,0.502446,0.6136633,0.5891056,0.3043294,0.2272366,0.2828464,0.0506422,0.131692,0.1956009,0.0295754,-0.0332398999999999,0.0236518
Montenegro,MNE,Rule of Law - Governance estimate (approx. -2.5 to +2.5),GOV_WGI_RL.EST,-0.1052593,-0.1620815,-0.0747745,-0.0539604,-0.0473708,-0.0128937999999999,-0.0365595,-0.0822842999999999,0.0650279,0.0784686,0.1134367,0.0178112,-0.0546103999999999
Montenegro,MNE,Voice and Accountability - Governance estimate (approx. -2.5 to +2.5),GOV_WGI_VA.EST,-0.0387663,-0.0294923,0.2010496,0.169083,0.1944069,0.1963459,0.10191,0.1672645,0.1124884,0.0915887,0.0979351,0.0861181,0.1804086
Montenegro,MNE,Regulatory Quality - Governance estimate (approx. -2.5 to +2.5),GOV_WGI_RQ.EST,-0.0475861999999999,-0.0547623,0.0226967,0.0617532,0.2298046,0.2611715,0.2705951,0.3423045,0.2925708,0.2943513,0.2464903,0.2209769,0.2592331
Morocco,MAR,Control of Corruption - Governance estimate (approx. -2.5 to +2.5),GOV_WGI_CC.EST,-0.3011276,-0.5058263,-0.5029325,-0.4173212,-0.4165717,-0.352055199999999,-0.3146541,-0.3911459,-0.475142299999999,-0.425659399999999,-0.408551999999999,-0.4783966,-0.4879114
Morocco,MAR,Government Effectiveness - Governance estimate (approx. -2.5 to +2.5),GOV_WGI_GE.EST,-0.116891399999999,-0.1652959,-0.2011827,-0.2189575,-0.2696224,-0.2363813,-0.1396764,-0.2631327,-0.3161959,-0.1333028,-0.0577221999999999,-0.1241745,-0.1200179
Morocco,MAR,Political Stability - Governance estimate (approx. -2.5 to +2.5),GOV_WGI_PV.EST,-0.440469399999999,-0.5060194,-0.5760215,-0.6954656,-0.4094598,-0.4546654,-0.4710854,-0.5065227,-0.426450799999999,-0.390399499999999,-0.409449199999999,-0.4686437,-0.492008
Morocco,MAR,Rule of Law - Governance estimate (approx. -2.5 to +2.5),GOV_WGI_RL.EST,-0.3848819,-0.381967699999999,-0.3317303,-0.4333613,-0.372493199999999,-0.3687701,-0.2935249,-0.3713857,-0.3248223,-0.3198643,-0.314662899999999,-0.4447944,-0.4491939
Morocco,MAR,Voice and Accountability - Governance estimate (approx. -2.5 to +2.5),GOV_WGI_VA.EST,-0.5290341,-0.546845999999999,-0.5882097,-0.7073083,-0.6694114,-0.6459636,-0.5720272,-0.622077099999999,-0.6930849,-0.6666584,-0.6956447,-0.696885,-0.6956057
Morocco,MAR,Regulatory Quality - Governance estimate (approx. -2.5 to +2.5),GOV_WGI_RQ.EST,0.0236412,-0.0756699,-0.0055365,0.0197469,0.0501017,0.0585252,0.0139184,0.0044748,-0.1157961,0.0271992,0.0648279,-0.0751135,-0.0811815999999999
Mozambique,MOZ,Control of Corruption - Governance estimate (approx. -2.5 to +2.5),GOV_WGI_CC.EST,-0.6420833,-0.648115,-0.5844214,-0.7525881,-0.861341399999999,-0.8687712,-0.991651899999999,-0.9645689,-0.8725989,-0.8757647,-0.7627176,-0.809070699999999,-0.9013357
Mozambique,MOZ,Government Effectiveness - Governance estimate (approx. -2.5 to +2.5),GOV_WGI_GE.EST,-0.6480562,-0.7025583,-0.557708299999999,-0.543743499999999,-0.5716435,-0.580096,-0.6823519,-0.6898963,-0.6871201,-0.650046799999999,-0.8223436,-0.8185849,-0.7706816
Mozambique,MOZ,Political Stability - Governance estimate (approx. -2.5 to +2.5),GOV_WGI_PV.EST,-0.0221082999999999,-0.0890489999999999,0.0409192,-0.495572499999999,-0.6196453,-0.6842917,-1.2808563,-1.06530219999999,-0.798038799999999,-0.8295224,-1.34575129999999,-1.2675269,-1.3208653
Mozambique,MOZ,Rule of Law - Governance estimate (approx. -2.5 to +2.5),GOV_WGI_RL.EST,-0.6362812,-0.7838554,-0.6756875,-0.9450097,-0.904627899999999,-0.8527751,-1.0119212,-0.9914898,-0.9808812,-0.9656024,-1.0406476,-1.0487663,-1.0728381
Mozambique,MOZ,Voice and Accountability - Governance estimate (approx. -2.5 to +2.5),GOV_WGI_VA.EST,-0.317116199999999,-0.3975939,-0.299031799999999,-0.3736809,-0.3834841,-0.405902899999999,-0.5790188,-0.591888,-0.652033699999999,-0.71209,-0.6308138,-0.7863927,-0.7774109
Mozambique,MOZ,Regulatory Quality - Governance estimate (approx. -2.5 to +2.5),GOV_WGI_RQ.EST,-0.5331532,-0.5600061,-0.505221199999999,-0.5617285,-0.5800794,-0.6403998,-0.6946758,-0.6821754,-0.731397499999999,-0.7252116,-0.7751237,-0.8186743,-0.7862195
Myanmar,MMR,Control of Corruption - Governance estimate (approx. -2.5 to +2.5),GOV_WGI_CC.EST,-1.1870224,-1.1856058,-1.3191853,-1.149632,-1.0510924,-1.0035195,-0.854276199999999,-0.7617201,-0.7679218,-0.7649935,-0.6277817,-0.9391159,-1.136637
Myanmar,MMR,Government Effectiveness - Governance estimate (approx. -2.5 to +2.5),GOV_WGI_GE.EST,-1.3166107,-1.3109568,-1.5557382,-1.5485581,-1.3003242,-1.2574663,-1.1523629,-1.2517085,-1.3199541,-1.3177807,-1.318284,-1.54162579999999,-1.6445781
Myanmar,MMR,Political Stability - Governance estimate (approx. -2.5 to +2.5),GOV_WGI_PV.EST,-1.0884224,-1.084601,-1.05965779999999,-1.2724274,-1.1507422,-1.123947,-1.01961219999999,-1.24136,-1.29787299999999,-1.3625611,-1.5318775,-2.09394989999999,-2.2412758
Myanmar,MMR,Rule of Law - Governance estimate (approx. -2.5 to +2.5),GOV_WGI_RL.EST,-1.4706145,-1.38043009999999,-1.43519509999999,-1.26471579999999,-1.2517405,-1.24813,-1.045056,-1.09124359999999,-1.1735375,-1.18669769999999,-1.1631619,-1.5648147,-1.65875779999999
Myanmar,MMR,Voice and Accountability - Governance estimate (approx. -2.5 to +2.5),GOV_WGI_VA.EST,-1.6038546,-1.47297789999999,-1.4471572,-1.3997465,-1.3409972,-1.28193159999999,-0.942400199999999,-1.067998,-1.0234249,-0.970264199999999,-0.9104823,-1.4221985,-1.8445657
Myanmar,MMR,Regulatory Quality - Governance estimate (approx. -2.5 to +2.5),GOV_WGI_RQ.EST,-1.67502889999999,-1.5954532,-1.76311659999999,-1.4584015,-1.3316118,-1.110113,-0.8822049,-0.843015899999999,-0.8166314,-0.8502984,-0.7286511,-1.13693469999999,-1.26034659999999
Namibia,NAM,Control of Corruption - Governance estimate (approx. -2.5 to +2.5),GOV_WGI_CC.EST,0.3382449,0.3080152,0.4912085,0.4707981,0.4361437,0.4537303,0.4077914,0.3675534,0.4425861,0.4318792,0.3917523,0.3260821,0.3167748
Namibia,NAM,Government Effectiveness - Governance estimate (approx. -2.5 to +2.5),GOV_WGI_GE.EST,0.2412293,0.1893853,0.3978933,0.3354358,0.3164678,0.2927673,0.2349555,0.2683997,0.3136094,0.2867851,0.1498863,0.1596202,0.165395
Namibia,NAM,Political Stability - Governance estimate (approx. -2.5 to +2.5),GOV_WGI_PV.EST,0.7872857,0.7152049,0.843349,0.8788275,0.6369054,0.7175058,0.6657313,0.6294292,0.6942559,0.5859149,0.5126308,0.5136089,0.3736395
Namibia,NAM,Rule of Law - Governance estimate (approx. -2.5 to +2.5),GOV_WGI_RL.EST,0.2970201,0.1702201,0.2567192,0.2527678,0.2053057,0.2731422,0.3115188,0.2204754,0.183239,0.1859134,0.2186834,0.2859049,0.3187607
Namibia,NAM,Voice and Accountability - Governance estimate (approx. -2.5 to +2.5),GOV_WGI_VA.EST,0.2395443,0.2343006,0.3490938,0.3342281,0.4142267,0.4428483,0.4197917,0.4105668,0.4426181,0.3782961,0.4048963,0.4148382,0.3873027
Namibia,NAM,Regulatory Quality - Governance estimate (approx. -2.5 to +2.5),GOV_WGI_RQ.EST,0.1608353,0.0071335,0.1789728,0.2217774,0.1780391,0.2438319,0.147564,0.0957317999999999,0.0632488,0.1209405,0.0768145,0.1492447,0.0818334
Nauru,NRU,Control of Corruption - Governance estimate (approx. -2.5 to +2.5),GOV_WGI_CC.EST,0.1239776,0.1120032,0.0871205999999999,-0.2200811,-0.242259199999999,0.4974376,0.4413946,0.4392161,0.4429214,0.4480263,0.449309,0.4468112,0.4459534
Nauru,NRU,Government Effectiveness - Governance estimate (approx. -2.5 to +2.5),GOV_WGI_GE.EST,-0.277941899999999,-0.283904899999999,-0.282402999999999,-0.280725699999999,-0.212894,0.00787109999999999,-0.0446392,-0.044334,0.2848959,-0.0410247,-0.0456897,-0.0429212999999999,-0.0433382
Nauru,NRU,Political Stability - Governance estimate (approx. -2.5 to +2.5),GOV_WGI_PV.EST,1.5781203,1.5682717,1.5672321,1.5640556,1.4041403,1.0147322,1.0101963,0.8241821,0.8079535,0.7595804,0.7590998,0.7572142,0.9276426
Nauru,NRU,Rule of Law - Governance estimate (approx. -2.5 to +2.5),GOV_WGI_RL.EST,1.0401673,1.0544708,1.1969132,1.0753753,0.8616335,0.3628451,0.2363635,0.3827845,0.1995658,0.2134606,0.214808,0.2100341,0.3476922
Nauru,NRU,Voice and Accountability - Governance estimate (approx. -2.5 to +2.5),GOV_WGI_VA.EST,1.0296597,1.0330872,1.0302299,0.9972266,0.9347654,0.796778,0.7528113,0.7515682,0.4038603,0.4258567,0.4250521,0.4194686,0.4176347
Nauru,NRU,Regulatory Quality - Governance estimate (approx. -2.5 to +2.5),GOV_WGI_RQ.EST,-0.7481757,-0.7451154,-0.778552999999999,-0.921464499999999,-0.932507099999999,-0.5659337,-0.5636517,-0.5612372,-0.3514786,-0.348787099999999,-0.353369899999999,-0.3552132,-0.3601258
Nepal,NPL,Control of Corruption - Governance estimate (approx. -2.5 to +2.5),GOV_WGI_CC.EST,-0.727675499999999,-0.8315433,-0.9736551,-0.9181893,-0.8428983,-0.830829399999999,-0.846169499999999,-0.781145,-0.7384128,-0.7367895,-0.701156999999999,-0.624520499999999,-0.652050399999999
Nepal,NPL,Government Effectiveness - Governance estimate (approx. -2.5 to +2.5),GOV_WGI_GE.EST,-0.6925409,-0.7963154,-1.10949989999999,-1.0517978,-0.8952954,-1.16337389999999,-0.981872499999999,-0.927736599999999,-0.9143987,-1.1116758,-1.0263856,-0.9460782,-0.954515799999999
Nepal,NPL,Political Stability - Governance estimate (approx. -2.5 to +2.5),GOV_WGI_PV.EST,-1.5990906,-1.5205463,-1.4781419,-1.2264145,-0.8435975,-1.0154123,-0.9210801,-0.5502541,-0.495786599999999,-0.4056357,-0.250305599999999,-0.2520173,-0.3755496
Nepal,NPL,Rule of Law - Governance estimate (approx. -2.5 to +2.5),GOV_WGI_RL.EST,-0.947927899999999,-0.8779526,-0.594797,-0.6010709,-0.576151499999999,-0.5990489,-0.5665318,-0.443938399999999,-0.367187899999999,-0.4127847,-0.3725321,-0.3560122,-0.3340683
Nepal,NPL,Voice and Accountability - Governance estimate (approx. -2.5 to +2.5),GOV_WGI_VA.EST,-0.4811359,-0.4260539,-0.4868227,-0.373770699999999,-0.3204742,-0.32513,-0.2440407,-0.1836874,-0.122376599999999,-0.175210099999999,-0.1316182,-0.1442262,-0.0989531
Nepal,NPL,Regulatory Quality - Governance estimate (approx. -2.5 to +2.5),GOV_WGI_RQ.EST,-0.835548499999999,-0.8068972,-0.7926961,-0.813687899999999,-0.716785799999999,-0.6993283,-0.6483257,-0.656910099999999,-0.5915737,-0.5734193,-0.663949999999999,-0.6375284,-0.5966637
Netherlands,NLD,Control of Corruption - Governance estimate (approx. -2.5 to +2.5),GOV_WGI_CC.EST,1.9892792,2.0151382,2.0604599,1.9281622,1.9485,1.8631148,1.9077694,1.8270031,1.9465556,1.9497836,2.0646075,2.0280226,1.9175777
Netherlands,NLD,Government Effectiveness - Governance estimate (approx. -2.5 to +2.5),GOV_WGI_GE.EST,1.7362289,1.853741,1.9206541,1.8904217,1.9168757,1.9280339,1.9619805,2.0046983,2.0295602,2.0639557,2.0397583,1.8535742,1.7650127
Netherlands,NLD,Political Stability - Governance estimate (approx. -2.5 to +2.5),GOV_WGI_PV.EST,0.9924275,1.0827056,1.1275327,1.0569335,1.0691945,0.9118761,0.880799,0.7820237,0.7930988,0.6985452,0.7092891,0.732977,0.6252296
Netherlands,NLD,Rule of Law - Governance estimate (approx. -2.5 to +2.5),GOV_WGI_RL.EST,1.690341,1.7111245,1.7690975,1.7344626,1.8261478,1.8839565,1.8913985,1.8652949,1.8202279,1.843311,1.8319749,1.7767646,1.7289109
Netherlands,NLD,Voice and Accountability - Governance estimate (approx. -2.5 to +2.5),GOV_WGI_VA.EST,1.6472625,1.7296106,1.7986999,1.7172917,1.7156638,1.7919882,1.7861497,1.7312327,1.7339629,1.7262785,1.8102322,1.7227024,1.7314051
Netherlands,NLD,Regulatory Quality - Governance estimate (approx. -2.5 to +2.5),GOV_WGI_RQ.EST,1.646277,1.7926864,1.7611187,1.759796,1.663238,1.7856938,1.9568543,1.9684193,1.9366985,1.8629208,1.7647356,1.8243489,1.7233662
Netherlands Antilles,ANT,Control of Corruption - Governance estimate (approx. -2.5 to +2.5),GOV_WGI_CC.EST,0.8638503,0.8614942,0.8565981,0.8569702,0.8526063,0.8564955,0.8596296,0.8573873,..,..,..,..,..
Netherlands Antilles,ANT,Government Effectiveness - Governance estimate (approx. -2.5 to +2.5),GOV_WGI_GE.EST,0.7531799,0.7518252,0.7521664,0.7525475,0.767958,0.7651163,0.7661041,0.7664249,..,..,..,..,..
Netherlands Antilles,ANT,Political Stability - Governance estimate (approx. -2.5 to +2.5),GOV_WGI_PV.EST,1.1886766,1.1823532,1.1816857,1.1796462,1.1866913,1.1851269,1.1812317,0.7119725,..,..,..,..,..
Netherlands Antilles,ANT,Rule of Law - Governance estimate (approx. -2.5 to +2.5),GOV_WGI_RL.EST,0.7788886,0.7934275,0.7878884,0.7755074,0.7817587,0.787273,0.7881818,0.7859575,..,..,..,..,..
Netherlands Antilles,ANT,Voice and Accountability - Governance estimate (approx. -2.5 to +2.5),GOV_WGI_VA.EST,0.3888846,0.3941219,0.389756,0.383326,0.3902474,0.3920013,0.3898165,0.3879171,..,..,..,..,..
Netherlands Antilles,ANT,Regulatory Quality - Governance estimate (approx. -2.5 to +2.5),GOV_WGI_RQ.EST,0.9311505,0.9322238,0.9204959,0.9187576,0.9148845,0.9259537,0.928542,0.9312807,..,..,..,..,..
New Caledonia,NCL,Control of Corruption - Governance estimate (approx. -2.5 to +2.5),GOV_WGI_CC.EST,..,..,..,..,..,..,..,..,..,..,..,0.1313142,0.1269261
New Caledonia,NCL,Government Effectiveness - Governance estimate (approx. -2.5 to +2.5),GOV_WGI_GE.EST,..,..,..,..,..,..,..,..,..,..,..,..,..
New Caledonia,NCL,Political Stability - Governance estimate (approx. -2.5 to +2.5),GOV_WGI_PV.EST,..,..,..,..,..,..,..,..,0.9953247,1.0596771,1.0443731,1.1123709,1.1152109
New Caledonia,NCL,Rule of Law - Governance estimate (approx. -2.5 to +2.5),GOV_WGI_RL.EST,..,..,..,..,..,..,..,..,0.9937326,1.0556694,1.0460544,1.1043988,1.0881945
New Caledonia,NCL,Voice and Accountability - Governance estimate (approx. -2.5 to +2.5),GOV_WGI_VA.EST,..,..,..,..,..,..,..,..,0.5184954,1.0294099,1.1809761,1.0690156,0.7376429
New Caledonia,NCL,Regulatory Quality - Governance estimate (approx. -2.5 to +2.5),GOV_WGI_RQ.EST,..,..,..,..,..,..,..,..,..,..,..,..,..
New Zealand,NZL,Control of Corruption - Governance estimate (approx. -2.5 to +2.5),GOV_WGI_CC.EST,2.2287548,2.2483581,2.1842584,2.1951607,2.1663289,2.1997554,2.2087113,2.169806,2.0940331,2.1526849,2.154305,2.1244607,2.0822927
New Zealand,NZL,Government Effectiveness - Governance estimate (approx. -2.5 to +2.5),GOV_WGI_GE.EST,1.8083666,1.9627757,1.9728103,1.9354282,2.0335793,1.9501288,1.8226403,1.7876311,1.7035417,1.6838138,1.6915539,1.6029686,1.656508
New Zealand,NZL,Political Stability - Governance estimate (approx. -2.5 to +2.5),GOV_WGI_PV.EST,1.4165428,1.3902927,1.4088511,1.3788423,1.4958227,1.4661127,1.4642557,1.4924848,1.4448939,1.3883859,1.4605501,1.3569818,1.2327589
New Zealand,NZL,Rule of Law - Governance estimate (approx. -2.5 to +2.5),GOV_WGI_RL.EST,1.7953195,1.8866596,1.8321393,1.7748161,1.8133202,1.856389,1.8655448,1.819209,1.8012723,1.7838001,1.7666346,1.7303956,1.7220184
New Zealand,NZL,Voice and Accountability - Governance estimate (approx. -2.5 to +2.5),GOV_WGI_VA.EST,1.6967611,1.8099009,1.7896,1.7659546,1.7121664,1.7885444,1.7849243,1.7721206,1.7394111,1.748734,1.7549282,1.7410291,1.7403015
New Zealand,NZL,Regulatory Quality - Governance estimate (approx. -2.5 to +2.5),GOV_WGI_RQ.EST,1.7182417,1.9708492,1.9928169,1.9265097,2.0123173,2.0128965,2.059195,2.0795821,1.9706404,1.970839,1.9329931,1.8534819,1.8604747
Nicaragua,NIC,Control of Corruption - Governance estimate (approx. -2.5 to +2.5),GOV_WGI_CC.EST,-0.8482531,-0.8486233,-0.843244,-0.815753,-0.9953873,-1.01658009999999,-1.094141,-1.0961543,-1.2181897,-1.2048569,-1.1373893,-1.237514,-1.2447097
Nicaragua,NIC,Government Effectiveness - Governance estimate (approx. -2.5 to +2.5),GOV_WGI_GE.EST,-0.815775599999999,-0.801184799999999,-0.7538922,-0.734575699999999,-0.7610142,-0.754890699999999,-0.786049,-0.497707499999999,-0.7706904,-0.7436807,-0.7981834,-0.7550562,-0.9210621
Nicaragua,NIC,Political Stability - Governance estimate (approx. -2.5 to +2.5),GOV_WGI_PV.EST,-0.5388003,-0.457223,-0.4628059,-0.3620672,-0.1441664,-0.176230399999999,-0.1674906,-0.181501599999999,-1.1119701,-0.944804499999999,-0.5232726,-0.4075357,-0.168460299999999
Nicaragua,NIC,Rule of Law - Governance estimate (approx. -2.5 to +2.5),GOV_WGI_RL.EST,-0.8388047,-0.7770366,-0.832325,-0.8327561,-0.9055411,-1.0046454,-0.9723001,-0.9134992,-1.3054508,-1.33341589999999,-1.3373983,-1.474372,-1.49475349999999
Nicaragua,NIC,Voice and Accountability - Governance estimate (approx. -2.5 to +2.5),GOV_WGI_VA.EST,-0.3933659,-0.5054961,-0.634507399999999,-0.5906235,-0.620472599999999,-0.7262708,-0.865717499999999,-0.8526969,-1.165448,-1.189809,-1.1904584,-1.3557067,-1.4677015
Nicaragua,NIC,Regulatory Quality - Governance estimate (approx. -2.5 to +2.5),GOV_WGI_RQ.EST,-0.4466148,-0.4514777,-0.4036894,-0.3734933,-0.4022048,-0.307566299999999,-0.3988331,-0.497278499999999,-0.5539729,-0.6516936,-0.681071299999999,-0.8867041,-1.0016657
Niger,NER,Control of Corruption - Governance estimate (approx. -2.5 to +2.5),GOV_WGI_CC.EST,-0.6019841,-0.511074399999999,-0.435072099999999,-0.374697,-0.4434815,-0.4307116,-0.4203841,-0.4352048,-0.4471908,-0.438836799999999,-0.529990899999999,-0.5632509,-0.5631731
Niger,NER,Government Effectiveness - Governance estimate (approx. -2.5 to +2.5),GOV_WGI_GE.EST,-0.7350007,-0.695647,-0.5898721,-0.6374806,-0.5887916,-0.5908565,-0.566043699999999,-0.654903,-0.6127385,-0.6646514,-0.657380699999999,-0.639504699999999,-0.644957
Niger,NER,Political Stability - Governance estimate (approx. -2.5 to +2.5),GOV_WGI_PV.EST,-1.0817352,-0.758722799999999,-0.883146299999999,-0.934017,-0.9806619,-0.7994889,-0.944319999999999,-1.0412801,-1.1906754,-1.19014889999999,-1.502479,-1.4793091,-1.299076
Niger,NER,Rule of Law - Governance estimate (approx. -2.5 to +2.5),GOV_WGI_RL.EST,-0.6195252,-0.5181874,-0.6902391,-0.7158576,-0.6904258,-0.5809198,-0.5704113,-0.5600199,-0.5744578,-0.5391518,-0.5192429,-0.598975199999999,-0.665473
Niger,NER,Voice and Accountability - Governance estimate (approx. -2.5 to +2.5),GOV_WGI_VA.EST,-0.608378,-0.3188767,-0.2520333,-0.2991173,-0.273428799999999,-0.282134,-0.4534935,-0.4700356,-0.5145248,-0.526837,-0.429998999999999,-0.5571309,-0.552252899999999
Niger,NER,Regulatory Quality - Governance estimate (approx. -2.5 to +2.5),GOV_WGI_RQ.EST,-0.5069873,-0.5324314,-0.7242274,-0.724202,-0.746923,-0.7183876,-0.6537562,-0.639687999999999,-0.6639231,-0.6452363,-0.749712199999999,-0.694466399999999,-0.6740254
Nigeria,NGA,Control of Corruption - Governance estimate (approx. -2.5 to +2.5),GOV_WGI_CC.EST,-1.1312205,-1.1407268,-1.1466737,-1.1851958,-1.29811949999999,-1.1613946,-1.0910815,-1.14439619999999,-1.1452871,-1.1258494,-1.1178348,-1.1909306,-1.225087
Nigeria,NGA,Government Effectiveness - Governance estimate (approx. -2.5 to +2.5),GOV_WGI_GE.EST,-1.1375966,-1.12143709999999,-0.9699142,-0.981981099999999,-1.0549073,-0.913883799999999,-0.919166199999999,-0.8608661,-0.8458382,-0.9678483,-0.984177499999999,-1.0500622,-1.05684699999999
Nigeria,NGA,Political Stability - Governance estimate (approx. -2.5 to +2.5),GOV_WGI_PV.EST,-2.0245506,-1.9456535,-2.08835269999999,-1.98930569999999,-2.18554969999999,-1.66777129999999,-1.7100665,-1.90978539999999,-1.8854786,-1.97320729999999,-2.0090379,-2.0135756,-1.9526169
Nigeria,NGA,Rule of Law - Governance estimate (approx. -2.5 to +2.5),GOV_WGI_RL.EST,-1.11565809999999,-1.061201,-1.0854852,-1.18585759999999,-1.1320206,-0.960877499999999,-0.8794569,-0.793796,-0.813823899999999,-0.8377059,-0.8413031,-0.926327599999999,-0.9998212
Nigeria,NGA,Voice and Accountability - Governance estimate (approx. -2.5 to +2.5),GOV_WGI_VA.EST,-0.887400499999999,-0.773901699999999,-0.654116599999999,-0.6666434,-0.6329701,-0.5168669,-0.582595699999999,-0.5449969,-0.498116799999999,-0.6028496,-0.609245199999999,-0.7594776,-0.7666744
Nigeria,NGA,Regulatory Quality - Governance estimate (approx. -2.5 to +2.5),GOV_WGI_RQ.EST,-0.911270199999999,-0.875506399999999,-0.752841499999999,-0.740966799999999,-0.7940186,-0.740200099999999,-0.8149879,-0.7780788,-0.830018399999999,-0.864609699999999,-0.8874002,-0.8726579,-0.9963194
Niue,NIU,Control of Corruption - Governance estimate (approx. -2.5 to +2.5),GOV_WGI_CC.EST,-0.3380081,-0.3431404,-0.3538052,-0.3529946,-0.3625003,-0.354028599999999,..,..,..,..,..,..,-0.4918103
Niue,NIU,Government Effectiveness - Governance estimate (approx. -2.5 to +2.5),GOV_WGI_GE.EST,-0.623591,-0.6264635,-0.62574,-0.624931999999999,-0.592257399999999,-0.5982824,..,..,..,..,..,..,-1.3275705
Niue,NIU,Political Stability - Governance estimate (approx. -2.5 to +2.5),GOV_WGI_PV.EST,1.5857688,1.5716047,1.5701095,1.5655411,1.5813217,..,..,..,1.0651969,1.3381797,1.3898044,1.3844083,1.3936962
Niue,NIU,Rule of Law - Governance estimate (approx. -2.5 to +2.5),GOV_WGI_RL.EST,-0.6063841,-0.5621181,-0.5789827,-0.616678899999999,-0.5976457,-0.5808566,..,..,1.064287,1.3368907,1.3948578,1.3790918,0.9849264
Niue,NIU,Voice and Accountability - Governance estimate (approx. -2.5 to +2.5),GOV_WGI_VA.EST,-0.1823474,-0.162468299999999,-0.1790399,-0.2034465,-0.1771749,-0.170517399999999,..,..,1.2040262,1.2091644,1.1665423,1.153188,1.123868
Niue,NIU,Regulatory Quality - Governance estimate (approx. -2.5 to +2.5),GOV_WGI_RQ.EST,-0.857688599999999,-0.8559042,-0.8754016,-0.8782915,-0.884730399999999,-0.8663282,..,..,..,..,..,..,-0.910513599999999
North Macedonia,MKD,Control of Corruption - Governance estimate (approx. -2.5 to +2.5),GOV_WGI_CC.EST,-0.3133081,-0.3397578,-0.127850599999999,-0.0923630999999999,-0.145443799999999,-0.3062159,-0.295904899999999,-0.2620741,-0.340857199999999,-0.460025199999999,-0.456976999999999,-0.3856405,-0.332673
North Macedonia,MKD,Government Effectiveness - Governance estimate (approx. -2.5 to +2.5),GOV_WGI_GE.EST,-0.522895,-0.354049799999999,-0.0959845,-0.0831042999999999,0.1406151,-0.0722863,-0.121857799999999,-0.0997098,0.0333879,-0.1182044,-0.0922934,-0.0787865,0.0111046
North Macedonia,MKD,Political Stability - Governance estimate (approx. -2.5 to +2.5),GOV_WGI_PV.EST,-0.453181499999999,-0.679646499999999,-0.399539,-0.4044213,0.2261526,-0.2204312,-0.3424451,-0.249481799999999,-0.1184433,0.0391432,0.0891281999999999,0.0908151,0.3218511
North Macedonia,MKD,Rule of Law - Governance estimate (approx. -2.5 to +2.5),GOV_WGI_RL.EST,-0.4166187,-0.3870299,-0.1897024,-0.2010497,-0.1921359,-0.2782059,-0.3194317,-0.3143012,-0.2267515,-0.2862328,-0.1729781,-0.117091,-0.1802257
North Macedonia,MKD,Voice and Accountability - Governance estimate (approx. -2.5 to +2.5),GOV_WGI_VA.EST,-0.0793722999999999,-0.2353209,-0.0177664999999999,-0.109379499999999,-0.1806253,-0.2537076,-0.3081163,-0.2727594,-0.1175171,-0.1170509,-0.0924122,-0.0157161,-0.00466449999999999
North Macedonia,MKD,Regulatory Quality - Governance estimate (approx. -2.5 to +2.5),GOV_WGI_RQ.EST,-0.1118569,-0.0874218,0.2094252,0.1453678,0.2802096,0.2705038,0.2741,0.3426424,0.3988409,0.192812,0.30335,0.2238642,0.2225911
Norway,NOR,Control of Corruption - Governance estimate (approx. -2.5 to +2.5),GOV_WGI_CC.EST,1.9314806,2.0777923,2.1281645,2.1405464,2.1311201,2.1755199,2.1206565,2.1682749,2.0857026,2.0603725,2.0836375,2.070812,2.0332101
Norway,NOR,Government Effectiveness - Governance estimate (approx. -2.5 to +2.5),GOV_WGI_GE.EST,1.7800228,1.8129314,1.9504302,1.9341009,1.9539907,1.9270491,1.9604222,2.0636859,1.9374028,1.9446493,1.9498703,1.9916736,1.8212872
Norway,NOR,Political Stability - Governance estimate (approx. -2.5 to +2.5),GOV_WGI_PV.EST,1.4149557,1.3466634,1.3326311,1.3123527,1.1999067,1.1710873,1.1454306,1.0956942,1.1115481,1.0766478,1.2049763,1.0721678,0.9197731
Norway,NOR,Rule of Law - Governance estimate (approx. -2.5 to +2.5),GOV_WGI_RL.EST,1.9035187,1.9659305,1.9857425,1.9934349,1.9521623,1.9800469,2.0056522,2.0388476,2.0289199,2.0322989,2.0591873,2.0582629,1.9409153
Norway,NOR,Voice and Accountability - Governance estimate (approx. -2.5 to +2.5),GOV_WGI_VA.EST,1.7627122,1.8109178,1.8802205,1.8850457,1.8437744,1.9139631,1.9140808,1.9306924,1.9573175,1.9498022,1.9557738,1.9844255,1.9385647
Norway,NOR,Regulatory Quality - Governance estimate (approx. -2.5 to +2.5),GOV_WGI_RQ.EST,1.6371606,1.7953532,1.8217161,1.91434,1.7656125,1.7813823,1.8051537,1.8376808,1.8168864,1.7665668,1.6975606,1.6492378,1.5730046
Oman,OMN,Control of Corruption - Governance estimate (approx. -2.5 to +2.5),GOV_WGI_CC.EST,0.276183,-0.0352342,-0.0252944999999999,-0.0651045,0.0116479,-0.0016798,-0.020659,-0.0211191,-0.0203366,0.1612579,0.0239194,0.0233919,0.0212395
Oman,OMN,Government Effectiveness - Governance estimate (approx. -2.5 to +2.5),GOV_WGI_GE.EST,0.3192865,0.0808802,0.0510827,-0.0148916999999999,0.138753,0.0805473999999999,0.1613756,0.1108223,0.1114018,0.2040481,0.1018136,0.102771,0.4468675
Oman,OMN,Political Stability - Governance estimate (approx. -2.5 to +2.5),GOV_WGI_PV.EST,0.5865685,0.3126716,0.3876466,0.3339536,0.5698008,0.6155394,0.5065831,0.5468563,0.5392522,0.5167644,0.468834,0.3902352,0.4399615
Oman,OMN,Rule of Law - Governance estimate (approx. -2.5 to +2.5),GOV_WGI_RL.EST,0.4122993,0.2438476,0.3148844,0.2530108,0.2045055,0.2116285,0.2216168,0.1808944,0.1837813,0.260692,0.2562542,0.2255117,0.3524322
Oman,OMN,Voice and Accountability - Governance estimate (approx. -2.5 to +2.5),GOV_WGI_VA.EST,-0.6771591,-0.6450589,-0.6724102,-0.704047099999999,-0.705259699999999,-0.6424569,-0.6219852,-0.6296881,-0.6904135,-0.710401,-0.687522099999999,-0.7945707,-0.800677299999999
Oman,OMN,Regulatory Quality - Governance estimate (approx. -2.5 to +2.5),GOV_WGI_RQ.EST,0.8483843,0.7404489,0.8307365,0.817822,0.7762583,0.6495172,0.6980709,0.7080042,0.527985,0.5010361,0.4719412,0.4254017,0.4679554
Pakistan,PAK,Control of Corruption - Governance estimate (approx. -2.5 to +2.5),GOV_WGI_CC.EST,-1.2022076,-1.2203431,-1.24519539999999,-1.1290617,-1.0043761,-0.981116999999999,-0.9729255,-0.935033999999999,-0.9640896,-0.9714617,-0.9370003,-0.906181199999999,-0.9459689
Pakistan,PAK,Government Effectiveness - Governance estimate (approx. -2.5 to +2.5),GOV_WGI_GE.EST,-0.7771494,-0.8257262,-0.650064499999999,-0.6600164,-0.6822115,-0.6105847,-0.5304516,-0.4213336,-0.507337599999999,-0.4968027,-0.614966799999999,-0.5170351,-0.682084
Pakistan,PAK,Political Stability - Governance estimate (approx. -2.5 to +2.5),GOV_WGI_PV.EST,-2.45869169999999,-2.7114561,-2.6807174,-2.6678365,-2.46216149999999,-2.4299435,-2.3350493,-2.2184098,-1.9857782,-1.9293422,-1.5881564,-1.6496402,-1.7555938
Pakistan,PAK,Rule of Law - Governance estimate (approx. -2.5 to +2.5),GOV_WGI_RL.EST,-0.8136536,-1.15049009999999,-1.0639182,-1.04881279999999,-0.970695,-0.914828299999999,-0.9129583,-0.865480199999999,-0.8396216,-0.8122676,-0.812966099999999,-0.8231206,-0.9108794
Pakistan,PAK,Voice and Accountability - Governance estimate (approx. -2.5 to +2.5),GOV_WGI_VA.EST,-0.8759869,-0.966249399999999,-0.9572693,-0.932626,-0.8714681,-0.8331014,-0.823811499999999,-0.8186114,-0.8294349,-0.9036869,-0.8727743,-0.9211047,-0.9699194
Pakistan,PAK,Regulatory Quality - Governance estimate (approx. -2.5 to +2.5),GOV_WGI_RQ.EST,-0.687742299999999,-0.758093999999999,-0.80848,-0.8058791,-0.7484896,-0.6860082,-0.6596324,-0.664221899999999,-0.662304799999999,-0.620266299999999,-0.7006155,-0.6543467,-0.7653493
Palau,PLW,Control of Corruption - Governance estimate (approx. -2.5 to +2.5),GOV_WGI_CC.EST,-0.1851151,-0.1970895,-0.221972099999999,-0.2200811,-0.242259199999999,0.4974376,0.4413946,0.4392161,0.4429214,0.4480263,0.449309,0.4468112,0.4459534
Palau,PLW,Government Effectiveness - Governance estimate (approx. -2.5 to +2.5),GOV_WGI_GE.EST,-0.5251718,-0.283904899999999,-0.282402999999999,-0.280725699999999,-0.212894,-0.3196826,-0.3187426,-0.3184374,0.0107921,0.0124256,-0.0189645999999999,-0.0161962,-0.0433382
Palau,PLW,Political Stability - Governance estimate (approx. -2.5 to +2.5),GOV_WGI_PV.EST,1.5781203,1.5682717,1.5672321,1.5640556,1.5750282,0.9559309,0.951395,1.1385207,1.14243,1.1436032,1.1429587,1.1404301,1.2446282
Palau,PLW,Rule of Law - Governance estimate (approx. -2.5 to +2.5),GOV_WGI_RL.EST,1.199235,1.2930723,1.2876229,1.2754423,1.2815924,1.351141,1.3516493,1.3504054,1.3124976,1.1592619,1.1608966,1.1551047,1.171936
Palau,PLW,Voice and Accountability - Governance estimate (approx. -2.5 to +2.5),GOV_WGI_VA.EST,1.1004922,1.090178,1.0873207,1.0899834,1.0945132,1.0956611,1.0860487,1.0848056,1.0430933,1.0422789,1.0411302,1.0331583,1.0305401
Palau,PLW,Regulatory Quality - Governance estimate (approx. -2.5 to +2.5),GOV_WGI_RQ.EST,-0.7481757,-0.469204199999999,-0.5026417,-0.5075978,-0.5186405,0.3971071,0.399389,0.4018035,0.1940307,0.4054877,0.400905,0.3990617,0.394149
Panama,PAN,Control of Corruption - Governance estimate (approx. -2.5 to +2.5),GOV_WGI_CC.EST,-0.3394637,-0.3472258,-0.459041,-0.4300887,-0.3942406,-0.424039399999999,-0.5035567,-0.558947899999999,-0.5480745,-0.543706599999999,-0.5190072,-0.5235702,-0.562926599999999
Panama,PAN,Government Effectiveness - Governance estimate (approx. -2.5 to +2.5),GOV_WGI_GE.EST,0.1224424,0.1252675,0.2315672,0.2144279,0.22621,0.3209871,0.3973659,0.343385,0.3258151,0.4971964,0.2314559,0.2101815,0.0399223
Panama,PAN,Political Stability - Governance estimate (approx. -2.5 to +2.5),GOV_WGI_PV.EST,-0.0820154,-0.0424882,-0.0613991,-0.0995914,0.2814967,0.4833108,0.4612991,0.457992,0.364313,0.399288,0.3368353,0.3538332,0.428471
Panama,PAN,Rule of Law - Governance estimate (approx. -2.5 to +2.5),GOV_WGI_RL.EST,-0.124747799999999,-0.0333011999999999,-0.2767365,-0.2985413,-0.1423563,-0.1702773,-0.1355383,-0.159659599999999,-0.2517367,-0.2786019,-0.2397538,-0.230409999999999,-0.214656799999999
Panama,PAN,Voice and Accountability - Governance estimate (approx. -2.5 to +2.5),GOV_WGI_VA.EST,0.6350225,0.5966723,0.4231413,0.3682821,0.4491062,0.5022803,0.4886932,0.4645761,0.4994086,0.5255263,0.5176533,0.4667899,0.4471573
Panama,PAN,Regulatory Quality - Governance estimate (approx. -2.5 to +2.5),GOV_WGI_RQ.EST,0.5004366,0.5428985,0.4723529,0.4205556,0.3858888,0.4212846,0.4184474,0.3409116,0.3136844,0.3190176,0.2697187,0.2114141,0.0393931
Papua New Guinea,PNG,Control of Corruption - Governance estimate (approx. -2.5 to +2.5),GOV_WGI_CC.EST,-0.9715433,-0.9769416,-1.0036539,-1.0035819,-0.9742497,-0.9734974,-0.984655,-0.9946183,-0.940001,-0.987122899999999,-0.5484433,-0.6567906,-0.588226999999999
Papua New Guinea,PNG,Government Effectiveness - Governance estimate (approx. -2.5 to +2.5),GOV_WGI_GE.EST,-0.6857865,-0.6833058,-0.6577442,-0.666210499999999,-0.7337737,-0.7346421,-0.8173469,-0.7120555,-0.6966528,-0.7267308,-0.886045099999999,-0.9081302,-1.0845367
Papua New Guinea,PNG,Political Stability - Governance estimate (approx. -2.5 to +2.5),GOV_WGI_PV.EST,-0.9409904,-0.9018493,-0.879075899999999,-0.7908101,-0.669148299999999,-0.693792299999999,-0.757626799999999,-0.8689907,-0.7969145,-0.799196999999999,-0.768714799999999,-0.747625099999999,-0.6856785
Papua New Guinea,PNG,Rule of Law - Governance estimate (approx. -2.5 to +2.5),GOV_WGI_RL.EST,-0.703271299999999,-0.6611764,-0.7227231,-0.804179699999999,-0.5838074,-0.614147,-0.6183169,-0.6199276,-0.6685244,-0.7140866,-0.6603549,-0.6493713,-0.5458926
Papua New Guinea,PNG,Voice and Accountability - Governance estimate (approx. -2.5 to +2.5),GOV_WGI_VA.EST,-0.1996623,-0.1907682,-0.2314358,-0.2308578,-0.18564,-0.1841012,-0.104620399999999,-0.0994270999999999,-0.0378458,-0.0745731,-0.0509719,-0.074268,-0.0744077
Papua New Guinea,PNG,Regulatory Quality - Governance estimate (approx. -2.5 to +2.5),GOV_WGI_RQ.EST,-0.4333699,-0.428070599999999,-0.5009861,-0.4653449,-0.2587839,-0.3927754,-0.4591785,-0.5227809,-0.4670821,-0.5079956,-0.5871307,-0.751495399999999,-0.7469684
Paraguay,PRY,Control of Corruption - Governance estimate (approx. -2.5 to +2.5),GOV_WGI_CC.EST,-0.7003918,-0.6726051,-0.7579324,-0.947690799999999,-0.9760553,-0.951100899999999,-0.8070807,-0.8291544,-0.8709501,-0.8760395,-0.8101421,-0.905500299999999,-0.953862099999999
Paraguay,PRY,Government Effectiveness - Governance estimate (approx. -2.5 to +2.5),GOV_WGI_GE.EST,-0.7673432,-0.7523261,-0.764143199999999,-0.7612361,-0.738453999999999,-0.7854223,-0.6786705,-0.6426736,-0.4995478,-0.4663941,-0.6074736,-0.5769998,-0.495784199999999
Paraguay,PRY,Political Stability - Governance estimate (approx. -2.5 to +2.5),GOV_WGI_PV.EST,-0.5333587,-0.5668194,-0.5745262,-0.6183216,0.0107526,0.0826536,0.0944783,-0.0283019999999999,-0.0337829,0.0355269,0.0082817,-0.0550381999999999,-0.0659073999999999
Paraguay,PRY,Rule of Law - Governance estimate (approx. -2.5 to +2.5),GOV_WGI_RL.EST,-0.710524199999999,-0.7081535,-0.7586864,-0.7655462,-0.5971079,-0.5495654,-0.4907217,-0.4932562,-0.454061699999999,-0.4294945,-0.3727181,-0.5280024,-0.540378799999999
Paraguay,PRY,Voice and Accountability - Governance estimate (approx. -2.5 to +2.5),GOV_WGI_VA.EST,-0.0814527999999999,-0.0790865999999999,-0.195720099999999,-0.211326699999999,-0.189373699999999,-0.145595399999999,-0.163387099999999,-0.131242,-0.1065124,-0.107033999999999,-0.121548999999999,-0.1702578,-0.190507999999999
Paraguay,PRY,Regulatory Quality - Governance estimate (approx. -2.5 to +2.5),GOV_WGI_RQ.EST,-0.5035793,-0.4404632,-0.4410038,-0.4312854,-0.2947838,-0.185690599999999,-0.1553139,-0.1580121,-0.1217096,-0.1606718,-0.172904,-0.1860035,-0.2027128
Peru,PER,Control of Corruption - Governance estimate (approx. -2.5 to +2.5),GOV_WGI_CC.EST,-0.2613416,-0.2482217,-0.3605037,-0.399042199999999,-0.5816106,-0.5919962,-0.5112656,-0.593187599999999,-0.5877892,-0.490189,-0.4980887,-0.509709,-0.641561199999999
Peru,PER,Government Effectiveness - Governance estimate (approx. -2.5 to +2.5),GOV_WGI_GE.EST,-0.1977807,-0.1629382,-0.1098429,-0.105156599999999,-0.1988026,-0.248759199999999,-0.170690899999999,-0.0734623,-0.160816899999999,0.0476235,-0.106299499999999,-0.0563454,-0.0885376
Peru,PER,Political Stability - Governance estimate (approx. -2.5 to +2.5),GOV_WGI_PV.EST,-0.7755101,-0.675414699999999,-0.698579899999999,-0.7062488,-0.4040664,-0.321351999999999,-0.1794896,-0.2242779,-0.1689403,-0.0888854999999999,-0.2963963,-0.334168099999999,-0.6566212
Peru,PER,Rule of Law - Governance estimate (approx. -2.5 to +2.5),GOV_WGI_RL.EST,-0.4909174,-0.443320599999999,-0.4879551,-0.555049,-0.553702,-0.4520227,-0.3392422,-0.374605199999999,-0.4609214,-0.456438399999999,-0.4320888,-0.5208197,-0.487251699999999
Peru,PER,Voice and Accountability - Governance estimate (approx. -2.5 to +2.5),GOV_WGI_VA.EST,0.2650259,0.3102027,0.3059787,0.204162,0.2195209,0.2727774,0.2653854,0.313525,0.3589581,0.3431757,0.364213,0.2154894,0.1421732
Peru,PER,Regulatory Quality - Governance estimate (approx. -2.5 to +2.5),GOV_WGI_RQ.EST,0.3099239,0.3419375,0.2530528,0.2335481,0.2603805,0.3176036,0.3221782,0.2708614,0.2978144,0.3449805,0.2250935,0.0848324999999999,0.0716412999999999
Philippines,PHL,Control of Corruption - Governance estimate (approx. -2.5 to +2.5),GOV_WGI_CC.EST,-0.7820844,-0.565533899999999,-0.633583,-0.498170899999999,-0.5826913,-0.590425299999999,-0.613111,-0.636865,-0.6388345,-0.6111557,-0.5392618,-0.5743865,-0.5774689
Philippines,PHL,Government Effectiveness - Governance estimate (approx. -2.5 to +2.5),GOV_WGI_GE.EST,-0.0031122,0.0797874,0.2234508,0.2427988,0.4543872,0.408021,0.2499539,0.1764345,0.2184254,0.1818096,0.1815124,0.1562797,0.0357929
Philippines,PHL,Political Stability - Governance estimate (approx. -2.5 to +2.5),GOV_WGI_PV.EST,-1.5826192,-1.3804409,-1.1706826,-1.0944308,-0.805762,-0.926818599999999,-1.4376683,-1.2792545,-1.06677739999999,-1.0094929,-0.9415427,-1.0935816,-0.899042399999999
Philippines,PHL,Rule of Law - Governance estimate (approx. -2.5 to +2.5),GOV_WGI_RL.EST,-0.651172899999999,-0.5225183,-0.4882631,-0.4699791,-0.3610228,-0.4299627,-0.4729561,-0.5912855,-0.6398018,-0.647098,-0.6331335,-0.6736731,-0.6321996
Philippines,PHL,Voice and Accountability - Governance estimate (approx. -2.5 to +2.5),GOV_WGI_VA.EST,-0.1658965,-0.1258736,-0.1182307,-0.0599001,0.0760846999999999,0.0294154,0.0246542,-0.0946328999999999,-0.1655678,-0.186875699999999,-0.2661611,-0.374633899999999,-0.3442518
Philippines,PHL,Regulatory Quality - Governance estimate (approx. -2.5 to +2.5),GOV_WGI_RQ.EST,-0.0305694,0.0117513,0.1322559,0.0316296,0.0596485,0.0878094,0.1261455,0.1368136,-0.0051077,0.0586419,0.0141421,0.0148496,0.00480089999999999
Poland,POL,Control of Corruption - Governance estimate (approx. -2.5 to +2.5),GOV_WGI_CC.EST,0.6391266,0.7618911,0.8135218,0.8071492,0.773833,0.8356935,0.8706559,0.8294474,0.776821,0.7162582,0.7442004,0.6869719,0.6673922
Poland,POL,Government Effectiveness - Governance estimate (approx. -2.5 to +2.5),GOV_WGI_GE.EST,0.5474147,0.5785731,0.600245,0.654327,0.9088197,0.8717909,0.7500075,0.6233831,0.6921258,0.6631417,0.6765763,0.5887761,0.515427
Poland,POL,Political Stability - Governance estimate (approx. -2.5 to +2.5),GOV_WGI_PV.EST,1.1015819,1.0564513,1.0636907,0.9461127,1.0543362,1.0637346,0.5712287,0.6020499,0.630199,0.6735951,0.5545247,0.5651963,0.537484
Poland,POL,Rule of Law - Governance estimate (approx. -2.5 to +2.5),GOV_WGI_RL.EST,0.6458707,0.8414342,0.8705388,0.8221108,0.8809895,0.8357984,0.7545596,0.6191174,0.5473425,0.5263759,0.460073,0.4098572,0.3545463
Poland,POL,Voice and Accountability - Governance estimate (approx. -2.5 to +2.5),GOV_WGI_VA.EST,1.1169909,1.0662057,1.1085187,0.9472071,1.0672929,0.9924822,0.8683932,0.6803648,0.5419408,0.5057092,0.4872989,0.369436,0.375328
Poland,POL,Regulatory Quality - Governance estimate (approx. -2.5 to +2.5),GOV_WGI_RQ.EST,0.9204541,0.8434692,0.8536768,0.902271,0.8657653,0.8123641,0.811158,0.7219296,0.7623048,0.8277446,0.6854992,0.6736094,0.6870197
Portugal,PRT,Control of Corruption - Governance estimate (approx. -2.5 to +2.5),GOV_WGI_CC.EST,0.741273,0.7934673,0.7983905,0.7363017,0.6840178,0.7238455,0.7134054,0.8191801,0.803067,0.7971215,0.795911,0.8188182,0.7860609
Portugal,PRT,Government Effectiveness - Governance estimate (approx. -2.5 to +2.5),GOV_WGI_GE.EST,0.7342202,0.8580472,0.9121335,0.9144388,0.93359,1.1121757,1.0935326,1.2300446,1.0601732,1.0136875,1.0987347,1.1677599,1.0219923
Portugal,PRT,Political Stability - Governance estimate (approx. -2.5 to +2.5),GOV_WGI_PV.EST,0.773195,0.7839002,0.8412014,0.7633997,0.9403714,1.0004341,0.9588082,1.054818,1.0917404,0.9941251,0.9830461,0.9584396,0.8869409
Portugal,PRT,Rule of Law - Governance estimate (approx. -2.5 to +2.5),GOV_WGI_RL.EST,0.881024,0.8670733,0.8880919,0.9006196,1.0181872,1.1272881,1.1156915,1.1722683,1.13034,1.1165505,1.1830529,1.1690784,1.1256864
Portugal,PRT,Voice and Accountability - Governance estimate (approx. -2.5 to +2.5),GOV_WGI_VA.EST,1.3643414,1.3203477,1.1939179,1.1676299,1.2765908,1.3008189,1.3088566,1.3116648,1.2376429,1.2118026,1.3776424,1.3627614,1.3064618
Portugal,PRT,Regulatory Quality - Governance estimate (approx. -2.5 to +2.5),GOV_WGI_RQ.EST,0.9446209,0.7471259,0.7084467,0.7338698,0.5980541,0.8500702,0.8398464,0.924473,0.9348161,0.9999205,0.8031995,0.7505542,0.8086012
Puerto Rico (US),PRI,Control of Corruption - Governance estimate (approx. -2.5 to +2.5),GOV_WGI_CC.EST,0.5568988,0.5095491,0.5734808,0.5242394,0.4739515,0.2515234,0.2525954,0.2407217,0.2420261,0.2828827,0.2833466,0.5017099,0.4768446
Puerto Rico (US),PRI,Government Effectiveness - Governance estimate (approx. -2.5 to +2.5),GOV_WGI_GE.EST,0.2054335,0.2062903,0.2495152,0.2097549,0.3603437,0.3197528,0.3202012,-0.488236099999999,-0.331198799999999,-0.2281626,-0.3930492,-0.3916752,-0.5483655
Puerto Rico (US),PRI,Political Stability - Governance estimate (approx. -2.5 to +2.5),GOV_WGI_PV.EST,0.4065467,0.5022146,0.5744011,0.0987437999999999,0.6356965,0.642722,0.4983548,0.4048918,0.3034965,0.1081481,0.3722414,0.4249881,0.3070682
Puerto Rico (US),PRI,Rule of Law - Governance estimate (approx. -2.5 to +2.5),GOV_WGI_RL.EST,0.7594522,0.6798956,0.7748459,0.6447268,0.6813743,0.7239439,0.6713382,0.5862128,0.5339062,0.5146832,0.515317,0.5130714,0.4254537
Puerto Rico (US),PRI,Voice and Accountability - Governance estimate (approx. -2.5 to +2.5),GOV_WGI_VA.EST,0.7659952,0.7625415,0.7968729,0.7771966,0.7815731,0.7750991,0.7744702,0.8397526,0.8595092,0.6500146,0.6491803,0.6433907,0.424423
Puerto Rico (US),PRI,Regulatory Quality - Governance estimate (approx. -2.5 to +2.5),GOV_WGI_RQ.EST,0.9228597,0.9234158,1.1179384,1.0084959,0.9312895,1.0211949,1.0222101,0.9672113,0.8747767,0.7830977,0.7810589,0.7802388,0.7775664
Qatar,QAT,Control of Corruption - Governance estimate (approx. -2.5 to +2.5),GOV_WGI_CC.EST,1.3446901,1.1504795,1.1558661,1.1766023,0.8617689,0.8450167,0.8601436,0.7457912,0.7493739,0.8776184,0.8746817,0.8394432,0.8197673
Qatar,QAT,Government Effectiveness - Governance estimate (approx. -2.5 to +2.5),GOV_WGI_GE.EST,0.964407,1.0080412,0.9747888,1.1397085,0.9830148,1.0340695,1.0292498,0.9701164,0.8061951,0.9423676,0.9642748,1.1277682,1.189094
Qatar,QAT,Political Stability - Governance estimate (approx. -2.5 to +2.5),GOV_WGI_PV.EST,1.1765666,1.0908808,1.1565419,1.1121079,1.1056965,0.9673463,0.8292355,0.8357284,0.8707185,0.882266,0.8905079,0.9259515,0.9163182
Qatar,QAT,Rule of Law - Governance estimate (approx. -2.5 to +2.5),GOV_WGI_RL.EST,0.7067019,0.641775,0.7277942,0.7628549,0.5935569,0.5358302,0.5818673,0.470148,0.4639058,0.4938622,0.4786325,0.5003341,0.5977458
Qatar,QAT,Voice and Accountability - Governance estimate (approx. -2.5 to +2.5),GOV_WGI_VA.EST,-0.7278157,-0.7804255,-0.7568592,-0.792261999999999,-0.808237299999999,-0.813898999999999,-0.854911099999999,-0.9534938,-1.1879488,-1.19130659999999,-1.1940237,-0.883610399999999,-0.8587247
Qatar,QAT,Regulatory Quality - Governance estimate (approx. -2.5 to +2.5),GOV_WGI_RQ.EST,0.8609387,0.8503316,0.9514299,0.9455132,0.7014796,0.7674283,0.7654833,0.560855,0.6770845,0.7893471,0.8435123,0.8424347,0.8839637
Reunion,REU,Control of Corruption - Governance estimate (approx. -2.5 to +2.5),GOV_WGI_CC.EST,0.8638503,0.8614942,0.8565981,0.8569702,0.5405831,0.5444724,0.5476065,0.5453642,0.549178,0.5544325,0.5557528,0.5531818,0.5522989
Reunion,REU,Government Effectiveness - Governance estimate (approx. -2.5 to +2.5),GOV_WGI_GE.EST,0.2368725,0.2355177,0.2358589,0.23624,1.1121628,1.1093212,1.110309,1.1106297,1.1123907,1.1141072,1.109205,1.1121142,1.1116761
Reunion,REU,Political Stability - Governance estimate (approx. -2.5 to +2.5),GOV_WGI_PV.EST,0.4506688,0.441133,0.4401265,0.4370508,0.2966689,0.2943098,0.2884358,0.2891555,0.294218,0.2957374,0.2949028,0.2916282,0.2972645
Reunion,REU,Rule of Law - Governance estimate (approx. -2.5 to +2.5),GOV_WGI_RL.EST,0.7788886,0.7934275,0.7878884,0.7755074,1.0935737,1.0990879,1.0999968,1.0977725,1.0999657,0.8729103,0.6485582,0.6399761,0.6346996
Reunion,REU,Voice and Accountability - Governance estimate (approx. -2.5 to +2.5),GOV_WGI_VA.EST,1.2793424,1.2845797,1.2802138,1.2737837,1.2807051,1.2824591,1.2802743,1.2783749,..,..,..,..,..
Reunion,REU,Regulatory Quality - Governance estimate (approx. -2.5 to +2.5),GOV_WGI_RQ.EST,1.4639385,1.4650118,1.4532839,1.4515456,1.0924802,1.1035494,1.1061377,1.1088764,1.1100024,1.1130552,0.6342679,0.6321771,0.6266049
Romania,ROU,Control of Corruption - Governance estimate (approx. -2.5 to +2.5),GOV_WGI_CC.EST,-0.2925809,-0.1779463,-0.3587285,-0.282036,-0.2306942,-0.0980376999999999,-0.0698652,-0.0489883999999999,-0.168955,-0.1199219,-0.0497221,0.0096051,0.0662149
Romania,ROU,Government Effectiveness - Governance estimate (approx. -2.5 to +2.5),GOV_WGI_GE.EST,-0.2261464,-0.1785126,-0.190389,-0.0458649,-0.0498234,-0.0115775,-0.119218499999999,-0.1200618,-0.102106999999999,-0.1453557,-0.249980099999999,-0.0777119,0.199031
Romania,ROU,Political Stability - Governance estimate (approx. -2.5 to +2.5),GOV_WGI_PV.EST,0.1933713,0.1207194,0.0478106,0.143861,0.2061238,0.3468551,0.3246759,0.1382404,0.1435505,0.64527,0.6180826,0.6671952,0.5499041
Romania,ROU,Rule of Law - Governance estimate (approx. -2.5 to +2.5),GOV_WGI_RL.EST,0.1036882,0.1520925,0.1468062,0.2051222,0.3653419,0.3856172,0.3702403,0.3958057,0.3070465,0.3667769,0.4593734,0.4615581,0.4352333
Romania,ROU,Voice and Accountability - Governance estimate (approx. -2.5 to +2.5),GOV_WGI_VA.EST,0.4435891,0.3229235,0.3276737,0.2833418,0.4298763,0.5325813,0.5372858,0.4982553,0.4386647,0.491677,0.5461748,0.542915,0.5210735
Romania,ROU,Regulatory Quality - Governance estimate (approx. -2.5 to +2.5),GOV_WGI_RQ.EST,0.4222283,0.3748876,0.3076837,0.3895279,0.3877013,0.4527497,0.4475166,0.4191612,0.3852803,0.3572005,0.3027167,0.3145916,0.3937269
Russian Federation,RUS,Control of Corruption - Governance estimate (approx. -2.5 to +2.5),GOV_WGI_CC.EST,-1.07554859999999,-0.9445528,-1.06889979999999,-1.002184,-0.887628899999999,-0.913436199999999,-0.8264543,-0.9134357,-0.888736499999999,-0.7696119,-0.7746533,-0.7788442,-0.772806099999999
Russian Federation,RUS,Government Effectiveness - Governance estimate (approx. -2.5 to +2.5),GOV_WGI_GE.EST,-0.8080704,-0.808563599999999,-0.831558799999999,-0.7385077,-0.1991364,-0.322434699999999,-0.3261886,-0.216888499999999,-0.163008899999999,0.0414379,-0.0432286,-0.1170517,-0.208680199999999
Russian Federation,RUS,Political Stability - Governance estimate (approx. -2.5 to +2.5),GOV_WGI_PV.EST,-0.712889099999999,-0.940576499999999,-0.9015976,-0.8279576,-0.6996599,-0.7905888,-0.7684605,-0.5386198,-0.3681038,-0.3986491,-0.5068977,-0.5061895,-0.740939599999999
Russian Federation,RUS,Rule of Law - Governance estimate (approx. -2.5 to +2.5),GOV_WGI_RL.EST,-0.930049599999999,-0.685372499999999,-0.9650892,-0.915144099999999,-0.8526414,-0.9088341,-0.867073499999999,-0.8371632,-0.832458799999999,-0.866817899999999,-0.8254091,-0.902773199999999,-1.0548583
Russian Federation,RUS,Voice and Accountability - Governance estimate (approx. -2.5 to +2.5),GOV_WGI_VA.EST,-0.575656,-0.6074539,-0.805564899999999,-0.8380923,-0.795428399999999,-0.809146599999999,-0.7853492,-0.7636404,-0.7832809,-0.921051699999999,-0.9044002,-0.9937267,-1.16496089999999
Russian Federation,RUS,Regulatory Quality - Governance estimate (approx. -2.5 to +2.5),GOV_WGI_RQ.EST,-0.3620188,-0.381015899999999,-0.4318993,-0.405733599999999,-0.450162599999999,-0.5155363,-0.4243033,-0.3965476,-0.357656,-0.3542324,-0.4450265,-0.3720054,-0.8919419
Rwanda,RWA,Control of Corruption - Governance estimate (approx. -2.5 to +2.5),GOV_WGI_CC.EST,0.2778291,0.2939461,0.4271324,0.4277974,0.4896227,0.5000821,0.5807531,0.5061897,0.4362084,0.4520132,0.5134655,0.4694992,0.5279544
Rwanda,RWA,Government Effectiveness - Governance estimate (approx. -2.5 to +2.5),GOV_WGI_GE.EST,-0.132928799999999,-0.1196507,-0.0899577999999999,-0.00925509999999999,-0.0403257,-0.0496198,0.1202434,0.316719,0.2772379,0.2289518,0.2606136,0.2102834,0.3684478
Rwanda,RWA,Political Stability - Governance estimate (approx. -2.5 to +2.5),GOV_WGI_PV.EST,-0.2188587,-0.3008288,-0.2583623,-0.309006499999999,-0.1267104,0.0986635999999999,-0.0457773,0.094453,0.1598446,0.121607,0.1600853,0.115233,0.0294569
Rwanda,RWA,Rule of Law - Governance estimate (approx. -2.5 to +2.5),GOV_WGI_RL.EST,-0.4603771,-0.4166968,-0.3228854,-0.2889095,-0.2189234,-0.1582498,-0.1233215,-0.138634999999999,-0.143413899999999,-0.14057,-0.0314872999999999,0.0190329,0.0067627
Rwanda,RWA,Voice and Accountability - Governance estimate (approx. -2.5 to +2.5),GOV_WGI_VA.EST,-1.0672279,-1.04850359999999,-0.8921912,-0.871129399999999,-0.8046126,-0.806716099999999,-0.819612999999999,-0.7978938,-0.7281791,-0.7025827,-0.7112164,-0.5382498,-0.542473099999999
Rwanda,RWA,Regulatory Quality - Governance estimate (approx. -2.5 to +2.5),GOV_WGI_RQ.EST,-0.2827636,-0.1855541,-0.1555961,-0.0719828,0.1192636,0.1710906,0.1543532,0.1740956,0.1225588,0.109464,0.1214715,0.1620438,0.1548275
Samoa,WSM,Control of Corruption - Governance estimate (approx. -2.5 to +2.5),GOV_WGI_CC.EST,0.1834923,0.1821441,0.1793426,0.1795555,0.1770585,0.1792839,0.1887409,0.6157976,0.618417,0.6220257,0.8109135,0.7667536,0.7661609
Samoa,WSM,Government Effectiveness - Governance estimate (approx. -2.5 to +2.5),GOV_WGI_GE.EST,-0.0602476,-0.0422035,-0.042004,0.0167872,0.6297671,0.6281051,0.8251774,0.8254042,0.8266492,0.5845121,0.5102513,0.512308,0.2181469
Samoa,WSM,Political Stability - Governance estimate (approx. -2.5 to +2.5),GOV_WGI_PV.EST,0.8057585,0.9610651,0.9605068,0.958801,1.0732124,1.071904,1.0686461,1.0690453,0.9953036,1.1468478,1.1753028,1.1396511,1.2343417
Samoa,WSM,Rule of Law - Governance estimate (approx. -2.5 to +2.5),GOV_WGI_RL.EST,0.8244372,0.8367738,0.8353596,0.8321985,0.9134044,0.9148122,0.977166,0.9765832,0.9212628,1.159202,1.164435,1.0545903,1.0470005
Samoa,WSM,Voice and Accountability - Governance estimate (approx. -2.5 to +2.5),GOV_WGI_VA.EST,0.4667688,0.4412143,0.4025356,0.4150676,0.4071675,0.4252301,0.4647569,0.4622821,0.7779725,0.8423647,0.8745935,0.8153309,1.0897941
Samoa,WSM,Regulatory Quality - Governance estimate (approx. -2.5 to +2.5),GOV_WGI_RQ.EST,-0.0255692,-0.0962847999999999,-0.100189099999999,0.004667,-0.0360375,0.0464779,0.0804622,0.081508,0.0819379,0.00377929999999999,-0.07753,-0.168748899999999,-0.195063899999999
San Marino,SMR,Control of Corruption - Governance estimate (approx. -2.5 to +2.5),GOV_WGI_CC.EST,..,..,..,..,..,1.1685187,1.1716528,1.1694105,1.1732244,1.1784788,1.1797991,1.1772281,1.1763452
San Marino,SMR,Government Effectiveness - Governance estimate (approx. -2.5 to +2.5),GOV_WGI_GE.EST,..,..,..,..,..,1.4535264,1.4545142,1.454835,1.456596,1.4583124,1.4534103,1.4563194,1.1591046
San Marino,SMR,Political Stability - Governance estimate (approx. -2.5 to +2.5),GOV_WGI_PV.EST,1.5781203,1.5682717,1.5672321,1.5640556,1.5750282,1.3290711,1.3245352,1.3250909,1.3290002,1.2066984,1.2062355,1.2044193,1.3786309
San Marino,SMR,Rule of Law - Governance estimate (approx. -2.5 to +2.5),GOV_WGI_RL.EST,1.3800148,1.3950696,1.389334,1.3765136,1.3829867,1.6705872,1.6711104,1.6698301,1.6178208,1.6176246,1.4570337,1.4510365,1.2429348
San Marino,SMR,Voice and Accountability - Governance estimate (approx. -2.5 to +2.5),GOV_WGI_VA.EST,1.2638399,1.26727,1.2712867,1.2670753,1.2716085,1.2727572,1.1870952,1.1858512,1.1601839,1.1593688,1.158219,1.1502395,1.2498873
San Marino,SMR,Regulatory Quality - Governance estimate (approx. -2.5 to +2.5),GOV_WGI_RQ.EST,..,..,..,..,..,0.866755,0.8693433,0.8720819,0.8732079,0.8762608,0.8710628,0.868972,0.8633998
Sao Tome and Principe,STP,Control of Corruption - Governance estimate (approx. -2.5 to +2.5),GOV_WGI_CC.EST,-0.2249869,-0.158021599999999,-0.1592074,-0.1937576,-0.0806894,-0.0797689999999999,-0.1169146,0.0961283999999999,0.1565474,0.1759771,0.0892524,0.1620477,0.1448531
Sao Tome and Principe,STP,Government Effectiveness - Governance estimate (approx. -2.5 to +2.5),GOV_WGI_GE.EST,-0.816785,-0.745473899999999,-0.784788199999999,-0.8437148,-0.734745499999999,-0.658228599999999,-0.5965439,-0.545733599999999,-0.381230099999999,-0.459339999999999,-0.488719099999999,-0.5922232,-0.6505091
Sao Tome and Principe,STP,Political Stability - Governance estimate (approx. -2.5 to +2.5),GOV_WGI_PV.EST,0.3709721,0.288448,0.2880403,0.393194,0.4791965,0.3792166,0.2641856,0.2145007,0.4666013,0.5232443,0.4748721,0.6052679,0.4930734
Sao Tome and Principe,STP,Rule of Law - Governance estimate (approx. -2.5 to +2.5),GOV_WGI_RL.EST,-0.487468499999999,-0.488221199999999,-0.578294299999999,-0.666458,-0.636713299999999,-0.5832763,-0.505767899999999,-0.4991696,-0.4949939,-0.4874284,-0.356877899999999,-0.3937827,-0.294381499999999
Sao Tome and Principe,STP,Voice and Accountability - Governance estimate (approx. -2.5 to +2.5),GOV_WGI_VA.EST,0.146939,0.2620556,0.2727971,0.1651845,0.2197118,0.1862958,0.1153477,0.1151681,0.1570563,0.1673346,0.1130392,0.137464,0.1308055
Sao Tome and Principe,STP,Regulatory Quality - Governance estimate (approx. -2.5 to +2.5),GOV_WGI_RQ.EST,-0.793528599999999,-0.7089091,-0.7369156,-0.8527615,-0.7964507,-0.7509954,-0.730661999999999,-0.7689334,-0.8284372,-0.8537092,-0.8307876,-0.8221936,-0.818472
Saudi Arabia,SAU,Control of Corruption - Governance estimate (approx. -2.5 to +2.5),GOV_WGI_CC.EST,-0.121664399999999,-0.2131986,-0.1950621,-0.1775677,-0.2508778,-0.140992099999999,0.1203849,0.1100011,0.1556309,0.2130276,0.32153,0.2365231,0.2767396
Saudi Arabia,SAU,Government Effectiveness - Governance estimate (approx. -2.5 to +2.5),GOV_WGI_GE.EST,0.0891481,0.0088158,-0.00699619999999999,-0.0761056,0.075289,0.0852228999999999,0.2818788,0.1769432,0.2655112,0.261925,0.1079226,0.3884752,0.5143289
Saudi Arabia,SAU,Political Stability - Governance estimate (approx. -2.5 to +2.5),GOV_WGI_PV.EST,-0.295186399999999,-0.512941299999999,-0.5972185,-0.660277,-0.308626499999999,-0.4683535,-0.5059085,-0.667506399999999,-0.5983975,-0.5528727,-0.5528267,-0.4672131,-0.3617761
Saudi Arabia,SAU,Rule of Law - Governance estimate (approx. -2.5 to +2.5),GOV_WGI_RL.EST,-0.1795887,-0.1576511,-0.186143299999999,-0.2026797,-0.434598,-0.267793,-0.199981599999999,-0.3327389,-0.2326451,-0.169569499999999,-0.1793363,-0.1658751,0.0393234
Saudi Arabia,SAU,Voice and Accountability - Governance estimate (approx. -2.5 to +2.5),GOV_WGI_VA.EST,-1.6313921,-1.6870184,-1.70979399999999,-1.76048999999999,-1.75687969999999,-1.585512,-1.59435179999999,-1.62284839999999,-1.6111073,-1.52853169999999,-1.54441529999999,-1.5214302,-1.51087979999999
Saudi Arabia,SAU,Regulatory Quality - Governance estimate (approx. -2.5 to +2.5),GOV_WGI_RQ.EST,0.3480315,0.3943428,0.2391932,0.2721716,0.1946553,0.2373094,0.1880057,0.1004204,0.0805221,0.1793192,0.1732095,0.3876301,0.554186
Senegal,SEN,Control of Corruption - Governance estimate (approx. -2.5 to +2.5),GOV_WGI_CC.EST,-0.5598176,-0.3719629,-0.2609003,-0.221789899999999,0.03561,0.0806390999999999,0.0315258,-0.0177432,0.0271111,-0.000328699999999999,-0.0155587,0.0360917,0.0169424
Senegal,SEN,Government Effectiveness - Governance estimate (approx. -2.5 to +2.5),GOV_WGI_GE.EST,-0.2855436,-0.250523,-0.239959999999999,-0.1805346,-0.1242113,-0.1627129,-0.184756,-0.029733,-0.0860240999999999,0.1244277,0.0852361,0.1309278,0.1203621
Senegal,SEN,Political Stability - Governance estimate (approx. -2.5 to +2.5),GOV_WGI_PV.EST,-0.432497199999999,-0.333963,-0.1570391,-0.0972566,-0.0890915999999999,-0.0746024,-0.222101599999999,-0.1422197,-0.1420966,0.0630715999999999,-0.0271012,-0.1040585,-0.2028622
Senegal,SEN,Rule of Law - Governance estimate (approx. -2.5 to +2.5),GOV_WGI_RL.EST,-0.3419317,-0.3452903,-0.2019456,-0.2085281,-0.1359198,-0.1373394,-0.0666168,-0.129583199999999,-0.1376841,-0.111789,-0.0993883,-0.1485159,-0.1356248
Senegal,SEN,Voice and Accountability - Governance estimate (approx. -2.5 to +2.5),GOV_WGI_VA.EST,-0.253906099999999,-0.2735803,-0.062545,-0.0133834,0.0533404,0.1225947,0.1721576,0.0625102,0.0870299,0.0547521,0.0435201,0.0312057,0.0142739
Senegal,SEN,Regulatory Quality - Governance estimate (approx. -2.5 to +2.5),GOV_WGI_RQ.EST,-0.3780439,-0.326021499999999,-0.246143,-0.2291162,-0.2657641,-0.1568485,-0.1640727,-0.187129699999999,-0.2225558,-0.2066424,-0.2418203,-0.2406738,-0.251317299999999
Serbia,SRB,Control of Corruption - Governance estimate (approx. -2.5 to +2.5),GOV_WGI_CC.EST,-0.365913799999999,-0.3321697,-0.392706,-0.368659099999999,-0.2208569,-0.3238735,-0.3507415,-0.408215599999999,-0.386952199999999,-0.3635548,-0.3682278,-0.4707878,-0.484904899999999
Serbia,SRB,Government Effectiveness - Governance estimate (approx. -2.5 to +2.5),GOV_WGI_GE.EST,-0.232732599999999,-0.2899811,-0.292617199999999,-0.2470451,0.1058443,-0.0428976,0.0587501,0.1137013,0.1424118,0.0665414,0.0476746,0.0628473,0.1788279
Serbia,SRB,Political Stability - Governance estimate (approx. -2.5 to +2.5),GOV_WGI_PV.EST,-0.221943399999999,-0.196118699999999,-0.1119391,-0.0234258,0.1732464,0.2787874,0.1629002,0.1168497,0.1163728,0.0620767,-0.0681568,-0.0436914,-0.0525867
Serbia,SRB,Rule of Law - Governance estimate (approx. -2.5 to +2.5),GOV_WGI_RL.EST,-0.4156392,-0.2316858,-0.2133225,-0.203697,-0.0706309,-0.0388041,-0.0692373,-0.100076,-0.0999067999999999,-0.0652981,-0.1348535,-0.1926347,-0.1559554
Serbia,SRB,Voice and Accountability - Governance estimate (approx. -2.5 to +2.5),GOV_WGI_VA.EST,0.2638233,0.258274,0.0987383999999999,0.1433921,0.125625,0.1127889,0.1008581,-0.0274908,-0.179080699999999,-0.1847773,-0.1971568,-0.2621982,-0.2834019
Serbia,SRB,Regulatory Quality - Governance estimate (approx. -2.5 to +2.5),GOV_WGI_RQ.EST,-0.2818969,-0.2779936,-0.276922499999999,-0.248264699999999,0.0017785,0.0774729,-0.0089099,0.0175701,0.0896661,0.064278,0.0652905,0.0556174,0.0892565999999999
Seychelles,SYC,Control of Corruption - Governance estimate (approx. -2.5 to +2.5),GOV_WGI_CC.EST,0.4410844,0.4403622,0.4106607,0.4170086,0.4713108,0.9238577,0.9114965,0.7220791,0.8163729,1.0734136,1.1448063,1.1441374,1.1495314
Seychelles,SYC,Government Effectiveness - Governance estimate (approx. -2.5 to +2.5),GOV_WGI_GE.EST,0.5994724,0.5987727,0.710415,0.6404284,0.5730461,0.6575775,0.8131034,0.6187826,0.6505108,0.5618507,0.4965414,0.5612215,0.4110747
Seychelles,SYC,Political Stability - Governance estimate (approx. -2.5 to +2.5),GOV_WGI_PV.EST,0.8564804,0.7752841,0.7257334,0.7331354,0.4579186,0.7647495,0.7625994,0.813523,0.7800693,0.6921848,0.727409,0.7262104,0.8411889
Seychelles,SYC,Rule of Law - Governance estimate (approx. -2.5 to +2.5),GOV_WGI_RL.EST,0.1074652,0.1120002,0.1387238,0.1582385,0.140185,0.2919363,0.337312,0.2519102,0.4346563,0.4330134,0.532971,0.5521392,0.5983146
Seychelles,SYC,Voice and Accountability - Governance estimate (approx. -2.5 to +2.5),GOV_WGI_VA.EST,0.2527833,0.1595657,0.1537598,0.0914345,0.072685,0.2346279,0.3035302,0.2947312,0.3385322,0.3516215,0.6013803,0.6802368,0.6695352
Seychelles,SYC,Regulatory Quality - Governance estimate (approx. -2.5 to +2.5),GOV_WGI_RQ.EST,0.2164882,0.1472836,0.1804289,0.1191899,-0.0884944,0.2833423,0.2523062,0.1296569,0.2527705,0.2743209,0.2729044,0.2723347,0.3267766
Sierra Leone,SLE,Control of Corruption - Governance estimate (approx. -2.5 to +2.5),GOV_WGI_CC.EST,-0.6318848,-0.6666656,-0.7690941,-0.801596699999999,-0.8422333,-0.7988086,-0.826636199999999,-0.6651075,-0.5315771,-0.512898499999999,-0.4611415,-0.478002999999999,-0.5533309
Sierra Leone,SLE,Government Effectiveness - Governance estimate (approx. -2.5 to +2.5),GOV_WGI_GE.EST,-1.1431255,-1.1333977,-1.1025719,-1.1086375,-1.0481377,-1.1514848,-1.0441405,-1.0168171,-0.9745858,-1.043917,-0.9569812,-1.01218269999999,-0.958347899999999
Sierra Leone,SLE,Political Stability - Governance estimate (approx. -2.5 to +2.5),GOV_WGI_PV.EST,-0.237476,-0.2639912,-0.2587444,-0.10195,-0.1346918,-0.0242965,-0.2703676,-0.1470976,-0.2065515,-0.1611098,-0.366900299999999,-0.2367225,-0.265426899999999
Sierra Leone,SLE,Rule of Law - Governance estimate (approx. -2.5 to +2.5),GOV_WGI_RL.EST,-0.8366323,-0.783612,-0.741593,-0.8619589,-0.894407899999999,-0.789320799999999,-0.8024905,-0.7575713,-0.736684799999999,-0.781942199999999,-0.6747383,-0.759120999999999,-0.7806301
Sierra Leone,SLE,Voice and Accountability - Governance estimate (approx. -2.5 to +2.5),GOV_WGI_VA.EST,-0.1624999,-0.1979562,-0.277773999999999,-0.3239801,-0.3024332,-0.371987299999999,-0.376579999999999,-0.374755,-0.272627,-0.319340399999999,-0.2710645,-0.279553999999999,-0.306625
Sierra Leone,SLE,Regulatory Quality - Governance estimate (approx. -2.5 to +2.5),GOV_WGI_RQ.EST,-0.9567519,-0.939481199999999,-0.947721599999999,-0.9327458,-0.889369699999999,-0.9245604,-0.9135743,-0.918733999999999,-0.9175513,-0.891239999999999,-0.9046862,-0.913476699999999,-1.00543499999999
Singapore,SGP,Control of Corruption - Governance estimate (approx. -2.5 to +2.5),GOV_WGI_CC.EST,2.07204,2.0725464,2.0881784,2.0543133,2.0560463,2.0799858,2.1044197,2.1125052,2.1254362,2.1188705,2.1272918,2.0800635,2.0329943
Singapore,SGP,Government Effectiveness - Governance estimate (approx. -2.5 to +2.5),GOV_WGI_GE.EST,2.1773529,2.1271599,2.2446934,2.1745281,2.1621771,2.1874773,2.2456127,2.2158807,2.2170172,2.2442216,2.2154522,2.2180671,2.2013027
Singapore,SGP,Political Stability - Governance estimate (approx. -2.5 to +2.5),GOV_WGI_PV.EST,1.1901335,1.1188701,1.256811,1.232658,1.0665318,1.1123429,1.2788614,1.3859813,1.2994328,1.2580714,1.2855556,1.2816641,1.164789
Singapore,SGP,Rule of Law - Governance estimate (approx. -2.5 to +2.5),GOV_WGI_RL.EST,1.3929086,1.4205904,1.5532143,1.4835114,1.5393572,1.5460708,1.5473758,1.49284,1.5337126,1.5263702,1.4703849,1.4327468,1.4279068
Singapore,SGP,Voice and Accountability - Governance estimate (approx. -2.5 to +2.5),GOV_WGI_VA.EST,0.1189072,0.2072893,0.3394907,0.3004291,0.3198239,0.3248838,0.3450853,0.2550722,0.2449759,0.1894806,0.1525296,0.1598961,0.1532996
Singapore,SGP,Regulatory Quality - Governance estimate (approx. -2.5 to +2.5),GOV_WGI_RQ.EST,2.0047029,1.9447456,2.1253998,2.0879315,2.1611904,2.2303413,2.1984368,2.1489543,2.1367938,2.1809946,2.1222024,2.1352444,2.049181
Slovak Republic,SVK,Control of Corruption - Governance estimate (approx. -2.5 to +2.5),GOV_WGI_CC.EST,0.2279608,0.2279303,0.1773254,0.1495037,0.1860971,0.192681,0.2841166,0.2266169,0.26406,0.2499712,0.4197316,0.3575001,0.3774853
Slovak Republic,SVK,Government Effectiveness - Governance estimate (approx. -2.5 to +2.5),GOV_WGI_GE.EST,0.4626046,0.4763801,0.5189099,0.4696274,0.7131474,0.6446273,0.7302475,0.5705986,0.5296453,0.4384097,0.6975922,0.7366757,0.7960113
Slovak Republic,SVK,Political Stability - Governance estimate (approx. -2.5 to +2.5),GOV_WGI_PV.EST,1.12655,0.9502652,1.0152253,1.0379263,1.1421663,0.944233,0.7354497,0.8542516,0.7129564,0.6744971,0.6167177,0.5857562,0.5294743
Slovak Republic,SVK,Rule of Law - Governance estimate (approx. -2.5 to +2.5),GOV_WGI_RL.EST,0.2706597,0.3221474,0.3349536,0.3144728,0.2201051,0.2446535,0.2743489,0.2586648,0.3056611,0.3671757,0.5265879,0.7070856,0.5921835
Slovak Republic,SVK,Voice and Accountability - Governance estimate (approx. -2.5 to +2.5),GOV_WGI_VA.EST,0.9032082,0.9626315,0.9373344,0.9414705,0.9282831,0.925632,0.9270088,0.8412265,0.7278694,0.8762439,0.9881907,0.9886718,0.9497804
Slovak Republic,SVK,Regulatory Quality - Governance estimate (approx. -2.5 to +2.5),GOV_WGI_RQ.EST,0.9984709,0.968592,0.9748175,0.8521623,0.7273531,0.7078663,0.8392119,0.7416212,0.6851503,0.7272442,0.6096002,0.7412158,0.7261799
Slovenia,SVN,Control of Corruption - Governance estimate (approx. -2.5 to +2.5),GOV_WGI_CC.EST,0.7280642,0.6998632,0.6842766,0.6001872,0.6036712,0.6575394,0.7620923,0.7942102,0.819582,0.848482,0.7760206,0.6986582,0.7480799
Slovenia,SVN,Government Effectiveness - Governance estimate (approx. -2.5 to +2.5),GOV_WGI_GE.EST,0.7931021,0.8262377,0.8612844,0.8307889,1.0300379,1.0221829,1.2000081,1.2399184,1.3001457,1.2721351,1.3704336,1.3440925,1.2580894
Slovenia,SVN,Political Stability - Governance estimate (approx. -2.5 to +2.5),GOV_WGI_PV.EST,1.0753011,1.1136359,0.9825256,0.8890197,1.054531,1.0294179,1.0204175,0.9455099,0.9840178,0.9481029,0.7478672,0.7356372,0.7749516
Slovenia,SVN,Rule of Law - Governance estimate (approx. -2.5 to +2.5),GOV_WGI_RL.EST,0.8289311,0.7793556,0.7982103,0.7389481,0.8102133,0.8075466,0.8161277,0.7256837,0.7585508,0.9164028,0.9364183,0.9260486,0.9211902
Slovenia,SVN,Voice and Accountability - Governance estimate (approx. -2.5 to +2.5),GOV_WGI_VA.EST,1.0182862,1.0168339,0.9151135,0.8805083,0.8383034,0.8823261,0.9044433,0.9164126,0.873193,1.0296095,1.0295399,0.9366208,0.9757445
Slovenia,SVN,Regulatory Quality - Governance estimate (approx. -2.5 to +2.5),GOV_WGI_RQ.EST,0.8166176,0.7441693,0.6434133,0.6176146,0.5399771,0.574156,0.6430131,0.6069226,0.6514111,0.8847728,0.8216029,0.8294744,0.7372169
Solomon Islands,SLB,Control of Corruption - Governance estimate (approx. -2.5 to +2.5),GOV_WGI_CC.EST,-0.411535999999999,-0.427587899999999,-0.4011688,-0.405030899999999,-0.3998249,-0.4012117,-0.4109498,-0.1494384,-0.1478206,0.0004546,-0.0256466,-0.1748432,-0.1752124
Solomon Islands,SLB,Government Effectiveness - Governance estimate (approx. -2.5 to +2.5),GOV_WGI_GE.EST,-0.9125086,-0.8613809,-0.8057801,-0.864125399999999,-0.8833666,-0.885028599999999,-0.884450899999999,-1.0855854,-1.1009813,-0.9726212,-0.976086999999999,-1.1196101,-0.9101515
Solomon Islands,SLB,Political Stability - Governance estimate (approx. -2.5 to +2.5),GOV_WGI_PV.EST,0.3572344,0.3523933,0.3518822,0.3503208,0.5553271,0.6020153,0.360596,0.1156377,0.3816525,0.4195676,0.5368126,0.4456005,0.7315157
Solomon Islands,SLB,Rule of Law - Governance estimate (approx. -2.5 to +2.5),GOV_WGI_RL.EST,-0.4768434,-0.416557099999999,-0.393768699999999,-0.396376199999999,-0.2321864,-0.2315499,-0.205064299999999,-0.200866799999999,-0.1622764,-0.0826312,0.2111308,0.015353,0.1473971
Solomon Islands,SLB,Voice and Accountability - Governance estimate (approx. -2.5 to +2.5),GOV_WGI_VA.EST,-0.0392355999999999,-0.0706630999999999,-0.0181884,-0.0115585999999999,0.0214166,0.0358826,0.0486342,0.0611211,0.1438423,0.279918,0.168919,0.3280919,0.2604926
Solomon Islands,SLB,Regulatory Quality - Governance estimate (approx. -2.5 to +2.5),GOV_WGI_RQ.EST,-1.19348039999999,-1.0565406,-1.0526396,-1.0482396,-0.9866655,-0.9138238,-0.9129622,-0.9120505,-0.911675599999999,-0.7506683,-0.9113021,-1.057786,-1.059641
"Somalia, Fed. Rep.",SOM,Control of Corruption - Governance estimate (approx. -2.5 to +2.5),GOV_WGI_CC.EST,-1.684578,-1.6615444,-1.649052,-1.64551309999999,-1.73994569999999,-1.7297878,-1.7350014,-1.721871,-1.80642059999999,-1.6343465,-1.5494727,-1.6031075,-1.59878449999999
"Somalia, Fed. Rep.",SOM,Government Effectiveness - Governance estimate (approx. -2.5 to +2.5),GOV_WGI_GE.EST,-2.0844758,-2.09105699999999,-2.06505629999999,-2.0903583,-2.2056492,-2.050969,-1.97665619999999,-2.00100279999999,-2.0330208,-2.0111906,-1.9389024,-1.96354459999999,-1.94568789999999
"Somalia, Fed. Rep.",SOM,Political Stability - Governance estimate (approx. -2.5 to +2.5),GOV_WGI_PV.EST,-2.9277889,-3.01651169999999,-2.90139839999999,-2.85136569999999,-2.4369844,-2.2815589,-2.2701767,-2.022776,-2.06147769999999,-2.0704895,-2.3507544,-2.60696149999999,-2.092858
"Somalia, Fed. Rep.",SOM,Rule of Law - Governance estimate (approx. -2.5 to +2.5),GOV_WGI_RL.EST,-2.3849652,-2.380498,-2.35479259999999,-2.3576872,-2.2284291,-2.1954112,-2.2378636,-2.3167845,-2.3047801,-2.27689089999999,-2.18341659999999,-2.16817529999999,-2.2051746
"Somalia, Fed. Rep.",SOM,Voice and Accountability - Governance estimate (approx. -2.5 to +2.5),GOV_WGI_VA.EST,-1.8584735,-1.79384759999999,-1.8033103,-1.8076459,-1.78649869999999,-1.77230779999999,-1.8003303,-1.6676521,-1.6431326,-1.6191136,-1.6658247,-1.6566375,-1.4916009
"Somalia, Fed. Rep.",SOM,Regulatory Quality - Governance estimate (approx. -2.5 to +2.5),GOV_WGI_RQ.EST,-2.16569539999999,-2.19839659999999,-2.1097626,-2.2176149,-2.0809389,-2.0369376,-2.08945249999999,-2.0883575,-1.9778262,-1.9736596,-1.8686121,-1.7880177,-1.7887408
South Africa,ZAF,Control of Corruption - Governance estimate (approx. -2.5 to +2.5),GOV_WGI_CC.EST,0.093303,0.1087565,-0.0291711999999999,-0.0335595,-0.0143828,0.0114254,0.0306383,-0.0798663999999999,-0.0473417999999999,0.0349803,0.0256677,0.0645613,-0.1634734
South Africa,ZAF,Government Effectiveness - Governance estimate (approx. -2.5 to +2.5),GOV_WGI_GE.EST,0.2719786,0.3051973,0.3162949,0.3334887,0.331414,0.2444848,0.2013163,0.2227717,0.148105,0.1893815,0.0953251,0.0420935,-0.0015597
South Africa,ZAF,Political Stability - Governance estimate (approx. -2.5 to +2.5),GOV_WGI_PV.EST,-0.0522329999999999,-0.0426331999999999,-0.1220725,-0.2582732,-0.2307109,-0.3104761,-0.3379116,-0.3828321,-0.299383199999999,-0.338256499999999,-0.2489513,-0.7738081,-0.6842882
South Africa,ZAF,Rule of Law - Governance estimate (approx. -2.5 to +2.5),GOV_WGI_RL.EST,0.065012,0.0107579,0.0103319,0.0246889,0.0704603,0.0440534,0.0701133,0.0143383,-0.0683312,-0.0749162,-0.0613794,0.1210745,0.0341024
South Africa,ZAF,Voice and Accountability - Governance estimate (approx. -2.5 to +2.5),GOV_WGI_VA.EST,0.6248859,0.5570985,0.5381291,0.5305201,0.557058,0.5906812,0.5713649,0.539157,0.5306104,0.4911743,0.5077726,0.6405127,0.5646216
South Africa,ZAF,Regulatory Quality - Governance estimate (approx. -2.5 to +2.5),GOV_WGI_RQ.EST,0.7034161,0.6548859,0.6421404,0.6247044,0.401664,0.2946623,0.2611304,0.2296787,0.0685404999999999,0.1188,0.0899066999999999,0.0177391,-0.0622982
South Sudan,SSD,Control of Corruption - Governance estimate (approx. -2.5 to +2.5),GOV_WGI_CC.EST,-0.214174099999999,-1.2275676,-1.34178249999999,-1.4236144,-1.71827969999999,-1.77074769999999,-1.7919554,-1.7562035,-1.8304337,-1.8861426,-1.80683669999999,-1.82343179999999,-1.861122
South Sudan,SSD,Government Effectiveness - Governance estimate (approx. -2.5 to +2.5),GOV_WGI_GE.EST,..,-1.57631069999999,-1.4942658,-1.6555038,-1.8301131,-1.981766,-2.05300419999999,-2.13822209999999,-2.0765061,-2.09482199999999,-2.16308659999999,-2.2425859,-2.2168775
South Sudan,SSD,Political Stability - Governance estimate (approx. -2.5 to +2.5),GOV_WGI_PV.EST,..,-1.51136989999999,-1.4983578,-2.0671128,-2.5030889,-2.2792733,-2.33343,-2.44555199999999,-2.3307387,-2.39114589999999,-2.1055063,-2.21948739999999,-1.6425543
South Sudan,SSD,Rule of Law - Governance estimate (approx. -2.5 to +2.5),GOV_WGI_RL.EST,..,-1.3454875,-1.1549676,-1.3517382,-1.6791346,-1.6930815,-1.7566012,-1.7533888,-1.8708086,-1.87228589999999,-1.90756779999999,-1.97781689999999,-1.9298809
South Sudan,SSD,Voice and Accountability - Governance estimate (approx. -2.5 to +2.5),GOV_WGI_VA.EST,..,-1.2237753,-1.26869719999999,-1.4277138,-1.517404,-1.573248,-1.882177,-1.8670114,-2.0437826,-2.035567,-1.93566519999999,-1.94215499999999,-1.9531527
South Sudan,SSD,Regulatory Quality - Governance estimate (approx. -2.5 to +2.5),GOV_WGI_RQ.EST,..,-1.5768821,-1.4227969,-1.5704737,-1.66875929999999,-1.6736197,-1.75850469999999,-1.79473739999999,-1.8857358,-1.8807648,-1.9522498,-1.93385449999999,-1.934717
Spain,ESP,Control of Corruption - Governance estimate (approx. -2.5 to +2.5),GOV_WGI_CC.EST,1.0363797,1.1180861,1.1056885,0.7866619,0.5991782,0.5903482,0.6246332,0.5939905,0.7455087,0.8202611,0.8309019,0.8120886,0.7816745
Spain,ESP,Government Effectiveness - Governance estimate (approx. -2.5 to +2.5),GOV_WGI_GE.EST,0.7962866,0.8760127,0.9026107,1.0239507,1.0206256,1.0684401,1.0540321,1.0199904,1.0702333,1.118598,1.0477979,1.1202722,1.1419015
Spain,ESP,Political Stability - Governance estimate (approx. -2.5 to +2.5),GOV_WGI_PV.EST,0.0213027,0.2026668,0.1447381,0.0980042,0.4826214,0.4353383,0.425985,0.280621,0.3346558,0.267048,0.2956928,0.38323,0.1569762
Spain,ESP,Rule of Law - Governance estimate (approx. -2.5 to +2.5),GOV_WGI_RL.EST,0.9563535,1.021769,1.0835763,0.956418,0.9030126,0.9539353,1.0063989,1.0251392,0.992005,1.0955949,0.9801536,0.9207665,0.9606357
Spain,ESP,Voice and Accountability - Governance estimate (approx. -2.5 to +2.5),GOV_WGI_VA.EST,1.2668048,1.1642575,1.190985,1.0172787,1.0560853,1.0971352,1.0954166,1.0725269,1.0560459,1.093177,1.1589433,1.1384344,1.1455667
Spain,ESP,Regulatory Quality - Governance estimate (approx. -2.5 to +2.5),GOV_WGI_RQ.EST,1.1014722,0.960889,0.8728118,0.8741689,0.6968841,0.8044208,0.9625695,0.8867509,0.8836957,0.9446573,0.8370928,0.9211695,0.8379079
Sri Lanka,LKA,Control of Corruption - Governance estimate (approx. -2.5 to +2.5),GOV_WGI_CC.EST,-0.2614436,-0.2480769,-0.3066483,-0.3103438,-0.4501459,-0.3413605,-0.2510246,-0.307832799999999,-0.2047049,-0.1639347,-0.2760375,-0.3367364,-0.3533578
Sri Lanka,LKA,Government Effectiveness - Governance estimate (approx. -2.5 to +2.5),GOV_WGI_GE.EST,-0.185523,-0.1636119,-0.1739743,-0.1437062,0.1397088,0.0898368,-0.0370534999999999,-0.0698946,-0.0975670999999999,-0.0713311,-0.1134357,-0.2353399,-0.503783099999999
Sri Lanka,LKA,Political Stability - Governance estimate (approx. -2.5 to +2.5),GOV_WGI_PV.EST,-0.779023999999999,-0.7674257,-0.9606693,-0.8585581,-0.553597999999999,-0.0885947,-0.1436337,-0.179121299999999,-0.2597255,-0.173798099999999,-0.1154138,-0.510938,-0.7621199
Sri Lanka,LKA,Rule of Law - Governance estimate (approx. -2.5 to +2.5),GOV_WGI_RL.EST,-0.2305758,-0.2864777,-0.1436392,-0.3561281,-0.3605151,-0.110513199999999,-0.1066651,-0.111659899999999,-0.0575940999999999,-0.0781005999999999,-0.1909487,-0.2315397,-0.3299184
Sri Lanka,LKA,Voice and Accountability - Governance estimate (approx. -2.5 to +2.5),GOV_WGI_VA.EST,-0.673063899999999,-0.6857175,-0.6157646,-0.6563987,-0.6947438,-0.3869354,-0.252305599999999,-0.239022899999999,-0.186496499999999,-0.1819405,-0.1576417,-0.2581614,-0.3638182
Sri Lanka,LKA,Regulatory Quality - Governance estimate (approx. -2.5 to +2.5),GOV_WGI_RQ.EST,-0.0753803,0.0210493,0.00718909999999999,-0.0763977,-0.0063463,0.0306457,-0.0445476,-0.1170039,-0.1897983,-0.186002,-0.1122765,-0.1629445,-0.456906
St. Kitts and Nevis,KNA,Control of Corruption - Governance estimate (approx. -2.5 to +2.5),GOV_WGI_CC.EST,1.3318853,1.3295291,1.3246331,1.3250051,-0.0834636,0.429142,0.4304457,0.4660328,0.4031973,0.324202,0.3247512,0.352033,0.3109783
St. Kitts and Nevis,KNA,Government Effectiveness - Governance estimate (approx. -2.5 to +2.5),GOV_WGI_GE.EST,1.2694874,1.2681327,1.2684739,1.268855,0.4237531,0.7651163,0.7661041,0.7664249,0.7681859,0.7699023,0.7650002,0.4237045,0.691453
St. Kitts and Nevis,KNA,Political Stability - Governance estimate (approx. -2.5 to +2.5),GOV_WGI_PV.EST,1.0581227,0.9304755,0.9299172,0.9282114,0.6712051,0.663933,0.6608669,0.6612426,0.6638851,0.6646782,0.9164728,0.9147636,0.9177056
St. Kitts and Nevis,KNA,Rule of Law - Governance estimate (approx. -2.5 to +2.5),GOV_WGI_RL.EST,0.9578966,0.9662649,0.9630767,1.0227841,0.1616381,0.8033892,0.8055131,0.8522822,0.7421991,0.633226,0.6337014,0.5899268,0.571593
St. Kitts and Nevis,KNA,Voice and Accountability - Governance estimate (approx. -2.5 to +2.5),GOV_WGI_VA.EST,1.1771606,1.1196267,1.1019368,1.0641595,1.0671377,0.7188113,0.7220511,0.7066057,0.4519236,0.4247829,0.439648,0.4311382,0.4283376
St. Kitts and Nevis,KNA,Regulatory Quality - Governance estimate (approx. -2.5 to +2.5),GOV_WGI_RQ.EST,1.2863424,1.2874157,1.2756878,1.2739495,0.1453016,0.558492,0.5598127,0.488087,0.4842925,0.478026,0.4753739,0.489946,0.534217
St. Lucia,LCA,Control of Corruption - Governance estimate (approx. -2.5 to +2.5),GOV_WGI_CC.EST,1.3516835,1.350032,1.1696019,1.1698184,0.3501512,0.5702666,0.5712704,0.5017334,0.4535507,0.4745651,0.37834,0.370132,0.3713679
St. Lucia,LCA,Government Effectiveness - Governance estimate (approx. -2.5 to +2.5),GOV_WGI_GE.EST,1.0666286,1.0656351,0.8304307,0.8306604,0.2608582,0.1384193,0.1993777,0.1995711,0.2006326,0.3009665,0.1183828,-0.1319064,0.1826232
St. Lucia,LCA,Political Stability - Governance estimate (approx. -2.5 to +2.5),GOV_WGI_PV.EST,0.8287007,0.8234119,0.8228537,0.8211478,0.7556725,0.7434287,0.9130972,0.8668533,0.8694958,0.8702889,0.8698532,0.868144,1.0438207
St. Lucia,LCA,Rule of Law - Governance estimate (approx. -2.5 to +2.5),GOV_WGI_RL.EST,0.9489256,0.8850425,0.8356167,0.8324142,0.6873869,0.7997066,0.7954143,0.7355229,0.6660386,0.6668234,0.5946847,0.6252576,0.5318302
St. Lucia,LCA,Voice and Accountability - Governance estimate (approx. -2.5 to +2.5),GOV_WGI_VA.EST,1.2882391,1.2382862,1.2097218,1.1834014,1.18593,0.8530795,0.8427357,0.7599752,0.5668733,0.5828907,0.5022546,0.5088919,0.5054951
St. Lucia,LCA,Regulatory Quality - Governance estimate (approx. -2.5 to +2.5),GOV_WGI_RQ.EST,0.6675281,0.7189487,0.570824,0.5702182,0.4244607,0.3210997,0.3217756,0.2897439,0.2940591,0.3463362,0.284517,0.1996244,0.2002621
St. Vincent and the Grenadines,VCT,Control of Corruption - Governance estimate (approx. -2.5 to +2.5),GOV_WGI_CC.EST,1.1598426,1.1581912,1.1547595,1.1550203,0.6052154,0.6766032,0.6777104,0.7018791,0.7531367,0.7602069,0.7606733,0.7401119,0.7243711
St. Vincent and the Grenadines,VCT,Government Effectiveness - Governance estimate (approx. -2.5 to +2.5),GOV_WGI_GE.EST,0.9931941,0.9922006,0.9924508,0.9927303,0.2995406,0.2974567,0.5506037,0.5508389,0.5521303,0.5533891,0.2973715,0.2995049,0.5327234
St. Vincent and the Grenadines,VCT,Political Stability - Governance estimate (approx. -2.5 to +2.5),GOV_WGI_PV.EST,0.8287007,0.8234119,0.8687381,0.8211478,0.7556725,0.9161633,0.9130972,0.7873576,0.7900001,0.9169085,1.0425879,1.0408786,1.0438207
St. Vincent and the Grenadines,VCT,Rule of Law - Governance estimate (approx. -2.5 to +2.5),GOV_WGI_RL.EST,1.0475019,1.0513625,1.0498916,1.0157714,0.7020186,0.6227862,0.6292069,0.6186658,0.6131444,0.6834679,0.6515481,0.6474473,0.6160382
St. Vincent and the Grenadines,VCT,Voice and Accountability - Governance estimate (approx. -2.5 to +2.5),GOV_WGI_VA.EST,1.0671827,0.9653202,0.9636892,0.9612869,0.9638727,0.6076881,0.5979297,0.5884863,0.5176746,0.6248617,0.6244985,0.6155269,0.5755557
St. Vincent and the Grenadines,VCT,Regulatory Quality - Governance estimate (approx. -2.5 to +2.5),GOV_WGI_RQ.EST,0.5584226,0.5588546,0.5541343,0.5534346,0.4360777,0.2175718,0.2551022,0.1936017,0.2393083,0.2337241,0.1719049,0.141278,0.0866513999999999
Sudan,SDN,Control of Corruption - Governance estimate (approx. -2.5 to +2.5),GOV_WGI_CC.EST,-1.4777406,-1.46601389999999,-1.57216549999999,-1.5693861,-1.5461064,-1.4808042,-1.4810828,-1.480461,-1.5184609,-1.47108899999999,-1.3828975,-1.292527,-1.4462818
Sudan,SDN,Government Effectiveness - Governance estimate (approx. -2.5 to +2.5),GOV_WGI_GE.EST,-1.3183855,-1.3212982,-1.3159644,-1.3113659,-1.3093428,-1.29342999999999,-1.2725849,-1.24182669999999,-1.49191189999999,-1.41919669999999,-1.4293287,-1.4426029,-1.5360265
Sudan,SDN,Political Stability - Governance estimate (approx. -2.5 to +2.5),GOV_WGI_PV.EST,-2.4305404,-2.3438684,-2.3155934,-2.2572174,-2.2236606,-2.0365601,-2.16225439999999,-1.9473364,-1.71645009999999,-1.65533209999999,-1.3881394,-1.7826483,-1.92571989999999
Sudan,SDN,Rule of Law - Governance estimate (approx. -2.5 to +2.5),GOV_WGI_RL.EST,-1.383167,-1.4311591,-1.42399229999999,-1.4727537,-1.4368402,-1.4901668,-1.4810009,-1.3822481,-1.3679719,-1.4223111,-1.344873,-1.3405003,-1.4230148
Sudan,SDN,Voice and Accountability - Governance estimate (approx. -2.5 to +2.5),GOV_WGI_VA.EST,-1.63549339999999,-1.7363712,-1.80500859999999,-1.8115431,-1.7761608,-1.77726499999999,-1.8311887,-1.8293207,-1.8588596,-1.68985609999999,-1.5628619,-1.4649309,-1.6342678
Sudan,SDN,Regulatory Quality - Governance estimate (approx. -2.5 to +2.5),GOV_WGI_RQ.EST,-1.32794979999999,-1.3131857,-1.39933059999999,-1.47720309999999,-1.431484,-1.4597243,-1.4119321,-1.4265577,-1.50539159999999,-1.5295444,-1.50085769999999,-1.48846139999999,-1.5498089
Suriname,SUR,Control of Corruption - Governance estimate (approx. -2.5 to +2.5),GOV_WGI_CC.EST,-0.1624579,-0.1481547,-0.1383846,-0.1615538,-0.3215014,-0.202065,-0.1787366,-0.195415199999999,-0.2886333,-0.281896,-0.3026185,-0.311597299999999,-0.308943099999999
Suriname,SUR,Government Effectiveness - Governance estimate (approx. -2.5 to +2.5),GOV_WGI_GE.EST,-0.0683329,-0.1072418,-0.00141929999999999,-0.0111246,-0.0642884,-0.0652263,-0.0344665,-0.127179899999999,-0.126515,-0.1395824,-0.1418392,-0.298960499999999,-0.3711426
Suriname,SUR,Political Stability - Governance estimate (approx. -2.5 to +2.5),GOV_WGI_PV.EST,0.1307885,0.079854,0.0654961999999999,0.0569667,0.2245948,0.2981115,0.1759261,0.1667453,0.1496981,0.1321528,0.4628889,0.3607899,0.2466594
Suriname,SUR,Rule of Law - Governance estimate (approx. -2.5 to +2.5),GOV_WGI_RL.EST,-0.0810578,-0.0758264999999999,-0.0675487,-0.0681876,-0.1298785,-0.1964371,-0.2097569,-0.241387699999999,-0.260691599999999,-0.248591999999999,-0.185081599999999,-0.1971687,-0.2196339
Suriname,SUR,Voice and Accountability - Governance estimate (approx. -2.5 to +2.5),GOV_WGI_VA.EST,0.3738756,0.3853072,0.3753234,0.369062,0.3487913,0.1592598,0.1627668,0.0483854,0.1093602,0.1343228,0.1599841,0.0873419,0.1083446
Suriname,SUR,Regulatory Quality - Governance estimate (approx. -2.5 to +2.5),GOV_WGI_RQ.EST,-0.470401399999999,-0.4169159,-0.386573499999999,-0.3517802,-0.648578,-0.6175389,-0.6416001,-0.6673958,-0.7248716,-0.6022128,-0.695630299999999,-0.6285837,-0.718359499999999
Sweden,SWE,Control of Corruption - Governance estimate (approx. -2.5 to +2.5),GOV_WGI_CC.EST,2.1306982,2.1230571,2.1691497,2.07534,2.0070816,2.0948719,2.1058509,2.1093078,2.1157895,2.1292113,2.1337232,2.0899139,2.0255279
Sweden,SWE,Government Effectiveness - Governance estimate (approx. -2.5 to +2.5),GOV_WGI_GE.EST,1.9458769,1.9837783,1.9998087,1.9430235,1.916558,1.8309837,1.8116503,1.8765903,1.9184315,1.8924006,1.980777,1.9668155,1.9149251
Sweden,SWE,Political Stability - Governance estimate (approx. -2.5 to +2.5),GOV_WGI_PV.EST,1.0865676,1.1573733,1.1548415,1.0499372,1.0182733,0.9288589,0.9187513,0.8668924,0.928959,0.9427192,0.955794,0.9471541,0.9419053
Sweden,SWE,Rule of Law - Governance estimate (approx. -2.5 to +2.5),GOV_WGI_RL.EST,1.8755255,1.9089859,1.9386912,1.9038352,1.880538,1.9483702,1.9454234,1.874601,1.8388537,1.8669616,1.8204763,1.7883138,1.7381383
Sweden,SWE,Voice and Accountability - Governance estimate (approx. -2.5 to +2.5),GOV_WGI_VA.EST,1.7253329,1.8800915,1.9104843,1.825244,1.7547337,1.7750119,1.7750567,1.7375825,1.7414565,1.725429,1.7982035,1.7654718,1.7517742
Sweden,SWE,Regulatory Quality - Governance estimate (approx. -2.5 to +2.5),GOV_WGI_RQ.EST,1.7481133,2.0657526,2.0214291,1.9712278,1.7257536,1.7858201,1.8059922,1.7455157,1.7593836,1.7778065,1.715293,1.6807618,1.6240804
Switzerland,CHE,Control of Corruption - Governance estimate (approx. -2.5 to +2.5),GOV_WGI_CC.EST,2.0649103,2.0892423,2.1649502,2.1291279,2.2607465,2.2702247,2.2830399,2.3027582,2.2937762,2.3009699,2.2868791,2.1059546,2.0949429
Switzerland,CHE,Government Effectiveness - Governance estimate (approx. -2.5 to +2.5),GOV_WGI_GE.EST,1.7959169,1.8422401,1.9392653,1.8855359,2.0976109,2.0359711,2.0910112,2.0953521,2.1122705,2.0556232,1.9595956,2.0800555,2.0265432
Switzerland,CHE,Political Stability - Governance estimate (approx. -2.5 to +2.5),GOV_WGI_PV.EST,1.3107684,1.3512353,1.3809599,1.3427758,1.422405,1.2751929,1.2064894,1.1641565,1.2552678,1.2001317,1.1126481,1.0255347,1.0254452
Switzerland,CHE,Rule of Law - Governance estimate (approx. -2.5 to +2.5),GOV_WGI_RL.EST,1.798446,1.8068432,1.8687984,1.7969372,1.880784,1.8856813,1.8970374,1.8895294,1.9134219,1.9141226,1.8077068,1.7893994,1.7793511
Switzerland,CHE,Voice and Accountability - Governance estimate (approx. -2.5 to +2.5),GOV_WGI_VA.EST,1.6558672,1.6609244,1.6596375,1.6481092,1.6312583,1.6319543,1.639262,1.6652384,1.6741105,1.6494367,1.6390344,1.678298,1.6844928
Switzerland,CHE,Regulatory Quality - Governance estimate (approx. -2.5 to +2.5),GOV_WGI_RQ.EST,1.7404159,1.7457395,1.8492676,1.7970843,1.9141282,1.7962762,1.9192622,1.9074995,1.8048587,1.767121,1.6431817,1.7598954,1.7620014
Syrian Arab Republic,SYR,Control of Corruption - Governance estimate (approx. -2.5 to +2.5),GOV_WGI_CC.EST,-1.0905246,-1.106722,-1.19016529999999,-1.20834819999999,-1.5306381,-1.5307718,-1.5915844,-1.5920556,-1.5912541,-1.6558161,-1.6873687,-1.79070699999999,-1.79243509999999
Syrian Arab Republic,SYR,Government Effectiveness - Governance estimate (approx. -2.5 to +2.5),GOV_WGI_GE.EST,-0.6941611,-0.6889793,-0.9278318,-1.1353579,-1.0163507,-1.2458592,-1.4709651,-1.4708561,-1.4702578,-1.58916449999999,-1.4732889,-1.5265647,-1.61489209999999
Syrian Arab Republic,SYR,Political Stability - Governance estimate (approx. -2.5 to +2.5),GOV_WGI_PV.EST,-1.1174939,-2.13376019999999,-2.4554347,-2.46599079999999,-2.34971829999999,-2.4382136,-2.5955347,-2.4453795,-2.4238579,-2.4527063,-2.35367569999999,-2.37452369999999,-2.43824749999999
Syrian Arab Republic,SYR,Rule of Law - Governance estimate (approx. -2.5 to +2.5),GOV_WGI_RL.EST,-0.7628841,-0.981771,-1.3261066,-1.5882155,-1.6659053,-1.6477248,-1.8462401,-1.807304,-1.77685349999999,-1.8308474,-1.8514471,-1.8887237,-1.8753611
Syrian Arab Republic,SYR,Voice and Accountability - Governance estimate (approx. -2.5 to +2.5),GOV_WGI_VA.EST,-1.6395091,-1.7258778,-1.9150146,-2.00666239999999,-1.92535409999999,-1.94200509999999,-1.9798097,-1.98639489999999,-1.986877,-1.94567879999999,-1.909584,-1.89419689999999,-1.8967024
Syrian Arab Republic,SYR,Regulatory Quality - Governance estimate (approx. -2.5 to +2.5),GOV_WGI_RQ.EST,-0.7452067,-0.837656299999999,-1.4240012,-1.5261224,-1.63694459999999,-1.54984409999999,-1.6361409,-1.63923099999999,-1.547928,-1.5966464,-1.6481019,-1.75501,-1.8921267
"Taiwan, China",TWN,Control of Corruption - Governance estimate (approx. -2.5 to +2.5),GOV_WGI_CC.EST,0.8031293,0.83576,0.7977317,0.7588965,0.9601462,0.9491229,1.0424792,1.1135089,1.1111147,1.1520551,1.2220799,1.2312367,1.1922974
"Taiwan, China",TWN,Government Effectiveness - Governance estimate (approx. -2.5 to +2.5),GOV_WGI_GE.EST,1.2392717,1.2663737,1.3078306,1.2675352,1.3549918,1.3686773,1.3582826,1.2823288,1.4392244,1.5089236,1.5585386,1.456217,1.4778316
"Taiwan, China",TWN,Political Stability - Governance estimate (approx. -2.5 to +2.5),GOV_WGI_PV.EST,1.0424399,1.0207087,1.0422914,0.9791364,0.936632,1.0740405,1.0323174,1.0259424,1.0213324,1.0164038,1.0701128,1.056929,1.0311975
"Taiwan, China",TWN,Rule of Law - Governance estimate (approx. -2.5 to +2.5),GOV_WGI_RL.EST,1.000454,1.0418482,1.0576532,1.0544327,1.076423,1.1140009,1.1007042,1.0590433,1.133112,1.1921072,1.2880608,1.2993008,1.2588774
"Taiwan, China",TWN,Voice and Accountability - Governance estimate (approx. -2.5 to +2.5),GOV_WGI_VA.EST,0.8909422,0.9007549,0.8832192,0.9188813,0.9209317,0.9296856,0.9892904,1.033249,0.9879517,1.0226985,1.0704096,1.0375292,1.0382404
"Taiwan, China",TWN,Regulatory Quality - Governance estimate (approx. -2.5 to +2.5),GOV_WGI_RQ.EST,1.1750219,1.207774,1.2319345,1.1881193,1.2541708,1.3226419,1.2847006,1.2754467,1.2548778,1.3021531,1.2702715,1.3411036,1.2984029
Tajikistan,TJK,Control of Corruption - Governance estimate (approx. -2.5 to +2.5),GOV_WGI_CC.EST,-1.3765192,-1.2406842,-1.3105533,-1.3323463,-1.2400034,-1.2043521,-1.1861023,-1.2132801,-1.3482752,-1.27219939999999,-1.083847,-1.0874541,-1.1230133
Tajikistan,TJK,Government Effectiveness - Governance estimate (approx. -2.5 to +2.5),GOV_WGI_GE.EST,-1.0335009,-1.06847239999999,-0.9961009,-1.005023,-0.7049542,-0.7357851,-0.780361299999999,-0.6988972,-0.6890098,-0.775782899999999,-0.763975499999999,-0.8282832,-0.7979088
Tajikistan,TJK,Political Stability - Governance estimate (approx. -2.5 to +2.5),GOV_WGI_PV.EST,-0.8701472,-0.9993314,-1.0705181,-1.0538059,-0.6152413,-0.744602299999999,-0.7460947,-0.6533475,-0.672519099999999,-0.4236664,-0.3288928,-0.3984715,-0.4282098
Tajikistan,TJK,Rule of Law - Governance estimate (approx. -2.5 to +2.5),GOV_WGI_RL.EST,-1.21425799999999,-1.2276567,-1.227744,-1.2631732,-1.1408174,-1.09089939999999,-1.1009345,-1.16424859999999,-1.10013499999999,-1.2463947,-1.2395237,-1.2591682,-1.19932209999999
Tajikistan,TJK,Voice and Accountability - Governance estimate (approx. -2.5 to +2.5),GOV_WGI_VA.EST,-1.1665534,-1.0667398,-1.05953529999999,-1.1764275,-1.2113114,-1.26214579999999,-1.3522043,-1.31921279999999,-1.36883969999999,-1.6188156,-1.5091031,-1.53082269999999,-1.56259249999999
Tajikistan,TJK,Regulatory Quality - Governance estimate (approx. -2.5 to +2.5),GOV_WGI_RQ.EST,-0.9974173,-0.993358299999999,-0.952059,-0.9620478,-0.941091399999999,-0.9220853,-0.9547924,-0.7906938,-0.7695478,-0.800882299999999,-0.808196999999999,-0.8413027,-0.8422923
Tanzania,TZA,Control of Corruption - Governance estimate (approx. -2.5 to +2.5),GOV_WGI_CC.EST,-0.493373299999999,-0.5267179,-0.6184419,-0.6530961,-0.6311616,-0.5825641,-0.4354617,-0.3504596,-0.3396123,-0.2829332,-0.2540505,-0.351543,-0.3590925
Tanzania,TZA,Government Effectiveness - Governance estimate (approx. -2.5 to +2.5),GOV_WGI_GE.EST,-0.4529236,-0.492137499999999,-0.601317299999999,-0.572305,-0.4823648,-0.3870031,-0.3515643,-0.357548,-0.4659659,-0.5098718,-0.4883765,-0.486840899999999,-0.427250199999999
Tanzania,TZA,Political Stability - Governance estimate (approx. -2.5 to +2.5),GOV_WGI_PV.EST,-0.05765,-0.159101,-0.1246002,-0.4223495,-0.5068917,-0.476783499999999,-0.537573,-0.683829799999999,-0.664168099999999,-0.5522151,-0.6629379,-0.5751002,-0.4815853
Tanzania,TZA,Rule of Law - Governance estimate (approx. -2.5 to +2.5),GOV_WGI_RL.EST,-0.382002299999999,-0.382105,-0.435475899999999,-0.493487099999999,-0.464479,-0.4023419,-0.438044699999999,-0.486800199999999,-0.5520727,-0.5728339,-0.565190299999999,-0.5650588,-0.5495819
Tanzania,TZA,Voice and Accountability - Governance estimate (approx. -2.5 to +2.5),GOV_WGI_VA.EST,-0.0955584,-0.0643784999999999,-0.1452958,-0.1810193,-0.167283799999999,-0.1943605,-0.280171499999999,-0.3177506,-0.4280458,-0.483773099999999,-0.5969078,-0.709892,-0.685317
Tanzania,TZA,Regulatory Quality - Governance estimate (approx. -2.5 to +2.5),GOV_WGI_RQ.EST,-0.4198204,-0.4341536,-0.484885599999999,-0.435396599999999,-0.422747999999999,-0.434989099999999,-0.4133538,-0.5552419,-0.646506599999999,-0.6926103,-0.7243573,-0.675339199999999,-0.611127699999999
Thailand,THA,Control of Corruption - Governance estimate (approx. -2.5 to +2.5),GOV_WGI_CC.EST,-0.2171947,-0.147218899999999,-0.3712467,-0.2742545,-0.446293599999999,-0.5473428,-0.408719499999999,-0.3709316,-0.3729339,-0.3854632,-0.3820186,-0.3893452,-0.403978499999999
Thailand,THA,Government Effectiveness - Governance estimate (approx. -2.5 to +2.5),GOV_WGI_GE.EST,0.1380751,0.1220647,0.1802694,0.1498463,0.1288639,0.0674039,0.0943555,0.1567658,0.1754361,0.1402125,0.1171649,0.2086191,0.2274924
Thailand,THA,Political Stability - Governance estimate (approx. -2.5 to +2.5),GOV_WGI_PV.EST,-1.2331956,-1.1386768,-1.22129129999999,-1.3578088,-1.1368246,-1.156024,-1.12638439999999,-0.984692599999999,-0.979869,-0.588531399999999,-0.7333386,-0.6963747,-0.5671596
Thailand,THA,Rule of Law - Governance estimate (approx. -2.5 to +2.5),GOV_WGI_RL.EST,-0.257822999999999,-0.127405,-0.115414099999999,-0.223368999999999,-0.397889999999999,-0.3757008,-0.3279698,-0.3190283,-0.2986525,-0.2002532,-0.2036855,-0.2575207,-0.2682159
Thailand,THA,Voice and Accountability - Governance estimate (approx. -2.5 to +2.5),GOV_WGI_VA.EST,-0.5764726,-0.4634779,-0.3357868,-0.4401542,-0.869785599999999,-0.849158299999999,-0.855380799999999,-0.883774,-0.933130199999999,-0.8092395,-0.874035599999999,-0.8289886,-0.7947755
Thailand,THA,Regulatory Quality - Governance estimate (approx. -2.5 to +2.5),GOV_WGI_RQ.EST,0.1736167,0.1832602,0.0807324,0.1317821,0.159735,0.2068741,0.1702952,0.2103023,0.1451222,0.0906488,0.0858661,0.1032065,0.1135856
Timor-Leste,TLS,Control of Corruption - Governance estimate (approx. -2.5 to +2.5),GOV_WGI_CC.EST,-0.72329,-0.8197424,-0.807659599999999,-0.7354721,-0.6498965,-0.646685699999999,-0.6402264,-0.6807561,-0.5893993,-0.438596799999999,-0.424278699999999,-0.3019067,-0.4506594
Timor-Leste,TLS,Government Effectiveness - Governance estimate (approx. -2.5 to +2.5),GOV_WGI_GE.EST,-1.3207151,-1.26983509999999,-1.25753309999999,-1.3311928,-0.988991899999999,-0.989996999999999,-0.9896476,-0.989534199999999,-0.978233199999999,-0.7176481,-0.7196526,-0.731625699999999,-0.7602183
Timor-Leste,TLS,Political Stability - Governance estimate (approx. -2.5 to +2.5),GOV_WGI_PV.EST,-0.591676099999999,-0.5916549,-0.4206058,-0.5293114,-0.3601212,-0.427259699999999,-0.1166,0.0703179999999999,0.2487237,0.2676531,0.2673205,0.2660158,0.4239118
Timor-Leste,TLS,Rule of Law - Governance estimate (approx. -2.5 to +2.5),GOV_WGI_RL.EST,-1.03633739999999,-1.1152537,-1.1072365,-1.1932422,-1.05130719999999,-1.0527445,-1.05221109999999,-1.0513156,-0.9247613,-0.7800298,-0.748894899999999,-0.640091699999999,-0.663390399999999
Timor-Leste,TLS,Voice and Accountability - Governance estimate (approx. -2.5 to +2.5),GOV_WGI_VA.EST,0.0509536,0.0665198999999999,0.0762033,0.0134842,0.0359693,0.0471521,0.0296517,0.1179468,0.1950605,0.2983421,0.2887546,0.3299057,0.3856814
Timor-Leste,TLS,Regulatory Quality - Governance estimate (approx. -2.5 to +2.5),GOV_WGI_RQ.EST,-1.05074999999999,-1.0106925,-1.0402101,-1.01528709999999,-0.912575599999999,-0.962148399999999,-0.947669099999999,-0.9406859,-0.9373986,-0.778942199999999,-0.8651416,-0.86557,-0.8181904
Togo,TGO,Control of Corruption - Governance estimate (approx. -2.5 to +2.5),GOV_WGI_CC.EST,-0.786170199999999,-0.8497363,-0.818918399999999,-0.8443157,-0.791632799999999,-0.6308001,-0.6534352,-0.7306167,-0.7549576,-0.7066703,-0.644805899999999,-0.6519768,-0.630985799999999
Togo,TGO,Government Effectiveness - Governance estimate (approx. -2.5 to +2.5),GOV_WGI_GE.EST,-1.3557662,-1.3539094,-1.2258191,-1.25800769999999,-1.0881788,-1.08847729999999,-0.9579705,-0.9832841,-0.940523999999999,-0.832004499999999,-0.882900199999999,-0.877012599999999,-0.9684392
Togo,TGO,Political Stability - Governance estimate (approx. -2.5 to +2.5),GOV_WGI_PV.EST,-0.3792993,-0.3850113,-0.6511156,-0.5059279,-0.3001357,-0.411126999999999,-0.280199,-0.835878399999999,-0.8728328,-0.8504632,-0.8075061,-0.6682329,-0.760395399999999
Togo,TGO,Rule of Law - Governance estimate (approx. -2.5 to +2.5),GOV_WGI_RL.EST,-0.838355,-0.7898362,-0.9141876,-0.9870469,-0.9065907,-0.8151079,-0.799414499999999,-0.8070668,-0.694814199999999,-0.7029591,-0.6160719,-0.6328001,-0.675356699999999
Togo,TGO,Voice and Accountability - Governance estimate (approx. -2.5 to +2.5),GOV_WGI_VA.EST,-0.8905617,-0.8351675,-0.9668627,-0.9091344,-0.883812399999999,-0.802990099999999,-0.752920599999999,-0.7509005,-0.7700019,-0.7303841,-0.734111899999999,-0.8905537,-0.8529812
Togo,TGO,Regulatory Quality - Governance estimate (approx. -2.5 to +2.5),GOV_WGI_RQ.EST,-0.863848,-1.01272,-0.8808248,-1.0187994,-0.82983,-0.8003889,-0.7851347,-0.7773372,-0.682690199999999,-0.6211637,-0.4899887,-0.4817275,-0.4208338
Tonga,TON,Control of Corruption - Governance estimate (approx. -2.5 to +2.5),GOV_WGI_CC.EST,-0.232594,-0.222012699999999,-0.2248143,-0.224601299999999,-0.5841786,-0.593882599999999,-0.592089299999999,-0.236292099999999,-0.0849916,-0.4390652,-0.2816956,-0.3427691,-0.496913
Tonga,TON,Government Effectiveness - Governance estimate (approx. -2.5 to +2.5),GOV_WGI_GE.EST,-0.2619455,-0.3146581,-0.3144585,-0.3142357,-0.120325999999999,-0.1242041,-0.1236263,0.0778836,0.2057207,0.2067246,0.0702951,0.0719966,-0.2444921
Tonga,TON,Political Stability - Governance estimate (approx. -2.5 to +2.5),GOV_WGI_PV.EST,0.7566171,0.9020811,0.9015228,0.899817,0.93921,0.9379016,0.9346438,0.8010403,0.8562319,1.0102973,1.1156731,1.111896,1.3674794
Tonga,TON,Rule of Law - Governance estimate (approx. -2.5 to +2.5),GOV_WGI_RL.EST,0.2153933,0.0949646,0.0321962,0.0290352,-0.0562157999999999,-0.008633,-0.0084009,0.0785746,0.1556393,0.2370136,0.7544798,0.7498563,0.7917887
Tonga,TON,Voice and Accountability - Governance estimate (approx. -2.5 to +2.5),GOV_WGI_VA.EST,0.4041995,0.4545891,0.3583071,0.3734262,0.3998663,0.3864664,0.3281441,0.3229509,0.6395253,0.679044,0.9677672,0.9152911,0.8562089
Tonga,TON,Regulatory Quality - Governance estimate (approx. -2.5 to +2.5),GOV_WGI_RQ.EST,-0.3384571,-0.4223996,-0.426303899999999,-0.4057956,-0.28746,-0.2710013,-0.2701397,-0.269227899999999,-0.2508922,-0.240202199999999,-0.3641377,-0.295677099999999,-0.2814238
Trinidad and Tobago,TTO,Control of Corruption - Governance estimate (approx. -2.5 to +2.5),GOV_WGI_CC.EST,-0.1175861,-0.0897853,-0.1055709,-0.1579496,-0.4187145,-0.2917364,-0.256357599999999,-0.259017,-0.2775407,-0.2006209,-0.1941792,-0.2305843,-0.2989622
Trinidad and Tobago,TTO,Government Effectiveness - Governance estimate (approx. -2.5 to +2.5),GOV_WGI_GE.EST,0.24572,0.2902226,0.3322107,0.2928125,0.3320818,0.3121512,0.3139235,0.3282247,0.3688655,0.2861217,0.3455076,0.332159,0.1507374
Trinidad and Tobago,TTO,Political Stability - Governance estimate (approx. -2.5 to +2.5),GOV_WGI_PV.EST,0.0412562,0.1409464,0.1326034,0.0741233999999999,0.1740197,0.0718896,0.0441046,0.0748617,0.1156046,0.0986674999999999,0.059501,0.1561926,0.3498483
Trinidad and Tobago,TTO,Rule of Law - Governance estimate (approx. -2.5 to +2.5),GOV_WGI_RL.EST,-0.0729938,-0.1046704,-0.0707812999999999,-0.1457194,0.0193675,0.0080118,-0.0255922,-0.00602609999999999,-0.1219214,-0.137867699999999,-0.1617074,-0.1513775,-0.2477989
Trinidad and Tobago,TTO,Voice and Accountability - Governance estimate (approx. -2.5 to +2.5),GOV_WGI_VA.EST,0.6284581,0.6247641,0.6136294,0.5845337,0.5721733,0.4703636,0.4748117,0.4826796,0.4436728,0.4398828,0.4631339,0.4704869,0.4449205
Trinidad and Tobago,TTO,Regulatory Quality - Governance estimate (approx. -2.5 to +2.5),GOV_WGI_RQ.EST,0.5390951,0.5212438,0.4267825,0.405446,0.1342879,0.0459646,0.0143627,0.0118333,-0.0646447,-0.106198199999999,-0.1286426,-0.0548088,-0.0783239
Tunisia,TUN,Control of Corruption - Governance estimate (approx. -2.5 to +2.5),GOV_WGI_CC.EST,-0.1941292,0.0507,0.0016466,-0.0117731,0.012509,-0.0143711,-0.0577612999999999,-0.0490023999999999,0.00133739999999999,-0.0286669999999999,-0.019263,-0.1415165,-0.1992466
Tunisia,TUN,Government Effectiveness - Governance estimate (approx. -2.5 to +2.5),GOV_WGI_GE.EST,0.351978,0.1431788,0.1317565,-0.0619573,-0.0117935,-0.0139338999999999,-0.0573078,0.0523774,0.1031302,0.0551904,-0.0327607,-0.0145066999999999,-0.1524479
Tunisia,TUN,Political Stability - Governance estimate (approx. -2.5 to +2.5),GOV_WGI_PV.EST,-0.255652,-0.3780941,-0.673659999999999,-0.8919899,-0.6013407,-0.681206,-0.8275855,-0.7432926,-0.5600278,-0.5613583,-0.4326193,-0.6668946,-0.7395623
Tunisia,TUN,Rule of Law - Governance estimate (approx. -2.5 to +2.5),GOV_WGI_RL.EST,-0.217492599999999,-0.4029909,-0.175204,-0.2216627,-0.152277399999999,-0.1094928,-0.1019524,-0.0902866,-0.0574128,-0.0268576999999999,-0.0116452999999999,-0.0151282999999999,-0.236793299999999
Tunisia,TUN,Voice and Accountability - Governance estimate (approx. -2.5 to +2.5),GOV_WGI_VA.EST,-1.3079675,-0.2588911,-0.141958399999999,-0.1185523,0.1393127,0.1947392,0.2143651,0.1035864,0.0853087,0.1076117,0.1060573,-0.0624493999999999,-0.415250199999999
Tunisia,TUN,Regulatory Quality - Governance estimate (approx. -2.5 to +2.5),GOV_WGI_RQ.EST,0.0242836,-0.2172419,-0.1699356,-0.231884899999999,-0.3534173,-0.376347899999999,-0.4256004,-0.120353499999999,-0.1170001,-0.143639,-0.1095893,-0.199470099999999,-0.3336702
Turkiye,TUR,Control of Corruption - Governance estimate (approx. -2.5 to +2.5),GOV_WGI_CC.EST,0.0487911,0.0464784,0.1585192,0.1399698,-0.1089047,-0.1063785,-0.0845918,-0.0665516,-0.2317166,-0.1801871,-0.3242268,-0.3992138,-0.4324578
Turkiye,TUR,Government Effectiveness - Governance estimate (approx. -2.5 to +2.5),GOV_WGI_GE.EST,0.2639953,0.3221463,0.3847742,0.3007252,0.4793163,0.3331512,0.2092276,0.2874577,0.0477841,0.2099076,0.070917,0.0250833,-0.0247938999999999
Turkiye,TUR,Political Stability - Governance estimate (approx. -2.5 to +2.5),GOV_WGI_PV.EST,-0.5486911,-0.6966163,-0.9196869,-1.0321782,-0.7998074,-1.10934889999999,-1.7801696,-1.70623179999999,-1.1241116,-1.1924541,-1.0396051,-0.9721057,-0.935033599999999
Turkiye,TUR,Rule of Law - Governance estimate (approx. -2.5 to +2.5),GOV_WGI_RL.EST,0.0494591,-0.0879284999999999,-0.1061886,-0.1149216,-0.3611001,-0.4773732,-0.5458731,-0.615377,-0.7089454,-0.5970473,-0.709944799999999,-0.775344399999999,-0.7798318
Turkiye,TUR,Voice and Accountability - Governance estimate (approx. -2.5 to +2.5),GOV_WGI_VA.EST,-0.0271714999999999,-0.1932915,-0.1955663,-0.3049498,-0.4843587,-0.5858025,-0.719495,-0.784376499999999,-0.9511579,-0.9058771,-0.9536477,-1.0031695,-1.0955858
Turkiye,TUR,Regulatory Quality - Governance estimate (approx. -2.5 to +2.5),GOV_WGI_RQ.EST,0.3744715,0.3816131,0.4714134,0.4789095,0.368902,0.2171826,0.1543103,0.1437151,0.0517731,-0.0157501,-0.1651388,-0.123133799999999,-0.229146699999999
Turkmenistan,TKM,Control of Corruption - Governance estimate (approx. -2.5 to +2.5),GOV_WGI_CC.EST,-1.49626479999999,-1.49687329999999,-1.4981376,-1.5017629,-1.4626017,-1.4615973,-1.464505,-1.4526795,-1.4516946,-1.362369,-1.3595471,-1.36021099999999,-1.360439
Turkmenistan,TKM,Government Effectiveness - Governance estimate (approx. -2.5 to +2.5),GOV_WGI_GE.EST,-1.71166399999999,-1.71233099999999,-1.3204803,-1.3407027,-0.608652699999999,-0.6117733,-0.7981201,-0.8883327,-0.9218369,-0.8217713,-0.986675099999999,-0.985300899999999,-0.485807899999999
Turkmenistan,TKM,Political Stability - Governance estimate (approx. -2.5 to +2.5),GOV_WGI_PV.EST,0.3024549,0.2327283,0.232102,0.2343309,0.0147681,-0.126391199999999,-0.2753346,-0.2289187,-0.1316848,-0.2189823,-0.1270103,-0.224582999999999,0.2106842
Turkmenistan,TKM,Rule of Law - Governance estimate (approx. -2.5 to +2.5),GOV_WGI_RL.EST,-1.4044219,-1.4017015,-1.4032708,-1.4190144,-1.4532956,-1.4449123,-1.4741195,-1.480283,-1.48326239999999,-1.5949263,-1.53039329999999,-1.5825855,-1.4336464
Turkmenistan,TKM,Voice and Accountability - Governance estimate (approx. -2.5 to +2.5),GOV_WGI_VA.EST,-1.6483742,-1.8089973,-1.8089552,-1.7834116,-1.75135399999999,-1.7648221,-1.77195679999999,-1.74199779999999,-1.7481071,-2.0289129,-1.8950527,-1.88003759999999,-2.0346759
Turkmenistan,TKM,Regulatory Quality - Governance estimate (approx. -2.5 to +2.5),GOV_WGI_RQ.EST,-1.80947409999999,-1.8503884,-1.7992419,-1.79964479999999,-1.7372842,-1.73471859999999,-1.7890027,-1.788368,-1.75874429999999,-1.709228,-1.7106544,-1.7112281,-1.7127572
Tuvalu,TUV,Control of Corruption - Governance estimate (approx. -2.5 to +2.5),GOV_WGI_CC.EST,-0.1017024,-0.1039915,-0.2310738,-0.2308182,-0.0458344,-0.0431632,-0.0410107,-0.0425507,-0.0399314,0.3922741,0.2051999,0.2034342,0.2445984
Tuvalu,TUV,Government Effectiveness - Governance estimate (approx. -2.5 to +2.5),GOV_WGI_GE.EST,-0.3577668,-0.3590559,-0.5803645,-0.5800951,-0.8125506,-0.987115299999999,-0.986417,-0.742839399999999,-0.5690388,-0.5678253,-0.571291099999999,-0.4276442,-0.4080989
Tuvalu,TUV,Political Stability - Governance estimate (approx. -2.5 to +2.5),GOV_WGI_PV.EST,1.5510465,1.5457577,1.5451994,1.5434936,1.549386,1.3290711,1.3245352,1.1385207,1.3290002,1.1436032,1.234863,1.2851524,1.4735212
Tuvalu,TUV,Rule of Law - Governance estimate (approx. -2.5 to +2.5),GOV_WGI_RL.EST,1.1720684,1.1801993,0.820331,0.8158546,0.930851,0.9328446,0.9331732,0.9323691,0.857461,0.8573468,0.9463084,0.9727856,1.0040365
Tuvalu,TUV,Voice and Accountability - Governance estimate (approx. -2.5 to +2.5),GOV_WGI_VA.EST,0.5551601,0.5574126,0.4270843,0.4207626,0.5239317,0.5245866,0.5237708,0.5230615,0.8922213,1.142705,0.8830669,0.9314732,0.9360094
Tuvalu,TUV,Regulatory Quality - Governance estimate (approx. -2.5 to +2.5),GOV_WGI_RQ.EST,-0.8745005,-0.8735542,-1.06002859999999,-1.08244569999999,-0.7135284,-0.6156739,-0.5928768,-0.6975517,-0.5911484,-0.5897831,-0.6850119,-0.5930428,-0.573895199999999
Uganda,UGA,Control of Corruption - Governance estimate (approx. -2.5 to +2.5),GOV_WGI_CC.EST,-0.7605074,-0.7939237,-0.8567334,-0.9342784,-0.988474499999999,-1.0129557,-0.9946961,-1.0168329,-1.0296281,-1.1024791,-0.936142199999999,-0.9322359,-0.9890036
Uganda,UGA,Government Effectiveness - Governance estimate (approx. -2.5 to +2.5),GOV_WGI_GE.EST,-0.4480976,-0.477396999999999,-0.5124134,-0.4771163,-0.3073649,-0.3049149,-0.378526,-0.364528099999999,-0.4963721,-0.5169667,-0.5765401,-0.5687509,-0.5149724
Uganda,UGA,Political Stability - Governance estimate (approx. -2.5 to +2.5),GOV_WGI_PV.EST,-0.7511675,-0.8769625,-0.860416499999999,-0.8925868,-0.9764218,-0.7914315,-0.8144743,-0.6855171,-0.7395762,-0.7746479,-0.842814499999999,-0.9440307,-1.0920608
Uganda,UGA,Rule of Law - Governance estimate (approx. -2.5 to +2.5),GOV_WGI_RL.EST,-0.349823699999999,-0.4625994,-0.4996961,-0.5574549,-0.5832969,-0.610189,-0.6395096,-0.6572323,-0.693584099999999,-0.728266,-0.690221499999999,-0.7277087,-0.729024799999999
Uganda,UGA,Voice and Accountability - Governance estimate (approx. -2.5 to +2.5),GOV_WGI_VA.EST,-0.570819899999999,-0.6316759,-0.6295199,-0.687385,-0.656610599999999,-0.6660292,-0.8428062,-0.8194545,-0.856554599999999,-0.8769482,-0.8633436,-0.9574486,-0.9718922
Uganda,UGA,Regulatory Quality - Governance estimate (approx. -2.5 to +2.5),GOV_WGI_RQ.EST,-0.289138699999999,-0.3369277,-0.424255799999999,-0.438637599999999,-0.407845399999999,-0.3835765,-0.394003899999999,-0.3744284,-0.4010959,-0.4755833,-0.4951406,-0.4789234,-0.4763192
Ukraine,UKR,Control of Corruption - Governance estimate (approx. -2.5 to +2.5),GOV_WGI_CC.EST,-1.1211122,-1.12750519999999,-1.2152257,-1.209471,-1.0708377,-1.0636259,-1.0150766,-0.953207199999999,-0.9896988,-0.782195,-0.830952599999999,-0.8040912,-0.683771799999999
Ukraine,UKR,Government Effectiveness - Governance estimate (approx. -2.5 to +2.5),GOV_WGI_GE.EST,-0.8109626,-0.8250636,-0.695914199999999,-0.740147799999999,-0.5207145,-0.5539736,-0.5158451,-0.4837223,-0.363193899999999,-0.372940899999999,-0.3827228,-0.404859099999999,-0.6371971
Ukraine,UKR,Political Stability - Governance estimate (approx. -2.5 to +2.5),GOV_WGI_PV.EST,-0.0505126,-0.1696208,-0.2458009,-0.961241199999999,-1.99283679999999,-1.8064426,-1.6309394,-1.590004,-1.4461552,-1.0320239,-0.9599236,-0.990563099999999,-1.05075649999999
Ukraine,UKR,Rule of Law - Governance estimate (approx. -2.5 to +2.5),GOV_WGI_RL.EST,-0.8087033,-0.7663803,-0.6740033,-0.720552,-0.725548699999999,-0.699935499999999,-0.6452955,-0.5761461,-0.5163067,-0.5855728,-0.5670134,-0.5685603,-0.742306199999999
Ukraine,UKR,Voice and Accountability - Governance estimate (approx. -2.5 to +2.5),GOV_WGI_VA.EST,-0.0569311999999999,-0.2705415,-0.2682283,-0.3473772,-0.1882038,-0.1573009,-0.1297301,-0.1305496,-0.0332900999999999,0.0813478,0.1275231,0.0995611999999999,-0.019284
Ukraine,UKR,Regulatory Quality - Governance estimate (approx. -2.5 to +2.5),GOV_WGI_RQ.EST,-0.5820073,-0.7940784,-0.691518299999999,-0.6663049,-0.622940199999999,-0.6169589,-0.522695,-0.368446699999999,-0.3505756,-0.2900464,-0.349632599999999,-0.3585413,-0.412279199999999
United Arab Emirates,ARE,Control of Corruption - Governance estimate (approx. -2.5 to +2.5),GOV_WGI_CC.EST,0.9100894,1.1319379,1.0894763,1.1513193,0.9856797,0.9199437,1.1064348,1.0762151,1.0948106,1.0878297,1.0614313,1.0349829,1.0223468
United Arab Emirates,ARE,Government Effectiveness - Governance estimate (approx. -2.5 to +2.5),GOV_WGI_GE.EST,0.8322561,0.9928203,1.1560961,1.1923106,1.4160016,1.4040254,1.4113666,1.3782191,1.4114572,1.3982083,1.0036502,1.0744083,1.133184
United Arab Emirates,ARE,Political Stability - Governance estimate (approx. -2.5 to +2.5),GOV_WGI_PV.EST,0.8134966,0.8143482,0.8029803,0.7738837,0.8984847,0.8382509,0.6925969,0.7192871,0.8336611,0.8295526,0.826942,0.839581,0.883216
United Arab Emirates,ARE,Rule of Law - Governance estimate (approx. -2.5 to +2.5),GOV_WGI_RL.EST,0.0791468,0.4251627,0.3671791,0.41415,0.3502594,0.3509975,0.4205051,0.3834887,0.3893195,0.4262682,0.3974987,0.338504,0.409903
United Arab Emirates,ARE,Voice and Accountability - Governance estimate (approx. -2.5 to +2.5),GOV_WGI_VA.EST,-0.584170699999999,-0.4408451,-0.564203799999999,-0.646031199999999,-0.6378608,-0.6721912,-0.651368,-0.6844466,-0.830863999999999,-0.8093064,-0.814912,-0.835888499999999,-0.8265908
United Arab Emirates,ARE,Regulatory Quality - Governance estimate (approx. -2.5 to +2.5),GOV_WGI_RQ.EST,0.740264,0.8903942,0.8455589,0.9903687,1.0740464,1.1787876,1.0781755,1.1113817,1.079234,1.1457173,1.0663206,1.0613347,1.0576162
United Kingdom,GBR,Control of Corruption - Governance estimate (approx. -2.5 to +2.5),GOV_WGI_CC.EST,1.3760491,1.4486391,1.4826832,1.504608,1.5201669,1.6542704,1.7599161,1.8161165,1.8043714,1.7674285,1.7210258,1.6641761,1.6352771
United Kingdom,GBR,Government Effectiveness - Governance estimate (approx. -2.5 to +2.5),GOV_WGI_GE.EST,1.4807208,1.4681563,1.5077865,1.4464475,1.6582915,1.6362652,1.6528388,1.5660677,1.5248207,1.3966716,1.3728014,1.3289695,1.2932604
United Kingdom,GBR,Political Stability - Governance estimate (approx. -2.5 to +2.5),GOV_WGI_PV.EST,0.5937485,0.4317992,0.4684142,0.4599947,0.5436244,0.537112,0.4498582,0.4406625,0.2825929,0.5681497,0.5102213,0.4363658,0.3676912
United Kingdom,GBR,Rule of Law - Governance estimate (approx. -2.5 to +2.5),GOV_WGI_RL.EST,1.6337557,1.4431892,1.4985203,1.5089561,1.5934577,1.6608814,1.6131954,1.6084241,1.4854975,1.4384752,1.3554927,1.3061844,1.2994581
United Kingdom,GBR,Voice and Accountability - Governance estimate (approx. -2.5 to +2.5),GOV_WGI_VA.EST,1.372089,1.4256415,1.4159606,1.4097356,1.3804751,1.4627829,1.468304,1.4237022,1.3755468,1.3077601,1.3173309,1.2930083,1.3180973
United Kingdom,GBR,Regulatory Quality - Governance estimate (approx. -2.5 to +2.5),GOV_WGI_RQ.EST,1.5460857,1.5667449,1.6452124,1.7276964,1.7334142,1.8137278,1.6810285,1.6694233,1.6748823,1.7134917,1.6013639,1.600758,1.6491931
United States,USA,Control of Corruption - Governance estimate (approx. -2.5 to +2.5),GOV_WGI_CC.EST,1.1573891,1.2705574,1.263101,1.180704,1.2391968,1.2367604,1.2420313,1.3058193,1.2504255,1.1719722,1.124297,1.1247591,1.2023562
United States,USA,Government Effectiveness - Governance estimate (approx. -2.5 to +2.5),GOV_WGI_GE.EST,1.4295364,1.4578633,1.5288502,1.5525204,1.6003318,1.5727519,1.5920786,1.5989168,1.6426557,1.5492277,1.4026997,1.4427774,1.4713232
United States,USA,Political Stability - Governance estimate (approx. -2.5 to +2.5),GOV_WGI_PV.EST,0.6163511,0.6245434,0.6207484,0.5795227,0.6681229,0.6658794,0.3279152,0.1101294,0.2904961,0.0546375,-0.146807,-0.126399999999999,-0.1626087
United States,USA,Rule of Law - Governance estimate (approx. -2.5 to +2.5),GOV_WGI_RL.EST,1.5091908,1.3632725,1.3842726,1.3016083,1.3412574,1.3770167,1.3971578,1.3200336,1.1721068,1.1235175,1.0043814,1.0279752,1.0518325
United States,USA,Voice and Accountability - Governance estimate (approx. -2.5 to +2.5),GOV_WGI_VA.EST,1.2938276,1.2317531,1.2638759,1.1662268,1.2001675,1.2887597,1.2417637,1.1236482,1.0530998,1.0249835,0.9561038,0.8877304,0.922751
United States,USA,Regulatory Quality - Governance estimate (approx. -2.5 to +2.5),GOV_WGI_RQ.EST,1.3517357,1.3974735,1.4422743,1.3908667,1.2856555,1.2919442,1.4076516,1.509025,1.484217,1.3675576,1.2778639,1.4642419,1.4588295
Uruguay,URY,Control of Corruption - Governance estimate (approx. -2.5 to +2.5),GOV_WGI_CC.EST,1.3461634,1.3457663,1.3317592,1.3468082,1.288067,1.2570517,1.3854382,1.3464781,1.3627449,1.3889225,1.5144744,1.6220519,1.6139339
Uruguay,URY,Government Effectiveness - Governance estimate (approx. -2.5 to +2.5),GOV_WGI_GE.EST,0.6600282,0.5985767,0.4912679,0.4841046,0.6667986,0.6355429,0.5902569,0.4897994,0.5413347,0.6879853,0.7691696,0.8270962,0.8993588
Uruguay,URY,Political Stability - Governance estimate (approx. -2.5 to +2.5),GOV_WGI_PV.EST,0.8893764,0.9289706,0.8849499,0.9211706,1.1017263,1.0884414,1.1217056,1.1129983,1.1130252,1.1553614,1.1512208,1.1500797,1.3035622
Uruguay,URY,Rule of Law - Governance estimate (approx. -2.5 to +2.5),GOV_WGI_RL.EST,0.8721151,0.8008807,0.715336,0.7012586,0.8017721,0.8604208,0.925682,0.8738129,0.8658485,0.880371,0.8853539,0.9518641,0.9765591
Uruguay,URY,Voice and Accountability - Governance estimate (approx. -2.5 to +2.5),GOV_WGI_VA.EST,1.2316568,1.2041703,1.1088877,1.1539198,1.150545,1.2096941,1.2405464,1.2330619,1.2339937,1.2429696,1.2549779,1.2359324,1.201455
Uruguay,URY,Regulatory Quality - Governance estimate (approx. -2.5 to +2.5),GOV_WGI_RQ.EST,0.5530161,0.5344837,0.673071,0.7567232,0.7213547,0.6538176,0.7356692,0.697186,0.5998986,0.6290701,0.6994509,0.7331802,0.7251419
Uzbekistan,UZB,Control of Corruption - Governance estimate (approx. -2.5 to +2.5),GOV_WGI_CC.EST,-1.3718693,-1.4422773,-1.3688011,-1.2602046,-1.2360262,-1.25906189999999,-1.2283125,-1.24484559999999,-1.2111454,-1.1224344,-0.835694199999999,-0.7419446,-0.699129999999999
Uzbekistan,UZB,Government Effectiveness - Governance estimate (approx. -2.5 to +2.5),GOV_WGI_GE.EST,-1.1490114,-1.1231157,-1.1456714,-1.1087144,-0.6758124,-0.617244599999999,-0.5969381,-0.5185929,-0.5399603,-0.5008385,-0.656687999999999,-0.3035457,-0.3830537
Uzbekistan,UZB,Political Stability - Governance estimate (approx. -2.5 to +2.5),GOV_WGI_PV.EST,-0.650179,-0.611603999999999,-0.561242799999999,-0.5624156,-0.2604881,-0.3053458,-0.2080446,-0.2138791,-0.2119487,-0.2167593,-0.3614058,-0.221247,-0.2325524
Uzbekistan,UZB,Rule of Law - Governance estimate (approx. -2.5 to +2.5),GOV_WGI_RL.EST,-1.3247371,-1.36314689999999,-1.20211579999999,-1.14178319999999,-1.08456739999999,-1.06564789999999,-1.0431822,-0.996347299999999,-0.895606799999999,-0.943947499999999,-0.912569899999999,-0.700166499999999,-0.6719908
Uzbekistan,UZB,Voice and Accountability - Governance estimate (approx. -2.5 to +2.5),GOV_WGI_VA.EST,-1.65467719999999,-1.6342207,-1.68172339999999,-1.57680969999999,-1.5349076,-1.5932902,-1.5770056,-1.46913229999999,-1.2977614,-1.42495709999999,-1.2394383,-1.0392373,-1.04255529999999
Uzbekistan,UZB,Regulatory Quality - Governance estimate (approx. -2.5 to +2.5),GOV_WGI_RQ.EST,-1.5049808,-1.58081579999999,-1.4475479,-1.4471998,-1.46679539999999,-1.4349451,-1.4002382,-1.2927183,-1.1476921,-0.9215511,-1.0224974,-0.6939061,-0.648251799999999
Vanuatu,VUT,Control of Corruption - Governance estimate (approx. -2.5 to +2.5),GOV_WGI_CC.EST,0.4030639,0.4019909,0.4102544,0.4393991,0.4750184,-0.0938241,-0.117948199999999,-0.0663812,-0.1863588,-0.1851487,-0.0267151,-0.0360087,-0.135775999999999
Vanuatu,VUT,Government Effectiveness - Governance estimate (approx. -2.5 to +2.5),GOV_WGI_GE.EST,0.1082686,0.1073108,0.087697,0.0879664,-0.48966,-0.7359427,-0.735364999999999,-0.7351774,-0.4375039,-0.6963905,-0.757826,-0.8022922,-0.802548399999999
Vanuatu,VUT,Political Stability - Governance estimate (approx. -2.5 to +2.5),GOV_WGI_PV.EST,1.34809,1.3432489,1.4555456,1.4539841,1.1753946,0.6849315,0.6867152,0.8525004,1.021257,1.0281545,0.9435444,0.9586235,0.9784231
Vanuatu,VUT,Rule of Law - Governance estimate (approx. -2.5 to +2.5),GOV_WGI_RL.EST,0.3657363,0.3689679,0.3759683,0.3729515,0.450454,0.390377,0.4182131,0.4723015,0.3348435,0.3754777,0.5488283,0.6224841,0.4948511
Vanuatu,VUT,Voice and Accountability - Governance estimate (approx. -2.5 to +2.5),GOV_WGI_VA.EST,0.3414691,0.3094446,0.4216871,0.4232604,0.3552714,0.3453974,0.3885373,0.4095904,0.580569,0.5766691,0.7070652,0.7174918,0.4867778
Vanuatu,VUT,Regulatory Quality - Governance estimate (approx. -2.5 to +2.5),GOV_WGI_RQ.EST,-0.611611,-0.5318767,-0.5548316,-0.3918952,-0.2618719,-0.2892261,-0.346107899999999,-0.3451962,-0.447011,-0.3671642,-0.421942999999999,-0.4321259,-0.4178727
"Venezuela, RB",VEN,Control of Corruption - Governance estimate (approx. -2.5 to +2.5),GOV_WGI_CC.EST,-1.2608652,-1.1254851,-1.2642649,-1.30248719999999,-1.4287488,-1.4246938,-1.4158486,-1.4525617,-1.59491649999999,-1.5948486,-1.57832329999999,-1.58437079999999,-1.603038
"Venezuela, RB",VEN,Government Effectiveness - Governance estimate (approx. -2.5 to +2.5),GOV_WGI_GE.EST,-1.0472523,-1.0964067,-0.9258987,-0.953210399999999,-1.0075778,-1.01995029999999,-1.0747796,-1.19227819999999,-1.59595359999999,-1.59746559999999,-1.562144,-1.5198422,-1.5015522
"Venezuela, RB",VEN,Political Stability - Governance estimate (approx. -2.5 to +2.5),GOV_WGI_PV.EST,-1.3612278,-1.26001909999999,-1.2182009,-1.3240347,-1.1741498,-1.1927697,-1.2150045,-1.38006459999999,-1.4649999,-1.5120562,-1.4257071,-1.2895082,-1.1268117
"Venezuela, RB",VEN,Rule of Law - Governance estimate (approx. -2.5 to +2.5),GOV_WGI_RL.EST,-1.75966349999999,-1.7894853,-1.83206269999999,-1.9898326,-2.09058399999999,-2.3022492,-2.2785297,-2.2148942,-2.3064689,-2.3309796,-2.3520631,-2.3086878,-2.2378914
"Venezuela, RB",VEN,Voice and Accountability - Governance estimate (approx. -2.5 to +2.5),GOV_WGI_VA.EST,-0.8893276,-0.996347299999999,-1.02674699999999,-1.2049828,-1.251376,-1.3294104,-1.3494951,-1.47669759999999,-1.6549242,-1.6869045,-1.6883576,-1.79431149999999,-1.7782262
"Venezuela, RB",VEN,Regulatory Quality - Governance estimate (approx. -2.5 to +2.5),GOV_WGI_RQ.EST,-1.54685569999999,-1.34751019999999,-1.4702376,-1.5140943,-1.7057535,-1.699118,-1.7645909,-1.83044379999999,-2.1462308,-2.1726804,-2.1686654,-2.0857455,-1.92474099999999
Viet Nam,VNM,Control of Corruption - Governance estimate (approx. -2.5 to +2.5),GOV_WGI_CC.EST,-0.4115989,-0.358809799999999,-0.4625662,-0.4169478,-0.361941399999999,-0.3774131,-0.356688499999999,-0.4238211,-0.3951053,-0.3621433,-0.3131812,-0.310677,-0.2459866
Viet Nam,VNM,Government Effectiveness - Governance estimate (approx. -2.5 to +2.5),GOV_WGI_GE.EST,-0.3572817,-0.340800899999999,-0.3349164,-0.321299699999999,0.0813257999999999,0.0996825,0.0543506,0.070354,0.018463,0.0409358,0.0679668,0.0482402,-0.1033176
Viet Nam,VNM,Political Stability - Governance estimate (approx. -2.5 to +2.5),GOV_WGI_PV.EST,0.1198679,0.125534,0.1055642,0.1154209,-0.0126942,0.0681785999999999,0.1824971,0.1500179,-0.0542592999999999,0.0916744999999999,0.1302346,0.1345844,0.1227944
Viet Nam,VNM,Rule of Law - Governance estimate (approx. -2.5 to +2.5),GOV_WGI_RL.EST,-0.639695999999999,-0.5275764,-0.576022599999999,-0.6167336,-0.4910245,-0.372697,-0.2605867,-0.309361,-0.2854719,-0.2953357,-0.3016754,-0.310641599999999,-0.3368491
Viet Nam,VNM,Voice and Accountability - Governance estimate (approx. -2.5 to +2.5),GOV_WGI_VA.EST,-1.2627777,-1.16329249999999,-1.2561585,-1.2124165,-1.1673414,-1.006907,-1.02156389999999,-1.12200529999999,-1.0842098,-1.04117519999999,-1.09107209999999,-1.0661124,-1.0863991
Viet Nam,VNM,Regulatory Quality - Governance estimate (approx. -2.5 to +2.5),GOV_WGI_RQ.EST,-0.542973399999999,-0.4919809,-0.633676999999999,-0.600268599999999,-0.4870771,-0.328967399999999,-0.3117465,-0.2736109,-0.2920712,-0.278044299999999,-0.235853099999999,-0.3447202,-0.347202499999999
Virgin Islands (U.S.),VIR,Control of Corruption - Governance estimate (approx. -2.5 to +2.5),GOV_WGI_CC.EST,0.8638503,0.8614942,0.8565981,0.8569702,0.5405831,0.5444724,0.5476065,0.5453642,0.549178,0.5544325,-0.0682938999999999,-0.0708649,-0.0717478
Virgin Islands (U.S.),VIR,Government Effectiveness - Governance estimate (approx. -2.5 to +2.5),GOV_WGI_GE.EST,1.2694874,1.2681327,1.2684739,1.268855,1.4563681,1.4535264,1.4545142,0.7664249,0.7681859,0.7699023,0.4207953,0.4237045,0.3748592
Virgin Islands (U.S.),VIR,Political Stability - Governance estimate (approx. -2.5 to +2.5),GOV_WGI_PV.EST,0.6479444,0.8218651,0.8211976,0.819158,1.2267455,1.2251811,0.8121773,0.8126545,0.8160116,0.977236,0.9766825,0.5654024,0.9782486
Virgin Islands (U.S.),VIR,Rule of Law - Governance estimate (approx. -2.5 to +2.5),GOV_WGI_RL.EST,0.7788886,0.7934275,0.7878884,0.7755074,-0.0402989,0.8723133,0.6464479,0.6442236,1.0999657,1.099685,0.8753325,0.8667504,0.580531
Virgin Islands (U.S.),VIR,Voice and Accountability - Governance estimate (approx. -2.5 to +2.5),GOV_WGI_VA.EST,0.8341135,0.8393508,0.8349849,0.8285549,0.8354763,0.8372302,0.8350454,0.833146,..,..,..,..,..
Virgin Islands (U.S.),VIR,Regulatory Quality - Governance estimate (approx. -2.5 to +2.5),GOV_WGI_RQ.EST,0.9311505,0.9322238,0.9204959,0.9187576,0.6188909,0.6299601,0.8693433,0.8720819,0.8732079,1.1130552,1.1078572,1.1057664,1.1001942
West Bank and Gaza,PSE,Control of Corruption - Governance estimate (approx. -2.5 to +2.5),GOV_WGI_CC.EST,-0.0181378,-0.4653574,-0.428972199999999,-0.3344603,-0.4330927,-0.4552156,-0.2822615,-0.3074945,-0.303765299999999,-0.318133699999999,-0.5368921,-0.5922462,-0.5708588
West Bank and Gaza,PSE,Government Effectiveness - Governance estimate (approx. -2.5 to +2.5),GOV_WGI_GE.EST,-0.1372251,-0.4514793,-0.4729661,-0.466682799999999,-0.2718704,-0.2500245,-0.3087974,-0.1394848,-0.4655951,-0.4472111,-0.4497852,-0.6289954,-0.7155811
West Bank and Gaza,PSE,Political Stability - Governance estimate (approx. -2.5 to +2.5),GOV_WGI_PV.EST,-1.76941969999999,-1.8788223,-1.9475989,-1.8005748,-1.67333699999999,-1.7310474,-1.69362899999999,-1.3682541,-1.46491939999999,-1.523121,-1.7401966,-1.6333144,-1.5318512
West Bank and Gaza,PSE,Rule of Law - Governance estimate (approx. -2.5 to +2.5),GOV_WGI_RL.EST,-0.5365615,-0.734252,-0.735521099999999,-0.769650699999999,-0.7588315,-0.869190199999999,-0.797525399999999,-0.8102739,-0.878078599999999,-0.851592599999999,-0.884182199999999,-0.8929068,-0.8475185
West Bank and Gaza,PSE,Voice and Accountability - Governance estimate (approx. -2.5 to +2.5),GOV_WGI_VA.EST,-0.69879,-0.8821454,-0.8068358,-0.8841024,-0.799721999999999,-0.864012599999999,-0.887172699999999,-0.909343399999999,-0.8250548,-0.867377299999999,-0.8400719,-0.9995573,-1.0420817
West Bank and Gaza,PSE,Regulatory Quality - Governance estimate (approx. -2.5 to +2.5),GOV_WGI_RQ.EST,0.0225555,-0.0709781999999999,-0.3584232,-0.359219099999999,-0.1441563,-0.1390882,-0.152295899999999,-0.0426241,-0.150526499999999,-0.1491287,-0.1515086,-0.1524659,-0.1550172
"Yemen, Rep.",YEM,Control of Corruption - Governance estimate (approx. -2.5 to +2.5),GOV_WGI_CC.EST,-1.0527598,-1.1246744,-1.2532021,-1.2149396,-1.50166699999999,-1.4855019,-1.6101168,-1.59097469999999,-1.7530313,-1.7416979,-1.59971739999999,-1.5920705,-1.66627979999999
"Yemen, Rep.",YEM,Government Effectiveness - Governance estimate (approx. -2.5 to +2.5),GOV_WGI_GE.EST,-1.0335936,-1.1690203,-1.1932888,-1.1173743,-1.4175217,-1.5567828,-1.647243,-1.7355866,-1.93574269999999,-1.9649799,-2.0039308,-1.9786346,-1.79929299999999
"Yemen, Rep.",YEM,Political Stability - Governance estimate (approx. -2.5 to +2.5),GOV_WGI_PV.EST,-2.41400459999999,-2.4714962,-2.36775559999999,-2.41980069999999,-2.52247629999999,-2.52514609999999,-2.6405037,-2.7305026,-2.7242925,-2.6172209,-2.65635899999999,-2.6676713,-2.61245769999999
"Yemen, Rep.",YEM,Rule of Law - Governance estimate (approx. -2.5 to +2.5),GOV_WGI_RL.EST,-1.1088712,-1.30699989999999,-1.34922229999999,-1.3187001,-1.39261449999999,-1.5231762,-1.5674962,-1.6596129,-1.68525869999999,-1.6661221,-1.82232929999999,-1.8471399,-1.91002569999999
"Yemen, Rep.",YEM,Voice and Accountability - Governance estimate (approx. -2.5 to +2.5),GOV_WGI_VA.EST,-1.2898269,-1.3235491,-1.2540065,-1.2067843,-1.2026847,-1.39805999999999,-1.6857535,-1.6996718,-1.7530252,-1.7135156,-1.6790319,-1.72651,-1.7097586
"Yemen, Rep.",YEM,Regulatory Quality - Governance estimate (approx. -2.5 to +2.5),GOV_WGI_RQ.EST,-0.4133849,-0.698998,-0.837000099999999,-0.8665183,-0.949510699999999,-1.1367041,-1.3065688,-1.28945319999999,-1.4878274,-1.5549794,-1.6085384,-1.6070255,-1.5789729
Zambia,ZMB,Control of Corruption - Governance estimate (approx. -2.5 to +2.5),GOV_WGI_CC.EST,-0.369043,-0.273636999999999,-0.269322599999999,-0.305174,-0.390403499999999,-0.395175899999999,-0.423830999999999,-0.464061199999999,-0.6165275,-0.6455711,-0.6050749,-0.6928953,-0.4180775
Zambia,ZMB,Government Effectiveness - Governance estimate (approx. -2.5 to +2.5),GOV_WGI_GE.EST,-0.7193465,-0.5109032,-0.5002823,-0.531229899999999,-0.4462427,-0.529713,-0.5286172,-0.463275899999999,-0.5019925,-0.6197185,-0.7343493,-0.7266708,-0.5899419
Zambia,ZMB,Political Stability - Governance estimate (approx. -2.5 to +2.5),GOV_WGI_PV.EST,0.3740582,0.3931833,0.4568964,0.3124934,-0.0580544,0.0822748,-0.2072561,-0.211101999999999,-0.2916638,-0.3690652,-0.3679359,-0.158277199999999,0.0456326
Zambia,ZMB,Rule of Law - Governance estimate (approx. -2.5 to +2.5),GOV_WGI_RL.EST,-0.379340499999999,-0.323967599999999,-0.4889225,-0.4100551,-0.4213975,-0.3560318,-0.4033579,-0.4504641,-0.4817744,-0.591155099999999,-0.6567755,-0.6026535,-0.6313823
Zambia,ZMB,Voice and Accountability - Governance estimate (approx. -2.5 to +2.5),GOV_WGI_VA.EST,-0.130017,-0.0852077,-0.200784699999999,-0.1595829,-0.1726245,-0.193544499999999,-0.315554499999999,-0.3690594,-0.4726786,-0.482359,-0.4695453,-0.5563406,-0.386004399999999
Zambia,ZMB,Regulatory Quality - Governance estimate (approx. -2.5 to +2.5),GOV_WGI_RQ.EST,-0.507259,-0.491463899999999,-0.5087396,-0.5262063,-0.441859499999999,-0.3822742,-0.4540807,-0.4527959,-0.437350199999999,-0.5087837,-0.6127925,-0.5122202,-0.45732
Zimbabwe,ZWE,Control of Corruption - Governance estimate (approx. -2.5 to +2.5),GOV_WGI_CC.EST,-1.4687145,-1.4551794,-1.3288997,-1.3977252,-1.4973623,-1.3029239,-1.3004061,-1.2922875,-1.3111277,-1.28338019999999,-1.1729479,-1.1867823,-1.1984753
Zimbabwe,ZWE,Government Effectiveness - Governance estimate (approx. -2.5 to +2.5),GOV_WGI_GE.EST,-1.4654938,-1.3735719,-1.3576116,-1.29749619999999,-1.2009532,-0.9412802,-0.9135411,-0.958432699999999,-1.0473123,-1.1049584,-1.1252829,-1.0994958,-1.09976269999999
Zimbabwe,ZWE,Political Stability - Governance estimate (approx. -2.5 to +2.5),GOV_WGI_PV.EST,-1.4606594,-1.2521569,-1.2758713,-1.0050314,-0.976551899999999,-0.856518799999999,-0.9112005,-0.8348774,-0.824492,-0.984582,-1.0459616,-1.0184197,-0.8261001
Zimbabwe,ZWE,Rule of Law - Governance estimate (approx. -2.5 to +2.5),GOV_WGI_RL.EST,-1.7974643,-1.78434949999999,-1.64500499999999,-1.6961368,-1.6496871,-1.40778009999999,-1.4315883,-1.380811,-1.2942012,-1.28158559999999,-1.24233859999999,-1.263628,-1.3005258
Zimbabwe,ZWE,Voice and Accountability - Governance estimate (approx. -2.5 to +2.5),GOV_WGI_VA.EST,-1.5138998,-1.4703559,-1.5400292,-1.44368299999999,-1.4046383,-1.32811939999999,-1.3946976,-1.3803793,-1.2034485,-1.2476642,-1.1693628,-1.176409,-1.192092
Zimbabwe,ZWE,Regulatory Quality - Governance estimate (approx. -2.5 to +2.5),GOV_WGI_RQ.EST,-1.766916,-1.71958569999999,-1.6789486,-1.6869983,-1.7076045,-1.4073894,-1.4728001,-1.3925184,-1.3672585,-1.3000713,-1.3302143,-1.32535009999999,-1.3307719
,,,,,,,,,,,,,,,,
,,,,,,,,,,,,,,,,
,,,,,,,,,,,,,,,,
Data from database: Worldwide Governance Indicators,,,,,,,,,,,,,,,,
Last Updated: 03/18/2026,,,,,,,,,,,,,,,,
