country_name,industry,year,EMP_em,VA_em,WAGES_em,country,labshare_em,ln_labshare_em,avg_wage_em,AIPI_EM,AIPI_bartik_EM,broadband,gdppc_raw,renew,rd,trade,ln_gdppc,wgi,pair_id_em,HighSkill_EM,AIPI_EM_x_HSk
United Arab Emirates,C,2012,636767,28778488767.86,9134649421.38,ARE,0.3174124081032925,-1.1475533787009053,14345.356184255777,0,0.5330226132276099,12.7380681483205,43958.568112085646,0.1,0.54009,156.6376945014814,10.691002835468536,0.6161811500000002,ARE_C,1,0
United Arab Emirates,C,2013,671066,29431177671.910004,9769094622.2,ARE,0.33193012971152414,-1.1028307848900525,14557.576486068436,0.39560114265991536,0.7567777670190153,13.303809433458,44312.63371626142,0.1,0.60766,157.39808398964087,10.699025100844237,0.6460001833333335,ARE_C,1,0.39560114265991536
United Arab Emirates,C,2014,687232,31352756977.529995,10579169503.07,ARE,0.33742389897806807,-1.0864152786044345,15393.883729322848,0.8303140530563654,0.6349336622424728,13.2545793464851,44257.65147610817,0.1,0.67523,159.51561505776388,10.697783550202358,0.6811018333333334,ARE_C,1,0.8303140530563654
United Arab Emirates,C,2015,707767,31689584751.520004,11388972089.869999,ARE,0.35939164805003393,-1.023342543494702,16091.414391840815,0,1.1215159016870373,14.230538629127,44910.33499552302,0.1,0.86569,164.28618273790346,10.712423225317446,0.6699689833333333,ARE_C,1,0
United Arab Emirates,C,2016,730742,32078420694.359993,11562968005.46,ARE,0.36045939155268303,-1.0203759733934823,15823.598486825718,0,1.4027047487079964,14.3683229738697,45168.49824732428,0.1,0.9318,165.39501917458,10.718155181412865,0.67628515,ARE_C,1,0
United Arab Emirates,C,2017,760533,34261674608.560005,12123349217.139997,ARE,0.3538457870389988,-1.0388940905959412,15940.595894116359,1.585598864237056,1.7513507995733828,29.9082975943997,43293.02038248013,0.2,1.097845,165.47654246981486,10.675746708907212,0.6640241833333334,ARE_C,1,1.585598864237056
United Arab Emirates,C,2018,737126,36141320626.270004,11918584070.800001,ARE,0.32977721522817716,-1.1093379578770166,16168.991557481355,1.9203463665170188,2.0292780326849025,32.3591212887309,43377.78586972253,0.3,1.26389,154.74700501929283,10.677702742730695,0.6629364000000002,ARE_C,1,1.9203463665170188
United Arab Emirates,C,2019,752048,37064624581.579994,12927194793.349998,ARE,0.3487744699773494,-1.0533297834983928,17189.321417449417,1.4044907722797586,2.0711199409946475,32.480344369022,43468.4586811918,0.7,1.31065,163.82215294485297,10.679790866284788,0.6797116166666666,ARE_C,1,1.4044907722797586
United Arab Emirates,C,2020,729988,35966994023.689995,12547070715.54,ARE,0.3488495787909258,-1.053114456019361,17188.050646777756,1.929789093651685,2.2915721745685653,34.345290333178,39878.47442769504,0.9,1.48831,181.29188817063957,10.593591969274236,0.5901551333333334,ARE_C,1,1.929789093651685
United Arab Emirates,C,2021,758502,41525151135.520004,13299322442.790003,ARE,0.3202715000214402,-1.1385862053410645,17533.668260321007,2.2245916979723486,2.4094644604802675,36.5005361093336,40935.8936567784,1,1.49469,182.9093550665972,10.619762552689352,0.5854870666666668,ARE_C,1,2.2245916979723486
United Arab Emirates,C,2022,823534,43696160850.51,13888386959.980003,ARE,0.3178399815831396,-1.1462072254196047,16864.37592130987,2.577503992570742,2.0935200226672483,36.8485872897377,41828.5553298104,1,1.49469,185.74166098281856,10.641334527139154,0.6132792,ARE_C,1,2.577503992570742
Armenia,C,2015,49471,854787822.7900001,189917396.41999996,ARM,0.22218074632850485,-1.5042640557176985,3838.9641693113126,0,1.1215159016870373,9.80149439763493,3512.3935027670905,10.7,0.25002,71.68207434275752,8.164052993685441,-0.240307083333333,ARM_C,0,0
Armenia,C,2016,47888,783124292.3599999,185319863.04000002,ARM,0.23664169895882764,-1.4412081005371895,3869.860153691948,0,1.4027047487079964,10.2497847569184,3533.8850360700676,13.2,0.23305,76.07796745935478,8.170153121527093,-0.2551469666666665,ARM_C,0,0
Armenia,C,2017,49785,1067399986.0100001,195398381.15,ARM,0.18306013088908676,-1.6979405960192764,3924.8444541528575,0,1.768924862241799,10.8172556564183,3815.374742603702,12.6,0.22788,87.20237653983696,8.246794167624104,-0.21188006666666664,ARM_C,0,0
Armenia,C,2018,58680,898893459.6400002,231604128.53000003,ARM,0.2576547042880428,-1.3561349459307959,3946.9006225289713,0,2.0492189713980467,11.9399374219278,4027.833930109786,11.1,0.18876,92.47310702121204,8.30098402411806,-0.007100249999999669,ARM_C,0,0
Armenia,C,2019,67424,978626611.9100001,276003183.45,ARM,0.2820311445560636,-1.265737772454089,4093.54507964523,0.21723685541919807,2.080465831436587,13.2819462446608,4343.458395830194,10.3,0.17854,97.84700486532697,8.376426175164449,-0.004348716666666483,ARM_C,0,0
Armenia,C,2020,70169,936597541.9300001,282600156.8999999,ARM,0.3017306198750637,-1.1982206468332106,4027.421751770724,0,2.3071171970065523,14.8883804721864,4032.090434549551,8.4,0.2092,70.12135713687886,8.302040238703432,-0.030291850000000002,ARM_C,0,0
Armenia,C,2021,71189,947413339.35,300303907.87,ARM,0.3169724294530538,-1.1489404822214713,4218.403234628946,0.280268783605427,2.428035088782987,16.2565945813558,4264.799615051871,9.1,0.20557,79.24890576471122,8.35815047524684,-0.10038971666666667,ARM_C,0,0
Armenia,C,2022,71803,1735367677.4599998,373978445.11,ARM,0.2155038669715111,-1.5347764254159832,5208.395820648163,0.37012145754055314,2.1308175066108257,17.7300708049016,4791.004817121827,9.1,0.20955,103.878629213508,8.474495442334886,-0.12206183333333333,ARM_C,0,0
Armenia,D_E,2015,24013,370565426.17,129250123.89,ARM,0.3487916431542791,-1.0532805460810073,5382.506304501729,0,0.060896008418894386,9.80149439763493,3512.3935027670905,10.7,0.25002,71.68207434275752,8.164052993685441,-0.240307083333333,ARM_D_E,0,0
Armenia,D_E,2016,24283,312644540.5,154218160.13,ARM,0.4932699604584971,-0.7066986676736631,6350.8693378083435,0,0.08895133954321256,10.2497847569184,3533.8850360700676,13.2,0.23305,76.07796745935478,8.170153121527093,-0.2551469666666665,ARM_D_E,0,0
Armenia,D_E,2017,23473,383840296.58,141735400.47,ARM,0.3692561769383156,-0.9962646293738945,6038.231179227198,0,0.13766361307681627,10.8172556564183,3815.374742603702,12.6,0.22788,87.20237653983696,8.246794167624104,-0.21188006666666664,ARM_D_E,0,0
Armenia,D_E,2018,23472,368245222.59000003,136570698.93,ARM,0.37086889537751383,-0.9919066605605086,5818.451726738242,0,0.18660649351758357,11.9399374219278,4027.833930109786,11.1,0.18876,92.47310702121204,8.30098402411806,-0.007100249999999669,ARM_D_E,0,0
Armenia,D_E,2019,23745,368229361.97,140086759.54999998,ARM,0.38043343094789106,-0.9664440685029104,5899.631903558643,0.007334642702169903,0.19278952322947465,13.2819462446608,4343.458395830194,10.3,0.17854,97.84700486532697,8.376426175164449,-0.004348716666666483,ARM_D_E,0,0
Armenia,D_E,2020,23474,344525452.1999999,139471909.45,ARM,0.40482323892005334,-0.9043047542573391,5941.548498338587,0,0.2425042018037979,14.8883804721864,4032.090434549551,8.4,0.2092,70.12135713687886,8.302040238703432,-0.030291850000000002,ARM_D_E,0,0
Armenia,D_E,2022,21697,502669273.08,153408573,ARM,0.3051878863810818,-1.1868276711161467,7070.4969811494675,0.013498016873664434,0.20308334990158103,17.7300708049016,4791.004817121827,9.1,0.20955,103.878629213508,8.474495442334886,-0.12206183333333333,ARM_D_E,0,0
Bulgaria,C,2012,491233,6012941584.03,2354973958.27,BGR,0.3916508958817536,-0.9373844077164984,4794.006018060676,0,0.5330226132276099,18.2006758494654,6693.427732512701,15.6,0.60039,123.9713227141743,8.808881388501156,0.049715916666666686,BGR_C,0,0
Bulgaria,C,2013,489948,6341753078.940001,2586839423.56,BGR,0.40790604606642616,-0.8967184103452682,5279.824437613787,0,0.7627514709264864,19.5682074718498,6792.735499647352,18.2,0.63424,129.6886829864819,8.823609011240142,-0.010758433333333326,BGR_C,0,0
Bulgaria,C,2014,502723,7000485861.129998,2814518210.5900006,BGR,0.4020461245722292,-0.9111884592031235,5598.54673565761,0,0.6528201805502925,20.5011345688189,6941.018539467182,17.1,0.79007,130.2483771152453,8.845203806344111,0.0017120000000000006,BGR_C,0,0
Bulgaria,C,2015,512315,6556906070.47,2605664821.77,BGR,0.397392427734324,-0.9228310035645209,5086.0599860827815,0,1.1215159016870373,22.4944225140811,7268.654454738727,17.9,0.94947,126.73664221294958,8.89132647151867,0.014306666666666818,BGR_C,0,0
Bulgaria,C,2016,514260,7339196392.630001,2867419393,BGR,0.39069936810513123,-0.9398168942627547,5575.816499436083,0,1.4027047487079964,23.8176881048635,7586.504110508195,17.7,0.77009,122.8055143565134,8.934126172783932,0.06424650000000003,BGR_C,0,0
Bulgaria,C,2017,521444,8229524038.52,3289366454.9300003,BGR,0.3997031225054372,-0.9170332011726886,6308.187369938096,0,1.768924862241799,25.3925159519229,7898.706930136523,17.1,0.74037,129.63442904800365,8.97445434532857,0.07990125000000017,BGR_C,0,0
Bulgaria,C,2018,519751,9192888400.07,3775523430.399999,BGR,0.4107004530122709,-0.8898911549954677,7264.100368060858,0,2.0492189713980467,27.103417988838,8194.37434587757,19.6,0.75505,129.16650293063154,9.011203142427876,0.1321784666666667,BGR_C,1,0
Bulgaria,C,2019,505119,9311743572.9,3828899894.54,BGR,0.4111904354500548,-0.888698825203981,7580.193765310749,1.0787860898410706,2.074868849100985,28.8836779290396,8626.134186803722,19.3,0.83576,125.26041834641084,9.062551733173477,0.15764503333333335,BGR_C,1,1.0787860898410706
Bulgaria,C,2020,467080,9085650789.119999,3846176683.43,BGR,0.4233242915340493,-0.8596167470066933,8234.513752312238,0.6278073758708083,2.3048262897029703,30.5042854761098,8440.08304721192,21.1,0.84549,110.4238998462493,9.040747427258646,0.07586201666666684,BGR_C,1,0.6278073758708083
Bulgaria,C,2021,467927,9746183651.81,4416272877.68,BGR,0.4531284280549996,-0.7915796880390573,9437.9526671468,1.1580583452830777,2.423707487833156,32.7688420838347,9161.477379907265,20.4,0.76933,121.2140882638226,9.122762730679062,0.10683360000000001,BGR_C,1,1.1580583452830777
Bulgaria,C,2022,464138,10343301837.41,4441605193.040001,BGR,0.42941850318777847,-0.8453233036698938,9569.578860252772,0,2.132216132565388,34.9667968772891,9597.867964065475,20.4,0.75174,138.84487724123846,9.169296265714427,0.07705133333333335,BGR_C,1,0
Bulgaria,D_E,2012,66877,2382312737.41,570994241.91,BGR,0.23968064013743756,-1.4284479078564587,8537.976313381281,0,0.021136563865870272,18.2006758494654,6693.427732512701,15.6,0.60039,123.9713227141743,8.808881388501156,0.049715916666666686,BGR_D_E,1,0
Bulgaria,D_E,2013,66559,2713143798.3599997,596022995.05,BGR,0.21967983982650494,-1.515584066084624,8954.806938956413,0,0.03412491689453631,19.5682074718498,6792.735499647352,18.2,0.63424,129.6886829864819,8.823609011240142,-0.010758433333333326,BGR_D_E,1,0
Bulgaria,D_E,2014,65225,2183581783.06,606877002.35,BGR,0.27792730597868537,-1.2803956887710888,9304.361860482944,0,0.02755824268901994,20.5011345688189,6941.018539467182,17.1,0.79007,130.2483771152453,8.845203806344111,0.0017120000000000006,BGR_D_E,1,0
Bulgaria,D_E,2015,65188,2197348502.37,520536386.93999994,BGR,0.2368929582078417,-1.4401468930044725,7985.156576977357,0,0.060896008418894386,22.4944225140811,7268.654454738727,17.9,0.94947,126.73664221294958,8.89132647151867,0.014306666666666818,BGR_D_E,1,0
Bulgaria,D_E,2016,66756,2354583428.92,543547356.4200001,BGR,0.23084650547690055,-1.4660022677789728,8142.299664749237,0,0.08895133954321256,23.8176881048635,7586.504110508195,17.7,0.77009,122.8055143565134,8.934126172783932,0.06424650000000003,BGR_D_E,1,0
Bulgaria,D_E,2017,66937,2499050956.4699993,591100746.5200001,BGR,0.23653008954845461,-1.4416798506083213,8830.70269835816,0,0.13766361307681627,25.3925159519229,7898.706930136523,17.1,0.74037,129.63442904800365,8.97445434532857,0.07990125000000017,BGR_D_E,1,0
Bulgaria,D_E,2018,67156,2704820180.31,662723792.3000001,BGR,0.24501584139469307,-1.406432411773848,9868.422662159748,0,0.18660649351758357,27.103417988838,8194.37434587757,19.6,0.75505,129.16650293063154,9.011203142427876,0.1321784666666667,BGR_D_E,1,0
Bulgaria,D_E,2019,66789,2863698861.9,676670920.05,BGR,0.2362926245677396,-1.4426843074315279,10131.472548623276,0.057223887399433127,0.19167059404747586,28.8836779290396,8626.134186803722,19.3,0.83576,125.26041834641084,9.062551733173477,0.15764503333333335,BGR_D_E,1,0.057223887399433127
Bulgaria,D_E,2020,66105,2826957652.4100003,727912463.9499999,BGR,0.25748969508950714,-1.3567755787490057,11011.458497087964,0.026156696289809347,0.24195681774080416,30.5042854761098,8440.08304721192,21.1,0.84549,110.4238998462493,9.040747427258646,0.07586201666666684,BGR_D_E,1,0.026156696289809347
Bulgaria,D_E,2021,66410,2912729039.37,816649525.39,BGR,0.2803726382892913,-1.2716357095770052,12297.086664508357,0.06415200617368022,0.2716479156361239,32.7688420838347,9161.477379907265,20.4,0.76933,121.2140882638226,9.122762730679062,0.10683360000000001,BGR_D_E,1,0.06415200617368022
Bulgaria,D_E,2022,65948,4812000765.45,834303950.8,BGR,0.17337984582011576,-1.7522704508019542,12650.936355916781,0,0.20337519968141432,34.9667968772891,9597.867964065475,20.4,0.75174,138.84487724123846,9.169296265714427,0.07705133333333335,BGR_D_E,1,0
Bosnia and Herzegovina,C,2012,120680,1814850755.79,1057213719.5399998,BIH,0.582534798614775,-0.5403663552154492,8760.471656778256,0,0.5330226132276099,12.789715194055301,4139.917327736571,15.3,0.26533,88.14510886285292,8.328431097474217,-0.3445521166666662,BIH_C,1,0
Bosnia and Herzegovina,C,2013,121869,1907437975.61,1118264616.79,BIH,0.5862652579475767,-0.5339829332105166,9175.956287406969,0,0.7627514709264864,14.2931086481084,4306.731750722136,19.5,0.32132,87.93123802805619,8.367934600951072,-0.3064904833333332,BIH_C,1,0
Bosnia and Herzegovina,C,2014,125976,2067126728.8,1143721109.2499998,BIH,0.5532902716196545,-0.5918725117020943,9078.880971375498,0,0.6528201805502925,15.2154563374569,4412.676178177339,23.6,0.25725,90.55227803956625,8.392236627510174,-0.1813286166666665,BIH_C,1,0
Bosnia and Herzegovina,C,2015,126351,1894438644.5499997,991211683.18,BIH,0.5232218451790768,-0.6477497266926681,7844.905724370998,0,1.1215159016870373,18.0468836372803,4662.258692194478,25.2,0.21603,88.29199258758803,8.44725530758742,-0.31733828333333314,BIH_C,1,0
Bosnia and Herzegovina,C,2016,134410,2089421636.31,1030524602.5799998,BIH,0.49321045818207687,-0.7068193031680288,7667.023306152814,0.280268783605427,1.4006089995964222,19.0747891666088,4876.5347149563295,23,0.21337,88.24403400227379,8.492190147213005,-0.32727256666666615,BIH_C,1,0.280268783605427
Bosnia and Herzegovina,C,2017,143262,2210027224.44,1162302556.33,BIH,0.5259222798146825,-0.642601834167876,8113.125297217684,0,1.768924862241799,20.4261287573476,5099.81602856447,18.5,0.1978,96.64588035668616,8.53695974523128,-0.3732770333333332,BIH_C,1,0
Bosnia and Herzegovina,C,2018,150987,2453466204.5699997,1329201304.1599998,BIH,0.5417646681597389,-0.6129235634181495,8803.415553392013,0,2.0492189713980467,21.1504576321228,5360.252010176329,35.4,0.19199,98.43206941826314,8.586766269783533,-0.44522053333333333,BIH_C,1,0
Bosnia and Herzegovina,C,2019,153915,2394200395.41,1334923867.5000002,BIH,0.5575656365520725,-0.5841750488522438,8673.123915797682,0,2.081262849220823,22.2950124838105,5583.297212764579,36.8,0.19001,94.516125154246,8.62753477920858,-0.4934115166666665,BIH_C,1,0
Bosnia and Herzegovina,C,2020,148423,2467903807.2899995,1350298315.06,BIH,0.5471438194111625,-0.6030435871493868,9097.63523887807,0,2.3071171970065523,23.3507882918721,5490.753666351392,37.7,0.20325,82.52164679940071,8.610820804926988,-0.45446329999999985,BIH_C,1,0
Bosnia and Herzegovina,C,2021,152352,3391836165.31,1534951677.74,BIH,0.45254298938100734,-0.792872516197843,10075.034641750683,0.17740173624731945,2.4283353633753153,24.5890868366952,5995.541975904936,36.6,0.19035,96.73911444087436,8.698771468030062,-0.4972106499999998,BIH_C,1,0.17740173624731945
Bosnia and Herzegovina,C,2022,156408,3556314804.950001,1633092349.08,BIH,0.45920916416255225,-0.7782494773759315,10441.23285944453,0.09262964234322088,2.131913237647864,27.3190356221695,6327.162068491737,36.6,0.18743,110.20528437738682,8.752607084196047,-0.4695432499999995,BIH_C,1,0.09262964234322088
Bosnia and Herzegovina,D_E,2012,30309,853662406.63,466661929.7,BIH,0.5466586393820944,-0.6039307309969589,15396.810508429839,0,0.021136563865870272,12.789715194055301,4139.917327736571,15.3,0.26533,88.14510886285292,8.328431097474217,-0.3445521166666662,BIH_D_E,1,0
Bosnia and Herzegovina,D_E,2013,30207,1000319963.1200001,502284366.93000007,BIH,0.5021237058624463,-0.6889087636275032,16628.078489422984,0,0.03412491689453631,14.2931086481084,4306.731750722136,19.5,0.32132,87.93123802805619,8.367934600951072,-0.3064904833333332,BIH_D_E,1,0
Bosnia and Herzegovina,D_E,2014,29770,884268150.4,498851949.81,BIH,0.5641410352553619,-0.5724509962349894,16756.867645616392,0,0.02755824268901994,15.2154563374569,4412.676178177339,23.6,0.25725,90.55227803956625,8.392236627510174,-0.1813286166666665,BIH_D_E,1,0
Bosnia and Herzegovina,D_E,2015,30450,793537121.22,427434250.90999997,BIH,0.5386443046959843,-0.6186998429903527,14037.249619376025,0,0.060896008418894386,18.0468836372803,4662.258692194478,25.2,0.21603,88.29199258758803,8.44725530758742,-0.31733828333333314,BIH_D_E,1,0
Bosnia and Herzegovina,D_E,2016,30645,828950100.6400001,429408098.5799999,BIH,0.5180144115411418,-0.6577522156016692,14012.338018600096,0.00976664493677772,0.0887150173172796,19.0747891666088,4876.5347149563295,23,0.21337,88.24403400227379,8.492190147213005,-0.32727256666666615,BIH_D_E,1,0.00976664493677772
Bosnia and Herzegovina,D_E,2017,31053,807418785.6899999,443268855.96,BIH,0.5489949748706844,-0.5996659907555096,14274.590408656168,0,0.13766361307681627,20.4261287573476,5099.81602856447,18.5,0.1978,96.64588035668616,8.53695974523128,-0.3732770333333332,BIH_D_E,1,0
Bosnia and Herzegovina,D_E,2018,32113,985714193.55,505900016,BIH,0.5132319482770422,-0.6670273951053395,15753.745087659203,0,0.18660649351758357,21.1504576321228,5360.252010176329,35.4,0.19199,98.43206941826314,8.586766269783533,-0.44522053333333333,BIH_D_E,1,0
Bosnia and Herzegovina,D_E,2019,32333,948536453.85,482720310.27000004,BIH,0.5089106573718849,-0.6754828036300436,14929.648045959239,0,0.19294926810017762,22.2950124838105,5583.297212764579,36.8,0.19001,94.516125154246,8.62753477920858,-0.4934115166666665,BIH_D_E,1,0
Bosnia and Herzegovina,D_E,2020,31503,924621403.3899999,485036089.15,BIH,0.5245780460755942,-0.6451610613087847,15396.504750341237,0,0.2425042018037979,23.3507882918721,5490.753666351392,37.7,0.20325,82.52164679940071,8.610820804926988,-0.45446329999999985,BIH_D_E,1,0
Bosnia and Herzegovina,D_E,2021,31346,1228598840.36,526946190.33,BIH,0.4289001202179191,-0.8465312071657554,16810.635817329163,0.005872011607902405,0.27285785870539636,24.5890868366952,5995.541975904936,36.6,0.19035,96.73911444087436,8.698771468030062,-0.4972106499999998,BIH_D_E,1,0.005872011607902405
Bosnia and Herzegovina,D_E,2022,31301,1086994152.18,500600484.09999996,BIH,0.46053650159573567,-0.7753631612907709,15993.11472796396,0.002940315862799414,0.2033119675193234,27.3190356221695,6327.162068491737,36.6,0.18743,110.20528437738682,8.752607084196047,-0.4695432499999995,BIH_D_E,1,0.002940315862799414
Belarus,C,2014,855251,16619738363.299997,6318543441.47,BLR,0.38018308732360795,-0.9671023335479341,7387.940430902741,0,0.6528201805502925,28.3376939308168,6212.916674186595,6.7,0.50548,110.65142436758238,8.734385738447378,-0.554364116666665,BLR_C,1,0
Belarus,C,2015,789075,11654690038.109999,4022924791.49,BLR,0.3451764721614496,-1.0636994792177707,5098.279366967652,0,1.1215159016870373,30.6040616643757,5967.0559505877745,6.8,0.49999,115.91482620194616,8.694008944147766,-0.564728149999998,BLR_C,0,0
Belarus,C,2016,753450,9617348633.829998,3367512865.9000006,BLR,0.35014981718084265,-1.0493941669974318,4469.457649346341,0.757222243733178,1.3953493808071404,32.2929606538076,5811.201591825471,6.7,0.50063,125.20932289966194,8.667542642890593,-0.5019674499999999,BLR_C,0,0
Belarus,C,2017,742204,11836605528.449999,3947564665.05,BLR,0.33350479202519584,-1.0980980448385482,5318.7057265253225,0,1.768924862241799,33.3125100702522,5964.896688345611,7.3,0.58411,133.36775472301184,8.69364701474173,-0.5178462999999982,BLR_C,0,0
Belarus,C,2018,741035,12761362833.28,4344467630.65,BLR,0.34043915899955324,-1.077518850710251,5862.702342871794,0.4690909491009189,2.047187613745755,33.771187035147904,6165.913200192767,7.2,0.60443,139.39373625017066,8.726791531180739,-0.45199128333333155,BLR_C,0,0
Belarus,C,2019,737208,13938314347.140001,4707945327.039999,BLR,0.33777006385323927,-1.0853898994554578,6386.183176308449,2.0533381690418,2.0587026642168453,34.0723501521236,6267.735087435055,7.8,0.57733,130.8504061021835,8.743170338293513,-0.39363574999999984,BLR_C,0,0
Belarus,C,2020,714366,13186791961.71,4344685447.26,BLR,0.3294725100597251,-1.1102623577772726,6081.876023298982,1.0787860898410706,2.3020191457113715,34.8152229336418,6251.9889896864515,8.4,0.53901,118.93417614653409,8.740654930453196,-0.7425874166666665,BLR_C,0,0
Belarus,C,2021,708791,11588740583.190002,4515254689.94,BLR,0.38962427862865295,-0.9425723923467112,6370.361206533378,1.1831350216780794,2.4235189842616722,35.0097634241001,6457.730537063426,8.2,0.45981,136.01416787747556,8.773033225000713,-0.8203647333333315,BLR_C,0,0
Belarus,D_E,2016,131937,2146199944.4100003,617723590.5600001,BLR,0.28782201405275637,-1.2454129966523477,4681.958742126924,0.03377818704928296,0.08812386084511631,32.2929606538076,5811.201591825471,6.7,0.50063,125.20932289966194,8.667542642890593,-0.5019674499999999,BLR_D_E,0,0
Belarus,D_E,2017,94072,2179738369.2999997,566152368.47,BLR,0.2597340930654049,-1.3480968902797226,6018.2877845692665,0,0.13766361307681627,33.3125100702522,5964.896688345611,7.3,0.58411,133.36775472301184,8.69364701474173,-0.5178462999999982,BLR_D_E,0,0
Belarus,D_E,2018,92678,2354231039.53,615427501.27,BLR,0.2614133833665128,-1.3416522803018918,6640.491824057489,0.017996695667516518,0.18620988054083937,33.771187035147904,6165.913200192767,7.2,0.60443,139.39373625017066,8.726791531180739,-0.45199128333333155,BLR_D_E,0,0
Belarus,D_E,2019,126160,2359709396.24,826567574.17,BLR,0.35028363047037336,-1.0490120799009137,6551.740442057704,0.18741273986038337,0.18846673741322567,34.0723501521236,6267.735087435055,7.8,0.57733,130.8504061021835,8.743170338293513,-0.39363574999999984,BLR_D_E,0,0
Belarus,D_E,2020,88521,2143406126.06,579609153.23,BLR,0.2704149933057414,-1.307797487734638,6547.702276634923,0.057223887399433127,0.24128738558795565,34.8152229336418,6251.9889896864515,8.4,0.53901,118.93417614653409,8.740654930453196,-0.7425874166666665,BLR_D_E,0,0
Brazil,C,2012,7917070,311848707342.13,115151211247.54001,BRA,0.36925345058816395,-0.996272012758078,14544.675144660841,0.8303140530563654,0.512836580041185,9.71151141846763,9167.498184504328,43.5,1.12684,25.114273610332155,9.123419701909391,0.09691435000000001,BRA_C,1,0.8303140530563654
Brazil,C,2013,8116125,310721310205.6401,115581202352.97002,BRA,0.37197706934383296,-0.988923068157745,14240.934233143282,1.022204804961146,0.7406716036028548,10.7622017659472,9366.738246702393,42.3,1.19567,25.785957328145216,9.144920208621224,0.022233350000000186,BRA_C,1,1.022204804961146
Brazil,C,2014,7971160,295898326867.7101,114100323763.53,BRA,0.38560651887207814,-0.9529378106000633,14314.142955796897,0.6783145041327373,0.63943503745856,11.9790772854396,9338.341708409847,41.7,1.26971,24.68540581329201,9.141883968180045,-0.0417266,BRA_C,1,0.6783145041327373
Brazil,C,2015,7352314,200938228154.49002,82006907924.03001,BRA,0.4081199912889624,-0.8961940515193374,11153.890859942872,1.5689006851075458,1.0883827342200125,12.6353840484725,8936.195588944402,43.7,1.28464,26.953625937236943,9.097865228260668,-0.13487949999999982,BRA_C,1,1.5689006851075458
Brazil,C,2016,6984298,202494512522.94,78656058050.36002,BRA,0.38843550410507693,-0.9456281355555964,11261.841641115545,1.5689006851075458,1.3777951284075651,13.217709027651,8577.842779696673,45.4,1.19584,24.53368207707561,9.056937736591848,-0.12976436666666633,BRA_C,1,1.5689006851075458
Brazil,C,2017,6916957,225282840481.06998,87989465715.41002,BRA,0.3905733145388123,-0.9401395820264845,12720.834568641965,1.8928756658169035,1.743298127664682,14.1218273097456,8628.252096457234,45.3,1.1175,24.319734374168437,9.062797225494023,-0.18906936666666632,BRA_C,1,1.8928756658169035
Brazil,C,2018,6926778,221632019869.56995,78723147386.62001,BRA,0.3551975361364682,-1.035081204440916,11365.045535834988,2.3446299998041575,2.016727231820179,15.1537620986579,8722.335299709883,46.9,1.15016,28.876203376152983,9.073642290648193,-0.26861871666666615,BRA_C,1,2.3446299998041575
Brazil,C,2019,6906517,220392789552.77002,74375856990.71,BRA,0.3374695567020886,-1.0862799751022123,10768.938524398045,2.4910155338485778,2.044225552431799,15.8621991239093,8771.439503726033,47.5,1.15115,28.89025786973537,9.079256211432275,-0.22216118333333318,BRA_C,1,2.4910155338485778
Brazil,C,2020,6958198,194355772903.31003,56087635754.28999,BRA,0.2885822989276115,-1.2427749688005507,8060.655324020672,2.9846035143111,2.256671896274459,17.418059685583,8435.010462091848,50,1.21907,32.30207854434918,9.040146235298428,-0.20489081666666614,BRA_C,1,2.9846035143111
Brazil,C,2021,7311037,268769137852.36002,61275519561.87998,BRA,0.2279856982520805,-1.4784723789596739,8381.235050770498,2.5682454488836504,2.4004536909223115,19.8363162401481,8799.228445799441,46.5,1.13371,37.65633075925755,9.082419320008778,-0.22488999999999998,BRA_C,1,2.5682454488836504
Brazil,C,2022,7488878,320688070031.38007,72941319759.81999,BRA,0.22745255148619192,-1.4808136272396741,9739.953002281516,1.7384895221566827,2.1174774120001034,20.9534469027015,9032.08377657776,46.5,1.18873,38.816065976432135,9.108538381315462,-0.2859370499999998,BRA_C,1,1.7384895221566827
Chile,C,2014,369237,16219463260.54,7505569141.609999,CHL,0.46275077177616253,-0.7705666597262202,20327.240069684238,0,0.6528201805502925,13.9369112350151,13285.954036119225,27,0.37668,65.63462812188874,9.494462668646662,1.1236611333333333,CHL_C,1,0
Chile,C,2016,379207.75,16183031551.44,5659330447.880001,CHL,0.3497076817709363,-1.0506576684084723,14924.089626016348,0,1.4027047487079964,15.9005028734256,13505.097711132956,24.6,0.37103,56.05786108777225,9.510822501382545,1.0083828666666665,CHL_C,1,0
Chile,C,2018,NA,28371102327.420002,9843539257.93,CHL,0.34695653148508265,-1.0585557763775955,NA,0.7185228204234315,2.045647925936106,17.2066645597348,13763.006884479451,25.5,0.36916,58.177050633437034,9.52973961119589,1.0121072,CHL_C,NA,NA
Chile,C,2019,NA,24950194208.29,9478550024.82,CHL,0.3798988475075933,-0.9678502524662483,NA,0.757222243733178,2.0775378794006047,17.8649532986793,13630.593543557825,25.3,0.34243,57.61175456808293,9.520072070591878,0.9070391,CHL_C,NA,NA
Chile,C,2020,NA,22839777726.57,8447655417.35,CHL,0.3698659206968841,-0.9946147155130031,NA,1.7669146875429325,2.2943230035326874,19.4305872645094,12679.024004021963,26.7,0.33525,58.18286356297483,9.447704253737133,0.81827375,CHL_C,NA,NA
Chile,C,2021,NA,26910255646.25,9686267593.400002,CHL,0.3599470670487593,-1.021798294318499,NA,1.7669146875429325,2.417465534180733,22.0140443723879,14051.471363067683,24.2,0.36063,64.87740632378343,9.550482392628798,0.79798085,CHL_C,NA,NA
Chile,C,2022,NA,28542632511.7,9846481884.670002,CHL,0.34497455273734123,-1.0642846248528128,NA,0.6364215095342876,2.129436054459933,22.7901897178525,14283.148950152385,24.2,0.39205,75.20161774253033,9.566835726300333,0.7662795,CHL_C,NA,NA
Colombia,C,2012,607275,40972765928.97,4546766006.22,COL,0.11097044349171424,-2.198491387976666,7487.161510386563,0,0.5330226132276099,8.61552491359116,5675.756179783048,29.6,0.22116,38.835151018668974,8.643959081011802,-0.3541133499999996,COL_C,1,0
Colombia,C,2013,620070,41807036993.039986,4711696293.940001,COL,0.11270103391264971,-2.183016683953202,7598.652239166547,0.7944358013684811,0.7477497638721868,9.83199406546913,5910.8059230116605,32,0.25761,37.98664879784566,8.684537467094968,-0.3581469666666647,COL_C,1,0.7944358013684811
Colombia,C,2014,628993,40176557511.21,4686144241.949998,COL,0.11663876977619293,-2.1486735579636855,7450.2327401894745,0.39560114265991536,0.646150004094194,10.7989878070274,6121.839820198248,32.1,0.30317,37.48746564111034,8.719617954543367,-0.29765713333333316,COL_C,1,0.39560114265991536
Colombia,C,2015,708730,31273408377.710003,3853573903.34,COL,0.12322206319176325,-2.093767159567678,5437.29474318852,0,1.1215159016870373,11.7644668057911,6248.514905345122,31.1,0.36542,38.36076411844532,8.740099099350715,-0.24668411666666668,COL_C,0,0
Colombia,C,2016,723459,28919183824.34999,3748160807.8800006,COL,0.1296081117173177,-2.0432399066112588,5180.889045377831,0.6783145041327373,1.3964036463876681,12.4647515240681,6316.070677825417,30.5,0.27051,36.20265298420203,8.750852565595604,-0.23330571666666633,COL_C,0,0
Colombia,C,2017,715158,29690723110.01,4138046779.399999,COL,0.13937170758919268,-1.9706107597252118,5786.199384471682,0.6783145041327373,1.7645602161451086,13.1537299039926,6309.677452925182,32.2,0.26109,35.2829149424588,8.749839837418161,-0.25266554999999985,COL_C,0,0
Colombia,C,2018,707172,31932858165.800007,4339581130.14,COL,0.1358970470982669,-1.99585768655068,6136.528496801345,0.39560114265991536,2.0475723303294098,13.622877883522,6353.546428539201,30.4,0.31233,36.534752796897315,8.75676842867108,-0.2215884666666662,COL_C,0,0
Colombia,C,2019,703671,29362919020.530006,4171584995.0500007,COL,0.14206983277559382,-1.9514365621552683,5928.317345819283,0,2.081262849220823,13.9253307862459,6439.9635981264655,31.5,0.32201,37.558533980838966,8.77027816661759,-0.23188079999999986,COL_C,0,0
Colombia,C,2020,658848,24999575529.12,3669391621.6400003,COL,0.14677815698773847,-1.9188329682341556,5569.405419216572,0.21723685541919807,2.3064813601192746,15.3363074463544,5891.955232154031,32,0.2894,34.05557096801009,8.681343179480681,-0.21337126666666634,COL_C,0,0
Colombia,C,2021,680878,31239556303.020004,3860275711.410001,COL,0.12357011968946623,-2.090946513270034,5669.555649338062,0.4989967836437041,2.4272836692943875,16.4767904492313,6457.169218070858,29.7,0.2894,40.05914639361279,8.772946299201278,-0.26609799999999983,COL_C,0,0
Colombia,C,2022,699024,35054626619.76,3794357903.1499996,COL,0.10824128707196531,-2.2233924042815305,5428.07958403431,0,2.132216132565388,17.007465545983,6856.725905053739,29.7,0.2894,48.28265511233591,8.832985333472989,-0.2297286499999998,COL_C,0,0
Cyprus,C,2012,30346,1252541954.7699997,720819232.7900003,CYP,0.5754851005548649,-0.5525419407211702,23753.352428326645,0,0.5330226132276099,25.5626376173369,24285.49609375,8.6,0.43765,112.3442732972728,10.097634582561726,1.0641090666666666,CYP_C,1,0
Cyprus,C,2013,27326,1121305008.99,636341299.8299999,CYP,0.5675006307188225,-0.5665134182283907,23287.027001024664,0,0.7627514709264864,26.6505813953488,22711.71875,9.7,0.48485,120.92620063938908,10.030636314754542,0.9840634666666667,CYP_C,1,0
Cyprus,C,2014,26114,1124273309.8899999,592168751.53,CYP,0.5267124517862461,-0.6411005116364021,22676.294383472465,0,0.6528201805502925,28.3005343866171,22373.578125,9.5,0.51205,130.8443630793902,10.015635993637796,0.9033991,CYP_C,1,0
Cyprus,C,2015,26578,1009117981.2199999,492155740.19,CYP,0.48770882032544427,-0.7180367308741167,18517.41064752803,0,1.1215159016870373,30.1736513081732,23088.44140625,10.4,0.47529,137.27642647719287,10.047087399258219,0.8804279666666667,CYP_C,1,0
Cyprus,C,2016,28025,1090521473.3700001,538656949.53,CYP,0.4939443767809609,-0.7053323657431921,19220.58695914362,1.132336618805731,1.389001613376014,32.0132199103345,24477.986328125,10.3,0.5197,139.02209845724812,10.10552947540487,0.89589495,CYP_C,1,1.132336618805731
Cyprus,C,2017,30141,1244397349.29,608536318.0999999,CYP,0.4890209051370969,-0.7153500396294449,20189.65256958959,0,1.768924862241799,33.6542226269064,25666.00390625,10.9,0.54259,148.01335555813526,10.152922589999907,0.9238227333333333,CYP_C,1,0
Cyprus,C,2018,32436,1448429508.25,694250997.6299999,CYP,0.47931293423371185,-0.7354015875063168,21403.71801794302,0.7944358013684811,2.0450972736122557,35.2355650415637,26962.40625,12,0.61032,147.62356741005382,10.202198813639907,0.8378151333333334,CYP_C,1,0.7944358013684811
Cyprus,C,2019,33877,1504482377.2199998,704233629.9300001,CYP,0.4680903150432983,-0.7590940208211531,20787.95731410692,0.1499630296517449,2.080731468304468,36.1884973404255,28167.16015625,12,0.70269,150.50616956116215,10.245912044863912,0.9016352833333333,CYP_C,1,0.1499630296517449
Cyprus,C,2020,33525,1506194132.2800002,692633745.51,CYP,0.45985688741299646,-0.7768399522246694,20660.216122595077,0.1499630296517449,2.3066932658598165,36.3127392017496,26895.68359375,15,0.82581,160.66871645996954,10.19972109151577,0.7710480333333333,CYP_C,1,0.1499630296517449
Cyprus,C,2021,34777,1679331846.22,784207812.24,CYP,0.4669760857600418,-0.7614772308470341,22549.610726629668,0,2.428785718869706,36.6502473650247,29517.072265625,15.6,0.77686,176.82773681986995,10.292724095802214,0.7261719833333333,CYP_C,1,0
Cyprus,C,2022,35789,1550652679.3799996,734620228.62,CYP,0.47374904670059614,-0.7470775348290112,20526.425120008942,0.7722652852386217,2.1285753242651007,36.7656727425982,31370.55078125,15.6,0.70468,205.75354374552353,10.35362485860949,0.71438715,CYP_C,1,0.7722652852386217
Cyprus,D_E,2012,1621,182848582.5,48689643.83,CYP,0.2662839556330714,-1.3231920371959656,30036.79446637878,0,0.021136563865870272,25.5626376173369,24285.49609375,8.6,0.43765,112.3442732972728,10.097634582561726,1.0641090666666666,CYP_D_E,1,0
Cyprus,D_E,2013,1635,193672844.61999997,46173359.28,CYP,0.23840905197935955,-1.433767374799695,28240.58671559633,0,0.03412491689453631,26.6505813953488,22711.71875,9.7,0.48485,120.92620063938908,10.030636314754542,0.9840634666666667,CYP_D_E,1,0
Cyprus,D_E,2014,1592,185978201.96,45931598.14,CYP,0.2469730197191546,-1.3984761802266557,28851.506369346735,0,0.02755824268901994,28.3005343866171,22373.578125,9.5,0.51205,130.8443630793902,10.015635993637796,0.9033991,CYP_D_E,1,0
Cyprus,D_E,2016,3749,491063413.4,36366212.42,CYP,0.07405604129252771,-2.6029331576322075,9700.243376900507,0.061848882251300405,0.08741406835723818,32.0132199103345,24477.986328125,10.3,0.5197,139.02209845724812,10.10552947540487,0.89589495,CYP_D_E,1,0.061848882251300405
Cyprus,D_E,2017,3747,490622521.7700001,38792100.36,CYP,0.0790671007520226,-2.5374584104234175,10352.842369895916,0,0.13766361307681627,33.6542226269064,25666.00390625,10.9,0.54259,148.01335555813526,10.152922589999907,0.9238227333333333,CYP_D_E,1,0
Cyprus,D_E,2018,3939,500699715.27,44602272.39,CYP,0.08907988367029215,-2.418221742495348,11323.247623762376,0.03614679677067993,0.18580242795934554,35.2355650415637,26962.40625,12,0.61032,147.62356741005382,10.202198813639907,0.8378151333333334,CYP_D_E,1,0.03614679677067993
Cyprus,D_E,2019,4111,513685579.82,44595399.400000006,CYP,0.08681458298990334,-2.4439806646312725,10847.822768182925,0.004896711410283143,0.19284275304886625,36.1884973404255,28167.16015625,12,0.70269,150.50616956116215,10.245912044863912,0.9016352833333333,CYP_D_E,1,0.004896711410283143
Cyprus,D_E,2020,4123,464165865.23,45790662.769999996,CYP,0.09865150843720519,-2.316161755832593,11106.151532864418,0.004896711410283143,0.24240283670958196,36.3127392017496,26895.68359375,15,0.82581,160.66871645996954,10.19972109151577,0.7710480333333333,CYP_D_E,1,0.004896711410283143
Cyprus,D_E,2021,4275,510618644.26,51488242.379999995,CYP,0.10083502229852558,-2.294269540251609,12044.033305263158,0,0.27297582358953765,36.6502473650247,29517.072265625,15.6,0.77686,176.82773681986995,10.292724095802214,0.7261719833333333,CYP_D_E,1,0
Cyprus,D_E,2022,4397,528541822.86,49703882.79,CYP,0.09403964008192696,-2.36403888260463,11304.04430065954,0.0347257354530142,0.20261614972010888,36.7656727425982,31370.55078125,15.6,0.70468,205.75354374552353,10.35362485860949,0.71438715,CYP_D_E,1,0.0347257354530142
Algeria,C,2012,NA,72784078738.77,3024389919.2899995,DZA,0.0415529051366421,-3.180787841072145,NA,0,0.5330226132276099,3.06737211964693,4518.439789564638,0.2,NA,60.7576393340605,8.415922033938331,-0.8577305833333329,DZA_C,NA,NA
Algeria,C,2013,NA,68373496252.92,3432688576.3,DZA,0.05020495900344429,-2.9916414722341944,NA,0,0.7627514709264864,3.33210366559778,4543.234440067668,0.1,NA,59.15100815724396,8.421394469109343,-0.7725710333333331,DZA_C,NA,NA
Algeria,C,2014,NA,64004554237.79999,3560579593.0699997,DZA,0.05563009750589252,-2.8890309021391007,NA,0,0.6528201805502925,4.08032326259352,4634.1014917995235,0.1,NA,56.92354196698671,8.441197606306117,-0.7839330333333332,DZA_C,NA,NA
Algeria,C,2015,NA,36379133032.87999,3051798885.9299994,DZA,0.08388871948025092,-2.478264126512088,NA,0,1.1215159016870373,5.67060147059702,4685.059027290017,0.1,NA,53.204622590414495,8.452133793801268,-0.7581712166666663,DZA_C,NA,NA
Ecuador,C,2012,196222,11376861701.800001,1478817360,ECU,0.12998464767889614,-2.040338930278014,7536.450347055886,0,0.5330226132276099,5.41801624099982,5579.8562428215755,13.2,0.33308,67.0029290916898,8.626918292108286,-0.6636433333333328,ECU_C,1,0
Ecuador,C,2013,219118,9598001603.800001,1866882945,ECU,0.1945074633307908,-1.6372847447791454,8519.988978541243,0,0.7627514709264864,6.69604876989672,5893.321726830364,11.8,0.37423,63.43330033424136,8.681575078092349,-0.5358339499999997,ECU_C,1,0
Ecuador,C,2014,216784,9008347808,1978392401,ECU,0.2196176749795405,-1.5158670854293015,9126.099716768766,0.39560114265991536,0.646150004094194,8.22960271464069,6055.041727614853,12.2,0.43839,61.426376621756496,8.708646547394471,-0.4952739166666663,ECU_C,1,0.39560114265991536
Ecuador,C,2015,226196,8159977964,2183275140,ECU,0.26755895048149914,-1.318415361293446,9652.138587773436,0,1.1215159016870373,9.14528109625927,5976.159680565097,13.1,0.43839,47.82803970778264,8.695533446764424,-0.5895230166666665,ECU_C,1,0
Ecuador,C,2016,209017,6263674646,2112208725,ECU,0.33721558739467133,-1.0870328279599786,10105.439868527441,0,1.4027047487079964,9.75202935279733,5849.135879336722,14.8,0.43839,40.53449179966469,8.674049216381379,-0.548500533333333,ECU_C,1,0
Ecuador,C,2017,209516,6174634123,2192463943,ECU,0.35507592827779927,-1.0354236299036423,10464.422492792914,0,1.768924862241799,10.6125181754918,6104.272535217513,17,0.43839,43.6177233172817,8.716744220594295,-0.5319221833333329,ECU_C,1,0
Ecuador,C,2018,210550,6065557763,2213834325,ECU,0.3649844600449484,-1.0079005015253153,10514.5301591071,0,2.0492189713980467,11.4584100093686,6063.095617877599,16.3,0.43839,48.00934761548355,8.709975776667743,-0.44188039999999984,ECU_C,1,0
Ecuador,C,2019,204625,5614648179,2194370672,ECU,0.3908295946676448,-0.9394836332579244,10723.86400488699,0,2.081262849220823,12.0672172196331,5971.389383867231,17.7,0.43839,48.082849493330734,8.69473490692573,-0.40907424999999964,ECU_C,1,0
Ecuador,C,2020,201863,4045967141,2114460195,ECU,0.5226093345081865,-0.6489210643862057,10474.72887552449,0,2.3071171970065523,13.5146940353863,5355.689341964435,20.2,0.43839,43.9893109378389,8.585914703255185,-0.4126600166666665,ECU_C,1,0
Ecuador,C,2021,214289,7283996185,2226548788,ECU,0.3056768196261761,-1.1852268801563972,10390.40169117407,0,2.428785718869706,14.0284374555704,5815.094773909489,18.9,0.43839,53.26127561057301,8.66821236299871,-0.33395176666666665,ECU_C,1,0
Ecuador,C,2022,214289,7608574009,2498077343,ECU,0.3283239855517058,-1.1137543972843436,11657.515518762046,0,2.132216132565388,15.1128846850944,6107.494950065426,18.9,0.43839,61.88079281878595,8.717271976290036,-0.33917311666666666,ECU_C,1,0
Ecuador,D_E,2016,32139,1532240383,446170303,ECU,0.2911881894970262,-1.2337855215280324,13882.51977348393,0,0.08895133954321256,9.75202935279733,5849.135879336722,14.8,0.43839,40.53449179966469,8.674049216381379,-0.548500533333333,ECU_D_E,1,0
Ecuador,D_E,2017,30645,1899992221,415673883,ECU,0.21877662361229214,-1.519704053208317,13564.166519823788,0,0.13766361307681627,10.6125181754918,6104.272535217513,17,0.43839,43.6177233172817,8.716744220594295,-0.5319221833333329,ECU_D_E,1,0
Ecuador,D_E,2018,32018,2154230664,429331373,ECU,0.1992968441934684,-1.6129598863419987,13409.062808420264,0,0.18660649351758357,11.4584100093686,6063.095617877599,16.3,0.43839,48.00934761548355,8.709975776667743,-0.44188039999999984,ECU_D_E,1,0
Ecuador,D_E,2019,30492,3062475282,431322114,ECU,0.1408410107128499,-1.960123608401453,14145.418929555293,0,0.19294926810017762,12.0672172196331,5971.389383867231,17.7,0.43839,48.082849493330734,8.69473490692573,-0.40907424999999964,ECU_D_E,1,0
Ecuador,D_E,2020,30193,2494934705,434864211,ECU,0.17429883440576854,-1.7469840137661377,14402.815586394197,0,0.2425042018037979,13.5146940353863,5355.689341964435,20.2,0.43839,43.9893109378389,8.585914703255185,-0.4126600166666665,ECU_D_E,1,0
Ecuador,D_E,2021,28344,2890978216,450359153,ECU,0.15578088776577623,-1.8593048246634851,15889.047170476997,0,0.27297582358953765,14.0284374555704,5815.094773909489,18.9,0.43839,53.26127561057301,8.66821236299871,-0.33395176666666665,ECU_D_E,1,0
Ecuador,D_E,2022,31349,2215901641,486100287,ECU,0.2193690721672244,-1.5169997065870389,15506.085903856583,0,0.20337519968141432,15.1128846850944,6107.494950065426,18.9,0.43839,61.88079281878595,8.717271976290036,-0.33917311666666666,ECU_D_E,1,0
Egypt,C,2012,984687,27987343747.379997,5527625230.789999,EGY,0.19750446061203866,-1.6219941095185952,5613.586074346466,0,0.5330226132276099,2.45679305227732,3220.991942030666,5.3,0.50899,40.71176927210844,8.077444647630045,-0.7451171499999983,EGY_C,0,0
Egypt,C,2013,1002486,28672375178.76,6025121519.000001,EGY,0.21013681222556363,-1.5599964736016616,6010.180210995466,0,0.7627514709264864,2.80726241263661,3216.378390262898,5.3,0.63895,40.37303805633197,8.076011282041456,-0.959503883333333,EGY_C,0,0
Egypt,C,2014,984725,32235194682.270012,6317219982.08,EGY,0.19597275724084876,-1.629779623081274,6415.212350737515,0,0.6528201805502925,3.14561708192958,3235.662462352572,5.4,0.63649,36.92018779342723,8.081988965677631,-0.9196378833333329,EGY_C,0,0
Egypt,C,2015,932372,26006095621.789993,6340274633.869999,EGY,0.24379955861415845,-1.4114088723789409,6800.155553652404,0,1.1215159016870373,3.84187963570353,3306.9815941414076,5.3,0.71858,34.84594296002291,8.103791147239484,-0.9091207333333317,EGY_C,0,0
Egypt,C,2016,922512,15043193583.979996,5204681588.31,EGY,0.3459824909687157,-1.0613671093415051,5641.857871019564,0.280268783605427,1.4006089995964222,4.39685382563749,3381.2224630620676,5.1,0.70848,30.246549051450504,8.125992598550411,-0.8968763833333331,EGY_C,0,0
Egypt,C,2017,1873748,30206503794.230003,4770205432.899999,EGY,0.15791981307718225,-1.8456678869527936,2545.809486067496,0.8303140530563654,1.763101236478707,5.04732016956055,3452.909612455395,4.9,0.64486,42.832134358160786,8.146972520521286,-0.8498316666666647,EGY_C,0,0
Egypt,C,2018,3913505,73178212265.36,11139003303.259996,EGY,0.15221748329772755,-1.8824449696015526,2846.2984724077255,0.06700191601200556,2.0489839969321832,6.26825297386708,3568.639662861614,5,0.68839,45.911019673395906,8.179939755339424,-0.8586157499999978,EGY_C,0,0
Egypt,C,2019,3913505,99162532463.07,11801015731.009998,EGY,0.11900680063213309,-2.1285746393343166,3015.459474565638,0,2.081262849220823,7.04130696004296,3701.244634518797,6.2,0.79617,41.12401715511079,8.216424429774438,-0.8318691666666644,EGY_C,0,0
Egypt,C,2020,5177910,46895852022.18,14913275144.590004,EGY,0.31800840589348023,-1.145677462924026,2880.172723085184,1.7245737968996508,2.2949666158366657,8.5396308016812,3770.869478674215,6.7,0.91564,32.12625556675226,8.235060884798896,-0.859276783333333,EGY_C,0,0
Egypt,C,2021,4559786.160000002,58891534353.04999,14169939776.13,EGY,0.2406108098862284,-1.4245745475803877,3107.5886629144015,0.5926427890336514,2.426907973325115,9.76582299335252,3837.3199232444736,6.1,0.91175,29.856973480812233,8.252529465255515,-0.8543066333333315,EGY_C,0,0
Egypt,D_E,2016,10,26432.86,7780.24,EGY,0.2943396968772959,-1.2230207470853365,778.024,0.00976664493677772,0.0887150173172796,4.39685382563749,3381.2224630620676,5.1,0.70848,30.246549051450504,8.125992598550411,-0.8968763833333331,EGY_D_E,0,0
Egypt,D_E,2017,3438,19121766,3975564,EGY,0.2079077842496347,-1.5706606425409293,1156.3595113438046,0.03850980943469853,0.13676290111114733,5.04732016956055,3452.909612455395,4.9,0.64486,42.832134358160786,8.146972520521286,-0.8498316666666647,EGY_D_E,0,0
Egypt,D_E,2019,49211,280766344.3,115088730.97,EGY,0.4099092833114898,-0.891819403981315,2338.6789736034625,0,0.19294926810017762,7.04130696004296,3701.244634518797,6.2,0.79617,41.12401715511079,8.216424429774438,-0.8318691666666644,EGY_D_E,0,0
Egypt,D_E,2020,10919,40432007.44,14693854.81,EGY,0.36342135205147263,-1.0121923684129857,1345.7143337301952,0.13091468971888212,0.2396118419975035,8.5396308016812,3770.869478674215,6.7,0.91564,32.12625556675226,8.235060884798896,-0.859276783333333,EGY_D_E,0,0
Georgia,C,2012,81093,985625868.2700002,370404988.20000005,GEO,0.37580688588271927,-0.9786798689063535,4567.656742258889,0,0.5330226132276099,12.0611334421058,3609.780798625996,28.7,0.0771,89.73488009463382,8.19140232888114,0.24675556666666668,GEO_C,0,0
Georgia,C,2013,80035,1007906213.3400002,398320798.37000006,GEO,0.39519629217290403,-0.92837269530602,4976.832615355783,0,0.7627514709264864,13.5708594493486,3806.5060064905138,32.4,0.0771,93.81391378955315,8.244466988701285,0.2972041166666668,GEO_C,0,0
Georgia,C,2014,82103,1039403239.69,401014857.28,GEO,0.385812591270739,-0.9524035422604455,4884.289944094612,0,0.6528201805502925,15.8407410024372,3960.3508009190073,30.7,0.16991,94.95069793833932,8.28408788641567,0.4536033666666667,GEO_C,0,0
Georgia,C,2015,82505,901194002.49,338307447.71,GEO,0.3753991335664198,-0.9797654628600432,4100.447823889461,0,1.1215159016870373,16.7646515047976,4086.622346596499,27.5,0.29397,97.01631150862568,8.315474075721646,0.427185,GEO_C,0,0
Georgia,C,2016,85724,872251275.5,339586010.18,GEO,0.38932131109276896,-0.9433502837813873,3961.3878281461434,0,1.4027047487079964,17.9595929069632,4225.091549048057,27.2,0.28025,94.92625283834433,8.348796207970258,0.4885016833333333,GEO_C,0,0
Georgia,C,2017,86613,1032056446.9699999,358966217.72999984,GEO,0.34781645789228266,-1.056080358192198,4144.484289079005,0,1.768924862241799,20.4644306577176,4442.50744127374,27.5,0.26645,102.58427769714562,8.398974235046817,0.45531221666666666,GEO_C,0,0
Georgia,C,2018,88994,1111271329.5000002,386718182.4500001,GEO,0.34799618435580276,-1.055563763762593,4345.441068499001,0,2.0492189713980467,22.5911406351247,4713.653548453031,27.4,0.27573,109.84774055626568,8.45821858661897,0.4177751,GEO_C,0,0
Georgia,C,2019,87035,1054684446.6899998,384894744.6100001,GEO,0.3649382958267242,-1.0080269922201577,4422.298438674097,0,2.081262849220823,24.6806060596483,4975.811481948139,24.7,0.28197,117.81008023971364,8.51234374824076,0.41112051666666666,GEO_C,0,0
Georgia,C,2020,85603,996182748.4100003,366970138.79,GEO,0.36837632389811836,-0.9986502440437506,4286.884090394028,0,2.3071171970065523,25.5120429077493,4659.609253182341,23.4,0.29765,92.89108417521943,8.446686872355555,0.35956051666666666,GEO_C,0,0
Georgia,C,2021,89078,1324320189.1799998,415852919.61,GEO,0.3140123687667181,-1.1583229028728785,4668.413296324569,0.1499630296517449,2.428410361617476,26.6463786914494,5175.198651858251,25.2,0.24875,101.60090754890984,8.551633004229327,0.3451324333333333,GEO_C,0,0
Georgia,C,2022,90437,1802932720.6799996,548930354.59,GEO,0.3044652461479338,-1.1891983325071214,6069.754133706338,0,2.132216132565388,28.3337075311796,5736.304495785975,25.2,0.2347,114.69543768871809,8.654570465909892,0.3212691333333335,GEO_C,0,0
Georgia,D_E,2015,28040,340419381.48,150654683.17000002,GEO,0.4425561274302801,-0.8151879809275243,5372.848900499287,0,0.060896008418894386,16.7646515047976,4086.622346596499,27.5,0.29397,97.01631150862568,8.315474075721646,0.427185,GEO_D_E,0,0
Georgia,D_E,2016,27796,438031456.97,154281549.4,GEO,0.3522156843876317,-1.043511551294794,5550.494653907037,0,0.08895133954321256,17.9595929069632,4225.091549048057,27.2,0.28025,94.92625283834433,8.348796207970258,0.4885016833333333,GEO_D_E,0,0
Georgia,D_E,2017,29654,427611890.93,163064814.22,GEO,0.3813383530223056,-0.9640682322771097,5498.914622647872,0,0.13766361307681627,20.4644306577176,4442.50744127374,27.5,0.26645,102.58427769714562,8.398974235046817,0.45531221666666666,GEO_D_E,0,0
Georgia,D_E,2018,29276,487203993.83000004,169850097.34,GEO,0.34862213670453973,-1.0537666461781732,5801.683882360979,0,0.18660649351758357,22.5911406351247,4713.653548453031,27.4,0.27573,109.84774055626568,8.45821858661897,0.4177751,GEO_D_E,0,0
Georgia,D_E,2019,29609,436734447.65999997,162565801.26000002,GEO,0.37223031554075703,-0.9882424884918004,5490.418496403121,0,0.19294926810017762,24.6806060596483,4975.811481948139,24.7,0.28197,117.81008023971364,8.51234374824076,0.41112051666666666,GEO_D_E,0,0
Georgia,D_E,2020,30352,365965190.93,146189937.21,GEO,0.39946404967778065,-0.9176315061159088,4816.484488995783,0,0.2425042018037979,25.5120429077493,4659.609253182341,23.4,0.29765,92.89108417521943,8.446686872355555,0.35956051666666666,GEO_D_E,0,0
Georgia,D_E,2021,30476,646906807.21,155039828.56,GEO,0.23966331291003204,-1.428520203448394,5087.276170101063,0.004896711410283143,0.27287750081832834,26.6463786914494,5175.198651858251,25.2,0.24875,101.60090754890984,8.551633004229327,0.3451324333333333,GEO_D_E,0,0
Georgia,D_E,2022,29828,812346341.12,188400521.21999997,GEO,0.23192142523870787,-1.4613566489982275,6316.2304284564825,0,0.20337519968141432,28.3337075311796,5736.304495785975,25.2,0.2347,114.69543768871809,8.654570465909892,0.3212691333333335,GEO_D_E,0,0
Indonesia,C,2012,4928839,117900731725.18,16154338267.59,IDN,0.1370164377371708,-1.987654376868456,3277.513886655661,0,0.5330226132276099,1.18045801810675,2930.5184453229954,30.1,0.0847,49.5828982992627,7.98293463015465,-0.3602454333333328,IDN_C,0,0
Indonesia,C,2013,5004912,136362979074.03998,11366761502.46,IDN,0.08335665280741832,-2.4846268552451245,2271.1211510731855,0,0.7627514709264864,1.27096683417948,3055.2424600646877,30.6,0.0847,48.637372675289285,8.024614233453086,-0.3310805833333332,IDN_C,0,0
Indonesia,C,2014,5180531,137773400237.56,13334137565.310001,IDN,0.09678310575421821,-2.3352828272637294,2573.893982163219,0,0.6528201805502925,1.31336301010966,3170.7210301142886,29.3,0.13825,48.08017558552271,8.061714295302249,-0.18619833333333316,IDN_C,0,0
Indonesia,C,2015,5247301,141439862543.93,13570577946.759998,IDN,0.09594592148691529,-2.3439705640820407,2586.201543757448,0.21723685541919807,1.1194335222756875,1.52139473860752,3288.222697255384,26.6,0.1918,41.93764024152938,8.098102484191292,-0.25985423333333335,IDN_C,0,0
Indonesia,C,2016,6390923,165732177799.16,17960645517.5,IDN,0.10837150489427184,-2.222190094512002,2810.336709971314,0,1.4027047487079964,1.9753784545485,3416.810051709715,27.8,0.24535,37.421341802331824,8.136462661371946,-0.16800221666666634,IDN_C,0,0
Indonesia,C,2017,6614954,215784078575.74002,23002159436.710007,IDN,0.10659803813392224,-2.2386901714167258,3477.296960297835,0,1.768924862241799,2.32504234259027,3553.519992623214,25.2,0.23805,39.355497070460586,8.175693938429037,-0.15934898333333333,IDN_C,0,0
Indonesia,C,2018,6123185,216249499637.88,21636672989.13,IDN,0.10005421064724604,-2.302043133408216,3533.565128136746,0,2.0492189713980467,3.28729591276809,3701.3215546191177,22,0.22632,43.07430895520015,8.21644521178391,-0.10865413333333318,IDN_C,0,0
Indonesia,C,2019,6241121,222363779451.76,22038455618.25,IDN,0.09910991651871551,-2.3115257768732733,3531.169419444039,0,2.081262849220823,3.77422560918071,3850.903217389789,19.8,0.27129,37.62777753571081,8.25606300168653,-0.1105058166666665,IDN_C,0,0
Indonesia,C,2020,5878165,194824365363.03,19412352703.78,IDN,0.09964027172683247,-2.306188861506042,3302.451139731532,0.12988032781137912,2.30675380214305,3.92993769121646,3739.4490656316098,21.9,0.28068,32.97217540024274,8.226693570902942,-0.08164486666666651,IDN_C,0,0
Indonesia,C,2021,5973677,215270198459.91,23262617116.330006,IDN,0.108062413110388,-2.2250463196070784,3894.187301444321,0.5926427890336514,2.426907973325115,4.4874632789818,3850.688772539029,20.2,0.28068,40.20475827496714,8.256007313238973,-0.11605978333333317,IDN_C,0,0
Indonesia,C,2022,6231069,224554635886.82,24417024196.57,IDN,0.10873533783945866,-2.2188384425677268,3918.5931333082654,0,2.132216132565388,4.82151507878823,4024.912252883909,20.2,0.28068,45.46467019594532,8.300258389089292,-0.12032726666666667,IDN_C,0,0
India,C,2012,12307025,176580710617.63,40910253360.45,IND,0.23168019438452456,-1.4623973307635363,3324.1383161608915,2.875023456141523,0.2342192772773702,1.17169600055105,1333.0962655766764,34.8,0.74399,55.793721728751144,7.195259534807986,-0.32992161666666503,IND_C,0,0
India,C,2013,12868220,169430431604.29,42658716249.03,IND,0.2517771798437057,-1.3792107895817018,3315.0440580771856,3.313959912878411,0.3694668124219623,1.15197793176359,1399.4537980287023,34.9,0.70642,53.844131946677734,7.243837295212063,-0.314404866666665,IND_C,0,0
India,C,2014,13186522,179085975650.6,46504048729.729996,IND,0.25967443045601873,-1.3483266231660607,3526.634902647567,3.148254308061256,0.28835476458861814,1.20020374567342,1484.3164068291328,33.9,0.70158,48.922185747066905,7.302709613149857,-0.2544588499999995,IND_C,0,0
India,C,2015,13614482,186622902651.22998,48681185717.43,IND,0.2608532234031735,-1.3437973922844564,3575.6913643449675,3.949530153295931,0.547971889779021,1.27578595315943,1583.998159079848,33.4,0.6931,41.92291386586472,7.36770741017663,-0.14673686666666663,IND_C,0,0
India,C,2016,14252204,192724624896.45004,51550099209.299995,IND,0.26748060470735174,-1.3187082210416554,3616.991393703037,4.3776063882839615,0.6914061594317148,1.38795276378032,1694.4653497382467,33,0.66984,40.08248571327602,7.435122542173672,-0.11276856666666665,IND_C,0,0
India,C,2017,14930829,212431810609.98,59281889527,IND,0.2790631466952951,-1.276317190528848,3970.43523350244,4.9031204407608,0.8526581756891045,1.31327377028949,1788.6977031844576,32.5,0.66603,40.74249695452253,7.4892430939286365,-0.07402014999999969,IND_C,0,0
India,C,2018,15573420,210657782023.30002,62461070026.80001,IND,0.2965049257942507,-1.2156914475482872,4010.748443617395,5.134823235247457,1.1996119252743604,1.3217822859385,1883.357727050616,32.9,0.66001,43.61696933238889,7.540811487804751,-0.05283725,IND_C,0,0
India,C,2019,15932720,196854258479.60995,64749247745.77999,IND,0.3289197208425475,-1.1119415675890707,4063.9167540620806,5.175046862520372,1.220280806222876,1.37913181839908,1936.0306774106673,33.5,0.65942,39.90540353064419,7.568395113480952,-0.051818333333333175,IND_C,0,0
India,C,2020,15423803,204266853485.58002,60631843359.72,IND,0.29682663792537556,-1.2146070212938154,3931.056650536836,5.456589579341361,1.3625212374711222,1.63622632751685,1806.5011058387809,36.1,0.64558,37.75810532927675,7.499147162731864,-0.136782133333333,IND_C,0,0
India,C,2021,16517316,262984114725.14996,70454744077.56,IND,0.26790494228593875,-1.3171230543526227,4265.508032755442,5.678564703917821,1.3010836023229502,1.9487996093033,1965.3094343750604,34.9,0.64558,45.423088784044594,7.583404984870203,-0.18534068333333314,IND_C,0,0
India,C,2022,17761473,265189862950.34995,75783766952.33998,IND,0.28577173391627175,-1.25256192000002,4266.750114269238,5.429796958251723,0.8989993553017677,2.35231555917724,2098.2112447615036,34.9,0.64558,50.0752701498882,7.648840472524996,-0.16719159999999997,IND_C,0,0
Iran (Islamic Republic of),C,2015,1775090,48770689922.62999,14473088918.29,IRN,0.2967579286093792,-1.2148385277047868,8153.4394978789815,0.39560114265991536,1.1173467975100748,7.99892645019457,4952.733555321775,0.9,0.39383,39.42258866117996,8.507694936536325,-0.8523371499999998,IRN_C,1,0.39560114265991536
Iran (Islamic Republic of),C,2016,1770864,56749269183.810005,16187653702.210001,IRN,0.28524867253846814,-1.254393943928368,9141.104964700848,0,1.4027047487079964,9.07810254131414,5312.6172495419205,1,0.57683,39.8772417738866,8.57783988349113,-0.8052939166666631,IRN_C,1,0
Iran (Islamic Republic of),C,2017,1760061,65194223853.50001,17628245805.179996,IRN,0.2703958228691085,-1.3078683829019224,10015.70161783029,0,1.768924862241799,10.1144035205672,5395.239839859798,1,0.75983,43.15569313839062,8.593272332655868,-0.8121985166666646,IRN_C,1,0
Iran (Islamic Republic of),C,2018,1716557,76319402055.54001,16286532680.22,IRN,0.21339963681014928,-1.5445886420365074,9487.906711061736,0,2.0492189713980467,11.3875742908004,5127.224953670179,1,0.77406,56.61534961428295,8.542319847097774,-0.9639888166666667,IRN_C,1,0
Iran (Islamic Republic of),C,2019,1785993,110735721065.15,21099033764.25,IRN,0.19053502845605388,-1.6579192249088448,11813.615038944721,0.39560114265991536,2.0796681779082693,9.90926903532027,4952.456690810781,1,0.78829,48.59177121370379,8.507639033619936,-1.07725843333333,IRN_C,1,0.39560114265991536
Iran (Islamic Republic of),C,2020,1866865,215642680872.43,29750260017.860004,IRN,0.1379609078198192,-1.9807849106233233,15935.946101008913,0,2.3071171970065523,10.9026671467968,5132.824307621181,0.9,0.7574700000000001,43.88446749050129,8.543411333963832,-1.1485109999999983,IRN_C,1,0
Iran (Islamic Republic of),C,2021,2071816,381437433272.32996,52390109842.60999,IRN,0.1373491568280497,-1.98522900531627,25287.047615526666,0,2.428785718869706,12.068102546673,5300.622719618949,0.9,0.72665,42.672379536261005,8.575579586906029,-1.1485728999999967,IRN_C,1,0
Jordan,C,2012,200420,5833107042.25,1195753521.14,JOR,0.20499427020265396,-1.5847732504653003,5966.238504839836,0,0.5330226132276099,3.95794086483593,4677.4761397719185,2.9,NA,117.85558768518946,8.450513957070973,-0.0992739333333332,JOR_C,0,0
Jordan,C,2013,179449,6031150704.22,1234180281.7000003,JOR,0.20463429654252271,-1.586530812227437,6877.610249708832,0,0.7627514709264864,4.10898208403129,4556.52023716712,3.1,NA,111.45152799762823,8.424314505310521,-0.13795606666666665,JOR_C,0,0
Jordan,C,2014,182698,6764297183.100001,1311016901.4200003,JOR,0.19381420802969157,-1.6408552693660208,7175.868928067085,0,0.6528201805502925,4.00130350068417,4282.118728492385,3.1,NA,109.93880553502171,8.362203196110489,-0.09830650000000002,JOR_C,0,0
Jordan,C,2015,197889,7457107042.240002,1589742253.5099995,JOR,0.21318485097572973,-1.5455956446759365,8033.50491189505,0,1.1215159016870373,3.24499522197016,4042.756780975546,3.2,NA,95.35791222667908,8.304682109774202,-0.049653866666666636,JOR_C,1,0
Jordan,C,2016,238104,7919574647.89,1890077464.790001,JOR,0.23865896198018302,-1.4327196834166198,7938.033232495048,0,1.4027047487079964,2.97134814263758,3933.14704611068,4.7,0.69547,88.72071789546874,8.27719515950577,-0.045940666666666345,JOR_C,1,0
Jordan,C,2017,252757,8593138028.18,2039211267.5900002,JOR,0.23730693733798883,-1.4384008815050795,8067.872571639955,0,1.768924862241799,3.24328385947311,3940.701991811448,5.3,NA,89.7316005071358,8.27911415693202,-0.04021869999999968,JOR_C,1,0
Jordan,C,2018,239021,8473664788.71,1984328169.01,JOR,0.23417591071738475,-1.4516826908483442,8301.898866668618,0,2.0492189713980467,3.81938742759006,3928.770268212053,7.2,NA,87.63591519068568,8.276081747045222,-0.09454669999999982,JOR_C,1,0
Jordan,C,2019,NA,5869467605.629999,1895773239.4499998,JOR,0.3229889602988135,-1.1301371349850278,NA,0,2.081262849220823,4.28692534434619,3919.064269160728,8.5,NA,85.68783349642038,8.27360819744274,-0.08810173333333335,JOR_C,NA,NA
Jordan,C,2020,NA,5279047887.32,1380353521.1299999,JOR,0.261477741932506,-1.3414061159927102,NA,0.6783145041327373,2.3045714201213197,5.80332966781737,3806.879493549135,10.7,NA,66.05994880890592,8.244565101967432,-0.07367816666666652,JOR_C,NA,NA
Jordan,C,2021,NA,5123666197.18,1634822535.2199998,JOR,0.3190728030096467,-1.1423359796353352,NA,0,2.428785718869706,6.45876564968631,3874.327140846328,11.5,NA,80.3328699444404,8.262127285638176,-0.12182744999999984,JOR_C,NA,NA
Jordan,D_E,2013,NA,2264788.73,124681690.14,JOR,55.05223886379901,4.008282531983827,NA,0,0.03412491689453631,4.10898208403129,4556.52023716712,3.1,NA,111.45152799762823,8.424314505310521,-0.13795606666666665,JOR_D_E,NA,NA
Jordan,D_E,2014,8067,1574647.89,101094366.2,JOR,64.2012521288172,4.162022714069854,12531.841601586711,0,0.02755824268901994,4.00130350068417,4282.118728492385,3.1,NA,109.93880553502171,8.362203196110489,-0.09830650000000002,JOR_D_E,1,0
Jordan,D_E,2015,NA,693507042.25,144542253.52,JOR,0.2084221856652675,-1.5681895176420797,NA,0,0.060896008418894386,3.24499522197016,4042.756780975546,3.2,NA,95.35791222667908,8.304682109774202,-0.049653866666666636,JOR_D_E,NA,NA
Jordan,D_E,2016,9959,1287649295.7800002,184863380.29000002,JOR,0.14356656031720041,-1.9409565163575766,18562.444049603375,0,0.08895133954321256,2.97134814263758,3933.14704611068,4.7,0.69547,88.72071789546874,8.27719515950577,-0.045940666666666345,JOR_D_E,1,0
Jordan,D_E,2017,NA,1001843661.97,123846478.86999999,JOR,0.12361856801736051,-2.09055451856377,NA,0,0.13766361307681627,3.24328385947311,3940.701991811448,5.3,NA,89.7316005071358,8.27911415693202,-0.04021869999999968,JOR_D_E,NA,NA
Jordan,D_E,2018,NA,1352669014.0799997,174584507.04000002,JOR,0.12906668610187794,-2.0474260616651043,NA,0,0.18660649351758357,3.81938742759006,3928.770268212053,7.2,NA,87.63591519068568,8.276081747045222,-0.09454669999999982,JOR_D_E,NA,NA
Jordan,D_E,2019,NA,1226559154.92,162414084.51,JOR,0.13241439180370645,-2.0218189419628185,NA,0,0.19294926810017762,4.28692534434619,3919.064269160728,8.5,NA,85.68783349642038,8.27360819744274,-0.08810173333333335,JOR_D_E,NA,NA
Jordan,D_E,2020,NA,935701408.45,187730985.92000002,JOR,0.20063129565122545,-1.6062864053971806,NA,0.029021209524969224,0.24189597877607824,5.80332966781737,3806.879493549135,10.7,NA,66.05994880890592,8.244565101967432,-0.07367816666666652,JOR_D_E,NA,NA
Jordan,D_E,2021,NA,753805633.81,177435211.26000002,JOR,0.23538589166968651,-1.4465290193858278,NA,0,0.27297582358953765,6.45876564968631,3874.327140846328,11.5,NA,80.3328699444404,8.262127285638176,-0.12182744999999984,JOR_D_E,NA,NA
Kazakhstan,C,2012,375861,23047904046.88,3164335737.5,KAZ,0.1372938611278346,-1.9856316785855475,8418.898841593036,0,0.5330226132276099,9.46082267148947,9531.914776170575,1.3,0.16525,73.72373248916709,9.162400897365673,-0.6320341333333331,KAZ_C,1,0
Kazakhstan,C,2013,375194,25166027990.120003,3301102652.45,KAZ,0.131172970710594,-2.0312384396216947,8798.388706775695,0,0.7627514709264864,11.1572510287072,9959.72586930534,1.2,0.17132,65.40760932995377,9.20630482703776,-0.6635597499999999,KAZ_C,1,0
Kazakhstan,C,2014,367310,22846202823.34,3104541738.080001,KAZ,0.13588874099061912,-1.9959188090082505,8452.10241507174,0,0.6528201805502925,12.0563854922617,10226.710053968292,1.3,0.16722,64.9720346513507,9.23275820936943,-0.4122532666666665,KAZ_C,1,0
Kazakhstan,C,2015,332329,18946663181.549995,2406440284.63,KAZ,0.1270112980618856,-2.063479235363142,7241.138403900954,0,1.1215159016870373,12.7238359694604,10196.122625598213,1.7,0.16951,53.04972880726522,9.229762792257562,-0.36088818333333317,KAZ_C,0,0
Kazakhstan,C,2016,303534,15553825695.589998,1649953238.2599998,KAZ,0.10608021914041468,-2.2435596867434127,5435.810282406583,0,1.4027047487079964,12.7965104881396,10151.423313301964,2.1,0.14179,60.31159658641528,9.225369202550443,-0.4086589166666663,KAZ_C,0,0
Kazakhstan,C,2017,297092,18815954700.809998,1726926136.2800004,KAZ,0.09177988381347767,-2.3883621359404428,5812.765528119237,0,1.768924862241799,13.8114386119057,10404.271864631695,2,0.12667,56.82538793597095,9.24997175700681,-0.3452656333333334,KAZ_C,0,0
Kazakhstan,C,2018,301463,20496090022.56,1846071216.9299998,KAZ,0.09006943348209503,-2.4071744229576257,6123.707443135641,0,2.0492189713980467,13.0002402717791,10670.21201482792,1.9,0.11683,63.52795651181881,9.275211214279075,-0.30587444999999996,KAZ_C,0,0
Kazakhstan,C,2019,308407,20830621622.449997,1915945606.0499997,KAZ,0.09197736105892818,-2.3862128076610603,6212.393382932293,0,2.081262849220823,13.0799490149564,10989.684071838816,1.9,0.11841,64.85861655175647,9.304712300109019,-0.27169154999999967,KAZ_C,0,0
Kazakhstan,C,2020,299528,22364796735.990005,1918039922.6799998,KAZ,0.08576156292954099,-2.4561843573674413,6403.5413139339225,0,2.3071171970065523,13.4502836627046,10565.035981623536,1.8,0.12602,57.026442366093136,9.265305335782505,-0.2943902666666666,KAZ_C,0,0
Kazakhstan,C,2021,298611,26824524155.790005,2199413784.4300003,KAZ,0.08199264865450605,-2.501125686291539,7365.481460595894,0,2.428785718869706,13.946795830528,10873.391527527603,2,0.13023,58.66860857792066,9.294073939503082,-0.2991750333333333,KAZ_C,1,0
Kazakhstan,C,2022,304484,30278771619.379997,2630621887.87,KAZ,0.08688007297450152,-2.4432265828509445,8639.606310577896,0,2.132216132565388,14.4739535470844,11058.348241340698,2,0.11715,68.33431474156123,9.310940918655643,-0.33223228333333316,KAZ_C,1,0
Kazakhstan,D_E,2018,149716,3340555684.9599996,721612408.84,KAZ,0.21601568029201726,-1.5324042799882607,4819.8750223089055,0,0.18660649351758357,13.0002402717791,10670.21201482792,1.9,0.11683,63.52795651181881,9.275211214279075,-0.30587444999999996,KAZ_D_E,0,0
Kazakhstan,D_E,2019,149350,3003336697.6300006,703132335.13,KAZ,0.23411705243866174,-1.451934064597957,4707.950017609642,0,0.19294926810017762,13.0799490149564,10989.684071838816,1.9,0.11841,64.85861655175647,9.304712300109019,-0.27169154999999967,KAZ_D_E,0,0
Kazakhstan,D_E,2020,147283,2656777129.77,728438222.79,KAZ,0.27418115529060644,-1.2939662403622576,4945.840475750765,0,0.2425042018037979,13.4502836627046,10565.035981623536,1.8,0.12602,57.026442366093136,9.265305335782505,-0.2943902666666666,KAZ_D_E,0,0
Kazakhstan,D_E,2021,145672,3592213668.7200003,804387352.0699999,KAZ,0.22392525229620436,-1.4964429779219288,5521.907793330221,0,0.27297582358953765,13.946795830528,10873.391527527603,2,0.13023,58.66860857792066,9.294073939503082,-0.2991750333333333,KAZ_D_E,0,0
Kazakhstan,D_E,2022,145169,4280890189.9299994,930087711.03,KAZ,0.21726502427412386,-1.5266373606150758,6406.930619002679,0,0.20337519968141432,14.4739535470844,11058.348241340698,2,0.11715,68.33431474156123,9.310940918655643,-0.33223228333333316,KAZ_D_E,0,0
Kenya,C,2012,271026,5554267380.900001,958949291.1199999,KEN,0.17265090521526422,-1.756483612094348,3538.218809708293,0,0.5330226132276099,0.123832539161972,1396.301787097564,76.2,0.6446016666666666,51.62369202324807,7.241582439828132,-0.764957633333333,KEN_C,0,0
Kenya,C,2013,279396,5882443782.659999,1141449287.33,KEN,0.19404338222401926,-1.6396735252065302,4085.417426627439,0,0.7627514709264864,0.164812822501609,1413.9414252258257,74.3,0.6207925,47.46464251273036,7.254136420722831,-0.6725902166666665,KEN_C,0,0
Kenya,C,2014,287456,6119026193.190001,1249968153.63,KEN,0.20427566644854656,-1.588284891210035,4348.380808297618,0,0.6528201805502925,0.221085377569084,1450.5933820227672,71.8,0.5969833333333333,46.17048936221598,7.279727980684497,-0.5975918999999982,KEN_C,0,0
Kenya,C,2015,311259,6002640742.249998,1344513912.4899998,KEN,0.2239870700617724,-1.4961669517316463,4319.5985095692,0,1.1215159016870373,0.286921276745847,1489.1195977728398,69.2,0.5731741666666667,40.3273846919019,7.305940350326721,-0.6279224166666666,KEN_C,0,0
Kenya,C,2016,316577,6944518360.680001,1402363295.33,KEN,0.20193816511022683,-1.5997937417588857,4429.769993808773,0,1.4027047487079964,0.275660288360412,1517.97796057742,68.3,0.549365,34.86501957318242,7.325134439126475,-0.587364183333331,KEN_C,0,0
Kenya,C,2017,318994,6856903201.450001,1513272293.7,KEN,0.22069325601388023,-1.5109815234410626,4743.889520492548,0,1.768924862241799,0.586008315906052,1542.3377397337213,68.1,0.5255558333333333,35.99505787540744,7.34105455720502,-0.58089015,KEN_C,0,0
Kenya,C,2018,322887,7265469476.009999,1699124601.9600003,KEN,0.23386301567577625,-1.453019738134702,5262.288670525602,0.24473841138591607,2.048278412767331,0.739931101786048,1596.69045914945,68.7,0.5017466666666667,34.41475317674248,7.375688302972038,-0.6066362166666667,KEN_C,0,0
Kenya,C,2019,356540,7429987152.250001,1958909490.8700006,KEN,0.2636491087709068,-1.3331361933606727,5494.220819178776,0,2.081262849220823,0.959288829892146,1645.7096177786214,68.1,0.47793749999999996,31.759461841481023,7.405926948771306,-0.5964960333333312,KEN_C,0,0
Kenya,C,2020,320184,7098194089.45,1778395205.55,KEN,0.25054192420480825,-1.3841290103656476,5554.291299846338,0,2.3071171970065523,1.29112489733773,1609.334140782809,69,0.4541283333333333,30.39913878304108,7.383575795278356,-0.6085281499999997,KEN_C,0,0
Kenya,C,2021,340282,7395506908.989999,1863050037.38,KEN,0.2519164758152374,-1.378657691588436,5475.017889221293,0.21723685541919807,2.428222742803944,1.48254108303764,1698.8957827144363,67.7,0.43031916666666664,35.0020477795269,7.43773377942234,-0.5793338999999977,KEN_C,0,0
Kenya,C,2022,356301,7058016861.4800005,1946675405.3299997,KEN,0.2758105348195215,-1.2880411170372732,5463.56986180224,0,2.132216132565388,1.47646942688922,1747.5319880442844,67.7,0.40651,40.2753238373561,7.465959778972925,-0.5187411666666665,KEN_C,0,0
Sri Lanka,C,2013,828696,9909500683.77,2018332911.4500003,LKA,0.20367654999566936,-1.5912220826724008,2435.552858285789,0,0.7627514709264864,1.98679918143445,3728.9358664784822,56.9,0.0973,NA,8.223878181446446,-0.40025543333333335,LKA_C,0,0
Sri Lanka,C,2014,933002,10044725218.140001,2011537662.8400002,LKA,0.2002581075296433,-1.6081482068138293,2155.9842988975374,0,0.6528201805502925,2.63419031926553,3929.9206203218473,54.2,0.09605,NA,8.27637450626793,-0.32094004999999987,LKA_C,0,0
Sri Lanka,C,2015,1032832,9402547532.49,2203879347.18,LKA,0.2343917262385128,-1.4507615195195214,2133.821712708359,0.6783145041327373,1.1131602391096105,2.88043182386208,4057.715834623104,51.3,0.10291,46.91797080888159,8.308375491966135,-0.13448688333333317,LKA_C,0,0
Sri Lanka,C,2016,1235690,9720707304.190002,2657529810.0999994,LKA,0.2733885227625875,-1.2968613352274907,2150.6444254626963,0,1.4027047487079964,4.07189669081491,4214.741179920849,45.1,0.12034,46.47153702521869,8.346343464024132,-0.1392050166666665,LKA_C,0,0
Sri Lanka,C,2017,1296778,10733937342.55,2807383689.21,LKA,0.26154276847521324,-1.3411574582756673,2164.89151513212,0,1.768924862241799,5.5257624644358,4436.00789945768,45.8,0.11818,47.14040980046442,8.397510129230097,-0.17075589999999935,LKA_C,0,0
Sri Lanka,C,2018,1288011,10061702444.480001,2733256514.51,LKA,0.27164950758502154,-1.3032426186679282,2122.075443851023,0,2.0492189713980467,6.93976008216017,4493.035754445438,47.9,0.11949,49.809396752136095,8.410283866849634,-0.16598106666666645,LKA_C,0,0
Sri Lanka,C,2019,1279423,8933857233.569998,2678685301.6600003,LKA,0.29983524827266456,-1.2045221276007945,2093.6666776038887,0,2.081262849220823,7.43541256815093,4455.781896082671,46.1,0.117825,49.42552388545998,8.401957834287737,-0.14251783333333315,LKA_C,0,0
Sri Lanka,C,2020,940282,7591050471.4800005,1977868778.66,LKA,0.2605527108653754,-1.344950093285048,2103.4846765757507,0,2.3071171970065523,7.8962203692284,4227.23315306594,49.3,0.11616,37.08911885729198,8.349302957092942,-0.16095898333333333,LKA_C,0,0
Sri Lanka,C,2021,912106,8159236107.400001,2071653953.9299996,LKA,0.25390292996315156,-1.3708032505068488,2271.2864008459537,0,2.428785718869706,10.5401488574725,4357.9722577949115,48.8,0.11061,41.22884632919991,8.37976214967313,-0.28927664999999997,LKA_C,0,0
Sri Lanka,D_E,2013,17602,1871520365.8700001,95258145.14,LKA,0.05089880231985509,-2.9779158857642822,5411.779635268719,0,0.03412491689453631,1.98679918143445,3728.9358664784822,56.9,0.0973,NA,8.223878181446446,-0.40025543333333335,LKA_D_E,0,0
Sri Lanka,D_E,2014,29478,1803414440.5900002,154723670.89000002,LKA,0.08579484970708177,-2.455796301013885,5248.784547459122,0,0.02755824268901994,2.63419031926553,3929.9206203218473,54.2,0.09605,NA,8.27637450626793,-0.32094004999999987,LKA_D_E,0,0
Sri Lanka,D_E,2015,29756,1680665316.46,161935080.64,LKA,0.09635177155978042,-2.339749497577973,5442.09842183089,0.029021209524969224,0.060166617077532555,2.88043182386208,4057.715834623104,51.3,0.10291,46.91797080888159,8.308375491966135,-0.13448688333333317,LKA_D_E,0,0
Sri Lanka,D_E,2016,33760,791659908.41,171566835.79,LKA,0.21671785316826436,-1.5291589872701228,5081.956036433649,0,0.08895133954321256,4.07189669081491,4214.741179920849,45.1,0.12034,46.47153702521869,8.346343464024132,-0.1392050166666665,LKA_D_E,0,0
Sri Lanka,D_E,2017,36234,671283292.0899999,208400347.05,LKA,0.31045066889890577,-1.1697302665628115,5751.5136901804935,0,0.13766361307681627,5.5257624644358,4436.00789945768,45.8,0.11818,47.14040980046442,8.397510129230097,-0.17075589999999935,LKA_D_E,0,0
Sri Lanka,D_E,2018,36149,448066594.75,242356042.72,LKA,0.5408929064556202,-0.6145339745268187,6704.363681429639,0,0.18660649351758357,6.93976008216017,4493.035754445438,47.9,0.11949,49.809396752136095,8.410283866849634,-0.16598106666666645,LKA_D_E,0,0
Sri Lanka,D_E,2019,35847,342097471.31,237060121.71999997,LKA,0.6929607541740118,-0.36678191317940656,6613.109094763857,0,0.19294926810017762,7.43541256815093,4455.781896082671,46.1,0.117825,49.42552388545998,8.401957834287737,-0.14251783333333315,LKA_D_E,0,0
Sri Lanka,D_E,2020,35935,364333630.04,228532508.41,LKA,0.6272616348507535,-0.4663915449227756,6359.607858911924,0,0.2425042018037979,7.8962203692284,4227.23315306594,49.3,0.11616,37.08911885729198,8.349302957092942,-0.16095898333333333,LKA_D_E,0,0
Sri Lanka,D_E,2021,34461,408564157.53000003,303358761.24,LKA,0.7424996922734833,-0.29773282275185536,8802.958742926787,0,0.27297582358953765,10.5401488574725,4357.9722577949115,48.8,0.11061,41.22884632919991,8.37976214967313,-0.28927664999999997,LKA_D_E,1,0
Republic of Moldova,C,2013,80148,642016288.8399999,275102981.25999993,MDA,0.4284984447311425,-0.8474681705164845,3432.437256824873,0,0.7627514709264864,13.7695240878002,2605.850299861424,23.8,0.29783,95.68729683323836,7.86551431162245,-0.3141934,MDA_C,0,0
Republic of Moldova,C,2014,77877,670459442.7599998,263406865.22000006,MDA,0.3928751665211317,-0.9342633600117897,3382.3447901177506,0,0.6528201805502925,15.2330041292856,2737.801850566472,24.3,0.31463,94.22829196909277,7.914910633093125,-0.3412354833333328,MDA_C,0,0
Republic of Moldova,C,2015,77581,481522477.49999994,216615452.81000006,MDA,0.449855329567663,-0.7988292377563497,2792.119885152293,0,1.1215159016870373,16.2569619282762,2749.5513705433796,24.7,0.30735,88.96641545653229,7.919193039367943,-0.4202859333333313,MDA_C,0,0
Republic of Moldova,C,2016,78207,485022291.53,226283854.7,MDA,0.4665432056456393,-0.762404646379663,2893.396431265743,0,1.4027047487079964,17.2155177259579,2910.954868723758,25.3,0.28005,89.00468371886707,7.976236439923536,-0.44086748333333287,MDA_C,0,0
Republic of Moldova,C,2017,84020,706566661.9400003,288449635.99,MDA,0.4082412198701987,-0.8958970541106653,3433.1068315877174,0,1.768924862241799,18.2974964435539,3085.333058442626,26.1,0.25789,88.62339027543784,8.034414891109448,-0.36461093333333267,MDA_C,0,0
Republic of Moldova,C,2018,88655,790375415.7099999,378263256.16,MDA,0.4785868191765598,-0.7369176442620344,4266.688355535503,0,2.0492189713980467,19.7583973228257,3267.9961042871973,25.3,0.25626,87.44678742756476,8.091932263900603,-0.3470729999999997,MDA_C,0,0
Republic of Moldova,C,2019,91190,784818627.9999999,408983827.2,MDA,0.5211189090175368,-0.6517770309904534,4484.963561794057,0,2.081262849220823,21.54270340639,3438.677326707123,22,0.24145,87.63223711489063,8.14284217837886,-0.3054610666666665,MDA_C,0,0
Republic of Moldova,C,2020,85824,932933382.1100001,410346807.3600001,MDA,0.43984577594589386,-0.8213311227264202,4781.259407158837,0,2.3071171970065523,23.4268592640718,3188.916916026994,22.3,0.23511,79.26572211915801,8.067436613370882,-0.29502794999999965,MDA_C,0,0
Republic of Moldova,C,2021,86138,1063652970.2800002,446060081.2300001,MDA,0.4193661783434662,-0.8690108067240131,5178.435547957929,0,2.428785718869706,25.2112754309344,3688.1672944214374,21.4,0.23154,88.47088653992667,8.212884945475606,-0.1864283166666665,MDA_C,0,0
Republic of Moldova,C,2022,84690,1235351136.9700003,480873098.07000005,MDA,0.3892602545778672,-0.9435071241632278,5678.038706695006,0,2.132216132565388,26.317794331222,3611.9548473328614,21.4,0.22959,112.11767157976556,8.19200441372033,-0.15883686666666652,MDA_C,0,0
Republic of Moldova,D_E,2013,19748,116420466.08,102933909.26,MDA,0.8841564780308256,-0.12312122066206577,5212.371341908041,0,0.03412491689453631,13.7695240878002,2605.850299861424,23.8,0.29783,95.68729683323836,7.86551431162245,-0.3141934,MDA_D_E,0,0
Republic of Moldova,D_E,2014,19128,90916688.46,101409413.03999998,MDA,1.1154103251859684,0.10922234186607124,5301.621342534503,0,0.02755824268901994,15.2330041292856,2737.801850566472,24.3,0.31463,94.22829196909277,7.914910633093125,-0.3412354833333328,MDA_D_E,0,0
Republic of Moldova,D_E,2015,19406,73915124.69,84101071.73000002,MDA,1.137805991435716,0.12910183912799506,4333.766450066991,0,0.060896008418894386,16.2569619282762,2749.5513705433796,24.7,0.30735,88.96641545653229,7.919193039367943,-0.4202859333333313,MDA_D_E,0,0
Republic of Moldova,D_E,2016,18804,157482136.46,82550853.19,MDA,0.5241918546804047,-0.6458975267858476,4390.068772069772,0,0.08895133954321256,17.2155177259579,2910.954868723758,25.3,0.28005,89.00468371886707,7.976236439923536,-0.44086748333333287,MDA_D_E,0,0
Republic of Moldova,D_E,2017,18460,171866577.27,98963264.9,MDA,0.5758144862833341,-0.5519697425874753,5360.956928494042,0,0.13766361307681627,18.2974964435539,3085.333058442626,26.1,0.25789,88.62339027543784,8.034414891109448,-0.36461093333333267,MDA_D_E,0,0
Republic of Moldova,D_E,2018,18196,238789821.62,117482614.60999998,MDA,0.49199171812673337,-0.7092933957072519,6456.507727522531,0,0.18660649351758357,19.7583973228257,3267.9961042871973,25.3,0.25626,87.44678742756476,8.091932263900603,-0.3470729999999997,MDA_D_E,0,0
Republic of Moldova,D_E,2019,18385,230320219.09000003,125350499.98,MDA,0.544244445734128,-0.6083567842771519,6818.085394615176,0,0.19294926810017762,21.54270340639,3438.677326707123,22,0.24145,87.63223711489063,8.14284217837886,-0.3054610666666665,MDA_D_E,0,0
Republic of Moldova,D_E,2020,18234,256831319.72000003,134278895.15,MDA,0.5228291288476504,-0.6485005817841081,7364.203967862236,0,0.2425042018037979,23.4268592640718,3188.916916026994,22.3,0.23511,79.26572211915801,8.067436613370882,-0.29502794999999965,MDA_D_E,1,0
Republic of Moldova,D_E,2021,18430,346045724.13,139486459.24,MDA,0.403086787420031,-0.9086033868210881,7568.445970699946,0,0.27297582358953765,25.2112754309344,3688.1672944214374,21.4,0.23154,88.47088653992667,8.212884945475606,-0.1864283166666665,MDA_D_E,1,0
Republic of Moldova,D_E,2022,18168,282867044.24,143278868.45000002,MDA,0.5065237233095077,-0.6801841186617068,7886.331376596214,0,0.20337519968141432,26.317794331222,3611.9548473328614,21.4,0.22959,112.11767157976556,8.19200441372033,-0.15883686666666652,MDA_D_E,1,0
Mexico,C,2012,3176658,137798527471.66,27782129454.370007,MEX,0.20161412436053608,-1.6013996839269198,8745.7099424521,0,0.5330226132276099,11.1945528217656,9782.51776305354,9,0.40284,64.25793189001133,9.1883521698819,-0.20130829999999997,MEX_C,1,0
Mexico,C,2013,3671532,157225456765.08,31246668413.210007,MEX,0.1987379719296827,-1.615768045871811,8510.525963878295,0.9308551420866382,0.7437114110934856,10.7719183026526,9738.710598036583,9.2,0.40806,62.69167477358071,9.183864005741526,-0.22229768333333316,MEX_C,1,0.9308551420866382
Mexico,C,2014,3791787,160995500378.03003,32589629526.53,MEX,0.20242571655733854,-1.5973822915504046,8594.794361215438,0.1499630296517449,0.6506012838847253,10.8799928230972,9862.481254441987,9.8,0.41962,64.09840903512153,9.19649306446203,-0.3161214666666665,MEX_C,1,0.1499630296517449
Mexico,C,2015,3912072,155359443780.2,29386374358.790005,MEX,0.1891508726071739,-1.6652103146059214,7511.7161337495845,0,1.1215159016870373,12.1891508368561,10021.238611882723,9.2,0.41477,70.41297467626399,9.212461980959631,-0.3664148999999997,MEX_C,1,0
Mexico,C,2016,4054915,142779440194.62994,27360641346.05,MEX,0.1916287198545765,-1.6521955298216173,6747.525249246902,0,1.4027047487079964,13.0255992017626,10100.502121401492,9.2,0.37601,75.69030340885506,9.220340416583849,-0.355570483333333,MEX_C,0,0
Mexico,C,2017,4186122,156171135934.36,29546946041.200005,MEX,0.18919594753808303,-1.6649720415256557,7058.30982498838,0.36238299028891546,1.7669631286514031,13.7767213511093,10193.77271934566,10.1,0.31955,76.95212604072537,9.229532295119327,-0.44857016666666666,MEX_C,0,0
Mexico,C,2018,4782016,168212726888.75998,32759854298.969994,MEX,0.19475253094633124,-1.636025598442394,6850.636697779763,0.6783145041327373,2.0459229733612374,14.7373951154108,10296.86909285339,10.3,0.29816,80.21266165689752,9.239595156441373,-0.4589651333333331,MEX_C,0,0
Mexico,C,2019,4843100,169243051985.21997,35094977312.69,MEX,0.20736436090596413,-1.5732778354357593,7246.387089403482,1.4604818583310433,2.0703415353416186,15.3885155172291,10159.444836431863,10.3,0.27629,77.4619722571128,9.226159077556062,-0.4629111333333333,MEX_C,1,1.4604818583310433
Mexico,C,2020,4737804,145750155266.73,32202667478.640003,MEX,0.2209443099371491,-1.5098446004541295,6796.960676009392,1.584325754447548,2.2969114106180273,17.7520559419946,9234.643623179232,12.3,0.29185,76.85455570560157,9.130717302086811,-0.4792135499999998,MEX_C,0,0
Mexico,C,2021,4846209,186556056537.54,42645079015.759995,MEX,0.22859123315130045,-1.4758198785261027,8799.678060884291,0.6278073758708083,2.4267575200612574,19.2796725887476,9728.056800325565,13,0.27305,83.06929763578948,9.182769443038158,-0.5075275499999996,MEX_C,1,0.6278073758708083
Mexico,C,2022,4925214,223623018231.42004,54391431112.36,MEX,0.2432282308973762,-1.4137550546345015,11043.465545326559,1.1580583452830777,2.1253787069417287,20.6070256426489,10013.247923614295,13,0.25727,88.79848558671856,9.211664287574479,-0.5052221333333332,MEX_C,1,1.1580583452830777
Mexico,D_E,2013,234428,20668892272.88,425426686.31,MEX,0.02058294565056152,-3.8832924271100704,1814.7434875953384,0.045568341523879084,0.03293846649796156,10.7719183026526,9738.710598036583,9.2,0.40806,62.69167477358071,9.183864005741526,-0.22229768333333316,MEX_D_E,0,0
North Macedonia,C,2012,106653,997781427.2400001,595904201.6199999,MKD,0.5972291980502707,-0.5154543229344416,5587.317765276175,0,0.5330226132276099,15.4034279276413,4708.051685359227,18.3,0.32676,112.21483470215534,8.457029446518554,-0.10356963333333313,MKD_C,0,0
North Macedonia,C,2013,113593,1070969535.2200003,600922368.44,MKD,0.5611012719578038,-0.5778538693273991,5290.135558000934,0,0.7627514709264864,16.8126639116268,4863.680886669677,21.2,0.43894,104.85722995630526,8.48955081431236,-0.12415834999999979,MKD_C,0,0
North Macedonia,C,2014,119519,1244327492.0499997,688845297.32,MKD,0.5535884256524333,-0.591333782316978,5763.479424359307,0,0.6528201805502925,17.7239038498213,5053.750012363666,21.2,0.51646,112.53792896929862,8.527885823401414,0.021462050000000166,MKD_C,0,0
North Macedonia,C,2015,122475,1183623711.1200001,602894542.0200001,MKD,0.5093633528594261,-0.6745936608004774,4922.592708879364,0,1.1215159016870373,18.4016994838328,5262.686719286744,23.9,0.44412,113.69844387910275,8.568396958460816,-0.14339051666666666,MKD_C,0,0
North Macedonia,C,2016,128050,1311524500.1999996,661182919.78,MKD,0.5041331059230487,-0.6849149467251164,5163.474578524014,0,1.4027047487079964,19.4533715332855,5429.946783583586,21.4,0.43585,116.18540841802638,8.599684612434945,-0.18560929999999967,MKD_C,0,0
North Macedonia,C,2017,136114,1424978056.4800003,769443302.53,MKD,0.5399685272562647,-0.6162444239810979,5652.932854298602,0,1.768924862241799,20.4183259234605,5510.81862920922,19,0.35439,124.13728389628965,8.614468462655624,-0.14261398333333314,MKD_C,0,0
North Macedonia,C,2018,140404,1692840063.21,901450911.4699999,MKD,0.5325080207285792,-0.6301573191109061,6420.407619939602,0,2.0492189713980467,22.2929498345599,5698.393344844888,20.9,0.36367,133.21520764800766,8.647939544764558,-0.06189004999999983,MKD_C,0,0
North Macedonia,C,2019,141068,1688519851.8,904987806.3099998,MKD,0.5359651563144269,-0.6236861269004429,6415.2593522981815,0,2.081262849220823,23.9402500262168,5961.5847539919105,17,0.36783,138.5762318405389,8.693091623035492,-0.12492634999999985,MKD_C,0,0
North Macedonia,C,2020,126313,1643686972.6100001,927261553.7900001,MKD,0.5641351238049951,-0.5724614749645439,7340.982747539842,0,2.3071171970065523,25.4041233643961,5743.726494245812,20,0.37264,128.24124432225676,8.655863493690106,-0.07036374999999985,MKD_C,1,0
North Macedonia,C,2021,127009,1887695251.01,1000374840.5,MKD,0.5299450957270542,-0.634981870769914,7876.409077309482,0,2.428785718869706,26.9448892231031,6064.923151200224,19.5,0.37252,146.7214114840735,8.710277150432288,-0.04709246666666666,MKD_C,1,0
North Macedonia,C,2022,125487,1837009934.2999995,1025194593.5699999,MKD,0.5580778712340795,-0.5832567721546671,8169.727490257955,0,2.132216132565388,28.0035734605346,6250.627209520625,19.5,0.37372,166.14735737987755,8.74043709121867,0.006330599999999992,MKD_C,1,0
North Macedonia,D_E,2012,NA,363664853.02,179932248.43,MKD,0.4947749196431268,-0.7036523276160467,NA,0,0.021136563865870272,15.4034279276413,4708.051685359227,18.3,0.32676,112.21483470215534,8.457029446518554,-0.10356963333333313,MKD_D_E,NA,NA
North Macedonia,D_E,2013,NA,402949916.69,189350896.94,MKD,0.46991174113003387,-0.7552103867415267,NA,0,0.03412491689453631,16.8126639116268,4863.680886669677,21.2,0.43894,104.85722995630526,8.48955081431236,-0.12415834999999979,MKD_D_E,NA,NA
North Macedonia,D_E,2014,NA,417338435.11,190601779.63,MKD,0.45670794634518175,-0.7837111594567161,NA,0,0.02755824268901994,17.7239038498213,5053.750012363666,21.2,0.51646,112.53792896929862,8.527885823401414,0.021462050000000166,MKD_D_E,NA,NA
North Macedonia,D_E,2015,NA,379656285.82,161657772.54000002,MKD,0.4258003319788154,-0.8537847468640309,NA,0,0.060896008418894386,18.4016994838328,5262.686719286744,23.9,0.44412,113.69844387910275,8.568396958460816,-0.14339051666666666,MKD_D_E,NA,NA
North Macedonia,D_E,2016,NA,396363119.87,165202138.73000002,MKD,0.41679492982138033,-0.8751609531530041,NA,0,0.08895133954321256,19.4533715332855,5429.946783583586,21.4,0.43585,116.18540841802638,8.599684612434945,-0.18560929999999967,MKD_D_E,NA,NA
North Macedonia,D_E,2017,NA,406124847.83,173253836.94,MKD,0.4266024053089271,-0.8519028346369961,NA,0,0.13766361307681627,20.4183259234605,5510.81862920922,19,0.35439,124.13728389628965,8.614468462655624,-0.14261398333333314,MKD_D_E,NA,NA
North Macedonia,D_E,2018,NA,458210039.21999997,184351048.61,MKD,0.40232869826208173,-0.9104858670944326,NA,0,0.18660649351758357,22.2929498345599,5698.393344844888,20.9,0.36367,133.21520764800766,8.647939544764558,-0.06189004999999983,MKD_D_E,NA,NA
North Macedonia,D_E,2019,18903,400981305.68999994,183623187.35,MKD,0.4579345339654306,-0.7810290440248039,9713.970658096598,0,0.19294926810017762,23.9402500262168,5961.5847539919105,17,0.36783,138.5762318405389,8.693091623035492,-0.12492634999999985,MKD_D_E,1,0
North Macedonia,D_E,2020,18520,357117765.47,203070778.03,MKD,0.5686381291133474,-0.5645110241286289,10964.944818034557,0,0.2425042018037979,25.4041233643961,5743.726494245812,20,0.37264,128.24124432225676,8.655863493690106,-0.07036374999999985,MKD_D_E,1,0
North Macedonia,D_E,2021,18839,301078112.68999994,211269168.10999998,MKD,0.7017088230771852,-0.35423674294348134,11214.457673443389,0,0.27297582358953765,26.9448892231031,6064.923151200224,19.5,0.37252,146.7214114840735,8.710277150432288,-0.04709246666666666,MKD_D_E,1,0
North Macedonia,D_E,2022,18761,357456890.03999996,194913333.46,MKD,0.5452778751535294,-0.6064597515876717,10389.282738659987,0,0.20337519968141432,28.0035734605346,6250.627209520625,19.5,0.37372,166.14735737987755,8.74043709121867,0.006330599999999992,MKD_D_E,1,0
Malta,C,2012,5623,192655375.93000004,129657038.45999998,MLT,0.6729998466645952,-0.3960101771760753,23058.33869109016,0,0.5330226132276099,31.8224330830663,21529.398216756606,2.7,0.79196,199.21386514283932,9.977174639050757,1.1067672,MLT_C,1,0
Malta,C,2013,9047,193542689.02,112595209.46999998,MLT,0.5817590426180593,-0.5416989330992088,12445.585218304408,0,0.7627514709264864,33.3783014199957,22626.498139134284,3.2,0.72644,187.43225285004465,10.026876982470272,1.1173346,MLT_C,1,0
Malta,C,2014,5877,243636479.59000003,125154106.13000003,MLT,0.5136919821720201,-0.6661314496275672,21295.577017185642,0,0.6528201805502925,34.8819867199098,23866.06678513013,4.5,0.67653,181.30112711295897,10.080212929263494,0.9997863833333334,MLT_C,1,0
Malta,C,2015,10791,277489304.29999995,178274395.99,MLT,0.6424550180040941,-0.44245847555220835,16520.65573070151,0,1.1215159016870373,36.6768468766082,25529.681333771685,6,0.69942,207.19601985524423,10.147597028127533,1.01361115,MLT_C,1,0
Malta,C,2016,10918,331757840.4599999,141269684.9,MLT,0.4258216918223306,-0.8537345841323901,12939.154139952372,0.280268783605427,1.4006089995964222,37.6179796999137,25969.51203520273,9.2,0.54032,213.35947324267676,10.164678514923192,1.0172447333333334,MLT_C,1,0.280268783605427
Malta,C,2017,18095,786681292.2699999,396046795.89,MLT,0.5034399569197728,-0.6862908253351835,21887.084602928986,0,1.768924862241799,38.7512769768028,28546.65973659115,7.3,0.52592,213.04759102575628,10.259295211272443,1.06408345,MLT_C,1,0
Malta,C,2018,20533,919347924.41,478788293.91999996,MLT,0.5207911838461666,-0.6524061163298178,23317.990255685967,0,2.0492189713980467,39.5892751744889,29536.805237471617,7.6,0.54557,228.09855073711145,10.293392399846432,1.0560086,MLT_C,1,0
Malta,C,2019,17961,869578943.1300001,440214446.61999995,MLT,0.5062386228390869,-0.6807471342181916,24509.46197984522,1.3988039934855587,2.0711965568137627,40.1799549616579,29522.661886008013,7.4,0.54851,233.07044191053717,10.292913446939377,0.88132025,MLT_C,1,1.3988039934855587
Malta,C,2020,17633,922404872.16,461221282.31,MLT,0.5000204316245164,-0.6931063181457924,26156.710843872286,2.6113334375305657,2.2735055941222844,41.1094408219109,27861.820284453763,9.2,0.60002,242.36119073585692,10.235012582042717,0.9792769666666666,MLT_C,1,2.6113334375305657
Malta,C,2021,19960,1149358836.37,582950322.5400001,MLT,0.5071961028125228,-0.6788575596178941,29205.927982965935,0.6783145041327373,2.426531910452651,42.1830899964911,31436.349303093823,8.6,0.59682,220.165634087757,10.355720123487313,0.836533,MLT_C,1,0.6783145041327373
Malta,C,2022,21559,1139029763.39,529337927.44,MLT,0.46472703739064314,-0.7663050621205509,24552.99074354098,0,2.132216132565388,43.4449972737186,31430.618707023565,8.6,0.5745,245.16037509200447,10.355537814835646,0.7883474833333334,MLT_C,1,0
Malta,D_E,2013,458,13796492.440000001,6888949.39,MLT,0.49932614539235737,-0.6944957987520778,15041.374213973799,0,0.03412491689453631,33.3783014199957,22626.498139134284,3.2,0.72644,187.43225285004465,10.026876982470272,1.1173346,MLT_D_E,1,0
Malta,D_E,2014,382,17467132.89,6607964.63,MLT,0.3783084878104457,-0.9720453108767834,17298.33672774869,0,0.02755824268901994,34.8819867199098,23866.06678513013,4.5,0.67653,181.30112711295897,10.080212929263494,0.9997863833333334,MLT_D_E,1,0
Malta,D_E,2016,393,17792369.23,4311389.71,MLT,0.2423167850367278,-1.4175093797796603,10970.45727735369,0.00976664493677772,0.0887150173172796,37.6179796999137,25969.51203520273,9.2,0.54032,213.35947324267676,10.164678514923192,1.0172447333333334,MLT_D_E,1,0.00976664493677772
Malta,D_E,2017,328,23191211.990000002,5632587.220000001,MLT,0.2428759317291722,-1.415204535042083,17172.522012195124,0,0.13766361307681627,38.7512769768028,28546.65973659115,7.3,0.52592,213.04759102575628,10.259295211272443,1.06408345,MLT_D_E,1,0
Malta,D_E,2018,522,18636635.79,6046484.72,MLT,0.32444078363351436,-1.125652244441046,11583.304061302682,0,0.18660649351758357,39.5892751744889,29536.805237471617,7.6,0.54557,228.09855073711145,10.293392399846432,1.0560086,MLT_D_E,1,0
Malta,D_E,2019,384,13498627.52,6686623.17,MLT,0.49535578043715073,-0.7024790262314659,17413.081171875,0.08851183199421528,0.1909391609664402,40.1799549616579,29522.661886008013,7.4,0.54851,233.07044191053717,10.292913446939377,0.88132025,MLT_D_E,1,0.08851183199421528
Malta,D_E,2020,722,85793815.22999999,16708052.26,MLT,0.1947465818510144,-1.6360561458563512,23141.346620498614,0.32411300938675774,0.23456830040319324,41.1094408219109,27861.820284453763,9.2,0.60002,242.36119073585692,10.235012582042717,0.9792769666666666,MLT_D_E,1,0.32411300938675774
Malta,D_E,2021,542,244264299.92,10130172.42,MLT,0.04147217756879648,-3.1827324966064863,18690.355018450184,0.029021209524969224,0.2723858599624258,42.1830899964911,31436.349303093823,8.6,0.59682,220.165634087757,10.355720123487313,0.836533,MLT_D_E,1,0.029021209524969224
Malta,D_E,2022,3477,216400385.84,12249058.57,MLT,0.056603681746928994,-2.8716812473562494,3522.881383376474,0,0.20337519968141432,43.4449972737186,31430.618707023565,8.6,0.5745,245.16037509200447,10.355537814835646,0.7883474833333334,MLT_D_E,0,0
Mongolia,C,2012,44900,723095528.4700001,166273902.11999995,MNG,0.22994735214560014,-1.4699048999761777,3703.204946993317,0,0.5330226132276099,3.94085550888065,3318.1649659708924,3,0.23913,109.58856433841548,8.107167188010818,-0.18622263333333333,MNG_C,0,0
Mongolia,C,2013,45312,771777928.0699999,194954344.20000008,MNG,0.25260419754102864,-1.3759314518600732,4302.488175317798,0,0.7627514709264864,4.89953823458973,3628.907080695749,3,0.23246,100.31198966294296,8.196686802227164,-0.1762553666666667,MNG_C,0,0
Mongolia,C,2014,50780,828584373.5699999,184624546.00999996,MNG,0.22281924677692783,-1.5013943887672008,3635.7728635289477,0,0.6528201805502925,6.77117608106174,3830.358920495929,3.3,0.2234,109.32231187718692,8.25071379070713,-0.058791566666666344,MNG_C,0,0
Mongolia,C,2015,65768,815194262.3899999,196982231.91999996,MNG,0.24163839345787866,-1.4203129122278269,2995.1075282812303,0,1.1215159016870373,6.98959122144406,3838.921269899843,3.5,0.1564,89.65366347781398,8.252946686819639,-0.08405619999999986,MNG_C,0,0
Mongolia,C,2016,56949,745517196.0200001,171336483.85999998,MNG,0.22982230963241726,-1.4704488354580547,3008.5951265167078,0,1.4027047487079964,7.43705957487671,3817.9196271670194,3.4,0.18346,101.05523722499714,8.247460953034002,-0.03591509999999982,MNG_C,0,0
Mongolia,C,2017,57522,791976200.5799998,175795230.15999997,MNG,0.22197034460285198,-1.50521148890288,3056.139045234866,0,1.768924862241799,9.18362021979381,3956.204943713404,1.8,0.1342,115.93290186796328,8.283040497192793,-0.045172566666666664,MNG_C,0,0
Mongolia,C,2018,53676,929479612.3300002,163307857.93999997,MNG,0.1756981603185714,-1.7389877544268768,3042.474438110142,0,2.0492189713980467,9.66655365112798,4183.85566447661,2.1,0.10161,126.35587324151278,8.338988508131704,-0.018448783333333028,MNG_C,0,0
Mongolia,C,2019,69645,1004326403.4699998,220971871.66,MNG,0.2200199764703295,-1.5140369346141787,3172.8318136262474,0,2.081262849220823,9.83638257697054,4337.8167085432015,2.3,0.0927,124.39651462116488,8.375126437968385,-0.054610933333333306,MNG_C,0,0
Mongolia,C,2020,61859,1032850793.8799996,197005322.17000002,MNG,0.19073938204562083,-1.6568472746100233,3184.7479294847963,0,2.3071171970065523,9.3475568899214,4066.034108827912,2.9,0.13301,112.83864762931744,8.310423382945018,-0.05155703333333314,MNG_C,0,0
Mongolia,C,2021,57750,1086740947.8100002,185440239.89,MNG,0.17063886316577936,-1.7682058670202114,3211.0864050216446,0,2.428785718869706,11.3929982387502,4063.5366984924535,3,0.10008,119.09807843777104,8.309808981404466,-0.07269479999999999,MNG_C,0,0
Mongolia,C,2022,75846,1220342611.7999997,328763893.79,MNG,0.2694029452147662,-1.3115470825683566,4334.624024866176,0,2.132216132565388,12.9008288504333,4205.885545135513,3,0.08365,136.32792994451626,8.344240143608864,-0.08954171666666648,MNG_C,0,0
Mongolia,D_E,2012,21055,225687615.63,135392386.39000002,MNG,0.5999105711319443,-0.5109746829881907,6430.414931845168,0,0.021136563865870272,3.94085550888065,3318.1649659708924,3,0.23913,109.58856433841548,8.107167188010818,-0.18622263333333333,MNG_D_E,0,0
Mongolia,D_E,2013,20538,228389466.42,144733914.68,MNG,0.6337153676511489,-0.45615537227423125,7047.127991040998,0,0.03412491689453631,4.89953823458973,3628.907080695749,3,0.23246,100.31198966294296,8.196686802227164,-0.1762553666666667,MNG_D_E,0,0
Mongolia,D_E,2014,20135,209180321.70000002,124369430.74,MNG,0.5945560735792672,-0.5199402467285293,6176.778283585795,0,0.02755824268901994,6.77117608106174,3830.358920495929,3.3,0.2234,109.32231187718692,8.25071379070713,-0.058791566666666344,MNG_D_E,0,0
Mongolia,D_E,2015,23215,245556900.24,139631389.41,MNG,0.5686315036292136,-0.564522675691184,6014.705552875296,0,0.060896008418894386,6.98959122144406,3838.921269899843,3.5,0.1564,89.65366347781398,8.252946686819639,-0.08405619999999986,MNG_D_E,0,0
Mongolia,D_E,2016,20340,276636704.91999996,158050951.23000002,MNG,0.5713303709126614,-0.5597876536063237,7770.449912979352,0,0.08895133954321256,7.43705957487671,3817.9196271670194,3.4,0.18346,101.05523722499714,8.247460953034002,-0.03591509999999982,MNG_D_E,1,0
Mongolia,D_E,2017,20292,247098569.05000004,151786713.57,MNG,0.6142759715427011,-0.48731098676089596,7480.125841218213,0,0.13766361307681627,9.18362021979381,3956.204943713404,1.8,0.1342,115.93290186796328,8.283040497192793,-0.045172566666666664,MNG_D_E,1,0
Mongolia,D_E,2021,26321,326206270.36,97261182.07,MNG,0.29815853006952603,-1.210129953828901,3695.193270392462,0,0.27297582358953765,11.3929982387502,4063.5366984924535,3,0.10008,119.09807843777104,8.309808981404466,-0.07269479999999999,MNG_D_E,0,0
Mongolia,D_E,2022,29021,317503384.6,128470761.46000001,MNG,0.4046280061607885,-0.9047871372649312,4426.82062851039,0,0.20337519968141432,12.9008288504333,4205.885545135513,3,0.08365,136.32792994451626,8.344240143608864,-0.08954171666666648,MNG_D_E,0,0
Malaysia,C,2012,1962310,66120316588.84,16291272891.99,MYS,0.2463883074440647,-1.40084650200366,8302.089319215618,0,0.5330226132276099,9.84700347717991,8710.526713599022,2.5,1.09269,147.84175476601337,9.072287540302792,0.26991055,MYS_C,1,0
Malaysia,C,2014,2067755,69249799869.23001,18649713094.940002,MYS,0.2693107146902628,-1.3118894927660887,9019.305040945374,0,0.6528201805502925,9.97193881432051,9341.730559712778,3,1.26275,138.31223117684328,9.142246798825608,0.33624088333333346,MYS_C,1,0
Malaysia,C,2015,2088001,65834899500.710014,16769965433.360003,MYS,0.25472759221238184,-1.3675605706601448,8031.588793951728,0,1.1215159016870373,9.80955980953099,9648.679793752302,3.4,1.27945,131.37007244525975,9.17457637603625,0.2596369666666667,MYS_C,1,0
Malaysia,C,2017,2174161,68375336389.920006,17412330502.829998,MYS,0.2546580597941592,-1.3678335756746387,8008.758552301324,0.4989967836437041,1.7660170702468803,8.30705146836206,10293.762920536155,5.2,1.227715,133.15517337195615,9.23929344910779,0.21643888333333333,MYS_C,1,0.4989967836437041
Malaysia,C,2018,2201456,76157670260.90999,20261974211.479992,MYS,0.26605296803413386,-1.3240598620759045,9203.896971586073,1.3195704778209303,2.0398796287293446,8.19179819298533,10610.195024047913,5.3,1.04026,130.40262550212626,9.269570612593473,0.3977911833333335,MYS_C,1,1.3195704778209303
Malaysia,C,2019,2243526,77044854881.25,20940115438.36,MYS,0.27179122435411435,-1.3027210649308736,9333.573775547955,0.8303140530563654,2.0770048349582795,8.86497357882019,10902.983485585608,5.7,0.995405,123.02856202794288,9.296791745038226,0.41385856666666665,MYS_C,1,0.8303140530563654
Malaysia,C,2020,2207149,73715315064.95999,20619928906.54,MYS,0.2797238116444208,-1.273952549596882,9342.336610052154,1.1147925609246454,2.301735185544989,9.91101742902637,10171.4657842762,7,0.95055,116.78818243763848,9.227341606904542,0.3762919,MYS_C,1,1.1147925609246454
Malaysia,C,2021,2261487,85709500016.65,21603563151.87,MYS,0.25205564316293144,-1.3781054096427063,9552.81332674917,1.443417877107806,2.4212532608273096,10.8921782282506,10388.266712085682,7.5,0.981325,134.03599469072654,9.248432247470916,0.34679668333333336,MYS_C,1,1.443417877107806
Malaysia,C,2022,2305895,94272627875.56999,22089893471.510002,MYS,0.23431927134423738,-1.4510706861284817,9579.748198209372,0.4486037059715848,2.1304480519562734,12.1753566089982,11191.65117569426,7.5,1.0121,146.42460475390752,9.32292334856996,0.36719745000000004,MYS_C,1,0.4486037059715848
Malaysia,D_E,2012,41975,6841489626.56,793188036.39,MYS,0.11593791406343568,-2.1547004547501185,18896.677460154853,0,0.021136563865870272,9.84700347717991,8710.526713599022,2.5,1.09269,147.84175476601337,9.072287540302792,0.26991055,MYS_D_E,1,0
Malaysia,D_E,2014,42875,7821293914.19,852159884.63,MYS,0.10895382451795416,-2.216831114784451,19875.449204198252,0,0.02755824268901994,9.97193881432051,9341.730559712778,3,1.26275,138.31223117684328,9.142246798825608,0.33624088333333346,MYS_D_E,1,0
Malaysia,D_E,2015,47907,6839073102.04,927410062.73,MYS,0.13560464245562262,-1.9980116676634971,19358.550164485358,0,0.060896008418894386,9.80955980953099,9648.679793752302,3.4,1.27945,131.37007244525975,9.17457637603625,0.2596369666666667,MYS_D_E,1,0
Pakistan,C,2016,2301516,34118875837.239998,7792100014.710001,PAK,0.22838091301370184,-1.4767403729335373,3385.6379945696667,0,1.4027047487079964,1.13034740811719,1452.1865826917658,43.7,0.21703499999999998,24.70157804805731,7.280825687605685,-1.0391381,PAK_C,0,0
Peru,C,2014,474934,28029153475.609985,3456375455.96,PER,0.1233135870110248,-2.093024680146216,7277.591109417309,0,0.6528201805502925,5.86753622497354,6103.918647499693,28.6,0.10805,46.85312109128992,8.716686245139517,-0.20971336666666665,PER_C,1,0
Peru,C,2015,483713,26170072656.429996,3327146162.9499993,PER,0.12713553403652925,-2.062501564435563,6878.347621316771,0,1.1215159016870373,6.56472932864047,6231.711503388939,27.4,0.11702,45.16276868911478,8.737406293698061,-0.17062484999999966,PER_C,0,0
Peru,C,2016,489968,25606936998.5,3311289392.610001,PER,0.12931220133059917,-2.045525633150581,6758.174804497438,0,1.4027047487079964,6.87075765715407,6392.254749410137,27.2,0.12008,45.38884119641545,8.762842341065296,-0.10218744999999983,PER_C,0,0
Peru,C,2017,583462,27369522599.079994,4074404199.6099997,PER,0.14886646944097437,-1.9047055530929775,6983.152629665685,0,1.768924862241799,7.37507987722252,6457.419402547214,27.6,0.12085,47.51355036199706,8.772985043676032,-0.113524433333333,PER_C,0,0
Peru,C,2018,708218,29313853848.460007,4640861704.309999,PER,0.15831632811916355,-1.843160170736195,6552.871720727233,0,2.0492189713980467,8.09510839441633,6593.144374595259,27.9,0.12683,48.631470171736005,8.793785657037539,-0.12028254999999985,PER_C,0,0
Peru,C,2019,721830,29338386571.539997,4803321341.5,PER,0.16372138698859162,-1.8095891556824122,6654.366459554189,0,2.081262849220823,7.38778580236377,6626.260834949689,27.1,0.15696,46.94350537544095,8.798795947456263,-0.04995553333333318,PER_C,0,0
Peru,C,2020,714590,24677955936.870003,4794920715.390001,PER,0.19429975187799767,-1.638353199604202,6710.030528540843,0,2.3071171970065523,8.41186520281526,5831.830247585214,31.6,0.17229,44.24596719774405,8.671086166197869,-0.12392779999999982,PER_C,0,0
Peru,C,2021,697568,27308471934.670006,3564012767.2500005,PER,0.13050941758206683,-2.036309889443362,5109.197622669045,0.6783145041327373,2.426531910452651,9.05771410333768,6547.847181817761,30.6,0.13754,55.427249365521966,8.786891600072346,-0.18678671666666652,PER_C,0,0
Peru,C,2022,572182,30498690935.319996,3322879527.67,PER,0.10895154597674328,-2.216852027910234,5807.382140070817,0,2.132216132565388,9.45023631953673,6667.516956320359,30.6,0.16206,57.29697596497214,8.805002799183098,-0.27669286666666637,PER_C,0,0
Peru,D_E,2017,34956,4980849486.33,395341126.85,PER,0.07937222916191673,-2.533606730574911,11309.67864887287,0,0.13766361307681627,7.37507987722252,6457.419402547214,27.6,0.12085,47.51355036199706,8.772985043676032,-0.113524433333333,PER_D_E,1,0
Peru,D_E,2018,30225,5373937865.329999,349572491.71000004,PER,0.06504959686364624,-2.7326052713733993,11565.673836559141,0,0.18660649351758357,8.09510839441633,6593.144374595259,27.9,0.12683,48.631470171736005,8.793785657037539,-0.12028254999999985,PER_D_E,1,0
Peru,D_E,2019,29798,5970156487.37,360439353.64,PER,0.06037351858406351,-2.8072047042203563,12096.09214175448,0,0.19294926810017762,7.38778580236377,6626.260834949689,27.1,0.15696,46.94350537544095,8.798795947456263,-0.04995553333333318,PER_D_E,1,0
Peru,D_E,2021,41485,5324497426.139999,374059477.08000004,PER,0.07025254162836077,-2.655658791659611,9016.740438230687,0.029021209524969224,0.2723858599624258,9.05771410333768,6547.847181817761,30.6,0.13754,55.427249365521966,8.786891600072346,-0.18678671666666652,PER_D_E,1,0.029021209524969224
Philippines,C,2012,1045614,26838928867.42,5760470225.120001,PHL,0.2146311521438057,-1.5388342955565395,5509.174729030025,0,0.5330226132276099,2.14283906030847,2533.741419649587,34.1,0.122145,57.84200551330817,7.837452311337027,-0.3425087833333333,PHL_C,0,0
Philippines,C,2013,1057793,23664600803.679993,6262659559.690001,PHL,0.2646425186566476,-1.3293753498982377,5920.4963160939815,0,0.7627514709264864,2.52046664370868,2654.415069339782,33.1,0.13207,55.82478123202985,7.883979596537222,-0.30800874999999983,PHL_C,0,0
Philippines,C,2014,1066544,25501005154.779995,6082556041.25,PHL,0.2385222074318849,-1.433292860066531,5703.052139667937,0,0.6528201805502925,2.79471929116667,2776.9200590947853,32.4,0.14445,57.46817208759447,7.929097700106275,-0.19322595000000004,PHL_C,0,0
Philippines,C,2015,1129937,25067116689.829998,6419533374.179999,PHL,0.25609380821945404,-1.3622114632674702,5681.319732144358,0,1.1215159016870373,2.75369633406674,2909.8581801030064,30.8,0.15683,59.141592105309414,7.97585962361814,-0.23699346666666632,PHL_C,0,0
Philippines,C,2016,1092989,26736178607.19,6289797892.9800005,PHL,0.23525418442890425,-1.4470887135169024,5754.676298645275,0,1.4027047487079964,2.79705053563184,3076.3374186758983,28.6,0.21196,61.77606576538708,8.031495018587451,-0.3538303,PHL_C,0,0
Philippines,C,2017,1120767,27544494731.730003,6360006761.41,PHL,0.23089938019750864,-1.4657732469149884,5674.691315331375,0,1.768924862241799,3.14400726239576,3247.450387836204,27.8,0.26709,68.1683697426727,8.085625471395328,-0.3814649666666667,PHL_C,0,0
Philippines,C,2018,1247005,35878651419.87,6923101369.500001,PHL,0.1929587957050668,-1.6452786066264182,5551.783168070699,0.24473841138591607,2.048278412767331,3.46090446005956,3410.936479761091,27.6,0.32222,72.1633982990273,8.134742160070255,-0.382943966666665,PHL_C,0,0
Philippines,C,2019,1378585,31189294229.01001,6580537018.229999,PHL,0.2109870447824774,-1.5559585465262529,4773.39954970495,0.8984649352323437,2.0764711860173115,5.69730703529922,3575.8817092292174,26.9,0.25926,68.84184225956784,8.181967056671677,-0.3690284666666665,PHL_C,0,0
Philippines,C,2020,1177903,25963310606.18,5990411190.569999,PHL,0.23072601493062722,-1.4665243549643359,5085.657469732227,0.08454638085017581,2.3068860534969877,7.08108894988907,3198.6669000841307,29.1,0.27625,58.16956030222815,8.070489408264836,-0.3640741,PHL_C,0,0
Philippines,C,2021,1161906,29288010642.659996,6289777421.809999,PHL,0.21475604808229984,-1.5382525551509072,5413.327258668084,0,2.428785718869706,8.50897715713263,3350.975875877763,28,0.27625,63.48460981367115,8.117006888629858,-0.4241909666666665,PHL_C,0,0
Philippines,C,2022,1185098,31451727056.29,7106139063.950002,PHL,0.2259379604570507,-1.4874948286469498,5996.245934049338,0.5184291379335485,2.1300939389885665,7.63946525096298,3577.7013657324396,28,0.27625,72.42968361075991,8.182475796564232,-0.40206148333333314,PHL_C,0,0
Philippines,D_E,2012,74502,5862607875.43,805540371.0699999,PHL,0.13740307866163,-1.9848364928828297,10812.332166519018,0,0.021136563865870272,2.14283906030847,2533.741419649587,34.1,0.122145,57.84200551330817,7.837452311337027,-0.3425087833333333,PHL_D_E,1,0
Philippines,D_E,2013,74351,5709064447.35,890303825.6600001,PHL,0.15594566042659688,-1.8582476630125329,11974.335592796331,0,0.03412491689453631,2.52046664370868,2654.415069339782,33.1,0.13207,55.82478123202985,7.883979596537222,-0.30800874999999983,PHL_D_E,1,0
Philippines,D_E,2014,74245,5161239227.2,822229418.2,PHL,0.1593085268876529,-1.8369125362692058,11074.54263856152,0,0.02755824268901994,2.79471929116667,2776.9200590947853,32.4,0.14445,57.46817208759447,7.929097700106275,-0.19322595000000004,PHL_D_E,1,0
Philippines,D_E,2015,75276,5517721531.23,844738482.26,PHL,0.15309552638327736,-1.8766931969722151,11221.883233168606,0,0.060896008418894386,2.75369633406674,2909.8581801030064,30.8,0.15683,59.141592105309414,7.97585962361814,-0.23699346666666632,PHL_D_E,1,0
Philippines,D_E,2016,76248,5499483033.7699995,895426272.25,PHL,0.1628200808606129,-1.8151094862106278,11743.603402712202,0,0.08895133954321256,2.79705053563184,3076.3374186758983,28.6,0.21196,61.77606576538708,8.031495018587451,-0.3538303,PHL_D_E,1,0
Philippines,D_E,2017,85091,5458148723.940001,838727776.4499999,PHL,0.15366524784699503,-1.8729787577960388,9856.832995851499,0,0.13766361307681627,3.14400726239576,3247.450387836204,27.8,0.26709,68.1683697426727,8.085625471395328,-0.3814649666666667,PHL_D_E,1,0
Philippines,D_E,2018,90463,7145299732.830001,944365698.22,PHL,0.13216600192165348,-2.0236965561845612,10439.248070702939,0.008377653531993922,0.18642277328916443,3.46090446005956,3410.936479761091,27.6,0.32222,72.1633982990273,8.134742160070255,-0.382943966666665,PHL_D_E,1,0.008377653531993922
Philippines,D_E,2019,99824,6899296243.88,1038827021.14,PHL,0.1505699979271782,-1.8933272004136845,10406.585802412246,0.04322196904725116,0.19199041587525242,5.69730703529922,3575.8817092292174,26.9,0.25926,68.84184225956784,8.181967056671677,-0.3690284666666665,PHL_D_E,1,0.04322196904725116
Philippines,D_E,2020,93977,7003408968.89,1082600456.84,PHL,0.15458192740835835,-1.8670310487024138,11519.844822030922,0.0026731042870626444,0.24244892961567993,7.08108894988907,3198.6669000841307,29.1,0.27625,58.16956030222815,8.070489408264836,-0.3640741,PHL_D_E,1,0.0026731042870626444
Philippines,D_E,2021,96559,7467351090.05,1142867813.37,PHL,0.15304862455079066,-1.8769996005583072,11835.953286280925,0,0.27297582358953765,8.50897715713263,3350.975875877763,28,0.27625,63.48460981367115,8.117006888629858,-0.4241909666666665,PHL_D_E,1,0
Philippines,D_E,2022,99516,6800174360.9800005,1215927321.8700001,PHL,0.17880825657164,-1.7214412396151442,12218.410324671411,0.020402936804615492,0.20293249056565724,7.63946525096298,3577.7013657324396,28,0.27625,72.42968361075991,8.182475796564232,-0.40206148333333314,PHL_D_E,1,0.020402936804615492
Romania,C,2012,1156583,17031313073.06,7216538838.619999,ROU,0.42372181215053023,-0.8586781424987789,6239.533901691447,0,0.5330226132276099,17.567519569459,8234.285534251936,21.5,0.46244,76.59432399136725,9.016061879194224,0.04680945,ROU_C,0,0
Romania,C,2013,1157168,18251597020.010002,7829161604.69,ROU,0.42895761922129644,-0.846397154628091,6765.795117640653,0,0.7627514709264864,18.8919150905294,8287.95844089676,23.1,0.39022,81.39761317471827,9.022558950116128,0.11565866666666666,ROU_C,0,0
Romania,C,2014,1170199,20626900654.639996,8583188397.14,ROU,0.4161162426120098,-0.8767906283981922,7334.810914331665,1.4150141394157874,0.6091873018834315,20.1139523323465,8661.47397274241,24.3,0.38207,83.37514295752013,9.066640191777969,0.18475428333333335,ROU_C,1,1.4150141394157874
Romania,C,2015,1192380,16568401716.880001,8125113745.09,ROU,0.49039816174978895,-0.7125376428382275,6814.198279986246,1.9858859531563,1.066122110236614,21.4489855804576,8977.017481581965,23.7,0.48796,83.5205767017155,9.102422977129413,0.26803135,ROU_C,0,0
Romania,C,2016,1196306,18170651581.869995,8983605814.26,ROU,0.49440196317580104,-0.7044064020216995,7509.454783525285,1.7331866446760298,1.372090680898521,22.4982986593906,9286.87678236598,24.4,0.48863,85.8925282906884,9.136357583933709,0.2484391500000002,ROU_C,1,1.7331866446760298
Romania,C,2017,1207044,20548393432.980007,10347435602.58,ROU,0.5035642147075328,-0.686044038297172,8572.542179556007,1.458587636461748,1.754006678426684,24.148941859633,10106.226955725268,23.4,0.50693,87.15606456678009,9.220907043122473,0.21373540000000005,ROU_C,1,1.458587636461748
Romania,C,2018,1196882,22942462446.260002,13688544574.480001,ROU,0.5966467028787251,-0.5164301282376782,11436.837194042522,2.746669644377538,1.9984853529671907,25.9702175828069,10714.170115712675,23,0.49698,87.0911701095809,9.27932245420478,0.16724666666666682,ROU_C,1,2.746669644377538
Romania,C,2019,1159119,22679094132.160004,13871316741.09,ROU,0.6116345150408733,-0.4916203725089845,11967.120495039768,2.7075287102785346,2.0342308269426246,27.060557570268,11197.3162915853,23.5,0.47491,84.90636305847933,9.323429411747748,0.26594113333333336,ROU_C,1,2.7075287102785346
Romania,C,2020,1085879,21738330326.749996,13294652770.33,ROU,0.6115765364909526,-0.4917151698048257,12243.217495070814,1.8770935193782203,2.292512489852448,29.314080636148,10854.04943188705,24.1,0.46414,78.36164635627091,9.292293508868282,0.27110755000000014,ROU_C,1,1.8770935193782203
Romania,C,2021,1072274,26436292323.590004,14858126000.359999,ROU,0.5620351681124961,-0.5761908543336602,13856.650446024056,2.4554628586606935,2.4037676672726715,31.6949603653045,11546.322499807226,23.6,0.47108,87.07119654601449,9.354122266965355,0.3196921833333333,ROU_C,1,2.4554628586606935
Romania,C,2022,1066372,26051519950.530003,15026506486.650003,ROU,0.57679960766912175,-0.5502603731969242,14091.24253698522,1.9679685014018493,2.112819822721607,33.2115600895132,12076.303381189637,23.6,0.46274,93.9496509383447,9.399000413166812,0.36086395,ROU_C,1,1.9679685014018493
Romania,D_E,2012,166439,5596563058.650002,1634565480.6499999,ROU,0.29206594538832703,-1.23077566184097,9820.80810777522,0,0.021136563865870272,17.567519569459,8234.285534251936,21.5,0.46244,76.59432399136725,9.016061879194224,0.04680945,ROU_D_E,1,0
Romania,D_E,2013,164092,7408478035.960001,1690246481.5000002,ROU,0.22815029933215908,-1.4777506596123953,10300.602597932868,0,0.03412491689453631,18.8919150905294,8287.95844089676,23.1,0.39022,81.39761317471827,9.022558950116128,0.11565866666666666,ROU_D_E,1,0
Romania,D_E,2014,160200,6555047138.47,1712959161.5800002,ROU,0.2613191217996059,-1.3420129296473868,10692.62897365793,0.09034827982456625,0.02513464432323986,20.1139523323465,8661.47397274241,24.3,0.38207,83.37514295752013,9.066640191777969,0.18475428333333335,ROU_D_E,1,0.09034827982456625
Romania,D_E,2015,155359,4761004846.38,1473662189.0900002,ROU,0.30952755492582407,-1.172708160365457,9485.528286677953,0.17454217739212732,0.05616286274711458,21.4489855804576,8977.017481581965,23.7,0.48796,83.5205767017155,9.102422977129413,0.26803135,ROU_D_E,1,0.17454217739212732
Romania,D_E,2016,153950,4597944955.92,1510993714.7500002,ROU,0.3286237067289263,-1.1128419313405922,9814.834132835338,0.1322055181102889,0.08554255772257226,22.4982986593906,9286.87678236598,24.4,0.48863,85.8925282906884,9.136357583933709,0.2484391500000002,ROU_D_E,1,0.1322055181102889
Romania,D_E,2017,151315,4269817189.04,1612168512.6100001,ROU,0.3775731937067944,-0.9739908384733886,10654.386627961538,0.09541731880101709,0.13536513469619751,24.148941859633,10106.226955725268,23.4,0.50693,87.15606456678009,9.220907043122473,0.21373540000000005,ROU_D_E,1,0.09541731880101709
Romania,D_E,2018,151472,4981432747.0199995,2154420381.28,ROU,0.43249010690123657,-0.838195827088616,14223.225291010882,0.36650040910915,0.17689315107045328,25.9702175828069,10714.170115712675,23,0.49698,87.0911701095809,9.27932245420478,0.16724666666666682,ROU_D_E,1,0.36650040910915
Romania,D_E,2019,151180,4911389418.16,2221440917.43,ROU,0.45230396702329484,-0.7934008317579062,14694.013212263526,0.3538351416596307,0.18369534253677025,27.060557570268,11197.3162915853,23.5,0.47491,84.90636305847933,9.323429411747748,0.26594113333333336,ROU_D_E,1,0.3538351416596307
Romania,D_E,2020,150461,5570839907.330001,2384688755.3,ROU,0.42806628712526346,-0.8484772189315652,15849.215114215645,0.15522038066736235,0.2390309003003229,29.314080636148,10854.04943188705,24.1,0.46414,78.36164635627091,9.292293508868282,0.27110755000000014,ROU_D_E,1,0.15522038066736235
Romania,D_E,2021,148107,5758485267.23,2617766440.2400002,ROU,0.45459288662888647,-0.7883530152248633,17674.832656390314,0.28003381198459465,0.2664818420413029,31.6949603653045,11546.322499807226,23.6,0.47108,87.07119654601449,9.354122266965355,0.3196921833333333,ROU_D_E,1,0.28003381198459465
Romania,D_E,2022,145122,7898453121.75,2577234601.87,ROU,0.3262961192708809,-1.119949968586038,17759.08960646904,0.1712401712910817,0.1993565096715543,33.2115600895132,12076.303381189637,23.6,0.46274,93.9496509383447,9.399000413166812,0.36086395,ROU_D_E,1,0.1712401712910817
Russian Federation,C,2017,6896643,193827583399.69,54641418718.34001,RUS,0.2819073413594827,-1.266176838776611,7922.900854566492,2.552623986148493,1.7143285975388178,21.2763636749444,9418.9140625,3.2,1.10967,46.87652433713111,9.150475080935776,-0.6110491999999998,RUS_C,1,2.552623986148493
Russian Federation,C,2018,6880366,212467606342.57,53650919210.41,RUS,0.25251340726221805,-1.3762909336081848,7797.683903793782,3.2577793519899334,1.9606803552072531,21.8962972283043,9674.787109375,3.2,0.99001,51.5809003703964,9.17727851345692,-0.5655408166666662,RUS_C,1,3.2577793519899334
Russian Federation,C,2019,6795389,219583606796.03998,55240322062.299995,RUS,0.2515685158300998,-1.3800398977964043,8129.089013491353,3.363959760662247,1.9851697814237943,22.4233442134941,9882.0244140625,3.2,1.03531,49.22875366190334,9.198472669961488,-0.5448208499999997,RUS_C,1,3.363959760662247
Russian Federation,C,2020,6734662,200114147563.21,52191062489.64,RUS,0.2608064603386146,-1.343976677999422,7749.618687565909,3.1696835793913327,2.245530513039357,23.1557041794102,9632.3251953125,3.7,1.09099,45.966908202912734,9.172879928950492,-0.5832692333333334,RUS_C,1,3.1696835793913327
Russian Federation,C,2021,6692913,232508338407.49,57096703165.600006,RUS,0.24556841082203829,-1.4041797114129069,8530.919670642665,3.077051320364921,2.3795933296543104,23.7409106485411,10231.318359375,3.5,0.96602,50.586195462175176,9.233208722526568,-0.6117651166666664,RUS_C,1,3.077051320364921
Russian Federation,C,2022,6725226,285746513861.49,71177264596.99998,RUS,0.24909232884465482,-1.38993165267332,10583.624193001095,2.482279625487871,2.097390830608587,24.6345568628262,10119.0625,3.5,0.91494,42.782786429481114,9.22217630021034,-0.8056978333333312,RUS_C,1,2.482279625487871
Russian Federation,D_E,2017,2040805,48609871552.259995,16909491368.259996,RUS,0.34786126414838947,-1.0559515449364354,8285.696756064395,0.3069304472243011,0.12939148322206015,21.2763636749444,9418.9140625,3.2,1.10967,46.87652433713111,9.150475080935776,-0.6110491999999998,RUS_D_E,1,0.3069304472243011
Russian Federation,D_E,2018,2016397,46768475562.68,16594558778.3,RUS,0.35482359813202924,-1.0361345196760943,8229.807313887097,0.5643164533719953,0.16991079972528894,21.8962972283043,9674.787109375,3.2,0.99001,51.5809003703964,9.17727851345692,-0.5655408166666662,RUS_D_E,1,0.5643164533719953
Russian Federation,D_E,2019,1976618,46968305432.62,16837449289.17,RUS,0.35848534738654225,-1.0258674917818114,8518.312232899832,0.6133378865641824,0.17440926659885825,22.4233442134941,9882.0244140625,3.2,1.03531,49.22875366190334,9.198472669961488,-0.5448208499999997,RUS_D_E,1,0.6133378865641824
Russian Federation,D_E,2021,1936730,48725717252.94,16627617808.650002,RUS,0.3412493185546022,-1.0751419293945519,8585.408295761414,0.4872679048256908,0.26032046822514976,23.7409106485411,10231.318359375,3.5,0.96602,50.586195462175176,9.233208722526568,-0.6117651166666664,RUS_D_E,1,0.4872679048256908
Russian Federation,D_E,2022,1906609,56240317579.89001,19989741132.01,RUS,0.35543435727606526,-1.0344146958010438,10484.447063876232,0.2872691774453025,0.19620371554192775,24.6345568628262,10119.0625,3.5,0.91494,42.782786429481114,9.22217630021034,-0.8056978333333312,RUS_D_E,1,0.2872691774453025
Saudi Arabia,C,2012,773100,71788781866.66,9813323466.66,SAU,0.13669717205798534,-1.9899872226791986,12693.472340783857,1.0787860898410706,0.5025879021141039,9.38625903064258,23643.035832464662,0,0.85824,81.74067854615997,10.070823882583976,-0.4093368166666648,SAU_C,1,1.0787860898410706
Saudi Arabia,C,2013,800358,74742814400.03,10308713066.67,SAU,0.13792246317481274,-1.981063612780084,12880.12747629186,1.0787860898410706,0.7386395127861646,13.302899519935654,23057.349446853543,0,0.79069,80.25150142867832,10.045739845623244,-0.434158066666665,SAU_C,1,1.0787860898410706
Saudi Arabia,C,2014,897573,80008476800,11748647733.31,SAU,0.14684253723112997,-1.9183944416201204,13089.3506526043,1.363962019132244,0.6121149695803327,17.219540009228727,23404.730603982465,0,0.74576,78.00011111773601,10.06069344347705,-0.4135062833333315,SAU_C,1,1.363962019132244
Saudi Arabia,C,2015,959642,79607457066.66,12764890666.68,SAU,0.16034792640080447,-1.8304092846334516,13301.72154478441,1.2315054570257218,1.1004943616304124,21.1361804985218,23256.154955353068,0,0.70083,67.10526923005925,10.054325105243391,-0.3566863833333332,SAU_C,1,1.2315054570257218
Saudi Arabia,C,2016,977944,79388092799.98001,13103079466.66,SAU,0.16505094157726508,-1.8015011158990555,13398.598965441784,1.585598864237056,1.3772585550225882,20.82681485606,22783.032853868543,0,0.6559,57.92166351103645,10.033771364832358,-0.28499541666666484,SAU_C,1,1.585598864237056
Saudi Arabia,C,2017,1000718,93445570666.67,13528855200,SAU,0.14477791834841294,-1.9325543082532948,13519.148451411886,2.6577574234462973,1.7075596243771016,21.6139435772426,23035.1199977707,0,0.61097,59.53197915782293,10.04477528672353,-0.37262149999999816,SAU_C,1,2.6577574234462973
Saudi Arabia,C,2018,865627,96747167999.98999,13975293866.66,SAU,0.14445171011787597,-1.9348100133177075,16144.706515231155,2.6152884467391644,2.0053084681854214,22.4661479201746,24393.5188306638,0,0.56604,59.10291046971411,10.102072754303496,-0.32341428333333333,SAU_C,1,2.6152884467391644
Saudi Arabia,C,2019,NA,104122305694.66,22055571078.790005,SAU,0.21182369072260318,-1.552000997855679,NA,1.7669146875429325,2.0652005331328755,22.3213703520821,24905.669742855847,0,0.52111,56.79382048865131,10.122850757049271,-0.2661170166666648,SAU_C,NA,NA
Saudi Arabia,C,2020,NA,95672110909.87001,22289988229.699993,SAU,0.23298313393229883,-1.4567892145931272,NA,2.5296877967564697,2.2763938146245146,25.4596763527151,22827.671935547995,0.1,0.47618,47.53315922504798,10.03572876041035,-0.2789860333333317,SAU_C,NA,NA
Saudi Arabia,C,2021,NA,128254506784.82002,25712989068.65,SAU,0.20048409769950748,-1.607020348600387,NA,1.9084269525974107,2.4153761187890304,33.7973610185654,24922.671694894445,0.1,0.39379,50.88392633987874,10.123533178025278,-0.19031499999999998,SAU_C,NA,NA
Saudi Arabia,C,2022,NA,159397470709.07007,30330192991.18001,SAU,0.1902802651526274,-1.6592572139324422,NA,1.0787860898410706,2.126140733657254,41.8230078726101,26706.91792606596,0.1,0.41439,56.824164774933216,10.19267790918269,-0.08134633333333166,SAU_C,NA,NA
Saudi Arabia,D_E,2015,108409,9616896000,2541085066.67,SAU,0.26423131399882044,-1.3309303700762007,23439.798048778237,0.07103245618367973,0.05907153157234556,21.1361804985218,23256.154955353068,0,0.70083,67.10526923005925,10.054325105243391,-0.3566863833333332,SAU_D_E,1,0.07103245618367973
Saudi Arabia,D_E,2016,111733,10853705866.67,2593004533.33,SAU,0.238904993850322,-1.4316893213513853,23207.150379297073,0.11134968664210926,0.08611149568599676,20.82681485606,22783.032853868543,0,0.6559,57.92166351103645,10.033771364832358,-0.28499541666666484,SAU_D_E,1,0.11134968664210926
Saudi Arabia,D_E,2018,96506,10778809066.66,2823823466.67,SAU,0.2619791712800986,-1.339490277312169,29260.600031811493,0.325296296002397,0.17817638856625576,22.4661479201746,24393.5188306638,0,0.56604,59.10291046971411,10.102072754303496,-0.32341428333333333,SAU_D_E,1,0.325296296002397
Thailand,C,2016,3857758,75111252748.64998,15160208304.71,THA,0.20183671220930985,-1.6002962638757914,3929.7976453447827,0,1.4027047487079964,10.187716904417,5857.780529359259,22.4,0.77829,120.5752272891298,8.675526061571343,-0.40896729999999804,THA_C,0,0
Thailand,C,2021,4717395,162560966265.51004,25856268108.58,THA,0.15905582196373688,-1.8385000568436698,5481.047931873418,1.480908276066132,2.420875065249916,17.3168855632327,6121.526965297128,19,1.20822,117.252944620852,8.719566848518909,-0.3100672666666667,THA_C,0,0
Thailand,D_E,2016,23114,249005207.27,48235521.47,THA,0.19371290262896998,-1.6413780993835496,2086.8530531279744,0,0.08895133954321256,10.187716904417,5857.780529359259,22.4,0.77829,120.5752272891298,8.675526061571343,-0.40896729999999804,THA_D_E,0,0
Thailand,D_E,2021,34811,618857417.62,118336507.05,THA,0.19121772427823225,-1.6543425824612747,3399.399817586395,0.098090401491651,0.2709094263458156,17.3168855632327,6121.526965297128,19,1.20822,117.252944620852,8.719566848518909,-0.3100672666666667,THA_D_E,0,0
Tunisia,C,2012,483604,6032081257.5599985,1996796443.9899998,TUN,0.3310294339101314,-1.1055479833588038,4128.99075274398,0,0.5330226132276099,4.78950869178639,3900.046201327017,13,0.64937,101.55072392966808,8.268743678541675,-0.17122581666666634,TUN_C,0,0
Tunisia,C,2013,487157,6069090835.969999,2163616758.38,TUN,0.3564976726920578,-1.031427567362117,4441.313084652381,0,0.7627514709264864,4.66714973152741,3947.587635331742,13.2,0.637,98.9549566862038,8.280859946094077,-0.2563033666666665,TUN_C,0,0
Tunisia,C,2014,486674,6018229601.0199995,2166909603.15,TUN,0.3600576493098139,-1.0214911233808324,4452.486886807185,0,0.6528201805502925,5.03392320650315,4021.5995470359144,12.9,0.61988,96.10710385587004,8.299434999745555,-0.1611678666666665,TUN_C,0,0
Tunisia,C,2015,486843,5481082305.74,2031232075.9700005,TUN,0.3705895957524331,-0.9926600395874734,4172.252812446724,0,1.1215159016870373,5.03388625276524,4014.9477368643215,12.5,0.59413,87.24853065960522,8.29777960932586,-0.16676874999999983,TUN_C,0,0
Tunisia,C,2016,481286,6282777312.990001,2002667708.6299999,TUN,0.31875516333984494,-1.1433319839274598,4161.076176389922,0,1.4027047487079964,5.55369160408213,4015.288938027026,12.4,0.56539,87.09266436414659,8.29786458843089,-0.20930704999999997,TUN_C,0,0
Tunisia,C,2017,504941,6140845448.820001,1833934510.07,TUN,0.29864528025573434,-1.2084987635257727,3631.977815368528,0.6783145041327373,1.7645602161451086,6.8819804955977,4062.8060653451903,11.8,0.69953,95.8091979825804,8.309629162962034,-0.14116188333333315,TUN_C,0,0
Tunisia,C,2018,520779,6359840520.900002,1975760484.9900002,TUN,0.31066195425768384,-1.169049921778144,3793.8559062289382,0,2.0492189713980467,8.6185014951323,4127.970056979944,11.9,0.71645,103.8718242606352,8.325541053496512,-0.0907774,TUN_C,0,0
Tunisia,C,2019,532170,6165623656.099999,1992221170.0899994,TUN,0.32311754353008276,-1.129739110101499,3743.580378619613,0.21723685541919807,2.080465831436587,10.0541966829532,4153.279786155147,12.2,0.74658,102.33261472578928,8.331653611011207,-0.09961998333333329,TUN_C,0,0
Tunisia,C,2020,521811,5935251289.379999,2067198491.2099996,TUN,0.34829165445932464,-1.0547150626801207,3961.584733188836,0.39560114265991536,2.305845118686211,11.1467984493476,3749.268414529278,12.9,0.74658,84.3333297071767,8.229316010473173,-0.08330338333333331,TUN_C,0,0
Tunisia,C,2021,532077,6927987160.97,2265400589.3799996,TUN,0.32699260791684504,-1.1178177140992813,4257.655544930526,0,2.428785718869706,12.4220429522978,3902.5332299019938,11.6,0.74658,93.6334140664079,8.269381167382672,-0.18332759999999979,TUN_C,0,0
Tunisia,C,2022,555565,7061181316.949998,2328006636.66,TUN,0.32969081689939633,-1.1095999821907545,4190.3407101959265,0,2.132216132565388,13.9309222767522,3986.545583256664,11.6,0.74658,116.09579438414566,8.290680366282462,-0.34616174999999966,TUN_C,0,0
Türkiye,C,2012,3165267,74836558520.84998,33851348167.949993,TUR,0.4523370507279377,-0.7933276895854678,10694.626446347178,1.363962019132244,0.48701599618331526,10.4644431033188,9588.320665314382,13,0.82595,53.32776129686072,9.16830103943749,-0.03445583333333332,TUR_C,1,1.363962019132244
Türkiye,C,2013,3361143,87319450225.53,36795760461.34,TUR,0.4213924889163107,-0.8641906018897639,10947.395115691297,1.0787860898410706,0.7386395127861646,11.640102340966,10269.448914077338,13.8,0.81206,53.06835300430433,9.236928641704614,-0.08874084999999997,TUR_C,1,1.0787860898410706
Türkiye,C,2014,3540868,88555513194.16,36921693455.74,TUR,0.41693274787746226,-0.8748303462629519,10427.300157966916,0.6783145041327373,0.63943503745856,11.3618631179594,10597.980188171632,11.5,0.8564,54.30677404127998,9.268418713657832,-0.15099209999999996,TUR_C,1,0.6783145041327373
Türkiye,C,2015,3621817,86073229366.89,34141093013.3,TUR,0.3966517030257161,-0.9246967057208006,9426.509680997135,0.39560114265991536,1.1173467975100748,11.8786301825878,11064.649450466248,13.3,0.96732,51.87492525968317,9.311510571049386,-0.28809488333333166,TUR_C,1,0.39560114265991536
Türkiye,C,2016,3634477,90313597511.68999,45331440670.700005,TUR,0.5019337278069607,-0.6892871843261248,12472.61729010804,2.0533381690418,1.3577397629630885,12.859061240418,11279.616953156876,13.2,1.11979,48.87018380798705,9.330752566421994,-0.46109859999999997,TUR_C,1,2.0533381690418
Türkiye,C,2017,3723677,93751163574.88998,42269689295.88,TUR,0.4508710898517464,-0.796573812151467,11351.599318598255,2.1753085034584716,1.7332741715352085,14.3528880563786,12005.645982483236,11.4,1.17632,56.135658515868904,9.393132316660674,-0.45689401666666485,TUR_C,1,2.1753085034584716
Türkiye,C,2018,3820080,92784683536.9,38408861531.92001,TUR,0.41395691689399366,-0.881993376045455,10054.465228979501,2.2673863645772605,2.0194388668428593,15.8823338271459,12255.008214616912,11.8,1.27093,62.825132385116525,9.413689966269366,-0.48606238333333335,TUR_C,1,2.2673863645772605
Türkiye,C,2019,3772698,84725544263.92,39171724871.19,TUR,0.46233665668962964,-0.7714619591356635,10382.947394991596,1.9203463665170188,2.0619568764531317,16.6733436685105,12238.295022012751,14.1,1.3196,62.57845893262392,9.412325250776592,-0.44690135,TUR_C,1,1.9203463665170188
Türkiye,C,2020,4010151,91976599994.56001,35509755413.82,TUR,0.38607379937854014,-0.9517267376919591,8854.96716054333,2.4150931294028193,2.2800577080424533,19.4384064376386,12338.643833135042,13.7,1.36748,60.38985311729702,9.42049139134983,-0.5202743666666665,TUR_C,1,2.4150931294028193
Türkiye,C,2021,4390515,126560426578.76,39688964595.200005,TUR,0.3135969565534066,-1.1596466954209406,9039.705955952777,3.021346362186319,2.3824532320838974,20.9211211378579,13670.938029516012,12,1.40209,69.60889760864374,9.52302754693335,-0.541313983333333,TUR_C,1,3.021346362186319
Türkiye,C,2022,4684091,129493716724.73997,39290497776.399994,TUR,0.30341624883559687,-1.1926496576823968,8388.073113097076,2.4410829817529316,2.098950309898065,21.8230372591075,14273.574765487305,12,1.32342,79.89827223143409,9.566165188242875,-0.5828082666666663,TUR_C,1,2.4410829817529316
Türkiye,D_E,2012,151523,13052020888.809998,2977169251.78,TUR,0.2281002518416472,-1.4779700456080236,19648.299279845305,0.0846529425965782,0.018857872496311386,10.4644431033188,9588.320665314382,13,0.82595,53.32776129686072,9.16830103943749,-0.03445583333333332,TUR_D_E,1,0.0846529425965782
Türkiye,D_E,2013,168672,15135535264.199999,3415047701.89,TUR,0.22563111527133065,-1.4888538465666419,20246.678179484443,0.057223887399433127,0.032625977026923915,11.640102340966,10269.448914077338,13.8,0.81206,53.06835300430433,9.236928641704614,-0.08874084999999997,TUR_D_E,1,0.057223887399433127
Türkiye,D_E,2014,185102,11892020130.54,3430384595.6499996,TUR,0.2884610485009522,-1.243195216010692,18532.401571295824,0.029021209524969224,0.026804115877176245,11.3618631179594,10597.980188171632,11.5,0.8564,54.30677404127998,9.268418713657832,-0.15099209999999996,TUR_D_E,1,0.029021209524969224
Türkiye,D_E,2015,198914,13565145012.489998,3162943102.45,TUR,0.2331669215137579,-1.4560006805627868,15901.058258594165,0.014615879893434769,0.060531379249678004,11.8786301825878,11064.649450466248,13.3,0.96732,51.87492525968317,9.311510571049386,-0.28809488333333166,TUR_D_E,1,0.014615879893434769
Türkiye,D_E,2018,189245,13340111712.440002,2799798423.48,TUR,0.20987818421858603,-1.5612279917229392,14794.570125921424,0.2331453494527285,0.1808566105473655,15.8823338271459,12255.008214616912,11.8,1.27093,62.825132385116525,9.413689966269366,-0.48606238333333335,TUR_D_E,1,0.2331453494527285
Türkiye,D_E,2019,178039,15047481226.85,2783852264.9300003,TUR,0.18500453484285653,-1.6873749415401533,15636.193558321493,0.16269569827115157,0.18910833044207614,16.6733436685105,12238.295022012751,14.1,1.3196,62.57845893262392,9.412325250776592,-0.44690135,TUR_D_E,1,0.16269569827115157
Türkiye,D_E,2020,178974,15649476149.68,2544600796.1699996,TUR,0.16259974275381936,-1.81646366394951,14217.712048509837,0.26940671371369956,0.23609933433587574,19.4384064376386,12338.643833135042,13.7,1.36748,60.38985311729702,9.42049139134983,-0.5202743666666665,TUR_D_E,1,0.26940671371369956
Türkiye,D_E,2021,193623,15695810133.16,2583470370.29,TUR,0.1645961787491294,-1.8042602063845332,13342.78660226316,0.465116729657922,0.2610435992110551,20.9211211378579,13670.938029516012,12,1.40209,69.60889760864374,9.52302754693335,-0.541313983333333,TUR_D_E,1,0.465116729657922
Türkiye,D_E,2022,202224,21925556673.559998,2517170219.15,TUR,0.11480530490637224,-2.1645175861784987,12447.435611747369,0.27621211799653633,0.1965206267943425,21.8230372591075,14273.574765487305,12,1.32342,79.89827223143409,9.566165188242875,-0.5828082666666663,TUR_D_E,1,0.27621211799653633
Ukraine,C,2012,1950553,27682279716.410007,8847784183.97,UKR,0.31961905864006745,-1.1406254340767819,4536.038848454771,0.6783145041327373,0.5179210371575619,8.03755151150735,2426.92944335938,2.9,0.72363,102.6227883566263,7.794382133758643,-0.631781783333333,UKR_C,0,0
Ukraine,C,2013,1864589,23993106468.160007,8972688602.53,UKR,0.3739694405323123,-0.9835811947126849,4812.1535644209,0.6783145041327373,0.7507681634115936,8.85842948316205,2432.41625976563,3.5,0.733,94.0016694501782,7.7966403878830555,-0.7741823499999997,UKR_C,0,0
Ukraine,C,2014,1610991,23207143403.39,5789633571.559999,UKR,0.249476356091042,-1.38839113344723,3593.833591596725,0,0.6528201805502925,9.3062102695115,2308.6435546875,3.5,0.65034,100.6917824836239,7.744415425280027,-0.8535136166666647,UKR_C,0,0
Ukraine,C,2015,1470634,13941410405.380001,3540680672.26,UKR,0.2539686135983522,-1.3705445881092422,2407.5879330003254,0,1.1215159016870373,11.6437042355302,2094.47387695313,4.2,0.61477,107.80661629815584,7.647057668097867,-0.8163728999999998,UKR_C,0,0
Ukraine,C,2016,1422291,13113577553.319998,3583773747.4,UKR,0.2732872652659676,-1.2972317833065727,2519.7190641015095,0.7263928327940306,1.3957713469257194,12.0342584918375,2156.0830078125,5.5,0.48339,105.52120491312238,7.676048432128427,-0.7432636166666666,UKR_C,0,0
Ukraine,C,2017,1437105,16769165960.49,4561973057.749999,UKR,0.27204531629649975,-1.3017866225318009,3174.4187500217445,0.43128849883429,1.7665022171143514,12.3535432124088,2217.7529296875,6.5,0.44878,104.03498291139856,7.704249768417747,-0.6836793166666664,UKR_C,0,0
Ukraine,C,2018,1442092,17528065301.2,5643114837.76,UKR,0.32194738784854154,-1.1333671385623347,3913.1448186107405,1.259437555038032,2.0406266757376494,12.8032560497243,2308.6669921875,6.9,0.47113,99.1998150718675,7.744425577293742,-0.6165367166666664,UKR_C,0,0
Ukraine,C,2019,1396962,18365208019.269993,6954954942.399999,UKR,0.3787027587763993,-0.9710036592411407,4978.6285828819955,0.6147717022009092,2.0784705033746262,16.1591311845578,2398.07836914063,7.4,0.43384,90.51123429107628,7.782423016096244,-0.4969051999999998,UKR_C,0,0
Ukraine,C,2020,1362361,19809371216.72,6808874583.6,UKR,0.34371987425087996,-1.067928272384732,4997.849016229913,1.1495474680899693,2.3014511449780257,18.617022844321,2324.107421875,8.7,0.40318,79.15645237618149,7.751091339741339,-0.493786983333333,UKR_C,0,0
Ukraine,C,2021,1345842,26805719435.78,7618953589.270001,UKR,0.28422865528840463,-1.2579762405046557,5661.105530418877,0.8303140530563654,2.4257795860217812,18.2677942438439,2426.6123046875,8.9,0.38478,82.69796136344999,7.794251450357203,-0.5045089666666663,UKR_C,0,0
Ukraine,C,2022,1114189,14158723148.4,5339085016.27,UKR,0.37708802978278033,-0.975276618041103,4791.9024656229785,1.3708360449831907,2.123004168590756,17.5398140646824,1874.66296386719,8.9,0.32673,87.39651399072439,7.53618416964291,-0.5909324666666645,UKR_C,0,0
Ukraine,D_E,2012,581458,9608399619.130001,3122751775.7699995,UKR,0.3250022792091938,-1.1239230837256247,5370.554323390511,0.029021209524969224,0.02037757686701142,8.03755151150735,2426.92944335938,2.9,0.72363,102.6227883566263,7.794382133758643,-0.631781783333333,UKR_D_E,0,0
Ukraine,D_E,2013,575409,8528712623.539999,3377955711.2500005,UKR,0.3960686519002346,-0.9261677193689206,5870.529851375283,0.029021209524969224,0.033375727813294766,8.85842948316205,2432.41625976563,3.5,0.733,94.0016694501782,7.7966403878830555,-0.7741823499999997,UKR_D_E,0,0
Ukraine,D_E,2014,492621,8297537600.76,2146608226.93,UKR,0.2587042482017056,-1.3520697685809329,4357.524804931174,0,0.02755824268901994,9.3062102695115,2308.6435546875,3.5,0.65034,100.6917824836239,7.744415425280027,-0.8535136166666647,UKR_D_E,0,0
Ukraine,D_E,2016,458673,6068019775.4,1313786591.34,UKR,0.2165099389863798,-1.530118825034976,2864.32074994604,0.03187754018548429,0.08817118609099846,12.0342584918375,2156.0830078125,5.5,0.48339,105.52120491312238,7.676048432128427,-0.7432636166666666,UKR_D_E,0,0
Ukraine,D_E,2017,440998,5820629895.41,1486655853.7499998,UKR,0.2554115070814481,-1.3648792812637711,3371.116997696134,0.016228045374475704,0.13728837561540258,12.3535432124088,2217.7529296875,6.5,0.44878,104.03498291139856,7.704249768417747,-0.6836793166666664,UKR_D_E,0,0
Ukraine,D_E,2018,425780,5489386000.81,1782063353.8600001,UKR,0.3246380111722956,-1.1250445291792641,4185.408788247452,0.07377143258131974,0.18493331043239583,12.8032560497243,2308.6669921875,6.9,0.47113,99.1998150718675,7.744425577293742,-0.6165367166666664,UKR_D_E,0,0
Ukraine,D_E,2019,410797,10423752015.23,2369495327.41,UKR,0.22731693194043404,-1.481410059299083,5768.044380582136,0.0254392847604827,0.19239004937393175,16.1591311845578,2398.07836914063,7.4,0.43384,90.51123429107628,7.782423016096244,-0.4969051999999998,UKR_D_E,0,0
Ukraine,D_E,2020,417869,7568833102.02,2771582434.6499996,UKR,0.3661835843507117,-1.0046204747516434,6632.658643378666,0.06338396431815325,0.24115210593435601,18.617022844321,2324.107421875,8.7,0.40318,79.15645237618149,7.751091339741339,-0.493786983333333,UKR_D_E,0,0
Ukraine,D_E,2021,428944,12984419076.79,3213017516.4,UKR,0.2474517725743584,-1.3965395742461548,7490.529104964751,0.03850980943469853,0.2721891477238047,18.2677942438439,2426.6123046875,8.9,0.38478,82.69796136344999,7.794251450357203,-0.5045089666666663,UKR_D_E,1,0.03850980943469853
Ukraine,D_E,2022,388097,9584524935.78,2595495521.63,UKR,0.2708006436438756,-1.3063723611230764,6687.7495101224695,0.08540482755561259,0.2014588817786398,17.5398140646824,1874.66296386719,8.9,0.32673,87.39651399072439,7.53618416964291,-0.5909324666666645,UKR_D_E,0,0
Uruguay,C,2012,110244,5125928087.920001,2157328428.3,URY,0.42086591760505965,-0.8654409815257036,19568.66975345597,0,0.5330226132276099,17.4092710291806,15949.317698543451,47.9,0.30808,55.06115416337678,9.67717132977722,0.8675452833333333,URY_C,1,0
Uruguay,C,2013,109763,4628243402.449999,2449935252.7900004,URY,0.5293445136211088,-0.636115804615763,22320.228608820828,0,0.7627514709264864,22.0329969745948,16639.40547506506,51.9,0.29118,49.71784647462325,9.71952898507496,0.8939975,URY_C,1,0
Uruguay,C,2014,107699,4782822068.919998,2446192353.95,URY,0.5114537648903947,-0.6704980888971132,22713.23182155823,0,0.6528201805502925,25.0350829208297,17122.03645632247,56.7,0.31707,49.0876240632174,9.748121594509513,0.95504395,URY_C,1,0
Uruguay,C,2018,94701,5460868829.51,2482862492.1400003,URY,0.45466437112037095,-0.788195778115074,26217.912082660165,0,2.0492189713980467,28.7930537740968,17608.944119503696,60.8,0.50484,47.79131048064754,9.776162240550308,0.9528076,URY_C,1,0
Uruguay,C,2019,90618,4500942932.710001,2302584424.35,URY,0.511578231222679,-0.6702547605684367,25409.790818049394,0.8984649352323437,2.0764711860173115,29.8012543248776,17758.43843729862,59.3,0.56805,49.744834115963606,9.784616086852678,0.99744665,URY_C,1,0.8984649352323437
Uruguay,C,2020,84766,3603637887.72,1863177407.98,URY,0.5170268118028977,-0.6596605454646424,21980.244531769815,0,2.3071171970065523,31.2948224284548,16443.36350008429,61.2,0.67606,47.731873318208784,9.707677240146536,1.0457745833333334,URY_C,1,0
Uruguay,C,2021,86404,4916933387.619999,1933709120.1199996,URY,0.3932754356584838,-0.9332450585035794,22379.85648951437,0.6783145041327373,2.426531910452651,32.5451063460216,17416.005220886917,57.8,0.61467,58.31504102303376,9.765144902689656,1.0867007499999999,URY_C,1,0.6783145041327373
Uruguay,C,2022,89466.61000000002,5472511655.78,2322258842.06,URY,0.42434972972734714,-0.857197329476405,25956.70990618734,0,2.132216132565388,33.4865565704576,18228.355844376107,57.8,0.62206,61.03079510438214,9.810733674048398,1.1200018166666665,URY_C,1,0
Uruguay,D_E,2012,15483,584929792.25,487778879.34000003,URY,0.8339101304170237,-0.18162963972336119,31504.15806626623,0,0.021136563865870272,17.4092710291806,15949.317698543451,47.9,0.30808,55.06115416337678,9.67717132977722,0.8675452833333333,URY_D_E,1,0
Uruguay,D_E,2018,15096,1392154238.38,557399778.9,URY,0.40038651144619297,-0.9153249198053355,36923.67374801272,0,0.18660649351758357,28.7930537740968,17608.944119503696,60.8,0.50484,47.79131048064754,9.776162240550308,0.9528076,URY_D_E,1,0
Uruguay,D_E,2019,15007,1200903006.6,531439471.21000004,URY,0.4425332173283611,-0.8152397499428441,35412.77212034384,0.04322196904725116,0.19199041587525242,29.8012543248776,17758.43843729862,59.3,0.56805,49.744834115963606,9.784616086852678,0.99744665,URY_D_E,1,0.04322196904725116
Uruguay,D_E,2020,14594,904519100.02,458048549.91,URY,0.5064000858576364,-0.6804282386070895,31386.086741811705,0,0.2425042018037979,31.2948224284548,16443.36350008429,61.2,0.67606,47.731873318208784,9.707677240146536,1.0457745833333334,URY_D_E,1,0
Uruguay,D_E,2021,14128,1438401686.35,464282605.07000005,URY,0.3227767385674687,-1.130794406621962,32862.58529657418,0.029021209524969224,0.2723858599624258,32.5451063460216,17416.005220886917,57.8,0.61467,58.31504102303376,9.765144902689656,1.0867007499999999,URY_D_E,1,0.029021209524969224
Uruguay,D_E,2022,13915.199999999999,1085046646.42,500991231.75,URY,0.46172322029008533,-0.7727896577078865,36003.16429156606,0,0.20337519968141432,33.4865565704576,18228.355844376107,57.8,0.62206,61.03079510438214,9.810733674048398,1.1200018166666665,URY_D_E,1,0
Uzbekistan,C,2013,486370,8499512708.5199995,2424469248.38,UZB,0.28524802909579594,-1.254396199656299,4984.824821391122,0,0.7627514709264864,1.03047816642845,2530.6844789870347,1.2,0.155,42.37791497273587,7.836245090185016,-1.1828545499999967,UZB_C,0,0
Uzbekistan,C,2014,495277,10257951833.710001,2661423248.76,UZB,0.25944977047113327,-1.3491921578435406,5373.605575788903,0,0.6528201805502925,2.71465494120139,2659.990750952732,1.4,0.15335,36.35705466490434,7.886077924684261,-1.0430995166666635,UZB_C,0,0
Uzbekistan,C,2015,494300,11041283811.690002,2757558137.34,UZB,0.24974977406344945,-1.3872957661047365,5578.713609832086,0,1.1215159016870373,5.81406186655157,2803.190180217509,1.7,0.16497,30.756191430708927,7.93851339767426,-1.0459225833333299,UZB_C,0,0
Uzbekistan,C,2016,510852,11761340172.55,2676866689.89,UZB,0.22759878131384947,-1.4801709312528666,5240.0043258908645,0,1.4027047487079964,8.77864127770599,2918.677258529029,1.6,0.17238,29.192297038804217,7.978885798975264,-1.0089535333333333,UZB_C,0,0
Uzbekistan,C,2017,590929,8577022588.940001,2120168075.9200003,UZB,0.24719161619720337,-1.3975914690335869,3587.8558607210007,0,1.768924862241799,10.4346190212708,2995.767614377434,1.7,0.13212,42.55950818952166,8.004955776334185,-0.9559192499999964,UZB_C,0,0
Uzbekistan,C,2018,633749,8547104912.070001,1716390649.5,UZB,0.20081544185518976,-1.6053689924520729,2708.3129906319377,0,2.0492189713980467,12.7372983265011,3108.161878611196,1.5,0.11164,64.13813949857727,8.041786794626425,-0.8840191166666664,UZB_C,0,0
Uzbekistan,C,2019,716191,11808611437.42,2032132464.3799999,UZB,0.17208902800717352,-1.759743331386917,2837.4169242283133,0,2.081262849220823,10.5554301857614,3259.3696463249375,1.6,0.10128,64.96392276324072,8.089289095641268,-0.8550813166666649,UZB_C,0,0
Uzbekistan,C,2020,742964,12709172482.449999,2048428475.3500001,UZB,0.16117717169852402,-1.825251073711352,2757.1032719620334,0,2.3071171970065523,15.8070422134311,3249.051910940178,1,0.12554,56.05153083499712,8.086118513054597,-0.8380489333333329,UZB_C,0,0
Uzbekistan,C,2021,755477,15058664573.64,1970263597.5600004,UZB,0.13083919811912947,-2.0337862050442053,2607.9729727840827,0,2.428785718869706,21.8944210928633,3442.724844503404,1,0.11843,57.45897169732216,8.144018542777376,-0.6166745333333331,UZB_C,0,0
Uzbekistan,C,2022,810456,17182717724.84,2812246314.4300003,UZB,0.16366714273403377,-1.8099205310980395,3469.9555736893803,0,2.132216132565388,25.7992232452287,3576.7155271605357,1,0.14297,62.84125253785171,8.182200207765618,-0.6129223333333313,UZB_C,0,0
Uzbekistan,D_E,2013,137006,939457221.44,813174423.1800002,UZB,0.8655789796725032,-0.14435665529695665,5935.319790228166,0,0.03412491689453631,1.03047816642845,2530.6844789870347,1.2,0.155,42.37791497273587,7.836245090185016,-1.1828545499999967,UZB_D_E,0,0
Uzbekistan,D_E,2014,138272,1212065299.09,860957024.5200001,UZB,0.7103223111546824,-0.3420364525823667,6226.546405056701,0,0.02755824268901994,2.71465494120139,2659.990750952732,1.4,0.15335,36.35705466490434,7.886077924684261,-1.0430995166666635,UZB_D_E,0,0
Uzbekistan,D_E,2015,147747,1320732050.38,1003532650,UZB,0.7598306179601413,-0.27465974164629303,6792.237067419304,0,0.060896008418894386,5.81406186655157,2803.190180217509,1.7,0.16497,30.756191430708927,7.93851339767426,-1.0459225833333299,UZB_D_E,0,0
Uzbekistan,D_E,2016,148279,1416324496.36,949293918.36,UZB,0.6702517119485798,-0.4001019476752538,6402.079312377343,0,0.08895133954321256,8.77864127770599,2918.677258529029,1.6,0.17238,29.192297038804217,7.978885798975264,-1.0089535333333333,UZB_D_E,0,0
Uzbekistan,D_E,2017,136336,933300142.61,507345793.67999995,UZB,0.5436041103146017,-0.6095340354485956,3721.2900017603565,0,0.13766361307681627,10.4346190212708,2995.767614377434,1.7,0.13212,42.55950818952166,8.004955776334185,-0.9559192499999964,UZB_D_E,0,0
Uzbekistan,D_E,2018,119649,727420856.61,365040480.78000003,UZB,0.501828449738434,-0.6894969512834138,3050.9279708146332,0,0.18660649351758357,12.7372983265011,3108.161878611196,1.5,0.11164,64.13813949857727,8.041786794626425,-0.8840191166666664,UZB_D_E,0,0
Uzbekistan,D_E,2019,108318,1024693680.53,361527773.34999996,UZB,0.3528154610683339,-1.0418101319199042,3337.6518524160338,0,0.19294926810017762,10.5554301857614,3259.3696463249375,1.6,0.10128,64.96392276324072,8.089289095641268,-0.8550813166666649,UZB_D_E,0,0
Uzbekistan,D_E,2020,116837,1225052643.85,394383404.65999997,UZB,0.3219318015759409,-1.1334155522177523,3375.5009514109397,0,0.2425042018037979,15.8070422134311,3249.051910940178,1,0.12554,56.05153083499712,8.086118513054597,-0.8380489333333329,UZB_D_E,0,0
Uzbekistan,D_E,2021,117190,1301241571.63,408001630.2,UZB,0.3135479522752388,-1.159802972790262,3481.539638194385,0,0.27297582358953765,21.8944210928633,3442.724844503404,1,0.11843,57.45897169732216,8.144018542777376,-0.6166745333333331,UZB_D_E,0,0
Uzbekistan,D_E,2022,114330,1533255633.61,508320137.2799999,UZB,0.33152993286786553,-1.1040371782052416,4446.078345840986,0,0.20337519968141432,25.7992232452287,3576.7155271605357,1,0.14297,62.84125253785171,8.182200207765618,-0.6129223333333313,UZB_D_E,0,0
Zimbabwe,C,2014,45382,1476055558.8000004,287021005.56000006,ZWE,0.1944513564200399,-1.6375732427295246,6324.55611387775,0,0.6528201805502925,1.0715151211425,1381.2540412587148,80.8,NA,54.67175924739176,7.230747091059947,-1.406132883333333,ZWE_C,0,0
Zimbabwe,C,2015,46503,1602105138.97,286755762.42999995,ZWE,0.17898685638968514,-1.7204429038279347,6166.392758101627,0,1.1215159016870373,1.13887667161631,1387.1263259502578,80.8,NA,56.74965266043333,7.234989494718447,-1.2073352999999964,ZWE_C,0,0
Zimbabwe,C,2016,49693,1680378503.2700002,339295679.0300001,ZWE,0.2019162220712381,-1.5999024098318686,6827.836496689676,0,1.4027047487079964,1.17009972538909,1378.3425619237385,81.7,NA,51.2190376594477,7.228637014237936,-1.2373722833333334,ZWE_C,0,0
Zimbabwe,C,2017,43246,1908612221.3999999,295966747.14,ZWE,0.15506908308640258,-1.8638845640248145,6843.7947356980985,0,1.768924862241799,1.26454162104636,1422.9194894692664,82,NA,55.02831783106102,7.2604660184634415,-1.2065510499999998,ZWE_C,0,0
Zimbabwe,C,2018,43001,1933875332,414856804,ZWE,0.21452096582200988,-1.5393478026306249,9647.608288179345,0,2.0492189713980467,1.35060459802592,1472.1460384484235,79.7,NA,54.55031658745998,7.294476505270207,-1.1746400333333333,ZWE_C,1,0
Zimbabwe,D_E,2015,1345,344800499,24580947,ZWE,0.07129034636344886,-2.640994355350602,18275.797026022305,0,0.060896008418894386,1.13887667161631,1387.1263259502578,80.8,NA,56.74965266043333,7.234989494718447,-1.2073352999999964,ZWE_D_E,1,0
Zimbabwe,D_E,2016,1533,345680258,28431821,ZWE,0.08224890008037428,-2.498005262309061,18546.52380952381,0,0.08895133954321256,1.17009972538909,1378.3425619237385,81.7,NA,51.2190376594477,7.228637014237936,-1.2373722833333334,ZWE_D_E,1,0
Zimbabwe,D_E,2017,1377,353758130,25387665,ZWE,0.07176560154250024,-2.6343500048786828,18436.93899782135,0,0.13766361307681627,1.26454162104636,1422.9194894692664,82,NA,55.02831783106102,7.2604660184634415,-1.2065510499999998,ZWE_D_E,1,0
