country,industry,year,VALU,LABR,GFCF,EMPN,ln_prod,capform,pair_id,green_patents,GTI,ln_GTI,GTI_lag2,ln_GTI_lag2,broadband,gdppc_raw,renew,rd,tertiary,trade,ln_gdppc,AIIE,HighAI,GTI_x_HA,ln_GTI_x_HA,HighCapital,HighCapital_indspec,ln_GTI_x_HC,HighTrade,HighRD,ln_GTI_x_HT,ln_GTI_x_HR,base_GTI,excl_pat,GTI_bartik
AUS,C,2010,103164,60996,19345,1061.906,4.576254548319055,0.18751696328176495,AUS_C,141.061111111105,1367.3482136317416,7.22135960792061,NA,NA,24.8853051640712,53768.34973344104,8.2,2.3702,119.679389953613,40.39050708606058,10.89244027811907,-0.4842254202898551,0,0,0,1,0,7.22135960792061,0,1,0,7.22135960792061,1367.3482136317416,14572.753968253635,69.23101219995047
AUS,C,2011,104030,63812,21023,1025.506,4.619493169765136,0.2020859367490147,AUS_C,154.477777777763,1484.934901256974,7.303799416281075,NA,NA,24.697756094089,54296.23213248142,8.3,2.23459,119.679389953613,41.721986014968905,10.902210113689053,-0.4842254202898551,0,0,0,1,0,7.303799416281075,0,1,0,7.303799416281075,1367.3482136317416,15577.91746031717,69.71265029549444
AUS,C,2012,99952,62814,16701,1035.548,4.56975931555389,0.16709020329758284,AUS_C,107.11666666666301,1071.6810735819495,6.977916469728098,1367.3482136317416,7.22135960792061,25.0955644344698,55465.44628725772,8.3,2.20596,119.679389953613,43.019849552755815,10.923515516426473,-0.4842254202898551,0,0,0,1,0,6.977916469728098,0,1,0,6.977916469728098,1367.3482136317416,16432.554761904532,70.09831936302379
AUS,C,2013,100186,62637,16067,992.776,4.614278677767175,0.16037170862196315,AUS_C,137.49999999999602,1372.44724811846,7.225079097894568,1484.934901256974,7.303799416281075,25.7399315811014,55966.15092705607,9.2,2.17733,119.679389953613,41.10051188105599,10.932502339233968,-0.4842254202898551,0,0,0,0,0,0,0,1,0,7.225079097894568,1367.3482136317416,15473.733333333133,69.66419519601595
AUS,C,2014,100487,62280,14762,1003.298,4.606735792372714,0.1469045747211082,AUS_C,114.83333333332502,1142.7680529155514,7.042083400435047,1071.6810735819495,6.977916469728098,27.7000785019208,56571.80625244372,9.3,2.04851,119.679389953613,42.2993095385282,10.94326601733858,-0.4842254202898551,0,0,0,0,0,0,0,0,0,0,1367.3482136317416,16299.597619047421,70.0396566788736
AUS,C,2015,98806,61948,14393,970.345,4.623261932272079,0.14566929133858267,AUS_C,160.24999999999102,1621.865068922849,7.3919484272272635,1372.44724811846,7.225079097894568,28.5117731324726,56970.36130280944,9.4,1.91969,119.679389953613,41.49475069399008,10.950286434437997,-0.4842254202898551,0,0,0,0,0,0,0,0,0,0,1367.3482136317416,16133.247619047403,69.96558302784227
AUS,C,2016,99477,61752,15232,979.313,4.620830435220421,0.1531208218985293,AUS_C,157.41666666666,1582.4428427340995,7.367356769800932,1142.7680529155514,7.042083400435047,30.3083074972206,57632.99959255945,9.6,1.9003549999999998,119.682777404785,40.81340221732101,10.961850592226982,-0.4842254202898551,0,0,0,0,0,0,0,0,0,0,1367.3482136317416,17270.64166666646,70.4575146994693
AUS,C,2017,103175,63508,16647,955.328,4.682127117610008,0.1613472255875939,AUS_C,151.183333333331,1465.309748808636,7.290504148538055,1621.865068922849,7.3919484272272635,32.0326223266488,57991.77134733296,9.9,1.88102,109.993309020996,42.0354135251854,10.96805640614174,-0.4842254202898551,0,0,0,1,0,7.290504148538055,0,0,0,0,1367.3482136317416,17096.07999999986,70.38415826678846
AUS,C,2018,106591,65844,16662,994.161,4.674855194010763,0.15631713746939235,AUS_C,205.349999999996,1926.522877165952,7.5639909741950415,1582.4428427340995,7.367356769800932,33.5486251312018,58772.7063152213,9.8,1.8546399999999998,103.322090148926,43.57322536452184,10.981432847810053,-0.4842254202898551,0,0,0,0,0,0,0,0,0,0,1367.3482136317416,16297.421428571239,70.03869253611799
AUS,C,2019,109491,67204,17153,959.861,4.736809150768051,0.15666127809591657,AUS_C,161.666666666663,1476.5292733344568,7.2981265618315,1465.309748808636,7.290504148538055,34.5434163723691,59181.29979041315,10.3,1.82826,109.759559631348,46.00168270521715,10.988360889052197,-0.4842254202898551,0,0,0,0,0,0,0,0,0,0,1367.3482136317416,16314.699999999664,70.04634411672198
AUS,C,2020,113547,68089,18413,931.505,4.803170569391663,0.16216192413714145,AUS_C,224.66666666666302,1978.6226555229377,7.590661527507565,1926.522877165952,7.5639909741950415,35.346849265518,58377.767051780225,11.2,1.843045,110.139221191406,44.499564103879024,10.974690395163085,-0.4842254202898551,0,0,0,1,0,7.590661527507565,0,0,0,0,1367.3482136317416,15830.633333333133,69.82885275169056
AUS,C,2021,123593,71933,19903,976.288,4.840991563245553,0.16103662828800983,AUS_C,143.849999999999,1163.9008681721375,7.060391270681561,1476.5292733344568,7.2981265618315,35.8359861455454,59465.53567136402,12.3,1.85783,112.688293457031,40.20223593905949,10.99315219129977,-0.4842254202898551,0,0,0,1,0,7.060391270681561,0,0,0,0,1367.3482136317416,10652.483333333194,66.96830513793459
AUS,C,2022,135792,77896,24233,931.317,4.982279868794976,0.1784567573936609,AUS_C,50.33333333333,370.66493853341876,5.917992745529431,1978.6226555229377,7.590661527507565,36.3933201898066,61200.45889647808,12.3,1.85783,106.240760803223,45.69464188057522,11.02190996678077,-0.4842254202898551,0,0,0,1,0,5.917992745529431,0,0,0,0,1367.3482136317416,6490.683333333259,63.391096034254666
AUS,D_E,2010,36631,11221,27473,140.984,5.560003746665453,0.7499931751794928,AUS_D_E,383.23333333331794,10461.994849535036,9.255600011125841,NA,NA,24.8853051640712,53768.34973344104,8.2,2.3702,119.679389953613,40.39050708606058,10.89244027811907,-0.4190017,0,0,0,1,1,9.255600011125841,0,1,0,9.255600011125841,10461.994849535036,72321.18333333239,103.55985509380963
AUS,D_E,2011,41333,11871,25600,147.999,5.6322109743858855,0.6193598335470447,AUS_D_E,358.24999999997794,8667.408608133403,9.067440501385235,NA,NA,24.697756094089,54296.23213248142,8.3,2.23459,119.679389953613,41.721986014968905,10.902210113689053,-0.4190017,0,0,0,1,1,9.067440501385235,0,1,0,9.067440501385235,10461.994849535036,76652.20936507842,104.0981660596903
AUS,D_E,2012,46424,12224,24881,149.327,5.739433313737214,0.5359512321213166,AUS_D_E,346.616666666654,7466.324889424737,8.918292100123283,10461.994849535036,9.255600011125841,25.0955644344698,55465.44628725772,8.3,2.20596,119.679389953613,43.019849552755815,10.923515516426473,-0.4190017,0,0,0,1,1,8.918292100123283,0,1,0,8.918292100123283,10461.994849535036,75998.90714285635,104.01894408099801
AUS,D_E,2013,45864,12594,23138,146.624,5.745564287757189,0.5044915402058259,AUS_D_E,337.56666666665706,7360.166288737508,8.903973662312648,8667.408608133403,9.067440501385235,25.7399315811014,55966.15092705607,9.2,2.17733,119.679389953613,41.10051188105599,10.932502339233968,-0.4190017,0,0,0,1,1,8.903973662312648,0,1,0,8.903973662312648,10461.994849535036,70671.98571428514,103.34635151247464
AUS,D_E,2014,44694,13299,20138,145.022,5.730709088354769,0.4505750212556495,AUS_D_E,326.566666666656,7306.722751748691,8.896686979141231,7466.324889424737,8.918292100123283,27.7000785019208,56571.80625244372,9.3,2.04851,119.679389953613,42.2993095385282,10.94326601733858,-0.4190017,0,0,0,1,0,8.896686979141231,0,0,0,0,10461.994849535036,68534.83333333283,103.06214276801528
AUS,D_E,2015,44187,12969,20516,144.906,5.720100650820803,0.46429945459071675,AUS_D_E,361.388095238082,8178.606722295742,9.009399350482054,7360.166288737508,8.903973662312648,28.5117731324726,56970.36130280944,9.4,1.91969,119.679389953613,41.49475069399008,10.950286434437997,-0.4190017,0,0,0,1,0,9.009399350482054,0,0,0,0,10461.994849535036,63613.152380951906,102.37240846219242
AUS,D_E,2016,47550,12926,19900,137.945,5.842682012983418,0.4185068349106204,AUS_D_E,358.99999999999204,7549.947423764292,8.929428320961584,7306.722751748691,8.896686979141231,30.3083074972206,57632.99959255945,9.6,1.9003549999999998,119.682777404785,40.81340221732101,10.961850592226982,-0.4190017,0,0,0,1,0,8.929428320961584,0,0,0,0,10461.994849535036,65936.09999999954,102.7043632406821
AUS,D_E,2017,50581,13336,26616,140.441,5.886543818935482,0.5262054921808584,AUS_D_E,370.97222222221495,7334.220798762676,8.900442792204824,8178.606722295742,9.009399350482054,32.0326223266488,57991.77134733296,9.9,1.88102,109.993309020996,42.0354135251854,10.96805640614174,-0.4190017,0,0,0,1,1,8.900442792204824,0,0,0,0,10461.994849535036,63317.75555555514,102.3293293294343
AUS,D_E,2018,52072,14051,30118,154.238,5.821885791279037,0.5783914579812567,AUS_D_E,347.349999999986,6670.5715163616915,8.805610720807504,7549.947423764292,8.929428320961584,33.5486251312018,58772.7063152213,9.8,1.8546399999999998,103.322090148926,43.57322536452184,10.981432847810053,-0.4190017,0,0,0,1,1,8.805610720807504,0,0,0,0,10461.994849535036,59298.156190475784,101.72228687154718
AUS,D_E,2019,50955,14805,32468,158.447,5.7732780167225854,0.637189677166127,AUS_D_E,393.86666666666304,7729.696137114376,8.952954194074405,7334.220798762676,8.900442792204824,34.5434163723691,59181.29979041315,10.3,1.82826,109.759559631348,46.00168270521715,10.988360889052197,-0.4190017,0,0,0,1,1,8.952954194074405,0,0,0,0,10461.994849535036,57984.697619047096,101.51497356504593
AUS,D_E,2020,50283,15317,33772,153.048,5.794670729114288,0.6716385259431618,AUS_D_E,420.26666666665795,8358.026901073084,9.031097299910641,6670.5715163616915,8.805610720807504,35.346849265518,58377.767051780225,11.2,1.843045,110.139221191406,44.499564103879024,10.974690395163085,-0.4190017,0,0,0,1,1,9.031097299910641,0,0,0,0,10461.994849535036,62219.28095238041,102.1673510106695
AUS,D_E,2021,48840,16203,34366,146.317,5.810529427359328,0.7036445536445537,AUS_D_E,380.64999999999503,7793.8165438164415,8.96121424610478,7729.696137114376,8.952954194074405,35.8359861455454,59465.53567136402,12.3,1.85783,112.688293457031,40.20223593905949,10.99315219129977,-0.4190017,0,0,0,1,1,8.96121424610478,0,0,0,0,10461.994849535036,57819.483333332915,101.48856463989945
AUS,D_E,2022,52261,17490,41679,167.184,5.744910671693537,0.7975163123552936,AUS_D_E,193.099999999994,3694.915902872008,8.214983678950762,8358.026901073084,9.031097299910641,36.3933201898066,61200.45889647808,12.3,1.85783,106.240760803223,45.69464188057522,11.02190996678077,-0.4190017,0,0,0,1,1,8.214983678950762,0,0,0,0,10461.994849535036,48256.56666666614,99.81524047267217
AUS,G,2010,123786,79374,10222,1731.193,4.2697435020100905,0.08257799751183494,AUS_G,0,0,0,NA,NA,24.8853051640712,53768.34973344104,8.2,2.3702,119.679389953613,40.39050708606058,10.89244027811907,0.06857736764705884,1,0,0,0,0,0,0,1,0,0,0,0,0
AUS,G,2011,131764,83111,10981,1748.903,4.322023709400183,0.08333839288424759,AUS_G,0,0,0,NA,NA,24.697756094089,54296.23213248142,8.3,2.23459,119.679389953613,41.721986014968905,10.902210113689053,0.06857736764705884,1,0,0,0,0,0,0,1,0,0,0,0,0
AUS,G,2012,135186,85148,11155,1722.906,4.362639207900709,0.08251594099980768,AUS_G,0,0,0,0,0,25.0955644344698,55465.44628725772,8.3,2.20596,119.679389953613,43.019849552755815,10.923515516426473,0.06857736764705884,1,0,0,0,0,0,0,1,0,0,0,0,0
AUS,G,2013,135150,85365,12242,1778.915,4.330381644831732,0.09058083610802811,AUS_G,0,0,0,0,0,25.7399315811014,55966.15092705607,9.2,2.17733,119.679389953613,41.10051188105599,10.932502339233968,0.06857736764705884,1,0,0,0,0,0,0,1,0,0,0,0,0
AUS,G,2014,136291,86551,13156,1771.843,4.342772057901807,0.09652875098135606,AUS_G,0,0,0,0,0,27.7000785019208,56571.80625244372,9.3,2.04851,119.679389953613,42.2993095385282,10.94326601733858,0.06857736764705884,1,0,0,0,0,0,0,0,0,0,0,0,0
AUS,G,2015,140491,89898,13814,1773.635,4.372112316782705,0.09832658319750019,AUS_G,0,0,0,0,0,28.5117731324726,56970.36130280944,9.4,1.91969,119.679389953613,41.49475069399008,10.950286434437997,0.06857736764705884,1,0,0,0,0,0,0,0,0,0,0,0,0
AUS,G,2016,144437,92519,14484,1745.265,4.415937019735081,0.10027901437997189,AUS_G,0,0,0,0,0,30.3083074972206,57632.99959255945,9.6,1.9003549999999998,119.682777404785,40.81340221732101,10.961850592226982,0.06857736764705884,1,0,0,0,0,0,0,0,0,0,0,0,0
AUS,G,2017,146632,93473,14253,1769.514,4.417221114057962,0.09720252059577718,AUS_G,0,0,0,0,0,32.0326223266488,57991.77134733296,9.9,1.88102,109.993309020996,42.0354135251854,10.96805640614174,0.06857736764705884,1,0,0,0,0,0,0,0,0,0,0,0,0
AUS,G,2018,150545,97043,15962,1789.197,4.432495126970483,0.10602809791092364,AUS_G,0,0,0,0,0,33.5486251312018,58772.7063152213,9.8,1.8546399999999998,103.322090148926,43.57322536452184,10.981432847810053,0.06857736764705884,1,0,0,0,1,0,0,0,0,0,0,0,0
AUS,G,2019,156535,99366,14387,1796.223,4.467593500165663,0.09190915769636183,AUS_G,0,0,0,0,0,34.5434163723691,59181.29979041315,10.3,1.82826,109.759559631348,46.00168270521715,10.988360889052197,0.06857736764705884,1,0,0,0,0,0,0,0,0,0,0,0,0
AUS,G,2020,172071,104969,16800,1745.467,4.590885040709911,0.09763411614972889,AUS_G,0,0,0,0,0,35.346849265518,58377.767051780225,11.2,1.843045,110.139221191406,44.499564103879024,10.974690395163085,0.06857736764705884,1,0,0,0,0,0,0,0,0,0,0,0,0
AUS,G,2021,178921,112362,19328,1787.829,4.6059423330452605,0.10802532961474617,AUS_G,0,0,0,0,0,35.8359861455454,59465.53567136402,12.3,1.85783,112.688293457031,40.20223593905949,10.99315219129977,0.06857736764705884,1,0,0,0,1,0,0,0,0,0,0,0,0
AUS,G,2022,206694,124146,20984,1808.781,4.738586300965444,0.10152205676023493,AUS_G,0,0,0,0,0,36.3933201898066,61200.45889647808,12.3,1.85783,106.240760803223,45.69464188057522,11.02190996678077,0.06857736764705884,1,0,0,0,0,0,0,0,0,0,0,0,0
AUS,H,2010,66027,33434,30170,571.306,4.749894060224483,0.45693428445938783,AUS_H,55.666666666666,843.0894432075667,6.73825846434538,NA,NA,24.8853051640712,53768.34973344104,8.2,2.3702,119.679389953613,40.39050708606058,10.89244027811907,-0.3927636321428572,0,0,0,1,1,6.73825846434538,0,1,0,6.73825846434538,843.0894432075667,28098.663333333177,69.02343732941044
AUS,H,2011,72167,37163,35046,578.637,4.826062818726681,0.4856236229855751,AUS_H,53.166666666666,736.7171514219242,6.603560487480257,NA,NA,24.697756094089,54296.23213248142,8.3,2.23459,119.679389953613,41.721986014968905,10.902210113689053,-0.3927636321428572,0,0,0,1,1,6.603560487480257,0,1,0,6.603560487480257,843.0894432075667,33248.93333333316,70.15745366187554
AUS,H,2012,75575,38110,33006,560.259,4.904481642838623,0.436731723453523,AUS_H,73.111111111111,967.3980960782137,6.875643259013038,843.0894432075667,6.73825846434538,25.0955644344698,55465.44628725772,8.3,2.20596,119.679389953613,43.019849552755815,10.923515516426473,-0.3927636321428572,0,0,0,1,1,6.875643259013038,0,1,0,6.875643259013038,843.0894432075667,31885.42777777758,69.87530725271722
AUS,H,2013,75870,38558,32939,592.147,4.853021713461331,0.43415052062738896,AUS_H,61.583333333332,811.6954439611441,6.700356431690959,736.7171514219242,6.603560487480257,25.7399315811014,55966.15092705607,9.2,2.17733,119.679389953613,41.10051188105599,10.932502339233968,-0.3927636321428572,0,0,0,1,1,6.700356431690959,0,1,0,6.700356431690959,843.0894432075667,30723.216666666536,69.625120448889
AUS,H,2014,78661,38727,32721,593.452,4.886946424226079,0.415974879546408,AUS_H,60.333333333332,767.0044028595111,6.643795466021228,967.3980960782137,6.875643259013038,27.7000785019208,56571.80625244372,9.3,2.04851,119.679389953613,42.2993095385282,10.94326601733858,-0.3927636321428572,0,0,0,1,1,6.643795466021228,0,0,0,0,843.0894432075667,31009.749999999825,69.68767007439645
AUS,H,2015,80497,39438,31887,609.938,4.882617882974008,0.39612656372287164,AUS_H,87.499999999999,1086.99703094524,6.99209369850154,811.6954439611441,6.700356431690959,28.5117731324726,56970.36130280944,9.4,1.91969,119.679389953613,41.49475069399008,10.950286434437997,-0.3927636321428572,0,0,0,1,1,6.99209369850154,0,0,0,0,843.0894432075667,30020.82999999981,69.4692889471132
AUS,H,2016,83479,40419,34480,623.449,4.897083416738839,0.4130380095592904,AUS_H,58,694.78551491992,6.545041444622331,767.0044028595111,6.643795466021228,30.3083074972206,57632.99959255945,9.6,1.9003549999999998,119.682777404785,40.81340221732101,10.961850592226982,-0.3927636321428572,0,0,0,1,1,6.545041444622331,0,0,0,0,843.0894432075667,32510.263333333194,70.00607081054862
AUS,H,2017,85796,42079,40061,629.704,4.914477796636943,0.4669331903585249,AUS_H,93.833333333331,1093.679581021621,6.998216979357415,1086.99703094524,6.99209369850154,32.0326223266488,57991.77134733296,9.9,1.88102,109.993309020996,42.0354135251854,10.96805640614174,-0.3927636321428572,0,0,0,1,1,6.998216979357415,0,0,0,0,843.0894432075667,32597.099999999868,70.02404451574745
AUS,H,2018,89595,44178,42996,639.514,4.942346280952042,0.4798928511635694,AUS_H,43.966666666664,490.7267890693007,6.197923255482687,694.78551491992,6.545041444622331,33.5486251312018,58772.7063152213,9.8,1.8546399999999998,103.322090148926,43.57322536452184,10.981432847810053,-0.3927636321428572,0,0,0,1,1,6.197923255482687,0,0,0,0,843.0894432075667,32199.12999999981,69.94127501914267
AUS,H,2019,88880,45007,43287,660.078,4.902684414457779,0.48702745274527454,AUS_H,62.2,699.8199819981999,6.552251052340975,1093.679581021621,6.998216979357415,34.5434163723691,59181.29979041315,10.3,1.82826,109.759559631348,46.00168270521715,10.988360889052197,-0.3927636321428572,0,0,0,1,1,6.552251052340975,0,0,0,0,843.0894432075667,31385.84999999973,69.76890043259529
AUS,H,2020,85907,44978,44128,624.707,4.923737854941655,0.5136717613232915,AUS_H,98.833333333329,1150.4689179383404,7.04879372622456,490.7267890693007,6.197923255482687,35.346849265518,58377.767051780225,11.2,1.843045,110.139221191406,44.499564103879024,10.974690395163085,-0.3927636321428572,0,0,0,1,1,7.04879372622456,0,0,0,0,843.0894432075667,27355.333333333183,68.8427878067137
AUS,H,2021,94985,47768,50755,654.168,4.978110064176213,0.5343475285571406,AUS_H,42.999999999997996,452.7030583776175,6.117442927616159,699.8199819981999,6.552251052340975,35.8359861455454,59465.53567136402,12.3,1.85783,112.688293457031,40.20223593905949,10.99315219129977,-0.3927636321428572,0,0,0,1,1,6.117442927616159,0,0,0,0,843.0894432075667,17207.44999999988,65.71928476650437
AUS,H,2022,110380,53220,61589,697.416,5.064302160657786,0.5579724587787642,AUS_H,8.5,77.00670411306396,4.356794773163575,1150.4689179383404,7.04879372622456,36.3933201898066,61200.45889647808,12.3,1.85783,106.240760803223,45.69464188057522,11.02190996678077,-0.3927636321428572,0,0,0,1,1,4.356794773163575,0,0,0,0,843.0894432075667,11082.883333333253,62.75506799047697
AUS,J,2010,61710,29100,10437,351.719,5.167368709979057,0.16912980068060282,AUS_J,4.566666666666,74.00205261166748,4.3175154813173755,NA,NA,24.8853051640712,53768.34973344104,8.2,2.3702,119.679389953613,40.39050708606058,10.89244027811907,1.2675550444444446,1,74.00205261166748,4.3175154813173755,1,0,4.3175154813173755,0,1,0,4.3175154813173755,74.00205261166748,3642.333333333217,35.40645186481108
AUS,J,2011,64491,31711,12234,362.925,5.180084756816753,0.18970088849606923,AUS_J,11.316666666666,175.47668150076757,5.173188751502285,NA,NA,24.697756094089,54296.23213248142,8.3,2.23459,119.679389953613,41.721986014968905,10.902210113689053,1.2675550444444446,1,175.47668150076757,5.173188751502285,1,0,5.173188751502285,0,1,0,5.173188751502285,74.00205261166748,4121.6976190474625,35.940134329818555
AUS,J,2012,67277,33214,12353,390.442,5.149294273158972,0.18361401370453498,AUS_J,16.983333333332,252.43892167207218,5.53512285385088,74.00205261166748,4.3175154813173755,25.0955644344698,55465.44628725772,8.3,2.20596,119.679389953613,43.019849552755815,10.923515516426473,1.2675550444444446,1,252.43892167207218,5.53512285385088,1,0,5.53512285385088,0,1,0,5.53512285385088,74.00205261166748,5121.710317460062,36.87779484258332
AUS,J,2013,68042,33544,14145,367.552,5.221015635309796,0.20788630551718057,AUS_J,19.033333333333,279.7291868747685,5.6373904568536375,175.47668150076757,5.173188751502285,25.7399315811014,55966.15092705607,9.2,2.17733,119.679389953613,41.10051188105599,10.932502339233968,1.2675550444444446,1,279.7291868747685,5.6373904568536375,1,0,5.6373904568536375,0,1,0,5.6373904568536375,74.00205261166748,4919.709325396641,36.704097024359505
AUS,J,2014,70031,35521,13914,381.611,5.212291514987593,0.19868344019077266,AUS_J,19.366666666665,276.54419709364424,5.625980189310485,252.43892167207218,5.53512285385088,27.7000785019208,56571.80625244372,9.3,2.04851,119.679389953613,42.2993095385282,10.94326601733858,1.2675550444444446,1,276.54419709364424,5.625980189310485,1,0,5.625980189310485,0,0,0,0,74.00205261166748,4840.421428571317,36.633961874906035
AUS,J,2015,70895,37135,18063,398.718,5.180700788076569,0.2547852457860216,AUS_J,14.999999999999,211.5805063826645,5.35932077018306,279.7291868747685,5.6373904568536375,28.5117731324726,56970.36130280944,9.4,1.91969,119.679389953613,41.49475069399008,10.950286434437997,1.2675550444444446,1,211.5805063826645,5.35932077018306,1,0,5.35932077018306,0,0,0,0,74.00205261166748,4644.780952380866,36.455869216191324
AUS,J,2016,71532,37860,21268,400.793,5.184455096459648,0.29732147849913326,AUS_J,12.366666666666,172.88299875113236,5.158382652067648,276.54419709364424,5.625980189310485,30.3083074972206,57632.99959255945,9.6,1.9003549999999998,119.682777404785,40.81340221732101,10.961850592226982,1.2675550444444446,1,172.88299875113236,5.158382652067648,1,1,5.158382652067648,0,0,0,0,74.00205261166748,4576.229761904654,36.39168707747531
AUS,J,2017,75193,40854,22727,426.969,5.171102009437326,0.3022488795499581,AUS_J,8.666666666666,115.25895584251194,4.755820081005554,211.5805063826645,5.35932077018306,32.0326223266488,57991.77134733296,9.9,1.88102,109.993309020996,42.0354135251854,10.96805640614174,1.2675550444444446,1,115.25895584251194,4.755820081005554,1,1,4.755820081005554,0,0,0,0,74.00205261166748,4533.845238095104,36.351521218983486
AUS,J,2018,76021,43756,20723,452.548,5.123871062027522,0.2725957301272017,AUS_J,8.583333333332,112.90739839428579,4.735385823517352,172.88299875113236,5.158382652067648,33.5486251312018,58772.7063152213,9.8,1.8546399999999998,103.322090148926,43.57322536452184,10.981432847810053,1.2675550444444446,1,112.90739839428579,4.735385823517352,1,1,4.735385823517352,0,0,0,0,74.00205261166748,4333.135714285627,36.156072731538636
AUS,J,2019,79187,45377,19975,441.772,5.188773511031803,0.25225100079558516,AUS_J,10.166666666666,128.38807716754013,4.862816238467305,115.25895584251194,4.755820081005554,34.5434163723691,59181.29979041315,10.3,1.82826,109.759559631348,46.00168270521715,10.988360889052197,1.2675550444444446,1,128.38807716754013,4.862816238467305,1,0,4.862816238467305,0,0,0,0,74.00205261166748,4397.119047618905,36.21934481502662
AUS,J,2020,82515,47429,17526,451.623,5.2078876129724785,0.21239774586438828,AUS_J,12.416666666666,150.47769092487428,5.020438359485106,112.90739839428579,4.735385823517352,35.346849265518,58377.767051780225,11.2,1.843045,110.139221191406,44.499564103879024,10.974690395163085,1.2675550444444446,1,150.47769092487428,5.020438359485106,1,0,5.020438359485106,0,0,0,0,74.00205261166748,4484.2166666665125,36.30401061652293
AUS,J,2021,91558,51656,19941,463.547,5.285820147989819,0.21779636951440617,AUS_J,4.416666666666,48.239003327573776,3.8966860599979496,128.38807716754013,4.862816238467305,35.8359861455454,59465.53567136402,12.3,1.85783,112.688293457031,40.20223593905949,10.99315219129977,1.2675550444444446,1,48.239003327573776,3.8966860599979496,1,0,3.8966860599979496,0,0,0,0,74.00205261166748,4175.016666666528,35.99561496774733
AUS,J,2022,96681,57093,21271,526.445,5.213025315485289,0.22001220508683195,AUS_J,3,31.029881776150432,3.4666692725793014,150.47769092487428,5.020438359485106,36.3933201898066,61200.45889647808,12.3,1.85783,106.240760803223,45.69464188057522,11.02190996678077,1.2675550444444446,1,31.029881776150432,3.4666692725793014,1,0,3.4666692725793014,0,0,0,0,74.00205261166748,2174.033333333253,33.179239815051254
AUS,K,2010,106512,36212,8323,393.642,5.600571067038135,0.07814143007360673,AUS_K,0,0,0,NA,NA,24.8853051640712,53768.34973344104,8.2,2.3702,119.679389953613,40.39050708606058,10.89244027811907,2.05267,1,0,0,0,0,0,0,1,0,0,0,0,0
AUS,K,2011,110648,36760,8938,417.988,5.5786565463258455,0.08077868556142,AUS_K,0,0,0,NA,NA,24.697756094089,54296.23213248142,8.3,2.23459,119.679389953613,41.721986014968905,10.902210113689053,2.05267,1,0,0,0,0,0,0,1,0,0,0,0,0
AUS,K,2012,116195,36982,9852,420,5.622770381936852,0.0847885020870089,AUS_K,0,0,0,0,0,25.0955644344698,55465.44628725772,8.3,2.20596,119.679389953613,43.019849552755815,10.923515516426473,2.05267,1,0,0,0,0,0,0,1,0,0,0,0,0
AUS,K,2013,120441,38460,9286,416.764,5.666395171102601,0.07709999086689749,AUS_K,0,0,0,0,0,25.7399315811014,55966.15092705607,9.2,2.17733,119.679389953613,41.10051188105599,10.932502339233968,2.05267,1,0,0,0,0,0,0,1,0,0,0,0,0
AUS,K,2014,128638,40419,10651,416.348,5.733236088008735,0.0827982400223884,AUS_K,0,0,0,0,0,27.7000785019208,56571.80625244372,9.3,2.04851,119.679389953613,42.2993095385282,10.94326601733858,2.05267,1,0,0,0,0,0,0,0,0,0,0,0,0
AUS,K,2015,132375,41201,11325,418.87,5.755833473652779,0.08555240793201133,AUS_K,0,0,0,0,0,28.5117731324726,56970.36130280944,9.4,1.91969,119.679389953613,41.49475069399008,10.950286434437997,2.05267,1,0,0,0,0,0,0,0,0,0,0,0,0
AUS,K,2016,136588,42119,11261,429.509,5.762081678726253,0.08244501713181246,AUS_K,0,0,0,0,0,30.3083074972206,57632.99959255945,9.6,1.9003549999999998,119.682777404785,40.81340221732101,10.961850592226982,2.05267,1,0,0,0,0,0,0,0,0,0,0,0,0
AUS,K,2017,141436,43746,11666,432.567,5.789865369259675,0.08248253627082214,AUS_K,0,0,0,0,0,32.0326223266488,57991.77134733296,9.9,1.88102,109.993309020996,42.0354135251854,10.96805640614174,2.05267,1,0,0,0,0,0,0,0,0,0,0,0,0
AUS,K,2018,146143,45985,12092,440.44,5.804566646149689,0.08274087708614165,AUS_K,0,0,0,0,0,33.5486251312018,58772.7063152213,9.8,1.8546399999999998,103.322090148926,43.57322536452184,10.981432847810053,2.05267,1,0,0,0,0,0,0,0,0,0,0,0,0
AUS,K,2019,147282,47530,11207,443.233,5.806008804246142,0.0760921225947502,AUS_K,0,0,0,0,0,34.5434163723691,59181.29979041315,10.3,1.82826,109.759559631348,46.00168270521715,10.988360889052197,2.05267,1,0,0,0,0,0,0,0,0,0,0,0,0
AUS,K,2020,153970,51376,11237,473.626,5.784095076512395,0.07298174969149834,AUS_K,0,0,0,0,0,35.346849265518,58377.767051780225,11.2,1.843045,110.139221191406,44.499564103879024,10.974690395163085,2.05267,1,0,0,0,0,0,0,0,0,0,0,0,0
AUS,K,2021,161916,54920,11756,491.7,5.796964186800894,0.0726055485560414,AUS_K,0,0,0,0,0,35.8359861455454,59465.53567136402,12.3,1.85783,112.688293457031,40.20223593905949,10.99315219129977,2.05267,1,0,0,0,0,0,0,0,0,0,0,0,0
AUS,K,2022,177083,58437,13639,549.844,5.774739226567462,0.07702038027365699,AUS_K,0,0,0,0,0,36.3933201898066,61200.45889647808,12.3,1.85783,106.240760803223,45.69464188057522,11.02190996678077,2.05267,1,0,0,0,0,0,0,0,0,0,0,0,0
AUS,M_N,2010,117289,86490,11424,1117.295,4.653730389133731,0.09740043823376446,AUS_M_N,0,0,0,NA,NA,24.8853051640712,53768.34973344104,8.2,2.3702,119.679389953613,40.39050708606058,10.89244027811907,0.9246918833333334,1,0,0,0,0,0,0,1,0,0,0,0,0
AUS,M_N,2011,125673,94165,11390,1129.365,4.712027767517697,0.09063203711218798,AUS_M_N,0,0,0,NA,NA,24.697756094089,54296.23213248142,8.3,2.23459,119.679389953613,41.721986014968905,10.902210113689053,0.9246918833333334,1,0,0,0,0,0,0,1,0,0,0,0,0
AUS,M_N,2012,128156,95683,11936,1166.695,4.6990733066000585,0.0931364899029308,AUS_M_N,0,0,0,0,0,25.0955644344698,55465.44628725772,8.3,2.20596,119.679389953613,43.019849552755815,10.923515516426473,0.9246918833333334,1,0,0,0,0,0,0,1,0,0,0,0,0
AUS,M_N,2013,130391,100877,12074,1154.687,4.726708317128966,0.09259841553481452,AUS_M_N,0,0,0,0,0,25.7399315811014,55966.15092705607,9.2,2.17733,119.679389953613,41.10051188105599,10.932502339233968,0.9246918833333334,1,0,0,0,0,0,0,1,0,0,0,0,0
AUS,M_N,2014,134446,103666,12950,1165.671,4.747865744557228,0.09632119958942624,AUS_M_N,0,0,0,0,0,27.7000785019208,56571.80625244372,9.3,2.04851,119.679389953613,42.2993095385282,10.94326601733858,0.9246918833333334,1,0,0,0,0,0,0,0,0,0,0,0,0
AUS,M_N,2015,136272,106920,13488,1253.396,4.68879622091499,0.09897851356111306,AUS_M_N,0,0,0,0,0,28.5117731324726,56970.36130280944,9.4,1.91969,119.679389953613,41.49475069399008,10.950286434437997,0.9246918833333334,1,0,0,0,0,0,0,0,0,0,0,0,0
AUS,M_N,2016,147439,113152,13400,1286.081,4.741814921083597,0.09088504398429181,AUS_M_N,0,0,0,0,0,30.3083074972206,57632.99959255945,9.6,1.9003549999999998,119.682777404785,40.81340221732101,10.961850592226982,0.9246918833333334,1,0,0,0,0,0,0,0,0,0,0,0,0
AUS,M_N,2017,158213,122396,15395,1233.9,4.853762341497772,0.09730553115104322,AUS_M_N,0,0,0,0,0,32.0326223266488,57991.77134733296,9.9,1.88102,109.993309020996,42.0354135251854,10.96805640614174,0.9246918833333334,1,0,0,0,0,0,0,0,0,0,0,0,0
AUS,M_N,2018,168314,130939,17072,1260.834,4.894057875763214,0.10142947110757275,AUS_M_N,0,0,0,0,0,33.5486251312018,58772.7063152213,9.8,1.8546399999999998,103.322090148926,43.57322536452184,10.981432847810053,0.9246918833333334,1,0,0,0,0,0,0,0,0,0,0,0,0
AUS,M_N,2019,173901,137837,17004,1375.347,4.839780108858434,0.097779771249159,AUS_M_N,0,0,0,0,0,34.5434163723691,59181.29979041315,10.3,1.82826,109.759559631348,46.00168270521715,10.988360889052197,0.9246918833333334,1,0,0,0,0,0,0,0,0,0,0,0,0
AUS,M_N,2020,177805,142133,18779,1306.64,4.91322848740647,0.10561570259554005,AUS_M_N,0,0,0,0,0,35.346849265518,58377.767051780225,11.2,1.843045,110.139221191406,44.499564103879024,10.974690395163085,0.9246918833333334,1,0,0,0,0,0,0,0,0,0,0,0,0
AUS,M_N,2021,199702,156693,21209,1347.477,4.998592300384449,0.10620324283181941,AUS_M_N,0,0,0,0,0,35.8359861455454,59465.53567136402,12.3,1.85783,112.688293457031,40.20223593905949,10.99315219129977,0.9246918833333334,1,0,0,0,0,0,0,0,0,0,0,0,0
AUS,M_N,2022,224335,173506,23320,1393.069,5.0816312434174025,0.10395167940802817,AUS_M_N,0,0,0,0,0,36.3933201898066,61200.45889647808,12.3,1.85783,106.240760803223,45.69464188057522,11.02190996678077,0.9246918833333334,1,0,0,0,0,0,0,0,0,0,0,0,0
AUT,C,2010,50031.604207,27008,9678,617.06,4.39544390495924,0.19343773107810797,AUT_C,89.452380952376,1787.9175047491399,7.489365969952011,NA,NA,24.5113861270145,43035.407353193295,31.1,2.74321,75.0402526855469,99.64488255467155,10.669778482664274,-0.4842254202898551,0,0,0,0,0,0,1,1,7.489365969952011,7.489365969952011,1787.9175047491399,14624.362698412364,71.82685773983042
AUT,C,2011,52834.15295,28542.6,10693.9,625.658,4.4361092008291,0.20240506193257707,AUT_C,113.19999999999402,2142.553512821937,7.6702202508870965,NA,NA,24.9926429150975,44146.19568052944,31.6,2.68567,77.2625122070312,105.77509837237788,10.695262034267998,-0.4842254202898551,0,0,0,0,0,0,1,1,7.6702202508870965,7.6702202508870965,1787.9175047491399,15619.19523809494,72.31971382294103
AUT,C,2012,54632.198198,29931.5,12259.1,632.076,4.459369058426536,0.22439331391298084,AUT_C,121.08333333333,2216.3364705643985,7.704061966510394,1787.9175047491399,7.489365969952011,25.2644782408466,44221.459953089274,34.4,2.93372,79.5471267700195,105.84079138970569,10.696965469540093,-0.4842254202898551,0,0,0,0,0,0,1,1,7.704061966510394,7.704061966510394,1787.9175047491399,16418.588095237865,72.69351088391657
AUT,C,2013,54944.306242,30813.5,13575.2,632.259,4.46477621706888,0.247072006700905,AUT_C,111.583333333332,2030.844339755018,7.616699201312831,2142.553512821937,7.6702202508870965,26.3222866586035,43851.36754974038,34.6,2.97993,80.9616012573242,104.98537401536726,10.688561184309245,-0.4842254202898551,0,0,0,0,1,0,1,1,7.616699201312831,7.616699201312831,1787.9175047491399,15499.649999999798,72.26217538303361
AUT,C,2014,56735.874831,31557,13094.8,633.922,4.494236084228658,0.2308028216539478,AUT_C,91.31666666666301,1609.504866870729,7.384302990729264,2216.3364705643985,7.704061966510394,27.597689562142,43838.834589213715,35.7,3.11263,81.0195693969727,104.49673998926,10.688275337993321,-0.4842254202898551,0,0,0,0,1,0,1,1,7.384302990729264,7.384302990729264,1787.9175047491399,16323.114285714082,72.64983590066998
AUT,C,2015,58985.221074,32270.1,13499.1,636.712,4.5287247672125925,0.22885563119386607,AUT_C,79.76666666666401,1352.3161431673302,7.210313261753891,2030.844339755018,7.616699201312831,28.4068593397138,43915.22802085699,34.8,3.06917,82.2563095092773,103.11758174626,10.690016418660566,-0.4842254202898551,0,0,0,0,1,0,1,1,7.210313261753891,7.210313261753891,1787.9175047491399,16213.730952380729,72.59948285991452
AUT,C,2016,62839.799187,33397.3,14478,642.38,4.583163867843054,0.2303953893441967,AUT_C,98.19999999999901,1562.7039117005033,7.354812588413454,1609.504866870729,7.384302990729264,28.8775983744406,44362.67028051158,34.6,3.13356,82.8496932983398,101.57349459717216,10.700153635335925,-0.4842254202898551,0,0,0,0,1,0,1,1,7.354812588413454,7.354812588413454,1787.9175047491399,17329.85833333312,73.09803859977278
AUT,C,2017,64066.166708,34239.7,15621.7,648.277,4.593353608945309,0.24383697047460942,AUT_C,127.91666666666501,1996.6336873202054,7.599718602720149,1352.3161431673302,7.210313261753891,28.5425998928488,45056.63859124121,34,3.07376,83.8392562866211,105.55606675543766,10.715675612695888,-0.4842254202898551,0,0,0,0,1,0,1,1,7.599718602720149,7.599718602720149,1787.9175047491399,17119.346666666526,73.00651097192585
AUT,C,2018,66380.461276,36239.6,16932.8,664.643,4.603907979871336,0.2550871095878041,AUT_C,105.449999999998,1588.5698588557968,7.371218729593189,1562.7039117005033,7.354812588413454,28.5150396136468,45951.58191640344,34.1,3.10828,85.8698883056641,108.37796997182797,10.735343554098824,-0.4842254202898551,0,0,0,0,1,0,1,1,7.371218729593189,7.371218729593189,1787.9175047491399,16397.32142857124,72.68380436243285
AUT,C,2019,67674.902568,37846.1,17741.9,676.852,4.60501803728512,0.26216365782237916,AUT_C,155.33333333333002,2295.28713657549,7.73904880910427,1996.6336873202054,7.599718602720149,28.3631930003301,46550.56224594918,34,3.14405,86.3234329223633,108.20728490442558,10.748294360955562,-0.4842254202898551,0,0,0,1,1,7.73904880910427,1,1,7.73904880910427,7.73904880910427,1787.9175047491399,16321.033333332996,72.64888111640869
AUT,C,2020,63122.600288,37349.6,16149.6,671.574,4.543209939681414,0.2558449735327228,AUT_C,153.91666666665898,2438.3765238505152,7.799497762623597,1588.5698588557968,7.371218729593189,29.2106456326106,43428.69831372342,35.8,3.20758,88.7071990966797,99.94821410959752,10.678875753026356,-0.4842254202898551,0,0,0,1,1,7.799497762623597,1,1,7.799497762623597,7.799497762623597,1787.9175047491399,15901.383333333137,72.45380604954904
AUT,C,2021,68970.47171,38751.8,18727.8,674.576,4.627349400395712,0.2715335930823373,AUT_C,33.166666666666,480.88212019372315,6.177699520226533,2295.28713657549,7.73904880910427,29.2537339731419,45368.64343373677,36,3.25565,93.940071105957,111.03293212416465,10.72257647213907,-0.4842254202898551,0,0,0,1,1,6.177699520226533,1,1,6.177699520226533,6.177699520226533,1787.9175047491399,10763.166666666526,69.53110886481701
AUT,C,2022,72356.614254,41184.8,18918.9,690.089,4.652541573335387,0.26146745802100785,AUT_C,13,179.66567582011118,5.1966482283659685,2438.3765238505152,7.799497762623597,29.2342573265435,47332.424035797136,36,3.17775,94.5116882324219,123.57957865290192,10.764950837219436,-0.4842254202898551,0,0,0,1,1,5.1966482283659685,1,1,5.1966482283659685,5.1966482283659685,1787.9175047491399,6528.016666666589,65.78667773567634
AUT,D_E,2010,8555.442071,2800.5,2955.2,48.879,5.1649750025941294,0.3454175687796554,AUT_D_E,457.83333333330904,53513.696841593526,10.887711602478456,NA,NA,24.5113861270145,43035.407353193295,31.1,2.74321,75.0402526855469,99.64488255467155,10.669778482664274,-0.4190017,0,0,0,1,0,10.887711602478456,1,1,10.887711602478456,10.887711602478456,53513.696841593526,72246.5833333324,121.81012950919299
AUT,D_E,2011,8560.745701,2979.2,3885.9,49.589,5.151173545002535,0.453920737249102,AUT_D_E,594.8999999999729,69491.60981741127,11.148975692336641,NA,NA,24.9926429150975,44146.19568052944,31.6,2.68567,77.2625122070312,105.77509837237788,10.695262034267998,-0.4190017,0,0,0,1,0,11.148975692336641,1,1,11.148975692336641,11.148975692336641,53513.696841593526,76415.55936507841,122.42093601537077
AUT,D_E,2012,8721.018558,3084.4,4333.7,50.058,5.160308984043706,0.4969259004757641,AUT_D_E,510.13333333332196,58494.6964555378,10.976708465651319,53513.696841593526,10.887711602478456,25.2644782408466,44221.459953089274,34.4,2.93372,79.5471267700195,105.84079138970569,10.696965469540093,-0.4190017,0,0,0,1,1,10.976708465651319,1,1,10.976708465651319,10.976708465651319,53513.696841593526,75835.39047618968,122.33795907307245
AUT,D_E,2013,8900.16439,3158.6,3680.3,50.634,5.169201738932281,0.4135092160921311,AUT_D_E,479.499999999992,53875.40937319608,10.894447987123204,69491.60981741127,11.148975692336641,26.3222866586035,43851.36754974038,34.6,2.97993,80.9616012573242,104.98537401536726,10.688561184309245,-0.4190017,0,0,0,1,0,10.894447987123204,1,1,10.894447987123204,10.894447987123204,53513.696841593526,70530.0523809518,121.54832571245396
AUT,D_E,2014,8487.014101,3271.6,3668.5,50.657,5.121215096948708,0.43224860431983386,AUT_D_E,413.49999999998494,48721.493222364676,10.793896075589283,58494.6964555378,10.976708465651319,27.597689562142,43838.834589213715,35.7,3.11263,81.0195693969727,104.49673998926,10.688275337993321,-0.4190017,0,0,0,1,0,10.793896075589283,1,1,10.793896075589283,10.793896075589283,53513.696841593526,68447.8999999995,121.22206900326685
AUT,D_E,2015,8265.181016,3246,3683.1,50.278,5.102239305844195,0.44561637462871506,AUT_D_E,357.16666666665895,43213.41129434968,10.67392931337845,53875.40937319608,10.894447987123204,28.4068593397138,43915.22802085699,34.8,3.06917,82.2563095092773,103.11758174626,10.690016418660566,-0.4190017,0,0,0,1,0,10.67392931337845,1,1,10.67392931337845,10.67392931337845,53513.696841593526,63617.37380952333,120.42525012591467
AUT,D_E,2016,8600.32664,3386.6,3880.5,51.091,5.125947106462505,0.4512037928829178,AUT_D_E,421.1666666666569,48971.00822982892,10.799004153245514,48721.493222364676,10.793896075589283,28.8775983744406,44362.67028051158,34.6,3.13356,82.8496932983398,101.57349459717216,10.700153635335925,-0.4190017,0,0,0,1,0,10.799004153245514,1,1,10.799004153245514,10.799004153245514,53513.696841593526,65873.93333333287,120.8047486068829
AUT,D_E,2017,8631.676084,3375,4495.6,50.564,5.139954120577409,0.5208258461335469,AUT_D_E,455.30555555555,52748.22075396474,10.873304278792512,43213.41129434968,10.67392931337845,28.5425998928488,45056.63859124121,34,3.07376,83.8392562866211,105.55606675543766,10.715675612695888,-0.4190017,0,0,0,1,1,10.873304278792512,1,1,10.873304278792512,10.873304278792512,53513.696841593526,63233.4222222218,120.35934118187251
AUT,D_E,2018,8930.070473,3531.6,4366.9,51.089,5.1636103557036,0.4890106985385265,AUT_D_E,539.302380952373,60391.72731984027,11.008623968061292,48971.00822982892,10.799004153245514,28.5150396136468,45951.58191640344,34.1,3.10828,85.8698883056641,108.37796997182797,10.735343554098824,-0.4190017,0,0,0,1,1,11.008623968061292,1,1,11.008623968061292,11.008623968061292,53513.696841593526,59106.203809523395,119.62446420561785
AUT,D_E,2019,9365.181534,3673.5,4672.2,51.635,5.200554261870205,0.498890489526308,AUT_D_E,649.985714285709,69404.49706457437,11.147721351781335,52748.22075396474,10.873304278792512,28.3631930003301,46550.56224594918,34,3.14405,86.3234329223633,108.20728490442558,10.748294360955562,-0.4190017,0,0,0,1,1,11.147721351781335,1,1,11.147721351781335,11.147721351781335,53513.696841593526,57728.57857142805,119.36769778079083
AUT,D_E,2020,9908.413491,3718.4,3950.2,51.531,5.2589559544594575,0.39867129117976774,AUT_D_E,621.8499999999831,62759.79505344839,11.047085874922375,60391.72731984027,11.008623968061292,29.2106456326106,43428.69831372342,35.8,3.20758,88.7071990966797,99.94821410959752,10.678875753026356,-0.4190017,0,0,0,1,0,11.047085874922375,1,1,11.047085874922375,11.047085874922375,53513.696841593526,62017.69761904708,120.14797918828596
AUT,D_E,2021,10016.449099,3915.5,4656.1,52.833,5.244847935012567,0.4648453712468669,AUT_D_E,406.41666666665594,40574.92457154611,10.610930178852596,69404.49706457437,11.147721351781335,29.2537339731419,45368.64343373677,36,3.25565,93.940071105957,111.03293212416465,10.72257647213907,-0.4190017,0,0,0,1,0,10.610930178852596,1,1,10.610930178852596,10.610930178852596,53513.696841593526,57793.71666666625,119.3799758019462
AUT,D_E,2022,12023.817141,4020.8,5355.7,53.64,5.412349665069361,0.44542427227519993,AUT_D_E,303.233333333315,25219.389963884267,10.135408071884866,62759.79505344839,11.047085874922375,29.2342573265435,47332.424035797136,36,3.17775,94.5116882324219,123.57957865290192,10.764950837219436,-0.4190017,0,0,0,1,0,10.135408071884866,1,1,10.135408071884866,10.135408071884866,53513.696841593526,48146.43333333282,117.39155811471662
AUT,G,2010,34623.212104,18250,2927.1,640.399,3.9901881865736035,0.08454154950175272,AUT_G,0,0,0,NA,NA,24.5113861270145,43035.407353193295,31.1,2.74321,75.0402526855469,99.64488255467155,10.669778482664274,0.06857736764705884,1,0,0,0,0,0,1,1,0,0,0,0,0
AUT,G,2011,36486.614236,19160.9,3595.5,653.392,4.022523483603813,0.09854298830644725,AUT_G,0,0,0,NA,NA,24.9926429150975,44146.19568052944,31.6,2.68567,77.2625122070312,105.77509837237788,10.695262034267998,0.06857736764705884,1,0,0,0,0,0,1,1,0,0,0,0,0
AUT,G,2012,36411.116725,19998.3,3731.1,658.966,4.011957471683019,0.10247145200680466,AUT_G,0,0,0,0,0,25.2644782408466,44221.459953089274,34.4,2.93372,79.5471267700195,105.84079138970569,10.696965469540093,0.06857736764705884,1,0,0,0,0,0,1,1,0,0,0,0,0
AUT,G,2013,35253.735358,20516.4,3803.4,660.355,3.977549201025676,0.10788643987301359,AUT_G,0,0,0,0,0,26.3222866586035,43851.36754974038,34.6,2.97993,80.9616012573242,104.98537401536726,10.688561184309245,0.06857736764705884,1,0,0,0,1,0,1,1,0,0,0,0,0
AUT,G,2014,36507.637014,21088.5,4407.4,661.958,4.010074641129047,0.12072542515720323,AUT_G,0,0,0,0,0,27.597689562142,43838.834589213715,35.7,3.11263,81.0195693969727,104.49673998926,10.688275337993321,0.06857736764705884,1,0,0,0,1,0,1,1,0,0,0,0,0
AUT,G,2015,37643.920743,21444.5,4581.1,663.265,4.038752143872699,0.12169561271993352,AUT_G,0,0,0,0,0,28.4068593397138,43915.22802085699,34.8,3.06917,82.2563095092773,103.11758174626,10.690016418660566,0.06857736764705884,1,0,0,0,1,0,1,1,0,0,0,0,0
AUT,G,2016,37822.729052,22185.8,5393.6,666.318,4.038898464510859,0.1426020843864728,AUT_G,0,0,0,0,0,28.8775983744406,44362.67028051158,34.6,3.13356,82.8496932983398,101.57349459717216,10.700153635335925,0.06857736764705884,1,0,0,0,1,0,1,1,0,0,0,0,0
AUT,G,2017,38015.407581,22757,4919.1,670.207,4.038160199296591,0.12939753413188587,AUT_G,0,0,0,0,0,28.5425998928488,45056.63859124121,34,3.07376,83.8392562866211,105.55606675543766,10.715675612695888,0.06857736764705884,1,0,0,0,1,0,1,1,0,0,0,0,0
AUT,G,2018,41357.330084,23677,5543.4,676.064,4.113717207886069,0.13403669890539155,AUT_G,0,0,0,0,0,28.5150396136468,45951.58191640344,34.1,3.10828,85.8698883056641,108.37796997182797,10.735343554098824,0.06857736764705884,1,0,0,0,1,0,1,1,0,0,0,0,0
AUT,G,2019,41972.241429,24649.4,6109.9,684.339,4.116310351523977,0.14557001942189507,AUT_G,0,0,0,0,0,28.3631930003301,46550.56224594918,34,3.14405,86.3234329223633,108.20728490442558,10.748294360955562,0.06857736764705884,1,0,0,0,1,0,1,1,0,0,0,0,0
AUT,G,2020,41191.816854,24621,5987.4,674.303,4.112315330772578,0.14535411295941864,AUT_G,0,0,0,0,0,29.2106456326106,43428.69831372342,35.8,3.20758,88.7071990966797,99.94821410959752,10.678875753026356,0.06857736764705884,1,0,0,0,1,0,1,1,0,0,0,0,0
AUT,G,2021,45800.352747,25956.5,6404.1,689.017,4.196781127823138,0.13982643398787972,AUT_G,0,0,0,0,0,29.2537339731419,45368.64343373677,36,3.25565,93.940071105957,111.03293212416465,10.72257647213907,0.06857736764705884,1,0,0,0,1,0,1,1,0,0,0,0,0
AUT,G,2022,51302.069572,27899,6943.5,700.313,4.293958994917266,0.13534541701587943,AUT_G,0,0,0,0,0,29.2342573265435,47332.424035797136,36,3.17775,94.5116882324219,123.57957865290192,10.764950837219436,0.06857736764705884,1,0,0,0,1,0,1,1,0,0,0,0,0
AUT,H,2010,14621.545924,8236.4,5949.7,206.883,4.25809805199083,0.4069131972040031,AUT_H,303.16666666666197,20734.24166243873,9.939590027420316,NA,NA,24.5113861270145,43035.407353193295,31.1,2.74321,75.0402526855469,99.64488255467155,10.669778482664274,-0.3927636321428572,0,0,0,1,1,9.939590027420316,1,1,9.939590027420316,9.939590027420316,20734.24166243873,27851.16333333318,101.72838331614533
AUT,H,2011,15425.304142,8313.1,6526.5,207.267,4.309756748861429,0.4231034889114214,AUT_H,224.66666666665802,14564.812764692002,9.586432470424477,NA,NA,24.9926429150975,44146.19568052944,31.6,2.68567,77.2625122070312,105.77509837237788,10.695262034267998,-0.3927636321428572,0,0,0,1,1,9.586432470424477,1,1,9.586432470424477,9.586432470424477,20734.24166243873,33077.43333333317,103.43770323779127
AUT,H,2012,15801.069729,8571.4,5690,206.35,4.338259164891719,0.3601022017868218,AUT_H,280.999999999996,17783.606098786557,9.786088536191633,20734.24166243873,9.939590027420316,25.2644782408466,44221.459953089274,34.4,2.93372,79.5471267700195,105.84079138970569,10.696965469540093,-0.3927636321428572,0,0,0,1,1,9.786088536191633,1,1,9.786088536191633,9.786088536191633,20734.24166243873,31677.538888888692,103.0078948482269
AUT,H,2013,16195.152555,8661,5750.2,204.711,4.370868023043934,0.3550568591726365,AUT_H,189.499999999999,11701.032105529246,9.367517789937756,14564.812764692002,9.586432470424477,26.3222866586035,43851.36754974038,34.6,2.97993,80.9616012573242,104.98537401536726,10.688561184309245,-0.3927636321428572,0,0,0,1,1,9.367517789937756,1,1,9.367517789937756,9.367517789937756,20734.24166243873,30595.29999999987,102.66239113715847
AUT,H,2014,16876.320921,8857.5,5958.7,206.56,4.4030758623789295,0.3530805101356724,AUT_H,218.666666666662,12957.010458041526,9.469469444081774,17783.606098786557,9.786088536191633,27.597689562142,43838.834589213715,35.7,3.11263,81.0195693969727,104.49673998926,10.688275337993321,-0.3927636321428572,0,0,0,1,1,9.469469444081774,1,1,9.469469444081774,9.469469444081774,20734.24166243873,30851.416666666497,102.74524752685642
AUT,H,2015,17444.7745,9068.5,5990.4,208.742,4.4256963875540904,0.34339222900244426,AUT_H,272.333333333324,15611.169598857468,9.655805991606698,11701.032105529246,9.367517789937756,28.4068593397138,43915.22802085699,34.8,3.06917,82.2563095092773,103.11758174626,10.690016418660566,-0.3927636321428572,0,0,0,1,1,9.655805991606698,1,1,9.655805991606698,9.655805991606698,20734.24166243873,29835.996666666484,102.41260959516406
AUT,H,2016,18073.711967,9422.2,6960.8,212.152,4.444910785121647,0.3851339455176347,AUT_H,279.499999999998,15464.449168511972,9.646363728894743,12957.010458041526,9.469469444081774,28.8775983744406,44362.67028051158,34.6,3.13356,82.8496932983398,101.57349459717216,10.700153635335925,-0.3927636321428572,0,0,0,1,1,9.646363728894743,1,1,9.646363728894743,9.646363728894743,20734.24166243873,32288.763333333198,103.19784846851269
AUT,H,2017,18656.34923,9718.1,7302.9,215.584,4.460591183643589,0.39144314409899156,AUT_H,324.916666666663,17415.876099927777,9.765194905962886,15611.169598857468,9.655805991606698,28.5425998928488,45056.63859124121,34,3.07376,83.8392562866211,105.55606675543766,10.715675612695888,-0.3927636321428572,0,0,0,1,1,9.765194905962886,1,1,9.765194905962886,9.765194905962886,20734.24166243873,32366.016666666535,103.22160055845552
AUT,H,2018,19043.829789,10240.9,7231.5,221.65,4.453398871307727,0.37972929185583365,AUT_H,403.4666666666569,21186.21470244947,9.96115319866103,15464.449168511972,9.646363728894743,28.5150396136468,45951.58191640344,34.1,3.10828,85.8698883056641,108.37796997182797,10.735343554098824,-0.3927636321428572,0,0,0,1,1,9.96115319866103,1,1,9.96115319866103,9.96115319866103,20734.24166243873,31839.629999999815,103.05862355632833
AUT,H,2019,19666.145359,10328.3,7608.8,221.209,4.487545970717514,0.38689839117445124,AUT_H,419.049999999986,21308.19193849863,9.966893805016532,17415.876099927777,9.765194905962886,28.3631930003301,46550.56224594918,34,3.14405,86.3234329223633,108.20728490442558,10.748294360955562,-0.3927636321428572,0,0,0,1,1,9.966893805016532,1,1,9.966893805016532,9.966893805016532,20734.24166243873,31028.999999999745,102.80229476157744
AUT,H,2020,17948.785376,10067.5,7518.4,216.145,4.419328245789806,0.4188807121206729,AUT_H,365.833333333326,20382.066288591068,9.922459751229306,21186.21470244947,9.96115319866103,29.2106456326106,43428.69831372342,35.8,3.20758,88.7071990966797,99.94821410959752,10.678875753026356,-0.3927636321428572,0,0,0,1,1,9.922459751229306,1,1,9.922459751229306,9.922459751229306,20734.24166243873,27088.333333333187,101.45235498775975
AUT,H,2021,17694.215955,10376.3,7290.8,217.64,4.3981507613358675,0.4120442532487448,AUT_H,193.5,10935.777007136681,9.299886426276377,21308.19193849863,9.966893805016532,29.2537339731419,45368.64343373677,36,3.25565,93.940071105957,111.03293212416465,10.72257647213907,-0.3927636321428572,0,0,0,1,1,9.299886426276377,1,1,9.299886426276377,9.299886426276377,20734.24166243873,17056.949999999877,96.85505927282308
AUT,H,2022,21443.96074,11247,7988,224.548,4.559108841338817,0.37250581162927465,AUT_H,70,3264.3223352590417,8.091113761266092,20382.066288591068,9.922459751229306,29.2342573265435,47332.424035797136,36,3.17775,94.5116882324219,123.57957865290192,10.764950837219436,-0.3927636321428572,0,0,0,1,1,8.091113761266092,1,1,8.091113761266092,8.091113761266092,20734.24166243873,11021.383333333253,92.5145564327412
AUT,J,2010,8608.951232,4619.1,2329.6,101.132,4.444131187628692,0.27060206722286145,AUT_J,4.533333333333,526.5836930847421,6.268307512641363,NA,NA,24.5113861270145,43035.407353193295,31.1,2.74321,75.0402526855469,99.64488255467155,10.669778482664274,1.2675550444444446,1,526.5836930847421,6.268307512641363,1,1,6.268307512641363,1,1,6.268307512641363,6.268307512641363,526.5836930847421,3642.3666666665504,51.40428025957088
AUT,J,2011,9336.838501,4933.8,2926.5,104.491,4.492622040371138,0.31343585943856306,AUT_J,5.033333333333,539.0832595844853,6.2917233120888385,NA,NA,24.9926429150975,44146.19568052944,31.6,2.68567,77.2625122070312,105.77509837237788,10.695262034267998,1.2675550444444446,1,539.0832595844853,6.2917233120888385,1,1,6.2917233120888385,1,1,6.2917233120888385,6.2917233120888385,526.5836930847421,4127.980952380795,52.188586385497686
AUT,J,2012,9514.515431,5251.2,3077,106.831,4.48932570500063,0.3234006000951537,AUT_J,6.9523809523799995,730.713088101985,6.595388480981595,526.5836930847421,6.268307512641363,25.2644782408466,44221.459953089274,34.4,2.93372,79.5471267700195,105.84079138970569,10.696965469540093,1.2675550444444446,1,730.713088101985,6.595388480981595,1,1,6.595388480981595,1,1,6.595388480981595,6.595388480981595,526.5836930847421,5131.7412698410135,53.55262804005573
AUT,J,2013,9906.688216,5513.6,3231.2,108.784,4.511601120612648,0.326163489710051,AUT_J,6.833333333333,689.7696974349798,6.537806479408505,539.0832595844853,6.2917233120888385,26.3222866586035,43851.36754974038,34.6,2.97993,80.9616012573242,104.98537401536726,10.688561184309245,1.2675550444444446,1,689.7696974349798,6.537806479408505,1,1,6.537806479408505,1,1,6.537806479408505,6.537806479408505,526.5836930847421,4931.909325396641,53.30370768032567
AUT,J,2014,10467.395663,5710.8,3312.5,111.493,4.542058721473691,0.3164588505724473,AUT_J,26.142857142857,2497.551251957199,7.823466343664603,730.713088101985,6.595388480981595,27.597689562142,43838.834589213715,35.7,3.11263,81.0195693969727,104.49673998926,10.688275337993321,1.2675550444444446,1,2497.551251957199,7.823466343664603,1,1,7.823466343664603,1,1,7.823466343664603,7.823466343664603,526.5836930847421,4833.645238095125,53.17758188420448
AUT,J,2015,10827.654983,5936,3641.1,111.986,4.57148492333492,0.33627780029163495,AUT_J,18.333333333333,1693.1951897356646,7.434963092739297,689.7696974349798,6.537806479408505,28.4068593397138,43915.22802085699,34.8,3.06917,82.2563095092773,103.11758174626,10.690016418660566,1.2675550444444446,1,1693.1951897356646,7.434963092739297,1,1,7.434963092739297,1,1,7.434963092739297,7.434963092739297,526.5836930847421,4641.4476190475325,52.92330158852098
AUT,J,2016,11629.990993,6293.6,3604.5,116.557,4.602962047311521,0.30993145241208875,AUT_J,5.666666666666,487.2460064738419,6.1908193904582935,2497.551251957199,7.823466343664603,28.8775983744406,44362.67028051158,34.6,3.13356,82.8496932983398,101.57349459717216,10.700153635335925,1.2675550444444446,1,487.2460064738419,6.1908193904582935,1,1,6.1908193904582935,1,1,6.1908193904582935,6.1908193904582935,526.5836930847421,4582.929761904654,52.84378764127684
AUT,J,2017,11868.95538,6579.5,3601.3,119.982,4.594339747145361,0.3034218163856641,AUT_J,8.499999999999,716.1540108510375,6.57529061648905,1693.1951897356646,7.434963092739297,28.5425998928488,45056.63859124121,34,3.07376,83.8392562866211,105.55606675543766,10.715675612695888,1.2675550444444446,1,716.1540108510375,6.57529061648905,1,1,6.57529061648905,1,1,6.57529061648905,6.57529061648905,526.5836930847421,4534.011904761771,52.7765352946753
AUT,J,2018,12896.491911,7114,4045.3,124.896,4.637229217484123,0.31367444944850326,AUT_J,3.833333333333,297.2384552161334,5.6978933518168775,487.2460064738419,6.1908193904582935,28.5150396136468,45951.58191640344,34.1,3.10828,85.8698883056641,108.37796997182797,10.735343554098824,1.2675550444444446,1,297.2384552161334,5.6978933518168775,1,1,5.6978933518168775,1,1,5.6978933518168775,5.6978933518168775,526.5836930847421,4337.885714285626,52.49941253343808
AUT,J,2019,13689.927564,7590.5,4237.6,130.064,4.656388990102848,0.30954144791412136,AUT_J,11.066666666663998,808.3802207811301,6.696268795253051,716.1540108510375,6.57529061648905,28.3631930003301,46550.56224594918,34,3.14405,86.3234329223633,108.20728490442558,10.748294360955562,1.2675550444444446,1,808.3802207811301,6.696268795253051,1,1,6.696268795253051,1,1,6.696268795253051,6.696268795253051,526.5836930847421,4396.219047618907,52.58312414541693
AUT,J,2020,13703.169681,7912,4164.9,132.537,4.638520596904845,0.3039369793234628,AUT_J,5.666666666666,413.5296284423204,6.027144451978127,297.2384552161334,5.6978933518168775,29.2106456326106,43428.69831372342,35.8,3.20758,88.7071990966797,99.94821410959752,10.678875753026356,1.2675550444444446,1,413.5296284423204,6.027144451978127,1,1,6.027144451978127,1,1,6.027144451978127,6.027144451978127,526.5836930847421,4490.9666666665125,52.716753866736276
AUT,J,2021,15321.775417,8475.2,3917.9,138.41,4.706810030509499,0.25570796421235653,AUT_J,1.5,97.89988165051042,4.5941080419698155,808.3802207811301,6.696268795253051,29.2537339731419,45368.64343373677,36,3.25565,93.940071105957,111.03293212416465,10.72257647213907,1.2675550444444446,1,97.89988165051042,4.5941080419698155,0,0,0,1,1,4.5941080419698155,4.5941080419698155,526.5836930847421,4177.933333333194,52.26396527058111
AUT,J,2022,15720.927877,9286.4,4485.4,145.718,4.681074842401516,0.2853139480756871,AUT_J,8.5,540.6805543860838,6.294676444633675,413.5296284423204,6.027144451978127,29.2342573265435,47332.424035797136,36,3.17775,94.5116882324219,123.57957865290192,10.764950837219436,1.2675550444444446,1,540.6805543860838,6.294676444633675,1,1,6.294676444633675,1,1,6.294676444633675,6.294676444633675,526.5836930847421,2168.533333333253,48.1548142672569
AUT,K,2010,12014.407299,7909.9,1610.8,137.845,4.4677319513638185,0.1340723649458823,AUT_K,0,0,0,NA,NA,24.5113861270145,43035.407353193295,31.1,2.74321,75.0402526855469,99.64488255467155,10.669778482664274,2.05267,1,0,0,0,1,0,1,1,0,0,0,0,0
AUT,K,2011,12933.356822,7962.2,2346.5,136.881,4.548453117849175,0.18143008286978815,AUT_K,0,0,0,NA,NA,24.9926429150975,44146.19568052944,31.6,2.68567,77.2625122070312,105.77509837237788,10.695262034267998,2.05267,1,0,0,0,1,0,1,1,0,0,0,0,0
AUT,K,2012,12301.784961,8186.7,2005.4,136.515,4.501065150914856,0.16301699357919708,AUT_K,0,0,0,0,0,25.2644782408466,44221.459953089274,34.4,2.93372,79.5471267700195,105.84079138970569,10.696965469540093,2.05267,1,0,0,0,1,0,1,1,0,0,0,0,0
AUT,K,2013,12861.429233,8124.4,2080.4,133.913,4.564797794122525,0.16175496224494912,AUT_K,0,0,0,0,0,26.3222866586035,43851.36754974038,34.6,2.97993,80.9616012573242,104.98537401536726,10.688561184309245,2.05267,1,0,0,0,1,0,1,1,0,0,0,0,0
AUT,K,2014,12969.129858,8329.8,2396.4,132.649,4.5826206443197535,0.1847772384298999,AUT_K,0,0,0,0,0,27.597689562142,43838.834589213715,35.7,3.11263,81.0195693969727,104.49673998926,10.688275337993321,2.05267,1,0,0,0,1,0,1,1,0,0,0,0,0
AUT,K,2015,13499.846454,8434.6,2630.6,130.754,4.637115895372752,0.19486147557037983,AUT_K,0,0,0,0,0,28.4068593397138,43915.22802085699,34.8,3.06917,82.2563095092773,103.11758174626,10.690016418660566,2.05267,1,0,0,0,1,0,1,1,0,0,0,0,0
AUT,K,2016,13242.550434,8413.2,2116.9,129.486,4.627617674719422,0.15985591374943145,AUT_K,0,0,0,0,0,28.8775983744406,44362.67028051158,34.6,3.13356,82.8496932983398,101.57349459717216,10.700153635335925,2.05267,1,0,0,0,1,0,1,1,0,0,0,0,0
AUT,K,2017,13764.572888,8467.7,2440.6,126.903,4.686430373151195,0.17731026017724988,AUT_K,0,0,0,0,0,28.5425998928488,45056.63859124121,34,3.07376,83.8392562866211,105.55606675543766,10.715675612695888,2.05267,1,0,0,0,1,0,1,1,0,0,0,0,0
AUT,K,2018,14217.394464,8784,2810.9,127.758,4.712083606756432,0.1977085187526805,AUT_K,0,0,0,0,0,28.5150396136468,45951.58191640344,34.1,3.10828,85.8698883056641,108.37796997182797,10.735343554098824,2.05267,1,0,0,0,1,0,1,1,0,0,0,0,0
AUT,K,2019,14836.755207,8757.4,3482.2,128.709,4.747308798767152,0.234700913469078,AUT_K,0,0,0,0,0,28.3631930003301,46550.56224594918,34,3.14405,86.3234329223633,108.20728490442558,10.748294360955562,2.05267,1,0,0,0,1,0,1,1,0,0,0,0,0
AUT,K,2020,14659.104199,9011.9,3673,128.347,4.73807933500155,0.2505610131518515,AUT_K,0,0,0,0,0,29.2106456326106,43428.69831372342,35.8,3.20758,88.7071990966797,99.94821410959752,10.678875753026356,2.05267,1,0,0,0,1,0,1,1,0,0,0,0,0
AUT,K,2021,16733.282084,9338.3,3821.3,129.589,4.8607870505251105,0.22836524124898633,AUT_K,0,0,0,0,0,29.2537339731419,45368.64343373677,36,3.25565,93.940071105957,111.03293212416465,10.72257647213907,2.05267,1,0,0,0,1,0,1,1,0,0,0,0,0
AUT,K,2022,18984.113577,9295.7,4379.4,128.493,4.9954833527293685,0.23068762111209737,AUT_K,0,0,0,0,0,29.2342573265435,47332.424035797136,36,3.17775,94.5116882324219,123.57957865290192,10.764950837219436,2.05267,1,0,0,0,1,0,1,1,0,0,0,0,0
AUT,M_N,2010,23132.116298,12538.063666,5470.1,439.959,3.9622957060938813,0.2364720948801794,AUT_M_N,0,0,0,NA,NA,24.5113861270145,43035.407353193295,31.1,2.74321,75.0402526855469,99.64488255467155,10.669778482664274,0.9246918833333334,1,0,0,0,1,0,1,1,0,0,0,0,0
AUT,M_N,2011,24711.296494,13451.62903,6320.5,457.93,3.988299431994346,0.2557737106806453,AUT_M_N,0,0,0,NA,NA,24.9926429150975,44146.19568052944,31.6,2.68567,77.2625122070312,105.77509837237788,10.695262034267998,0.9246918833333334,1,0,0,0,1,0,1,1,0,0,0,0,0
AUT,M_N,2012,25797.904245,14143.739603,6551.3,471.928,4.001222105219451,0.2539469849094325,AUT_M_N,0,0,0,0,0,25.2644782408466,44221.459953089274,34.4,2.93372,79.5471267700195,105.84079138970569,10.696965469540093,0.9246918833333334,1,0,0,0,1,0,1,1,0,0,0,0,0
AUT,M_N,2013,26689.711734,15035.512999,6517.2,480.108,4.01802236322247,0.2441839786413933,AUT_M_N,0,0,0,0,0,26.3222866586035,43851.36754974038,34.6,2.97993,80.9616012573242,104.98537401536726,10.688561184309245,0.9246918833333334,1,0,0,0,1,0,1,1,0,0,0,0,0
AUT,M_N,2014,27646.649502,15419.940795,6565.8,486.193,4.0406541598625765,0.23748989907529375,AUT_M_N,0,0,0,0,0,27.597689562142,43838.834589213715,35.7,3.11263,81.0195693969727,104.49673998926,10.688275337993321,0.9246918833333334,1,0,0,0,1,0,1,1,0,0,0,0,0
AUT,M_N,2015,28953.6573,16034.405775,6834.2,489.901,4.079248476752843,0.23603926540914055,AUT_M_N,0,0,0,0,0,28.4068593397138,43915.22802085699,34.8,3.06917,82.2563095092773,103.11758174626,10.690016418660566,0.9246918833333334,1,0,0,0,1,0,1,1,0,0,0,0,0
AUT,M_N,2016,30511.456167,16900.816698,7952.1,504.043,4.103195922211391,0.2606266956409862,AUT_M_N,0,0,0,0,0,28.8775983744406,44362.67028051158,34.6,3.13356,82.8496932983398,101.57349459717216,10.700153635335925,0.9246918833333334,1,0,0,1,1,0,1,1,0,0,0,0,0
AUT,M_N,2017,32172.996008,18079.788266,8364.6,524.697,4.116061793267512,0.2599882211131377,AUT_M_N,0,0,0,0,0,28.5425998928488,45056.63859124121,34,3.07376,83.8392562866211,105.55606675543766,10.715675612695888,0.9246918833333334,1,0,0,1,1,0,1,1,0,0,0,0,0
AUT,M_N,2018,33709.540752,19219.477661,9221.4,543.775,4.1270006262833165,0.2735546018808604,AUT_M_N,0,0,0,0,0,28.5150396136468,45951.58191640344,34.1,3.10828,85.8698883056641,108.37796997182797,10.735343554098824,0.9246918833333334,1,0,0,1,1,0,1,1,0,0,0,0,0
AUT,M_N,2019,35869.286014,20346.253578,9639.2,554.728,4.169158761982309,0.26873130388594196,AUT_M_N,0,0,0,0,0,28.3631930003301,46550.56224594918,34,3.14405,86.3234329223633,108.20728490442558,10.748294360955562,0.9246918833333334,1,0,0,1,1,0,1,1,0,0,0,0,0
AUT,M_N,2020,34179.298491,19795.852971,8689.8,535.277,4.156591062582142,0.25424161359801384,AUT_M_N,0,0,0,0,0,29.2106456326106,43428.69831372342,35.8,3.20758,88.7071990966797,99.94821410959752,10.678875753026356,0.9246918833333334,1,0,0,0,1,0,1,1,0,0,0,0,0
AUT,M_N,2021,36794.945736,21553.601722,8261.4,563.284,4.1793318291443295,0.22452540246355315,AUT_M_N,0,0,0,0,0,29.2537339731419,45368.64343373677,36,3.25565,93.940071105957,111.03293212416465,10.72257647213907,0.9246918833333334,1,0,0,0,1,0,1,1,0,0,0,0,0
AUT,M_N,2022,40373.603905,24158.613561,8802.5,590.863,4.224347301679583,0.21802611480294104,AUT_M_N,0,0,0,0,0,29.2342573265435,47332.424035797136,36,3.17775,94.5116882324219,123.57957865290192,10.764950837219436,0.9246918833333334,1,0,0,0,1,0,1,1,0,0,0,0,0
BEL,C,2010,47688.8,29022.5,10746.1,538.8,4.4831074039316166,0.22533802486118334,BEL_C,94.899999999986,1989.9850698693613,7.596384805226116,NA,NA,30.842629161864,39991.56462062861,6.2,2.0613,66.8578872680664,150.16256362142747,10.59642382637253,-0.4842254202898551,0,0,0,0,0,0,1,0,7.596384805226116,0,1989.9850698693613,14618.915079364753,72.85039320445375
BEL,C,2011,49047.3,30187,12090.1,539.9,4.509156480382629,0.24649878790473684,BEL_C,106.43333333332002,2170.014115625529,7.682949671757444,NA,NA,32.1032472233196,40236.95963085579,6.7,2.15739,67.7034072875977,160.76551688812592,10.602541246025885,-0.4842254202898551,0,0,0,0,1,0,1,1,7.682949671757444,7.682949671757444,1989.9850698693613,15625.961904761614,73.35641197448425
BEL,C,2012,48963.5,30807.5,12344.7,531.3,4.523503568102346,0.2521204570751682,BEL_C,92.199999999994,1883.035322229702,7.541171203490123,1989.9850698693613,7.596384805226116,33.2388297727719,40074.49280039898,7.7,2.27079,69.7490615844727,160.3833014250587,10.598495321138124,-0.4842254202898551,0,0,0,0,1,0,1,1,7.541171203490123,7.541171203490123,1989.9850698693613,16447.4714285712,73.74561123809858
BEL,C,2013,49975.7,31040.1,12068.9,518.1,4.569123892453263,0.24149536674823965,BEL_C,132.366666666659,2648.6205629267624,7.882171724927267,2170.014115625529,7.682949671757444,34.3084525866565,40007.89978914108,8.3,2.32047,71.7841110229492,157.57362278243448,10.596832208325084,-0.4842254202898551,0,0,0,0,1,0,1,1,7.882171724927267,7.882171724927267,1989.9850698693613,15478.86666666647,73.28456920480454
BEL,C,2014,50959.1,31122.5,12028.4,506,4.612241959892105,0.2360402754365756,BEL_C,113.99999999999301,2237.08817463403,7.7133772869492105,1883.035322229702,7.541171203490123,35.7819662752911,40533.913502789845,9.1,2.35858,74.0397262573242,158.57161095352288,10.609894273134856,-0.4842254202898551,0,0,0,0,1,0,1,1,7.7133772869492105,7.7133772869492105,1989.9850698693613,16300.430952380753,73.67739829922455
BEL,C,2015,52223.7,30449.6,15359.2,492.7,4.663391224272067,0.2941040179075784,BEL_C,164.18333333331802,3143.847206025579,8.053520584814622,2648.6205629267624,7.882171724927267,36.5492377831789,40893.804537772005,9.4,2.43496,76.423942565918,155.068682045926,10.618733852262814,-0.4842254202898551,0,0,0,1,1,8.053520584814622,1,1,8.053520584814622,8.053520584814622,1989.9850698693613,16129.314285714076,73.59723732735453
BEL,C,2016,52480.4,30729.5,13117.7,493.3,4.66707753730045,0.24995426864124512,BEL_C,121.641666666659,2317.849457448095,7.748826418135867,2237.08817463403,7.7133772869492105,37.6812994536783,41172.88628312092,9.2,2.53291,77.2435073852539,159.05769661194523,10.62553521877056,-0.4842254202898551,0,0,0,0,1,0,1,1,7.748826418135867,7.748826418135867,1989.9850698693613,17306.41666666646,74.13228673274463
BEL,C,2017,55185.7,31907.9,14096.2,496.5,4.710875657247632,0.2554321137541066,BEL_C,136.09999999999303,2466.218603732362,7.81084672376388,3143.847206025579,8.053520584814622,38.4911160919085,41619.328629168966,9.7,2.67654,80.7738189697266,166.90407823779137,10.636319968850893,-0.4842254202898551,0,0,0,1,1,7.81084672376388,1,1,7.81084672376388,7.81084672376388,1989.9850698693613,17111.1633333332,74.04610117412939
BEL,C,2018,56719.3,32413.9,14346.8,499.5,4.732262221715435,0.2529438832989829,BEL_C,153.53333333332301,2706.8975345838717,7.903927795274883,2317.849457448095,7.748826418135867,39.4006967604533,42208.362565027215,10.7,2.86365,79.1237487792969,168.27769287721785,10.650373645440041,-0.4842254202898551,0,0,0,0,1,0,1,1,7.903927795274883,7.903927795274883,1989.9850698693613,16349.238095237912,73.70010820198533
BEL,C,2019,59514.7,33530.9,15367.1,503.9,4.771600784156693,0.25820679596805496,BEL_C,153.04523809522598,2571.553550555174,7.852654284033885,2466.218603732362,7.81084672376388,39.9517850127817,43006.40423088634,10.2,3.15154,79.3044815063477,165.46547893198988,10.669104319187902,-0.4842254202898551,0,0,0,1,1,7.852654284033885,1,1,7.852654284033885,7.852654284033885,1989.9850698693613,16323.3214285711,73.68805766376691
BEL,C,2020,55705.8,32296.3,15400.4,500.6,4.71203217076054,0.2764595428124181,BEL_C,130.99999999998602,2351.6402241774827,7.7632934761347805,2706.8975345838717,7.903927795274883,41.0239697084264,40769.021807296216,12.3,3.36823,79.4996032714844,156.9501212827835,10.615677802572218,-0.4842254202898551,0,0,0,1,1,7.7632934761347805,1,1,7.7632934761347805,7.7632934761347805,1989.9850698693613,15924.29999999981,73.5000694100344
BEL,C,2021,54373.8,34099.3,16737.1,501.2,4.686632476160032,0.3078155288024747,BEL_C,116.08333333332601,2134.9130157047325,7.6666494762662065,2571.553550555174,7.852654284033885,43.0218054966431,43140.96766529711,11.7,3.40589,82.6882019042969,177.3818924400728,10.672228350505144,-0.4842254202898551,0,0,0,1,1,7.6666494762662065,1,1,7.6666494762662065,7.6666494762662065,1989.9850698693613,10680.249999999865,70.46592768318934
BEL,C,2022,68536.9,36593.1,18663.7,507.7,4.905236843389066,0.2723160808265329,BEL_C,77.44999999999601,1130.048193017134,7.030900086187197,2351.6402241774827,7.7632934761347805,43.5657139519422,44486.7438563594,11.7,3.19592,83.5736465454102,191.1790313037861,10.702946532907704,-0.4842254202898551,0,0,0,1,1,7.030900086187197,1,1,7.030900086187197,7.030900086187197,1989.9850698693613,6463.566666666593,66.6513735375768
BEL,D_E,2010,9391.7,3571.1,4055.8,48.7,5.26190256939081,0.4318493989373596,BEL_D_E,337.66666666663804,35953.73219615597,10.490015987202806,NA,NA,30.842629161864,39991.56462062861,6.2,2.0613,66.8578872680664,150.16256362142747,10.59642382637253,-0.4190017,0,0,0,1,0,10.490015987202806,1,0,10.490015987202806,0,35953.73219615597,72366.74999999907,117.37820211872467
BEL,D_E,2011,10337.8,3839.1,4077.2,50.8,5.31566600488265,0.3943972605389928,BEL_D_E,256.33333333330404,24795.733457147948,10.11846720804025,NA,NA,32.1032472233196,40236.95963085579,6.7,2.15739,67.7034072875977,160.76551688812592,10.602541246025885,-0.4190017,0,0,0,1,0,10.11846720804025,1,1,10.11846720804025,10.11846720804025,35953.73219615597,76754.1260317451,117.99563832055783
BEL,D_E,2012,9573.4,3939,4430.8,51.3,5.229052946081381,0.4628240750412602,BEL_D_E,296.41666666665,30962.52811609773,10.34056527844933,35953.73219615597,10.490015987202806,33.2388297727719,40074.49280039898,7.7,2.27079,69.7490615844727,160.3833014250587,10.598495321138124,-0.4190017,0,0,0,1,0,10.34056527844933,1,1,10.34056527844933,10.34056527844933,35953.73219615597,76049.10714285634,117.8988391240754
BEL,D_E,2013,9736.4,3988.9,4372,51.2,5.247887186412298,0.44903660490530384,BEL_D_E,267.98333333332005,27523.862344739333,10.222844960478987,24795.733457147948,10.11846720804025,34.3084525866565,40007.89978914108,8.3,2.32047,71.7841110229492,157.57362278243448,10.596832208325084,-0.4190017,0,0,0,1,0,10.222844960478987,1,1,10.222844960478987,10.222844960478987,35953.73219615597,70741.56904761847,117.13993967618485
BEL,D_E,2014,9373.4,4022.2,3530.3,51,5.213805536882406,0.3766296114536881,BEL_D_E,286.64999999998304,30581.219194740763,10.328174046985376,30962.52811609773,10.34056527844933,35.7819662752911,40533.913502789845,9.1,2.35858,74.0397262573242,158.57161095352288,10.609894273134856,-0.4190017,0,0,0,1,0,10.328174046985376,1,1,10.328174046985376,10.328174046985376,35953.73219615597,68574.7499999995,116.81361073917739
BEL,D_E,2015,9472.5,3966.5,3285.1,50.6,5.232196566599336,0.346803906043811,BEL_D_E,291.899999999974,30815.518606489735,10.33580614358688,27523.862344739333,10.222844960478987,36.5492377831789,40893.804537772005,9.4,2.43496,76.423942565918,155.068682045926,10.618733852262814,-0.4190017,0,0,0,1,0,10.33580614358688,1,1,10.33580614358688,10.33580614358688,35953.73219615597,63682.64047619001,116.03723138074167
BEL,D_E,2016,9723.6,4066.8,3873.5,50.7,5.256385288657542,0.3983606894565799,BEL_D_E,307.499999999991,31624.089843267,10.361706066919604,30581.219194740763,10.328174046985376,37.6812994536783,41172.88628312092,9.2,2.53291,77.2435073852539,159.05769661194523,10.62553521877056,-0.4190017,0,0,0,1,0,10.361706066919604,1,1,10.361706066919604,10.361706066919604,35953.73219615597,65987.59999999954,116.41019646857072
BEL,D_E,2017,9804.6,4019.3,4346.4,51.1,5.256822445076135,0.4433021234930542,BEL_D_E,364.49999999998494,37176.42739122299,10.523457065530819,30815.518606489735,10.33580614358688,38.4911160919085,41619.328629168966,9.7,2.67654,80.7738189697266,166.90407823779137,10.636319968850893,-0.4190017,0,0,0,1,0,10.523457065530819,1,1,10.523457065530819,10.523457065530819,35953.73219615597,63324.22777777736,115.97802661861368
BEL,D_E,2018,9108.5,4138.7,5405.7,51,5.185137689746558,0.5934786188724818,BEL_D_E,357.64999999998696,39265.521216444744,10.578127557359409,31624.089843267,10.361706066919604,39.4006967604533,42208.362565027215,10.7,2.86365,79.1237487792969,168.27769287721785,10.650373645440041,-0.4190017,0,0,0,1,1,10.578127557359409,1,1,10.578127557359409,10.578127557359409,35953.73219615597,59287.85619047578,115.28712870547626
BEL,D_E,2019,10206.4,4199.1,5948.3,51.9,5.281451463315848,0.5828009876156137,BEL_D_E,261.59999999998405,25630.97664210535,10.15159593858901,37176.42739122299,10.523457065530819,39.9517850127817,43006.40423088634,10.2,3.15154,79.3044815063477,165.46547893198988,10.669104319187902,-0.4190017,0,0,0,1,1,10.15159593858901,1,1,10.15159593858901,10.15159593858901,35953.73219615597,58116.96428571377,115.07788903805444
BEL,D_E,2020,10845,4239.4,5244.6,52.8,5.324948232548759,0.48359612724757955,BEL_D_E,325.36666666664195,30001.53680651378,10.309037217286404,39265.521216444744,10.578127557359409,41.0239697084264,40769.021807296216,12.3,3.36823,79.4996032714844,156.9501212827835,10.615677802572218,-0.4190017,0,0,0,1,1,10.309037217286404,1,1,10.309037217286404,10.309037217286404,35953.73219615597,62314.180952380426,115.80936057052598
BEL,D_E,2021,11866.9,4397.4,4490.1,53.3,5.405571959728249,0.3783717735887216,BEL_D_E,257.49999999998,21699.01153628833,9.9850680711546,25630.97664210535,10.15159593858901,43.0218054966431,43140.96766529711,11.7,3.40589,82.6882019042969,177.3818924400728,10.672228350505144,-0.4190017,0,0,0,1,0,9.9850680711546,1,1,9.9850680711546,9.9850680711546,35953.73219615597,57942.63333333293,115.04637584350311
BEL,D_E,2022,13994.3,4873.4,5426,53.8,5.5611319156673575,0.3877292897822685,BEL_D_E,213.849999999975,15281.221640237456,9.634445447455137,30001.53680651378,10.309037217286404,43.5657139519422,44486.7438563594,11.7,3.19592,83.5736465454102,191.1790313037861,10.702946532907704,-0.4190017,0,0,0,1,0,9.634445447455137,1,1,9.634445447455137,9.634445447455137,35953.73219615597,48235.81666666616,113.12305094277508
BEL,G,2010,40843.9,24022.8,5996.9,576.2,4.261057939681978,0.14682486246416232,BEL_G,0,0,0,NA,NA,30.842629161864,39991.56462062861,6.2,2.0613,66.8578872680664,150.16256362142747,10.59642382637253,0.06857736764705884,1,0,0,0,1,0,1,0,0,0,0,0,0
BEL,G,2011,43013.5,24526.9,6926.2,574.9,4.315073186261743,0.16102386460064863,BEL_G,0,0,0,NA,NA,32.1032472233196,40236.95963085579,6.7,2.15739,67.7034072875977,160.76551688812592,10.602541246025885,0.06857736764705884,1,0,0,0,1,0,1,1,0,0,0,0,0
BEL,G,2012,42958.2,25390.7,6680.2,576,4.311875168167708,0.1555046533607088,BEL_G,0,0,0,0,0,33.2388297727719,40074.49280039898,7.7,2.27079,69.7490615844727,160.3833014250587,10.598495321138124,0.06857736764705884,1,0,0,0,1,0,1,1,0,0,0,0,0
BEL,G,2013,43045.7,25611.5,6519.7,570,4.324381260182575,0.15145995999600426,BEL_G,0,0,0,0,0,34.3084525866565,40007.89978914108,8.3,2.32047,71.7841110229492,157.57362278243448,10.596832208325084,0.06857736764705884,1,0,0,0,1,0,1,1,0,0,0,0,0
BEL,G,2014,43667.8,25692.5,6409.6,564.9,4.347717543045632,0.14678092324321354,BEL_G,0,0,0,0,0,35.7819662752911,40533.913502789845,9.1,2.35858,74.0397262573242,158.57161095352288,10.609894273134856,0.06857736764705884,1,0,0,0,1,0,1,1,0,0,0,0,0
BEL,G,2015,44218.1,26304.4,6850.3,567.3,4.3560012221725435,0.15492072250956057,BEL_G,0,0,0,0,0,36.5492377831789,40893.804537772005,9.4,2.43496,76.423942565918,155.068682045926,10.618733852262814,0.06857736764705884,1,0,0,0,1,0,1,1,0,0,0,0,0
BEL,G,2016,46553.8,26431.7,7268.5,569.9,4.402903005185557,0.15613118585378635,BEL_G,0,0,0,0,0,37.6812994536783,41172.88628312092,9.2,2.53291,77.2435073852539,159.05769661194523,10.62553521877056,0.06857736764705884,1,0,0,0,1,0,1,1,0,0,0,0,0
BEL,G,2017,45302,26675.9,7025,569.1,4.377050294997835,0.1550704163171604,BEL_G,0,0,0,0,0,38.4911160919085,41619.328629168966,9.7,2.67654,80.7738189697266,166.90407823779137,10.636319968850893,0.06857736764705884,1,0,0,0,1,0,1,1,0,0,0,0,0
BEL,G,2018,46453.8,27134,7214.1,570.3,4.400051011129492,0.15529622980251345,BEL_G,0,0,0,0,0,39.4006967604533,42208.362565027215,10.7,2.86365,79.1237487792969,168.27769287721785,10.650373645440041,0.06857736764705884,1,0,0,0,1,0,1,1,0,0,0,0,0
BEL,G,2019,48164.5,27938.5,7713.3,572.3,4.432714184740743,0.16014492001370303,BEL_G,0,0,0,0,0,39.9517850127817,43006.40423088634,10.2,3.15154,79.3044815063477,165.46547893198988,10.669104319187902,0.06857736764705884,1,0,0,0,1,0,1,1,0,0,0,0,0
BEL,G,2020,47595.1,26698.5,6923.9,571.6,4.422045647688522,0.14547505940737596,BEL_G,0,0,0,0,0,41.0239697084264,40769.021807296216,12.3,3.36823,79.4996032714844,156.9501212827835,10.615677802572218,0.06857736764705884,1,0,0,0,1,0,1,1,0,0,0,0,0
BEL,G,2021,55037.5,28904.9,7204.1,574.6,4.56209590351882,0.13089439018850785,BEL_G,0,0,0,0,0,43.0218054966431,43140.96766529711,11.7,3.40589,82.6882019042969,177.3818924400728,10.672228350505144,0.06857736764705884,1,0,0,0,1,0,1,1,0,0,0,0,0
BEL,G,2022,62488.1,30927.7,7804.1,577.8,4.683503629563977,0.12488937893774976,BEL_G,0,0,0,0,0,43.5657139519422,44486.7438563594,11.7,3.19592,83.5736465454102,191.1790313037861,10.702946532907704,0.06857736764705884,1,0,0,0,1,0,1,1,0,0,0,0,0
BEL,H,2010,19586.5,12672.3,6400.8,259,4.325767770694037,0.3267965180098537,BEL_H,45.833333333328994,2340.047141313098,7.758353604542793,NA,NA,30.842629161864,39991.56462062861,6.2,2.0613,66.8578872680664,150.16256362142747,10.59642382637253,-0.3927636321428572,0,0,0,1,1,7.758353604542793,1,0,7.758353604542793,0,2340.047141313098,28108.496666666513,79.47550955214999
BEL,H,2011,19956.6,12834.6,6552,257.2,4.351461202311007,0.3283124379904393,BEL_H,79.16666666666,3966.9415965976177,8.286002749697053,NA,NA,32.1032472233196,40236.95963085579,6.7,2.15739,67.7034072875977,160.76551688812592,10.602541246025885,-0.3927636321428572,0,0,0,1,1,8.286002749697053,1,1,8.286002749697053,8.286002749697053,2340.047141313098,33222.93333333317,80.77241937737443
BEL,H,2012,20113.3,13040.2,6363.2,252.7,4.376933552373981,0.3163677765458677,BEL_H,67.499999999989,3355.988326131913,8.118799519503602,2340.047141313098,7.758353604542793,33.2388297727719,40074.49280039898,7.7,2.27079,69.7490615844727,160.3833014250587,10.598495321138124,-0.3927636321428572,0,0,0,1,0,8.118799519503602,1,1,8.118799519503602,8.118799519503602,2340.047141313098,31891.0388888887,80.45499343301326
BEL,H,2013,19818.9,13024.1,6543.8,246.5,4.3870293133656215,0.3301797778887829,BEL_H,80.49999999999,4061.779412580415,8.309622602754194,3966.9415965976177,8.286002749697053,34.3084525866565,40007.89978914108,8.3,2.32047,71.7841110229492,157.57362278243448,10.596832208325084,-0.3927636321428572,0,0,0,1,1,8.309622602754194,1,1,8.309622602754194,8.309622602754194,2340.047141313098,30704.29999999988,80.16078785158876
BEL,H,2014,20532.5,12966.1,7094.2,243.4,4.435058095060921,0.3455107755996591,BEL_H,76.499999999996,3725.8005600874712,8.22330538586269,3355.988326131913,8.118799519503602,35.7819662752911,40533.913502789845,9.1,2.35858,74.0397262573242,158.57161095352288,10.609894273134856,-0.3927636321428572,0,0,0,1,1,8.22330538586269,1,1,8.22330538586269,8.22330538586269,2340.047141313098,30993.58333333316,80.23353932911094
BEL,H,2015,21537.3,13167.2,6735.3,246,4.472210058731861,0.3127272220751905,BEL_H,110.583333333318,5134.50308689195,8.54393308969456,4061.779412580415,8.309622602754194,36.5492377831789,40893.804537772005,9.4,2.43496,76.423942565918,155.068682045926,10.618733852262814,-0.3927636321428572,0,0,0,1,0,8.54393308969456,1,1,8.54393308969456,8.54393308969456,2340.047141313098,29997.74666666649,79.98017590022697
BEL,H,2016,21498.6,13167.3,7113.1,246.9,4.466759699365394,0.33086340505893413,BEL_H,173.666666666659,8078.0453921026965,8.997028999993779,3725.8005600874712,8.22330538586269,37.6812994536783,41172.88628312092,9.2,2.53291,77.2435073852539,159.05769661194523,10.62553521877056,-0.3927636321428572,0,0,0,1,1,8.997028999993779,1,1,8.997028999993779,8.997028999993779,2340.047141313098,32394.596666666534,80.57653653126212
BEL,H,2017,22280.7,13635.3,8173.8,250.3,4.488815913422335,0.3668556194374503,BEL_H,106.499999999992,4779.921636213943,8.472388617823283,5134.50308689195,8.54393308969456,38.4911160919085,41619.328629168966,9.7,2.67654,80.7738189697266,166.90407823779137,10.636319968850893,-0.3927636321428572,0,0,0,1,1,8.472388617823283,1,1,8.472388617823283,8.472388617823283,2340.047141313098,32584.433333333207,80.62186742789896
BEL,H,2018,23315.7,14185.5,8600.6,255.4,4.514051288783247,0.36887590765020994,BEL_H,126.896666666658,5442.541577849174,8.602185153364845,8078.0453921026965,8.997028999993779,39.4006967604533,42208.362565027215,10.7,2.86365,79.1237487792969,168.27769287721785,10.650373645440041,-0.3927636321428572,0,0,0,1,1,8.602185153364845,1,1,8.602185153364845,8.602185153364845,2340.047141313098,32116.199999999815,80.50957576373678
BEL,H,2019,24045,14859.2,8593.2,261.7,4.520483544175663,0.35737991266375546,BEL_H,71.16666666666,2959.728287238927,7.993190560040619,4779.921636213943,8.472388617823283,39.9517850127817,43006.40423088634,10.2,3.15154,79.3044815063477,165.46547893198988,10.669104319187902,-0.3927636321428572,0,0,0,1,1,7.993190560040619,1,1,7.993190560040619,7.993190560040619,2340.047141313098,31376.88333333307,80.328895967432
BEL,H,2020,22570.1,14670.9,7893.7,263.5,4.450327932480517,0.3497414721246251,BEL_H,79.333333333332,3514.9748265772864,8.165072099102897,5442.541577849174,8.602185153364845,41.0239697084264,40769.021807296216,12.3,3.36823,79.4996032714844,156.9501212827835,10.615677802572218,-0.3927636321428572,0,0,0,1,1,8.165072099102897,1,1,8.165072099102897,8.165072099102897,2340.047141313098,27374.83333333318,79.27032553937735
BEL,H,2021,24756.5,15459.8,9360,267.3,4.52847173663435,0.3780825237816331,BEL_H,62.333333333324,2517.8572630753133,7.831560610624595,2959.728287238927,7.993190560040619,43.0218054966431,43140.96766529711,11.7,3.40589,82.6882019042969,177.3818924400728,10.672228350505144,-0.3927636321428572,0,0,0,1,1,7.831560610624595,1,1,7.831560610624595,7.831560610624595,2340.047141313098,17188.116666666552,75.65971037348365
BEL,H,2022,27394.6,16936.7,9915.6,272.6,4.610095673398885,0.3619545457863959,BEL_H,32.666666666664,1192.4491201428018,7.084602814072347,3514.9748265772864,8.165072099102897,43.5657139519422,44486.7438563594,11.7,3.19592,83.5736465454102,191.1790313037861,10.702946532907704,-0.3927636321428572,0,0,0,1,1,7.084602814072347,1,1,7.084602814072347,7.084602814072347,2340.047141313098,11058.716666666589,72.23853204303848
BEL,J,2010,13936.9,7151,3770.2,106,4.878856183836405,0.2705192689909521,BEL_J,8.833333333331,633.8090488796648,6.453324243244521,NA,NA,30.842629161864,39991.56462062861,6.2,2.0613,66.8578872680664,150.16256362142747,10.59642382637253,1.2675550444444446,1,633.8090488796648,6.453324243244521,1,1,6.453324243244521,1,0,6.453324243244521,0,633.8090488796648,3638.066666666552,52.91391931221406
BEL,J,2011,14457.3,7425.4,4006.9,107.5,4.901463908718616,0.27715410207991814,BEL_J,9.4499999999979991,653.6490216014055,6.484099247135726,NA,NA,32.1032472233196,40236.95963085579,6.7,2.15739,67.7034072875977,160.76551688812592,10.602541246025885,1.2675550444444446,1,653.6490216014055,6.484099247135726,1,1,6.484099247135726,1,1,6.484099247135726,6.484099247135726,633.8090488796648,4123.56428571413,53.722089422186095
BEL,J,2012,14901.5,7639.7,4143.1,107.8,4.928939499532594,0.27803241284434455,BEL_J,3,201.32201456229237,5.30986055961884,633.8090488796648,6.453324243244521,33.2388297727719,40074.49280039898,7.7,2.27079,69.7490615844727,160.3833014250587,10.598495321138124,1.2675550444444446,1,201.32201456229237,5.30986055961884,1,1,5.30986055961884,1,1,5.30986055961884,5.30986055961884,633.8090488796648,5135.693650793393,55.13826644143105
BEL,J,2013,14504.8,7798.3,4480.8,107.1,4.908471930657896,0.3089184270034747,BEL_J,10.662499999999,735.1014836467239,6.60136799461313,653.6490216014055,6.484099247135726,34.3084525866565,40007.89978914108,8.3,2.32047,71.7841110229492,157.57362278243448,10.596832208325084,1.2675550444444446,1,735.1014836467239,6.60136799461313,1,1,6.60136799461313,1,1,6.60136799461313,6.60136799461313,633.8090488796648,4928.080158729976,54.872020200035216
BEL,J,2014,14555.4,7814.8,4686.1,107.7,4.9063677536047186,0.3219492422056419,BEL_J,11.999999999998,824.4362916854226,6.715912084955504,201.32201456229237,5.30986055961884,35.7819662752911,40533.913502789845,9.1,2.35858,74.0397262573242,158.57161095352288,10.609894273134856,1.2675550444444446,1,824.4362916854226,6.715912084955504,1,1,6.715912084955504,1,1,6.715912084955504,6.715912084955504,633.8090488796648,4847.788095237984,54.76603342392281
BEL,J,2015,15198.5,7967.8,4541.9,108.9,4.93852198781532,0.2988387011876172,BEL_J,7.166666666666,471.53776140184885,6.158117662051291,735.1014836467239,6.60136799461313,36.5492377831789,40893.804537772005,9.4,2.43496,76.423942565918,155.068682045926,10.618733852262814,1.2675550444444446,1,471.53776140184885,6.158117662051291,1,1,6.158117662051291,1,1,6.158117662051291,6.158117662051291,633.8090488796648,4652.6142857141995,54.500901094666354
BEL,J,2016,15764.1,8092.7,5004.5,110.9,4.956861587506075,0.3174618278239798,BEL_J,8.95,567.7457006743169,6.343433410982641,824.4362916854226,6.715912084955504,37.6812994536783,41172.88628312092,9.2,2.53291,77.2435073852539,159.05769661194523,10.62553521877056,1.2675550444444446,1,567.7457006743169,6.343433410982641,1,1,6.343433410982641,1,1,6.343433410982641,6.343433410982641,633.8090488796648,4579.64642857132,54.39891241208168
BEL,J,2017,16676.5,8691.2,5402.8,115.4,4.973351467686603,0.32397685365634277,BEL_J,7.291666666666,437.2420272039097,6.082771331288821,471.53776140184885,6.158117662051291,38.4911160919085,41619.328629168966,9.7,2.67654,80.7738189697266,166.90407823779137,10.636319968850893,1.2675550444444446,1,437.2420272039097,6.082771331288821,1,1,6.082771331288821,1,1,6.082771331288821,6.082771331288821,633.8090488796648,4535.220238095104,54.33601824200532
BEL,J,2018,17259.1,9089,5491.1,119.4,4.973615618634567,0.3181567984425608,BEL_J,3.833333333333,222.10505375906047,5.407642753620563,567.7457006743169,6.343433410982641,39.4006967604533,42208.362565027215,10.7,2.86365,79.1237487792969,168.27769287721785,10.650373645440041,1.2675550444444446,1,222.10505375906047,5.407642753620563,1,1,5.407642753620563,1,1,5.407642753620563,5.407642753620563,633.8090488796648,4337.885714285626,54.04899663503716
BEL,J,2019,18636.8,9673.3,5855.2,125.3,5.00218253778018,0.31417410714285715,BEL_J,5.083333333333,272.7578411171982,5.612243924070993,437.2420272039097,6.082771331288821,39.9517850127817,43006.40423088634,10.2,3.15154,79.3044815063477,165.46547893198988,10.669104319187902,1.2675550444444446,1,272.7578411171982,5.612243924070993,1,1,5.612243924070993,1,1,5.612243924070993,5.612243924070993,633.8090488796648,4402.202380952238,54.143954221507855
BEL,J,2020,18779.8,9654.4,5314.1,126.1,5.003461860107409,0.2829689347064399,BEL_J,5,266.2435169703618,5.5881602913147965,222.10505375906047,5.407642753620563,41.0239697084264,40769.021807296216,12.3,3.36823,79.4996032714844,156.9501212827835,10.615677802572218,1.2675550444444446,1,266.2435169703618,5.5881602913147965,1,1,5.5881602913147965,1,1,5.5881602913147965,5.5881602913147965,633.8090488796648,4491.633333333179,54.27371074924068
BEL,J,2021,20397.8,10486.1,6375.9,130.4,5.052575681387011,0.31257782702056103,BEL_J,6,294.14936904960337,5.6874815639564895,272.7578411171982,5.612243924070993,43.0218054966431,43140.96766529711,11.7,3.40589,82.6882019042969,177.3818924400728,10.672228350505144,1.2675550444444446,1,294.14936904960337,5.6874815639564895,1,1,5.6874815639564895,1,1,5.6874815639564895,5.6874815639564895,633.8090488796648,4173.433333333194,53.799646983315746
BEL,J,2022,21990.4,11338.4,7461,135.6,5.088651897963477,0.33928441501746215,BEL_J,2.833333333332,128.84410166854624,4.866334512884103,266.2435169703618,5.5881602913147965,43.5657139519422,44486.7438563594,11.7,3.19592,83.5736465454102,191.1790313037861,10.702946532907704,1.2675550444444446,1,128.84410166854624,4.866334512884103,1,1,4.866334512884103,1,1,4.866334512884103,4.866334512884103,633.8090488796648,2174.1999999999207,49.592995908675896
BEL,K,2010,19189.4,9314.9,2890.1,127.8,5.011646780284988,0.15060919049058333,BEL_K,0,0,0,NA,NA,30.842629161864,39991.56462062861,6.2,2.0613,66.8578872680664,150.16256362142747,10.59642382637253,2.05267,1,0,0,0,1,0,1,0,0,0,0,0,0
BEL,K,2011,18816.6,9711.3,3279.2,127.6,4.993594367034362,0.17427165375253767,BEL_K,0,0,0,NA,NA,32.1032472233196,40236.95963085579,6.7,2.15739,67.7034072875977,160.76551688812592,10.602541246025885,2.05267,1,0,0,0,1,0,1,1,0,0,0,0,0
BEL,K,2012,21077.2,9888.9,2905.4,126.2,5.1180792164013775,0.13784563414495285,BEL_K,0,0,0,0,0,33.2388297727719,40074.49280039898,7.7,2.27079,69.7490615844727,160.3833014250587,10.598495321138124,2.05267,1,0,0,0,1,0,1,1,0,0,0,0,0
BEL,K,2013,20322.1,9926.5,2612.9,124.2,5.097571073309855,0.12857431072576161,BEL_K,0,0,0,0,0,34.3084525866565,40007.89978914108,8.3,2.32047,71.7841110229492,157.57362278243448,10.596832208325084,2.05267,1,0,0,0,1,0,1,1,0,0,0,0,0
BEL,K,2014,22359.3,9967.7,2917.4,123.4,5.199566509404309,0.13047814555911857,BEL_K,0,0,0,0,0,35.7819662752911,40533.913502789845,9.1,2.35858,74.0397262573242,158.57161095352288,10.609894273134856,2.05267,1,0,0,0,1,0,1,1,0,0,0,0,0
BEL,K,2015,23793.6,9920.6,3260.5,122.2,5.271512869196924,0.13703264743460428,BEL_K,0,0,0,0,0,36.5492377831789,40893.804537772005,9.4,2.43496,76.423942565918,155.068682045926,10.618733852262814,2.05267,1,0,0,0,1,0,1,1,0,0,0,0,0
BEL,K,2016,24649.2,9819.7,3764.7,120.4,5.321680191708406,0.15273112311961443,BEL_K,0,0,0,0,0,37.6812994536783,41172.88628312092,9.2,2.53291,77.2435073852539,159.05769661194523,10.62553521877056,2.05267,1,0,0,0,1,0,1,1,0,0,0,0,0
BEL,K,2017,25627.5,9837,4315.6,117.9,5.381584465114232,0.1683972295385816,BEL_K,0,0,0,0,0,38.4911160919085,41619.328629168966,9.7,2.67654,80.7738189697266,166.90407823779137,10.636319968850893,2.05267,1,0,0,0,1,0,1,1,0,0,0,0,0
BEL,K,2018,26514.7,10054.9,4686.6,114.7,5.44313455102153,0.1767547813099903,BEL_K,0,0,0,0,0,39.4006967604533,42208.362565027215,10.7,2.86365,79.1237487792969,168.27769287721785,10.650373645440041,2.05267,1,0,0,0,1,0,1,1,0,0,0,0,0
BEL,K,2019,27592.7,10055.3,4738.3,113.3,5.49526735593328,0.17172295570929993,BEL_K,0,0,0,0,0,39.9517850127817,43006.40423088634,10.2,3.15154,79.3044815063477,165.46547893198988,10.669104319187902,2.05267,1,0,0,0,1,0,1,1,0,0,0,0,0
BEL,K,2020,26747.3,9878.2,4552.5,111.2,5.482858430833994,0.17020409536663514,BEL_K,0,0,0,0,0,41.0239697084264,40769.021807296216,12.3,3.36823,79.4996032714844,156.9501212827835,10.615677802572218,2.05267,1,0,0,0,1,0,1,1,0,0,0,0,0
BEL,K,2021,28834.5,10046.9,4445.4,109.7,5.57157849857984,0.15416948447172657,BEL_K,0,0,0,0,0,43.0218054966431,43140.96766529711,11.7,3.40589,82.6882019042969,177.3818924400728,10.672228350505144,2.05267,1,0,0,0,1,0,1,1,0,0,0,0,0
BEL,K,2022,29482.6,10686.9,5192.2,108.2,5.6075741713886105,0.17611065509826135,BEL_K,0,0,0,0,0,43.5657139519422,44486.7438563594,11.7,3.19592,83.5736465454102,191.1790313037861,10.702946532907704,2.05267,1,0,0,0,1,0,1,1,0,0,0,0,0
BEL,M_N,2010,41955.9,19644.7,7325.6,838.4,3.9128790320625484,0.1746023801181717,BEL_M_N,0,0,0,NA,NA,30.842629161864,39991.56462062861,6.2,2.0613,66.8578872680664,150.16256362142747,10.59642382637253,0.9246918833333334,1,0,0,0,1,0,1,0,0,0,0,0,0
BEL,M_N,2011,44834.2,21273.3,8567.4,877.7,3.933421670426029,0.19109072984462755,BEL_M_N,0,0,0,NA,NA,32.1032472233196,40236.95963085579,6.7,2.15739,67.7034072875977,160.76551688812592,10.602541246025885,0.9246918833333334,1,0,0,0,1,0,1,1,0,0,0,0,0
BEL,M_N,2012,46194.1,22090.8,8190.3,895.3,3.9434485056469564,0.1773018632249573,BEL_M_N,0,0,0,0,0,33.2388297727719,40074.49280039898,7.7,2.27079,69.7490615844727,160.3833014250587,10.598495321138124,0.9246918833333334,1,0,0,0,1,0,1,1,0,0,0,0,0
BEL,M_N,2013,48770,22676.4,8104.8,911.6,3.979669351332569,0.16618412958786138,BEL_M_N,0,0,0,0,0,34.3084525866565,40007.89978914108,8.3,2.32047,71.7841110229492,157.57362278243448,10.596832208325084,0.9246918833333334,1,0,0,0,1,0,1,1,0,0,0,0,0
BEL,M_N,2014,51451.6,23527.9,10748.8,939.4,4.003155465339311,0.2089108987864323,BEL_M_N,0,0,0,0,0,35.7819662752911,40533.913502789845,9.1,2.35858,74.0397262573242,158.57161095352288,10.609894273134856,0.9246918833333334,1,0,0,0,1,0,1,1,0,0,0,0,0
BEL,M_N,2015,53910.7,24606.7,10724.6,974.5,4.013159734017769,0.19893267941243578,BEL_M_N,0,0,0,0,0,36.5492377831789,40893.804537772005,9.4,2.43496,76.423942565918,155.068682045926,10.618733852262814,0.9246918833333334,1,0,0,0,1,0,1,1,0,0,0,0,0
BEL,M_N,2016,56051.6,25756.6,14434.5,1007.9,4.01840373667317,0.25752164077385836,BEL_M_N,0,0,0,0,0,37.6812994536783,41172.88628312092,9.2,2.53291,77.2435073852539,159.05769661194523,10.62553521877056,0.9246918833333334,1,0,0,1,1,0,1,1,0,0,0,0,0
BEL,M_N,2017,59680.7,27296.3,12441.6,1041.5,4.048346703330349,0.2084694046819156,BEL_M_N,0,0,0,0,0,38.4911160919085,41619.328629168966,9.7,2.67654,80.7738189697266,166.90407823779137,10.636319968850893,0.9246918833333334,1,0,0,0,1,0,1,1,0,0,0,0,0
BEL,M_N,2018,62913.7,28676.3,13033.6,1070.8,4.073357913367378,0.20716632466378548,BEL_M_N,0,0,0,0,0,39.4006967604533,42208.362565027215,10.7,2.86365,79.1237487792969,168.27769287721785,10.650373645440041,0.9246918833333334,1,0,0,0,1,0,1,1,0,0,0,0,0
BEL,M_N,2019,65861.4,29988.3,15181.8,1095.3,4.096524235586991,0.23051134655503833,BEL_M_N,0,0,0,0,0,39.9517850127817,43006.40423088634,10.2,3.15154,79.3044815063477,165.46547893198988,10.669104319187902,0.9246918833333334,1,0,0,0,1,0,1,1,0,0,0,0,0
BEL,M_N,2020,64800.8,28683.1,14307.9,1090.5,4.084681642301487,0.22079820002222192,BEL_M_N,0,0,0,0,0,41.0239697084264,40769.021807296216,12.3,3.36823,79.4996032714844,156.9501212827835,10.615677802572218,0.9246918833333334,1,0,0,0,1,0,1,1,0,0,0,0,0
BEL,M_N,2021,71587.6,31830.7,15820.5,1131.2,4.1476428584507445,0.2209949767836888,BEL_M_N,0,0,0,0,0,43.0218054966431,43140.96766529711,11.7,3.40589,82.6882019042969,177.3818924400728,10.672228350505144,0.9246918833333334,1,0,0,0,1,0,1,1,0,0,0,0,0
BEL,M_N,2022,77824.4,35250.8,18280.1,1164.4,4.202249073803738,0.2348890579304177,BEL_M_N,0,0,0,0,0,43.5657139519422,44486.7438563594,11.7,3.19592,83.5736465454102,191.1790313037861,10.702946532907704,0.9246918833333334,1,0,0,0,1,0,1,1,0,0,0,0,0
CAN,C,2010,172041,105683,20350,1668.44,4.6358437623811755,0.11828575746479036,CAN_C,343.3357142856901,1995.6621635871104,7.599232147140233,NA,NA,31.6318242774001,41164.33991196264,21.4,1.82504,61.8845901489258,60.20812150444825,10.625327624427541,-0.4842254202898551,0,0,0,0,0,0,0,0,0,0,1995.6621635871104,14370.47936507905,72.74745635057651
CAN,C,2011,182250,109879,22498,1686.525,4.682709171879898,0.12344581618655692,CAN_C,393.35952380950795,2158.3512966228145,7.677563129933849,NA,NA,32.6506480077297,42043.6419795513,21.5,1.78714,63.1586990356445,62.49873877083283,10.64646345253146,-0.4842254202898551,0,0,0,1,0,7.677563129933849,0,0,0,0,1995.6621635871104,15339.035714285426,73.24308192768353
CAN,C,2012,189187,113709,22596,1687.365,4.7195678033333275,0.11943738206113527,CAN_C,405.78571428570393,2144.892166405218,7.671310673281921,1995.6621635871104,7.599232147140233,33.4738596726536,42320.64313307259,21.8,1.77303,63.603271484375,62.59554893950049,10.653030263322961,-0.4842254202898551,0,0,0,0,0,0,0,0,0,0,1995.6621635871104,16133.885714285489,73.6269770364273
CAN,C,2013,188790,115143,22961,1666.58,4.729861663793008,0.1216219079400392,CAN_C,322.63333333332497,1708.9535109556914,7.444221462551525,2158.3512966228145,7.677563129933849,34.2683042479886,42851.17052710396,22.2,1.70624,65.7477188110352,62.23107490134046,10.665488240504729,-0.4842254202898551,0,0,0,0,0,0,0,0,0,0,1995.6621635871104,15288.599999999806,73.21805563933064
CAN,C,2014,194619,118446,25681,1656.285,4.766466658557988,0.13195525616717793,CAN_C,321.876190476182,1653.878554900508,7.411482904393898,2144.892166405218,7.671310673281921,35.2694249557112,43643.23564400471,22.2,1.71482,67.1677017211914,64.3786621564923,10.683803581194919,-0.4842254202898551,0,0,0,1,0,7.411482904393898,0,0,0,0,1995.6621635871104,16092.554761904565,73.60748594908026
CAN,C,2015,205265,121872,26489,1670.795,4.811002266212002,0.12904781623754658,CAN_C,360.209523809514,1754.851162202587,7.470709011037042,1708.9535109556914,7.444221462551525,36.4698589080979,43594.194104539434,22.3,1.6936,67.2690963745117,66.16490206697809,10.68267925773026,-0.4842254202898551,0,0,0,1,0,7.470709011037042,0,0,0,0,1995.6621635871104,15933.28809523788,73.53190706260278
CAN,C,2016,207554,121053,23522,1673.345,4.820566929655025,0.11332954315503435,CAN_C,300.066666666657,1445.7281799756063,7.277059858242826,1653.878554900508,7.411482904393898,36.8232874759276,43551.34259751151,22.1,1.72903,69.2459411621094,65.36368452155557,10.68169581068057,-0.4842254202898551,0,0,0,0,0,0,0,0,0,0,1995.6621635871104,17127.99166666646,74.08132528265756
CAN,C,2017,214112,125055,24008,1712.56,4.8285099155635764,0.1121282319533702,CAN_C,356.04999999999103,1662.9147362127812,7.416928379811585,1754.851162202587,7.470709011037042,37.8276923396247,44339.38866892536,22.8,1.68702,70.2687072753906,65.10106085046489,10.699628695725805,-0.4842254202898551,0,0,0,0,0,0,0,0,0,0,1995.6621635871104,16891.2133333332,73.97554639709581
CAN,C,2018,227697,131691,28064,1745.835,4.870782846518705,0.12325151407352754,CAN_C,391.916666666659,1721.2201595394713,7.451369527883643,1445.7281799756063,7.277059858242826,38.7333531661948,44907.34369121229,22.3,1.7372,69.3507232666016,66.59988585087616,10.71235661695358,-0.4842254202898551,0,0,0,1,0,7.451369527883643,0,0,0,0,1995.6621635871104,16110.854761904577,73.6161221356909
CAN,C,2019,222309,134395,30945,1752.785,4.842862354454272,0.13919814312510964,CAN_C,434.283333333326,1953.512153504024,7.577895903430113,1662.9147362127812,7.416928379811585,40.076756874499,45100.291506926165,22.4,1.75578,73.1128768920898,66.17148528049593,10.716643989038088,-0.4842254202898551,0,0,0,1,0,7.577895903430113,0,0,0,0,1995.6621635871104,16042.083333333001,73.58361634475382
CAN,C,2020,206554,129491,27743,1569.515,4.879795224988241,0.13431354512621396,CAN_C,545.0333333333259,2638.6965797482785,7.878419257621652,1721.2201595394713,7.451369527883643,40.7949805592606,42366.12853778845,23.9,1.93413,75.2389068603516,61.156770963276266,10.654104466724325,-0.4842254202898551,0,0,0,1,0,7.878419257621652,0,0,0,0,1995.6621635871104,15510.26666666647,73.32743733695507
CAN,C,2021,241640,137987,32387,1669.58,4.97487691747854,0.1340299619268333,CAN_C,240.066666666655,993.4889367102095,6.90222897375775,1953.512153504024,7.577895903430113,41.6930962576979,44639.193269037016,23.8,1.87064,79.7657318115234,62.2468367159421,10.706367524961719,-0.4842254202898551,0,0,0,1,0,6.90222897375775,0,0,0,0,1995.6621635871104,10556.266666666537,70.40361578249951
CAN,C,2022,267067,150350,34035,1723.37,5.043217887028954,0.12743993080388066,CAN_C,128.249999999992,480.216574866951,6.176317428367976,2638.6965797482785,7.878419257621652,42.1792116530791,45677.686578804045,23.8,1.81291,78.8488311767578,67.31762155639895,10.729365198975723,-0.4842254202898551,0,0,0,1,0,6.176317428367976,0,0,0,0,1995.6621635871104,6412.766666666597,66.6164040530822
CAN,D_E,2010,40700,14112,135364,157.455,5.554843668274815,3.325896805896806,CAN_D_E,1472.519047619,36179.82917982801,10.496284676868758,NA,NA,31.6318242774001,41164.33991196264,21.4,1.82504,61.8845901489258,60.20812150444825,10.625327624427541,-0.4190017,0,0,0,1,1,10.496284676868758,0,0,0,0,36179.82917982801,71231.89761904671,117.28244143360628
CAN,D_E,2011,43131,15396,145062,166.735,5.555591549363654,3.36328858593587,CAN_D_E,1433.4833333332986,33235.56915752703,10.411406029368267,NA,NA,32.6506480077297,42043.6419795513,21.5,1.78714,63.1586990356445,62.49873877083283,10.64646345253146,-0.4190017,0,0,0,1,1,10.411406029368267,0,0,0,0,36179.82917982801,75576.9760317451,117.9039281443922
CAN,D_E,2012,44097,15396,157032,161.225,5.611346127013657,3.5610585754132935,CAN_D_E,1198.666666666635,27182.49918739676,10.21036542067685,36179.82917982801,10.496284676868758,33.4738596726536,42320.64313307259,21.8,1.77303,63.603271484375,62.59554893950049,10.653030263322961,-0.4190017,0,0,0,1,1,10.21036542067685,0,0,0,0,36179.82917982801,75146.85714285637,117.84402252022151
CAN,D_E,2013,46148,15485,161939,155.985,5.689849053266874,3.5091228222241484,CAN_D_E,1089.79999999997,23615.324607783,10.069693472553999,33235.56915752703,10.411406029368267,34.2683042479886,42851.17052710396,22.2,1.70624,65.7477188110352,62.23107490134046,10.665488240504729,-0.4190017,0,0,0,1,1,10.069693472553999,0,0,0,0,36179.82917982801,69919.75238095182,117.08729172703507
CAN,D_E,2014,48082,15915,171621,154.735,5.738949189348195,3.569339877708914,CAN_D_E,1009.999999999977,21005.781789442557,9.952600606925309,27182.49918739676,10.21036542067685,35.2694249557112,43643.23564400471,22.2,1.71482,67.1677017211914,64.3786621564923,10.683803581194919,-0.4190017,0,0,0,1,1,9.952600606925309,0,0,0,0,36179.82917982801,67851.39999999951,116.77211208185877
CAN,D_E,2015,49686,16763,180622,162.305,5.724001201068481,3.6352694924123496,CAN_D_E,1033.566666666642,20801.969703068105,9.942851029684112,23615.324607783,10.069693472553999,36.4698589080979,43594.194104539434,22.3,1.6936,67.2690963745117,66.16490206697809,10.68267925773026,-0.4190017,0,0,0,1,1,9.942851029684112,0,0,0,0,36179.82917982801,62940.97380952334,115.98361536450562
CAN,D_E,2016,50638,16787,190391,165.385,5.724181472328493,3.7598443856392434,CAN_D_E,1001.033333333304,19768.421606961252,9.891891659639642,21005.781789442557,9.952600606925309,36.8232874759276,43551.34259751151,22.1,1.72903,69.2459411621094,65.36368452155557,10.68169581068057,-0.4190017,0,0,0,1,1,9.891891659639642,0,0,0,0,36179.82917982801,65294.06666666622,116.36886295039061
CAN,D_E,2017,50921,17429,199641,167.51,5.716987640151773,3.920602501914731,CAN_D_E,1125.0833333332998,22094.68261293572,10.003137511540466,20801.969703068105,9.942851029684112,37.8276923396247,44339.38866892536,22.8,1.68702,70.2687072753906,65.10106085046489,10.699628695725805,-0.4190017,0,0,0,1,1,10.003137511540466,0,0,0,0,36179.82917982801,62563.64444444405,115.9205020654495
CAN,D_E,2018,54833,18290,198208,169.435,5.77957810902665,3.6147575365199787,CAN_D_E,1073.5999999999772,19579.450331004635,9.8822869153606,19768.421606961252,9.891891659639642,38.7333531661948,44907.34369121229,22.3,1.7372,69.3507232666016,66.59988585087616,10.71235661695358,-0.4190017,0,0,0,1,1,9.8822869153606,0,0,0,0,36179.82917982801,58571.90619047579,115.22850200839783
CAN,D_E,2019,58092,18745,199936,172.25,5.820836329833926,3.4417131446670797,CAN_D_E,1047.2666666666541,18027.72613555488,9.799721661208562,22094.68261293572,10.003137511540466,40.076756874499,45100.291506926165,22.4,1.75578,73.1128768920898,66.17148528049593,10.716643989038088,-0.4190017,0,0,0,1,1,9.799721661208562,0,0,0,0,36179.82917982801,57331.2976190471,115.00379634138747
CAN,D_E,2020,58070,18762,214447,163.215,5.874336108295011,3.6929051145169622,CAN_D_E,1055.0499999999677,18168.58963320075,9.807504576281062,19579.450331004635,9.8822869153606,40.7949805592606,42366.12853778845,23.9,1.93413,75.2389068603516,61.156770963276266,10.654104466724325,-0.4190017,0,0,0,1,1,9.807504576281062,0,0,0,0,36179.82917982801,61584.4976190471,115.75493452364739
CAN,D_E,2021,61266,19655,273664,170.69,5.8831312730073515,4.4668168315215615,CAN_D_E,903.18333333331,14741.999368871968,9.598523630041162,18027.72613555488,9.799721661208562,41.6930962576979,44639.193269037016,23.8,1.87064,79.7657318115234,62.2468367159421,10.706367524961719,-0.4190017,0,0,0,1,1,9.598523630041162,0,0,0,0,36179.82917982801,57296.9499999996,114.99750616221097
CAN,D_E,2022,67339,21002,281123,180.345,5.922623159494971,4.174742719672107,CAN_D_E,661.5333333333089,9823.925709222129,9.192677875306547,18168.58963320075,9.807504576281062,42.1792116530791,45677.686578804045,23.8,1.81291,78.8488311767578,67.31762155639895,10.729365198975723,-0.4190017,0,0,0,1,1,9.192677875306547,0,0,0,0,36179.82917982801,47788.13333333282,113.092781395319
CAN,G,2010,169699,107649,13816,2949.695,4.05232450429478,0.08141474021650098,CAN_G,0,0,0,NA,NA,31.6318242774001,41164.33991196264,21.4,1.82504,61.8845901489258,60.20812150444825,10.625327624427541,0.06857736764705884,1,0,0,0,0,0,0,0,0,0,0,0,0
CAN,G,2011,176972,112804,13638,2958.65,4.0912584447514675,0.07706303822073549,CAN_G,0,0,0,NA,NA,32.6506480077297,42043.6419795513,21.5,1.78714,63.1586990356445,62.49873877083283,10.64646345253146,0.06857736764705884,1,0,0,0,0,0,0,0,0,0,0,0,0
CAN,G,2012,183359,118951,15514,3010.525,4.109331497603042,0.08460997278562819,CAN_G,0,0,0,0,0,33.4738596726536,42320.64313307259,21.8,1.77303,63.603271484375,62.59554893950049,10.653030263322961,0.06857736764705884,1,0,0,0,0,0,0,0,0,0,0,0,0
CAN,G,2013,190101,123389,17161,3040.695,4.135469402159842,0.09027306537051356,CAN_G,0,0,0,0,0,34.2683042479886,42851.17052710396,22.2,1.70624,65.7477188110352,62.23107490134046,10.665488240504729,0.06857736764705884,1,0,0,0,0,0,0,0,0,0,0,0,0
CAN,G,2014,197110,128101,16092,3039.53,4.172059050336491,0.08163969357211709,CAN_G,0,0,0,0,0,35.2694249557112,43643.23564400471,22.2,1.71482,67.1677017211914,64.3786621564923,10.683803581194919,0.06857736764705884,1,0,0,0,0,0,0,0,0,0,0,0,0
CAN,G,2015,197871,131701,14673,3030.01,4.17904938336893,0.07415437330381916,CAN_G,0,0,0,0,0,36.4698589080979,43594.194104539434,22.3,1.6936,67.2690963745117,66.16490206697809,10.68267925773026,0.06857736764705884,1,0,0,0,0,0,0,0,0,0,0,0,0
CAN,G,2016,205698,130579,14361,3046.495,4.212417324236793,0.0698159437622145,CAN_G,0,0,0,0,0,36.8232874759276,43551.34259751151,22.1,1.72903,69.2459411621094,65.36368452155557,10.68169581068057,0.06857736764705884,1,0,0,0,0,0,0,0,0,0,0,0,0
CAN,G,2017,215828,137282,15446,3132.14,4.232765317173732,0.07156624719684193,CAN_G,0,0,0,0,0,37.8276923396247,44339.38866892536,22.8,1.68702,70.2687072753906,65.10106085046489,10.699628695725805,0.06857736764705884,1,0,0,0,0,0,0,0,0,0,0,0,0
CAN,G,2018,223163,144938,17293,3155.52,4.2587491459945435,0.07749044420446041,CAN_G,0,0,0,0,0,38.7333531661948,44907.34369121229,22.3,1.7372,69.3507232666016,66.59988585087616,10.71235661695358,0.06857736764705884,1,0,0,0,0,0,0,0,0,0,0,0,0
CAN,G,2019,227192,150133,19147,3204.99,4.2610865047164985,0.0842767350963062,CAN_G,0,0,0,0,0,40.076756874499,45100.291506926165,22.4,1.75578,73.1128768920898,66.17148528049593,10.716643989038088,0.06857736764705884,1,0,0,0,0,0,0,0,0,0,0,0,0
CAN,G,2020,222698,148035,18660,2895.23,4.3427520383393245,0.0837906043161591,CAN_G,0,0,0,0,0,40.7949805592606,42366.12853778845,23.9,1.93413,75.2389068603516,61.156770963276266,10.654104466724325,0.06857736764705884,1,0,0,0,0,0,0,0,0,0,0,0,0
CAN,G,2021,250354,161204,20916,3136.145,4.379881577615478,0.08354569928980564,CAN_G,0,0,0,0,0,41.6930962576979,44639.193269037016,23.8,1.87064,79.7657318115234,62.2468367159421,10.706367524961719,0.06857736764705884,1,0,0,0,0,0,0,0,0,0,0,0,0
CAN,G,2022,276873,175355,23268,3201.565,4.459919164543419,0.08403853030089607,CAN_G,0,0,0,0,0,42.1792116530791,45677.686578804045,23.8,1.81291,78.8488311767578,67.31762155639895,10.729365198975723,0.06857736764705884,1,0,0,0,0,0,0,0,0,0,0,0,0
CAN,H,2010,64074,38754,15572,772.295,4.418427343013409,0.24303149483409808,CAN_H,281.099999999998,4387.114898398695,8.386655005737516,NA,NA,31.6318242774001,41164.33991196264,21.4,1.82504,61.8845901489258,60.20812150444825,10.625327624427541,-0.3927636321428572,0,0,0,1,0,8.386655005737516,0,0,0,0,4387.114898398695,27873.229999999843,85.84125410777493
CAN,H,2011,68125,41096,16889,788.245,4.459290576725732,0.2479119266055046,CAN_H,336.33333333331905,4937.003058103765,8.504716289205007,NA,NA,32.6506480077297,42043.6419795513,21.5,1.78714,63.1586990356445,62.49873877083283,10.64646345253146,-0.3927636321428572,0,0,0,1,0,8.504716289205007,0,0,0,0,4387.114898398695,32965.7666666665,87.24851282157644
CAN,H,2012,71428,43029,21408,810.34,4.478991315635793,0.2997143977151817,CAN_H,285.36666666666,3995.165294655598,8.293090503941864,4387.114898398695,8.386655005737516,33.4738596726536,42320.64313307259,21.8,1.77303,63.603271484375,62.59554893950049,10.653030263322961,-0.3927636321428572,0,0,0,1,0,8.293090503941864,0,0,0,0,4387.114898398695,31673.172222222027,86.91306011605415
CAN,H,2013,75045,44614,26462,818.25,4.518675299209125,0.3526150976081018,CAN_H,296.89999999999304,3956.292890932015,8.283315457077334,4937.003058103765,8.504716289205007,34.2683042479886,42851.17052710396,22.2,1.70624,65.7477188110352,62.23107490134046,10.665488240504729,-0.3927636321428572,0,0,0,1,1,8.283315457077334,0,0,0,0,4387.114898398695,30487.899999999874,86.59320224024273
CAN,H,2014,80998,46617,28949,827.31,4.584000268355032,0.3574038865157164,CAN_H,371.19999999998805,4582.829205659252,8.430289998900111,3995.165294655598,8.293090503941864,35.2694249557112,43643.23564400471,22.2,1.71482,67.1677017211914,64.3786621564923,10.683803581194919,-0.3927636321428572,0,0,0,1,1,8.430289998900111,0,0,0,0,4387.114898398695,30698.883333333168,86.65103805081814
CAN,H,2015,84465,48633,32176,837.225,4.613999674787923,0.380938850411413,CAN_H,360.499999999995,4268.040016574853,8.359144260472485,3956.292890932015,8.283315457077334,36.4698589080979,43594.194104539434,22.3,1.6936,67.2690963745117,66.16490206697809,10.68267925773026,-0.3927636321428572,0,0,0,1,1,8.359144260472485,0,0,0,0,4387.114898398695,29747.829999999813,86.3871179777163
CAN,H,2016,86994,49228,29004,851.205,4.626941437110971,0.33340230360714534,CAN_H,380.866666666663,4378.079714309757,8.384593870405924,4582.829205659252,8.430289998900111,36.8232874759276,43551.34259751151,22.1,1.72903,69.2459411621094,65.36368452155557,10.68169581068057,-0.3927636321428572,0,0,0,1,1,8.384593870405924,0,0,0,0,4387.114898398695,32187.396666666533,87.04812252564341
CAN,H,2017,92585,52467,31966,892.44,4.641923135968707,0.3452611114111357,CAN_H,389.31666666666496,4204.964807114165,8.3442589889224,4268.040016574853,8.359144260472485,37.8276923396247,44339.38866892536,22.8,1.68702,70.2687072753906,65.10106085046489,10.699628695725805,-0.3927636321428572,0,0,0,1,1,8.3442589889224,0,0,0,0,4387.114898398695,32301.616666666534,87.07782975729782
CAN,H,2018,97938,56940,36382,961.84,4.623241787715436,0.3714799158651392,CAN_H,383.999999999992,3920.8478833546937,8.274318220525965,4378.079714309757,8.384593870405924,38.7333531661948,44907.34369121229,22.3,1.7372,69.3507232666016,66.59988585087616,10.71235661695358,-0.3927636321428572,0,0,0,1,1,8.274318220525965,0,0,0,0,4387.114898398695,31859.09666666648,86.96214507920917
CAN,H,2019,105552,61101,44296,1011.055,4.648209382339302,0.419660451720479,CAN_H,486.866666666653,4612.576423626771,8.436758632098005,4204.964807114165,8.3442589889224,40.076756874499,45100.291506926165,22.4,1.75578,73.1128768920898,66.17148528049593,10.716643989038088,-0.3927636321428572,0,0,0,1,1,8.436758632098005,0,0,0,0,4387.114898398695,30961.183333333076,86.7223893043749
CAN,H,2020,95339,59148,44877,896.325,4.666891169505746,0.4707097829849275,CAN_H,330.83333333332394,3470.0734571720272,8.15221917875281,3920.8478833546937,8.274318220525965,40.7949805592606,42366.12853778845,23.9,1.93413,75.2389068603516,61.156770963276266,10.654104466724325,-0.3927636321428572,0,0,0,1,1,8.15221917875281,0,0,0,0,4387.114898398695,27123.333333333187,85.61253851848323
CAN,H,2021,103007,62482,46889,954.315,4.68155842044032,0.45520207364548043,CAN_H,334.999999999995,3252.2061607463083,8.08739630004046,4612.576423626771,8.436758632098005,41.6930962576979,44639.193269037016,23.8,1.87064,79.7657318115234,62.2468367159421,10.706367524961719,-0.3927636321428572,0,0,0,1,1,8.08739630004046,0,0,0,0,4387.114898398695,16915.44999999988,81.6528237003219
CAN,H,2022,119512,68559,55170,976.47,4.807228035843555,0.4616272842894437,CAN_H,181.03333333333,1514.7711805787703,7.323679618516601,3470.0734571720272,8.15221917875281,42.1792116530791,45677.686578804045,23.8,1.81291,78.8488311767578,67.31762155639895,10.729365198975723,-0.3927636321428572,0,0,0,1,1,7.323679618516601,0,0,0,0,4387.114898398695,10910.349999999924,77.975418142240855
CAN,J,2010,70415,34907,10957,555.44,4.842400995187132,0.15560604984733367,CAN_J,116.066666666657,1648.3230372315131,7.408120202240818,NA,NA,31.6318242774001,41164.33991196264,21.4,1.82504,61.8845901489258,60.20812150444825,10.625327624427541,1.2675550444444446,1,1648.3230372315131,7.408120202240818,1,0,7.408120202240818,0,0,0,0,1648.3230372315131,3530.833333333226,60.52117414003405
CAN,J,2011,73967,37708,9976,572.935,4.860602054542114,0.1348709559668501,CAN_J,118.76904761903401,1605.703186813498,7.38193964850005,NA,NA,32.6506480077297,42043.6419795513,21.5,1.78714,63.1586990356445,62.49873877083283,10.64646345253146,1.2675550444444446,1,1605.703186813498,7.38193964850005,1,0,7.38193964850005,0,0,0,0,1648.3230372315131,4014.245238095094,61.47149766715694
CAN,J,2012,76634,39471,9131,581.775,4.880712346434815,0.11915076858835504,CAN_J,164.292857142833,2143.8637829531667,7.670831324894886,1648.3230372315131,7.408120202240818,33.4738596726536,42320.64313307259,21.8,1.77303,63.603271484375,62.59554893950049,10.653030263322961,1.2675550444444446,1,2143.8637829531667,7.670831324894886,0,0,0,0,0,0,0,1648.3230372315131,4974.40079365056,63.059854220888056
CAN,J,2013,78603,41271,10651,590.51,4.891178575332811,0.13550373395417478,CAN_J,128.5585317460191,1635.5423043143276,7.400340944089444,1605.703186813498,7.38193964850005,34.2683042479886,42851.17052710396,22.2,1.70624,65.7477188110352,62.23107490134046,10.665488240504729,1.2675550444444446,1,1635.5423043143276,7.400340944089444,1,0,7.400340944089444,0,0,0,0,1648.3230372315131,4810.184126983955,62.811217743224276
CAN,J,2014,82373,43375,15007,592.1,4.935337452761408,0.18218348245177424,CAN_J,121.24444444443802,1471.8954565748245,7.294985440810738,2143.8637829531667,7.670831324894886,35.2694249557112,43643.23564400471,22.2,1.71482,67.1677017211914,64.3786621564923,10.683803581194919,1.2675550444444446,1,1471.8954565748245,7.294985440810738,1,0,7.294985440810738,0,0,0,0,1648.3230372315131,4738.543650793544,62.700078314804486
CAN,J,2015,83803,45913,16743,612.765,4.9182425834393015,0.19978998365213657,CAN_J,106.22857142856199,1267.5986710328032,7.145668161613566,1635.5423043143276,7.400340944089444,36.4698589080979,43594.194104539434,22.3,1.6936,67.2690963745117,66.16490206697809,10.68267925773026,1.2675550444444446,1,1267.5986710328032,7.145668161613566,1,0,7.145668161613566,0,0,0,0,1648.3230372315131,4553.552380952304,62.4051343891438
CAN,J,2016,88192,48267,17942,642.505,4.921896936093014,0.20344248911465893,CAN_J,137.713095238086,1561.5145958600099,7.354051722917332,1471.8954565748245,7.294985440810738,36.8232874759276,43551.34259751151,22.1,1.72903,69.2459411621094,65.36368452155557,10.68169581068057,1.2675550444444446,1,1561.5145958600099,7.354051722917332,1,0,7.354051722917332,0,0,0,0,1648.3230372315131,4450.883333333234,62.2362290378451
CAN,J,2017,93773,51145,18687,674.565,4.934564208392183,0.199279110191633,CAN_J,120.4527777777621,1284.5144954065893,7.158914302726842,1267.5986710328032,7.145668161613566,37.8276923396247,44339.38866892536,22.8,1.68702,70.2687072753906,65.10106085046489,10.699628695725805,1.2675550444444446,1,1284.5144954065893,7.158914302726842,1,0,7.158914302726842,0,0,0,0,1648.3230372315131,4422.059126984008,62.18810840221623
CAN,J,2018,98534,55844,20201,705.295,4.939540790257953,0.20501552763513103,CAN_J,114.502777777771,1162.0636306023405,7.05881286349176,1561.5145958600099,7.354051722917332,38.7333531661948,44907.34369121229,22.3,1.7372,69.3507232666016,66.59988585087616,10.71235661695358,1.2675550444444446,1,1162.0636306023405,7.05881286349176,1,0,7.05881286349176,0,0,0,0,1648.3230372315131,4227.216269841188,61.854362598276595
CAN,J,2019,107062,60971,20498,747.475,4.9644625249967795,0.19145915450860249,CAN_J,107.81666666665609,1007.0488751065374,6.915771934664714,1284.5144954065893,7.158914302726842,40.076756874499,45100.291506926165,22.4,1.75578,73.1128768920898,66.17148528049593,10.716643989038088,1.2675550444444446,1,1007.0488751065374,6.915771934664714,1,0,6.915771934664714,0,0,0,0,1648.3230372315131,4299.469047618915,61.97988489123182
CAN,J,2020,108219,64317,20792,715.23,5.0193080614295775,0.19212892375645682,CAN_J,98.516666666654,910.3453798931241,6.814921947138286,1162.0636306023405,7.05881286349176,40.7949805592606,42366.12853778845,23.9,1.93413,75.2389068603516,61.156770963276266,10.654104466724325,1.2675550444444446,1,910.3453798931241,6.814921947138286,1,0,6.814921947138286,0,0,0,0,1648.3230372315131,4398.116666666525,62.147898580155726
CAN,J,2021,121733,77317,24001,843.73,4.971752862603363,0.1971609998932089,CAN_J,79.149999999991,650.1934561703974,6.478806765759458,1007.0488751065374,6.915771934664714,41.6930962576979,44639.193269037016,23.8,1.87064,79.7657318115234,62.2468367159421,10.706367524961719,1.2675550444444446,1,650.1934561703974,6.478806765759458,1,0,6.478806765759458,0,0,0,0,1648.3230372315131,4100.283333333204,61.628560978430336
CAN,J,2022,133701,85690,26646,902.245,4.998475140687387,0.1992954428164337,CAN_J,49.083333333327005,367.11268676619477,5.908389105333554,910.3453798931241,6.814921947138286,42.1792116530791,45677.686578804045,23.8,1.81291,78.8488311767578,67.31762155639895,10.729365198975723,1.2675550444444446,1,367.11268676619477,5.908389105333554,1,0,5.908389105333554,0,0,0,0,1648.3230372315131,2127.9499999999257,56.77127115704465
CAN,K,2010,110940,66119,11149,1052.43,4.657887738578004,0.10049576347575266,CAN_K,0,0,0,NA,NA,31.6318242774001,41164.33991196264,21.4,1.82504,61.8845901489258,60.20812150444825,10.625327624427541,2.05267,1,0,0,0,0,0,0,0,0,0,0,0,0
CAN,K,2011,117148,69441,11409,1074.465,4.691615229398321,0.09738962679687234,CAN_K,0,0,0,NA,NA,32.6506480077297,42043.6419795513,21.5,1.78714,63.1586990356445,62.49873877083283,10.64646345253146,2.05267,1,0,0,0,0,0,0,0,0,0,0,0,0
CAN,K,2012,116338,70612,11875,1054.155,4.703760249212317,0.10207326926713542,CAN_K,0,0,0,0,0,33.4738596726536,42320.64313307259,21.8,1.77303,63.603271484375,62.59554893950049,10.653030263322961,2.05267,1,0,0,0,0,0,0,0,0,0,0,0,0
CAN,K,2013,123271,74228,9402,1069.895,4.746824670986847,0.07627098019810012,CAN_K,0,0,0,0,0,34.2683042479886,42851.17052710396,22.2,1.70624,65.7477188110352,62.23107490134046,10.665488240504729,2.05267,1,0,0,0,0,0,0,0,0,0,0,0,0
CAN,K,2014,131447,78406,7876,1068.605,4.812249668999672,0.05991768545497425,CAN_K,0,0,0,0,0,35.2694249557112,43643.23564400471,22.2,1.71482,67.1677017211914,64.3786621564923,10.683803581194919,2.05267,1,0,0,0,0,0,0,0,0,0,0,0,0
CAN,K,2015,137754,82228,10557,1052.86,4.873959214877493,0.07663661309290475,CAN_K,0,0,0,0,0,36.4698589080979,43594.194104539434,22.3,1.6936,67.2690963745117,66.16490206697809,10.68267925773026,2.05267,1,0,0,0,0,0,0,0,0,0,0,0,0
CAN,K,2016,137240,83651,9256,1041.375,4.881189262677313,0.06744389390848149,CAN_K,0,0,0,0,0,36.8232874759276,43551.34259751151,22.1,1.72903,69.2459411621094,65.36368452155557,10.68169581068057,2.05267,1,0,0,0,0,0,0,0,0,0,0,0,0
CAN,K,2017,144105,85712,9768,1022.055,4.948726894149364,0.06778390756739877,CAN_K,0,0,0,0,0,37.8276923396247,44339.38866892536,22.8,1.68702,70.2687072753906,65.10106085046489,10.699628695725805,2.05267,1,0,0,0,0,0,0,0,0,0,0,0,0
CAN,K,2018,147107,86832,10871,977.785,5.013625682666614,0.07389859082164683,CAN_K,0,0,0,0,0,38.7333531661948,44907.34369121229,22.3,1.7372,69.3507232666016,66.59988585087616,10.71235661695358,2.05267,1,0,0,0,0,0,0,0,0,0,0,0,0
CAN,K,2019,151952,89923,11815,995.855,5.027718295825588,0.07775481731072971,CAN_K,0,0,0,0,0,40.076756874499,45100.291506926165,22.4,1.75578,73.1128768920898,66.17148528049593,10.716643989038088,2.05267,1,0,0,0,0,0,0,0,0,0,0,0,0
CAN,K,2020,154487,91609,11059,947.94,5.093574020272133,0.07158531138542401,CAN_K,0,0,0,0,0,40.7949805592606,42366.12853778845,23.9,1.93413,75.2389068603516,61.156770963276266,10.654104466724325,2.05267,1,0,0,0,0,0,0,0,0,0,0,0,0
CAN,K,2021,171155,97664,10279,1007.89,5.134710541978846,0.06005667377523297,CAN_K,0,0,0,0,0,41.6930962576979,44639.193269037016,23.8,1.87064,79.7657318115234,62.2468367159421,10.706367524961719,2.05267,1,0,0,0,0,0,0,0,0,0,0,0,0
CAN,K,2022,179293,105106,12159,1030.145,5.159321770102627,0.06781636762171418,CAN_K,0,0,0,0,0,42.1792116530791,45677.686578804045,23.8,1.81291,78.8488311767578,67.31762155639895,10.729365198975723,2.05267,1,0,0,0,0,0,0,0,0,0,0,0,0
CAN,M_N,2010,117099,72885,8840,1790.485,4.180533197984471,0.07549167798187859,CAN_M_N,0,0,0,NA,NA,31.6318242774001,41164.33991196264,21.4,1.82504,61.8845901489258,60.20812150444825,10.625327624427541,0.9246918833333334,1,0,0,0,0,0,0,0,0,0,0,0,0
CAN,M_N,2011,123769,76781,10605,1809.685,4.225264128033952,0.0856838142022639,CAN_M_N,0,0,0,NA,NA,32.6506480077297,42043.6419795513,21.5,1.78714,63.1586990356445,62.49873877083283,10.64646345253146,0.9246918833333334,1,0,0,0,0,0,0,0,0,0,0,0,0
CAN,M_N,2012,130525,80720,10283,1819.075,4.273236649164774,0.07878184255889677,CAN_M_N,0,0,0,0,0,33.4738596726536,42320.64313307259,21.8,1.77303,63.603271484375,62.59554893950049,10.653030263322961,0.9246918833333334,1,0,0,0,0,0,0,0,0,0,0,0,0
CAN,M_N,2013,134766,83740,10694,1851.365,4.287616736285159,0.07935235890358103,CAN_M_N,0,0,0,0,0,34.2683042479886,42851.17052710396,22.2,1.70624,65.7477188110352,62.23107490134046,10.665488240504729,0.9246918833333334,1,0,0,0,0,0,0,0,0,0,0,0,0
CAN,M_N,2014,141464,87496,11721,1876.4,4.32269022028051,0.08285500197930215,CAN_M_N,0,0,0,0,0,35.2694249557112,43643.23564400471,22.2,1.71482,67.1677017211914,64.3786621564923,10.683803581194919,0.9246918833333334,1,0,0,0,0,0,0,0,0,0,0,0,0
CAN,M_N,2015,143582,90648,10638,1872.985,4.339372885680531,0.07409006700004178,CAN_M_N,0,0,0,0,0,36.4698589080979,43594.194104539434,22.3,1.6936,67.2690963745117,66.16490206697809,10.68267925773026,0.9246918833333334,1,0,0,0,0,0,0,0,0,0,0,0,0
CAN,M_N,2016,145890,88951,9976,1893.71,4.344315045143548,0.06838028651723901,CAN_M_N,0,0,0,0,0,36.8232874759276,43551.34259751151,22.1,1.72903,69.2459411621094,65.36368452155557,10.68169581068057,0.9246918833333334,1,0,0,0,0,0,0,0,0,0,0,0,0
CAN,M_N,2017,150957,91886,11293,1912.38,4.3686464883968785,0.07480938280437475,CAN_M_N,0,0,0,0,0,37.8276923396247,44339.38866892536,22.8,1.68702,70.2687072753906,65.10106085046489,10.699628695725805,0.9246918833333334,1,0,0,0,0,0,0,0,0,0,0,0,0
CAN,M_N,2018,157901,97174,13163,1947.235,4.395557836746659,0.08336235995972159,CAN_M_N,0,0,0,0,0,38.7333531661948,44907.34369121229,22.3,1.7372,69.3507232666016,66.59988585087616,10.71235661695358,0.9246918833333334,1,0,0,0,0,0,0,0,0,0,0,0,0
CAN,M_N,2019,165062,101878,15024,1980.95,4.422744633277145,0.09102034387078795,CAN_M_N,0,0,0,0,0,40.076756874499,45100.291506926165,22.4,1.75578,73.1128768920898,66.17148528049593,10.716643989038088,0.9246918833333334,1,0,0,0,0,0,0,0,0,0,0,0,0
CAN,M_N,2020,160988,100183,15079,1772.055,4.509189937969237,0.09366536636271026,CAN_M_N,0,0,0,0,0,40.7949805592606,42366.12853778845,23.9,1.93413,75.2389068603516,61.156770963276266,10.654104466724325,0.9246918833333334,1,0,0,0,0,0,0,0,0,0,0,0,0
CAN,M_N,2021,178808,110954,16279,1936.855,4.525247080872815,0.09104178783947027,CAN_M_N,0,0,0,0,0,41.6930962576979,44639.193269037016,23.8,1.87064,79.7657318115234,62.2468367159421,10.706367524961719,0.9246918833333334,1,0,0,0,0,0,0,0,0,0,0,0,0
CAN,M_N,2022,202246,124480,18757,2028.19,4.602341008536558,0.09274349060055576,CAN_M_N,0,0,0,0,0,42.1792116530791,45677.686578804045,23.8,1.81291,78.8488311767578,67.31762155639895,10.729365198975723,0.9246918833333334,1,0,0,0,0,0,0,0,0,0,0,0,0
CHE,C,2010,111770.637,NA,NA,650.013693,5.147210737745498,NA,CHE_C,167.199999999986,1495.9206146421623,7.3111653533823535,NA,NA,37.2298614586992,81315.4228307049,20.6,2.87456,52.8040618896484,120.0651232693406,11.306090980259315,-0.4842254202898551,0,0,0,NA,NA,NA,1,1,7.3111653533823535,7.3111653533823535,1495.9206146421623,14546.615079364754,70.07885308192168
CHE,C,2011,115669.41,61391.7272148875,NA,664.549208,5.159382559476162,NA,CHE_C,119.14126984125299,1030.0153674273345,6.938299389267016,NA,NA,38.8955434493097,81874.33624250082,20.6,2.87456,53.1352806091309,125.5562731599067,11.312940865942869,-0.4842254202898551,0,0,0,NA,NA,NA,1,1,6.938299389267016,6.938299389267016,1495.9206146421623,15613.25396825368,70.59617026802587
CHE,C,2012,114127.186,62579.8132166233,NA,665.983334,5.143804125946493,NA,CHE_C,136.67777777776502,1197.5917620343764,7.088902615010625,1495.9206146421623,7.3111653533823535,40.1600289838911,81964.88649378085,21.9,2.87456,54.835620880127,126.4538604645048,11.314046221046334,-0.4842254202898551,0,0,0,NA,NA,NA,1,1,7.088902615010625,7.088902615010625,1495.9206146421623,16402.99365079343,70.9569076080398
CHE,C,2013,116524.417,63366.0077837235,NA,656.145609,5.179473388757691,NA,CHE_C,109.21666666665702,937.2856734967146,6.844054458605117,1030.0153674273345,6.938299389267016,42.4917583320748,82479.9215677304,21.8,2.9316299999999997,56.1812400817871,133.6937084144768,11.320310167765685,-0.4842254202898551,0,0,0,NA,NA,NA,1,1,6.844054458605117,6.844054458605117,1495.9206146421623,15502.016666666474,70.54389847470428
CHE,C,2014,116812.865,63818.0822616735,NA,662.488448,5.172325368131414,NA,CHE_C,123.74999999999201,1059.386737924731,6.966388967664397,1197.5917620343764,7.088902615010625,43.1731934431674,83394.37128882112,22.2,2.9887,58.0650596618652,120.21342337523872,11.331336095527536,-0.4842254202898551,0,0,0,NA,NA,NA,1,1,6.966388967664397,6.966388967664397,1495.9206146421623,16290.680952380753,70.90667833770745
CHE,C,2015,114353.729,63658.5149897258,NA,663.274662,5.149862633433534,NA,CHE_C,132.616666666657,1159.7056591539485,7.056783426001485,937.2856734967146,6.844054458605117,44.6715654663593,83806.44760038373,23.9,3.04577,60.8185615539551,117.13848221887196,11.336265223849127,-0.4842254202898551,0,0,0,NA,NA,NA,1,1,7.056783426001485,7.056783426001485,1495.9206146421623,16160.880952380736,70.84819512246793
CHE,C,2016,117486.118,63341.846256972,NA,653.796187,5.191279798691497,NA,CHE_C,164.97499999999002,1404.2084529509266,7.247940935852462,1059.386737924731,6.966388967664397,45.0860971371482,84611.09986727207,24.1,3.04624,61.1939888000488,123.56592451357676,11.34582074109268,-0.4842254202898551,0,0,0,NA,NA,NA,1,1,7.247940935852462,7.247940935852462,1495.9206146421623,17263.08333333313,71.33053312542492
CHE,C,2017,119736.258,63107.5041113124,NA,649.961915,5.216132984081696,NA,CHE_C,169.899999999995,1418.9519769357998,7.258378330964133,1159.7056591539485,7.056783426001485,46.3318234490564,84967.58864982236,25,3.04671,62.4597206115723,123.62180760230083,11.350025152753219,-0.4842254202898551,0,0,0,NA,NA,NA,1,1,7.258378330964133,7.258378330964133,1495.9206146421623,17077.363333333196,71.25145647258672
CHE,C,2018,125349.399,64180.3496329861,NA,653.39237,5.256682487280827,NA,CHE_C,170.24999999999102,1358.203560273879,7.214654189743549,1404.2084529509266,7.247940935852462,45.6049920012625,86756.60223274719,24.2,3.0982700000000003,64.3533935546875,124.42850432580796,11.370861801342521,-0.4842254202898551,0,0,0,NA,NA,NA,1,1,7.214654189743549,7.214654189743549,1495.9206146421623,16332.521428571245,70.92543088391558
CHE,C,2019,128490.016,66564.776348999,NA,656.985401,5.275944686263252,NA,CHE_C,169.866666666662,1322.0223014577414,7.187674020705869,1418.9519769357998,7.258378330964133,46.912372381587,87123.66042342565,24.8,3.14983,66.3093414306641,124.127612180467,11.375083772603741,-0.4842254202898551,0,0,0,NA,NA,NA,1,1,7.187674020705869,7.187674020705869,1495.9206146421623,16306.499999999665,70.91377395658954
CHE,C,2020,123909.992,63992.7709371852,NA,648.556169,5.252562096317822,NA,CHE_C,132.199999999998,1066.903466509771,6.973452628271839,1358.203560273879,7.214654189743549,46.4813712779996,84637.01329353332,26.4,3.199225,68.0676422119141,121.78597799837084,11.346126959294818,-0.4842254202898551,0,0,0,NA,NA,NA,1,1,6.973452628271839,6.973452628271839,1495.9206146421623,15923.099999999798,70.73983080665124
CHE,C,2021,143331.643,66487.3948854154,NA,639.739201,5.411855811042675,NA,CHE_C,94.499999999997,659.3101008407264,6.492709574434312,1322.0223014577414,7.187674020705869,47.9433096708255,88661.20297762807,27.7,3.24862,71.893928527832,130.0162612884893,11.392577676644036,-0.4842254202898551,0,0,0,NA,NA,NA,1,1,6.492709574434312,6.492709574434312,1495.9206146421623,10701.833333333196,67.83492070911805
CHE,C,2022,143084.141,69569.7097046148,NA,645.08306,5.4018090511061025,NA,CHE_C,32.699999999997004,228.5368579037491,5.436063617493454,1066.903466509771,6.973452628271839,46.6747503634479,90605.01942726797,27.7,3.24862,74.1526794433594,138.5006987535193,11.414264892563407,-0.4842254202898551,0,0,0,NA,NA,NA,1,1,5.436063617493454,5.436063617493454,1495.9206146421623,6508.316666666592,64.19926812347045
CHE,D_E,2010,12139.8902911542,NA,NA,41.120002,5.687757357815143,NA,CHE_D_E,584.633333333287,48158.04091403391,10.782264165208698,NA,NA,37.2298614586992,81315.4228307049,20.6,2.87456,52.8040618896484,120.0651232693406,11.306090980259315,-0.4190017,0,0,0,NA,NA,NA,1,1,10.782264165208698,10.782264165208698,48158.04091403391,72119.78333333242,120.61145864097439
CHE,D_E,2011,11843.2292954204,4400.10473514362,NA,42.917174,5.620239543630519,NA,CHE_D_E,617.6325396824809,52150.68663082544,10.861911801820128,NA,NA,38.8955434493097,81874.33624250082,20.6,2.87456,53.1352806091309,125.5562731599067,11.312940865942869,-0.4190017,0,0,0,NA,NA,NA,1,1,10.861911801820128,10.861911801820128,48158.04091403391,76392.82682539591,121.23208180265571
CHE,D_E,2012,12218.0953145554,4536.11669288882,NA,43.12014,5.646683180989135,NA,CHE_D_E,687.5999999999481,56277.1841516747,10.938062246167563,48158.04091403391,10.782264165208698,40.1600289838911,81964.88649378085,21.9,2.87456,54.835620880127,126.4538604645048,11.314046221046334,-0.4190017,0,0,0,NA,NA,NA,1,1,10.938062246167563,10.938062246167563,48158.04091403391,75657.92380952305,121.12785507710886
CHE,D_E,2013,12237.8382875562,4640.71050684544,NA,42.97417,5.6516886924470615,NA,CHE_D_E,482.23333333329407,39405.1075036384,10.581676096055485,52150.68663082544,10.861911801820128,42.4917583320748,82479.9215677304,21.8,2.9316299999999997,56.1812400817871,133.6937084144768,11.320310167765685,-0.4190017,0,0,0,NA,NA,NA,1,1,10.581676096055485,10.581676096055485,48158.04091403391,70527.3190476185,120.37071287183254
CHE,D_E,2014,11384.5426441535,4733.61466720413,NA,44.60196,5.542234001650654,NA,CHE_D_E,488.5666666666339,42914.913838680724,10.666997988081043,56277.1841516747,10.938062246167563,43.1731934431674,83394.37128882112,22.2,2.9887,58.0650596618652,120.21342337523872,11.331336095527536,-0.4190017,0,0,0,NA,NA,NA,1,1,10.666997988081043,10.666997988081043,48158.04091403391,68372.83333333285,120.03620261502031
CHE,D_E,2015,12796.4268012613,4826.35561101523,NA,46.14991,5.625026244000471,NA,CHE_D_E,482.4238095237838,37699.884273649965,10.537438828695507,39405.1075036384,10.581676096055485,44.6715654663593,83806.44760038373,23.9,3.04577,60.8185615539551,117.13848221887196,11.336265223849127,-0.4190017,0,0,0,NA,NA,NA,1,1,10.537438828695507,10.537438828695507,48158.04091403391,63492.1166666662,119.23768218285477
CHE,D_E,2016,11187.4079943399,4870.13506219381,NA,46.756868,5.477582984544155,NA,CHE_D_E,462.3666666666359,41329.20394970518,10.62934884215862,42914.913838680724,10.666997988081043,45.0860971371482,84611.09986727207,24.1,3.04624,61.1939888000488,123.56592451357676,11.34582074109268,-0.4190017,0,0,0,NA,NA,NA,1,1,10.62934884215862,10.62934884215862,48158.04091403391,65832.73333333289,119.62800953193108
CHE,D_E,2017,11365.4537199686,4890.70344879065,NA,46.678124,5.495058039963079,NA,CHE_D_E,441.0166666666539,38803.260963687455,10.566285338233477,37699.884273649965,10.537438828695507,46.3318234490564,84967.58864982236,25,3.04671,62.4597206115723,123.62180760230083,11.350025152753219,-0.4190017,0,0,0,NA,NA,NA,1,1,10.566285338233477,10.566285338233477,48158.04091403391,63247.71111111069,119.19609767084083
CHE,D_E,2018,12664.829413369,4937.29211692945,NA,47.041313,5.595557877591412,NA,CHE_D_E,441.86666666665394,34889.271086448214,10.459963303896929,41329.20394970518,10.62934884215862,45.6049920012625,86756.60223274719,24.2,3.0982700000000003,64.3533935546875,124.42850432580796,11.370861801342521,-0.4190017,0,0,0,NA,NA,NA,1,1,10.459963303896929,10.459963303896929,48158.04091403391,59203.63952380911,118.48366128528906
CHE,D_E,2019,13178.8247543058,5013.1556180144,NA,48.477098,5.605275154978239,NA,CHE_D_E,465.75119047617284,35340.87440718127,10.472823783719598,38803.260963687455,10.566285338233477,46.912372381587,87123.66042342565,24.8,3.14983,66.3093414306641,124.127612180467,11.375083772603741,-0.4190017,0,0,0,NA,NA,NA,1,1,10.472823783719598,10.472823783719598,48158.04091403391,57912.81309523759,118.24597721696344
CHE,D_E,2020,13299.8047905146,5139.99217590655,NA,48.953852,5.604626578273378,NA,CHE_D_E,595.4416666666509,44770.70724311074,10.709331684149014,34889.271086448214,10.459963303896929,46.4813712779996,84637.01329353332,26.4,3.199225,68.0676422119141,121.78597799837084,11.346126959294818,-0.4190017,0,0,0,NA,NA,NA,1,1,10.709331684149014,10.709331684149014,48158.04091403391,62044.105952380414,118.98893680225123
CHE,D_E,2021,10399.1325896793,5343.41900280441,NA,49.26695,5.352224205968219,NA,CHE_D_E,350.249999999981,33680.693748206395,10.424709756527848,35340.87440718127,10.472823783719598,47.9433096708255,88661.20297762807,27.7,3.24862,71.893928527832,130.0162612884893,11.392577676644036,-0.4190017,0,0,0,NA,NA,NA,1,1,10.424709756527848,10.424709756527848,48158.04091403391,57849.88333333293,118.23425472462377
CHE,D_E,2022,12775.5684266554,5556.23951337521,NA,50.013789,5.542991161911403,NA,CHE_D_E,213.749999999989,16731.153782090307,9.725087523416954,44770.70724311074,10.709331684149014,46.6747503634479,90605.01942726797,27.7,3.24862,74.1526794433594,138.5006987535193,11.414264892563407,-0.4190017,0,0,0,NA,NA,NA,1,1,9.725087523416954,9.725087523416954,48158.04091403391,48235.91666666615,116.27464194601907
CHE,G,2010,102795.413734436,NA,NA,598.880215,5.145434414370214,NA,CHE_G,0,0,0,NA,NA,37.2298614586992,81315.4228307049,20.6,2.87456,52.8040618896484,120.0651232693406,11.306090980259315,0.06857736764705884,1,0,0,NA,NA,NA,1,1,0,0,0,0,0
CHE,G,2011,99414.3327587932,46862.9002478113,NA,608.25409,5.0964588691444686,NA,CHE_G,0,0,0,NA,NA,38.8955434493097,81874.33624250082,20.6,2.87456,53.1352806091309,125.5562731599067,11.312940865942869,0.06857736764705884,1,0,0,NA,NA,NA,1,1,0,0,0,0,0
CHE,G,2012,99790.1457696597,48108.9418148149,NA,611.67969,5.0946159544944605,NA,CHE_G,0,0,0,0,0,40.1600289838911,81964.88649378085,21.9,2.87456,54.835620880127,126.4538604645048,11.314046221046334,0.06857736764705884,1,0,0,NA,NA,NA,1,1,0,0,0,0,0
CHE,G,2013,99496.4636372169,49092.2905127692,NA,616.115984,5.084442149656297,NA,CHE_G,0,0,0,0,0,42.4917583320748,82479.9215677304,21.8,2.9316299999999997,56.1812400817871,133.6937084144768,11.320310167765685,0.06857736764705884,1,0,0,NA,NA,NA,1,1,0,0,0,0,0
CHE,G,2014,101320.395092903,49508.7675456545,NA,621.49713,5.09391171048413,NA,CHE_G,0,0,0,0,0,43.1731934431674,83394.37128882112,22.2,2.9887,58.0650596618652,120.21342337523872,11.331336095527536,0.06857736764705884,1,0,0,NA,NA,NA,1,1,0,0,0,0,0
CHE,G,2015,100053.766922823,50146.3775845617,NA,623.006926,5.078905353805531,NA,CHE_G,0,0,0,0,0,44.6715654663593,83806.44760038373,23.9,3.04577,60.8185615539551,117.13848221887196,11.336265223849127,0.06857736764705884,1,0,0,NA,NA,NA,1,1,0,0,0,0,0
CHE,G,2016,100513.896639924,50126.2037733611,NA,619.180463,5.089654502171118,NA,CHE_G,0,0,0,0,0,45.0860971371482,84611.09986727207,24.1,3.04624,61.1939888000488,123.56592451357676,11.34582074109268,0.06857736764705884,1,0,0,NA,NA,NA,1,1,0,0,0,0,0
CHE,G,2017,102359.54022625,50148.1446858048,NA,614.302558,5.115759226280608,NA,CHE_G,0,0,0,0,0,46.3318234490564,84967.58864982236,25,3.04671,62.4597206115723,123.62180760230083,11.350025152753219,0.06857736764705884,1,0,0,NA,NA,NA,1,1,0,0,0,0,0
CHE,G,2018,104797.358150695,50819.4845585656,NA,602.753001,5.158276346169767,NA,CHE_G,0,0,0,0,0,45.6049920012625,86756.60223274719,24.2,3.0982700000000003,64.3533935546875,124.42850432580796,11.370861801342521,0.06857736764705884,1,0,0,NA,NA,NA,1,1,0,0,0,0,0
CHE,G,2019,100888.464865267,52105.1131042715,NA,597.065797,5.129743557311126,NA,CHE_G,0,0,0,0,0,46.912372381587,87123.66042342565,24.8,3.14983,66.3093414306641,124.127612180467,11.375083772603741,0.06857736764705884,1,0,0,NA,NA,NA,1,1,0,0,0,0,0
CHE,G,2020,97384.4002871708,50970.5546862122,NA,593.633583,5.100159050093121,NA,CHE_G,0,0,0,0,0,46.4813712779996,84637.01329353332,26.4,3.199225,68.0676422119141,121.78597799837084,11.346126959294818,0.06857736764705884,1,0,0,NA,NA,NA,1,1,0,0,0,0,0
CHE,G,2021,108545.845556488,53161.7155212382,NA,593.155227,5.209471772067289,NA,CHE_G,0,0,0,0,0,47.9433096708255,88661.20297762807,27.7,3.24862,71.893928527832,130.0162612884893,11.392577676644036,0.06857736764705884,1,0,0,NA,NA,NA,1,1,0,0,0,0,0
CHE,G,2022,122521.670371216,56174.8071044322,NA,588.319758,5.338772588099192,NA,CHE_G,0,0,0,0,0,46.6747503634479,90605.01942726797,27.7,3.24862,74.1526794433594,138.5006987535193,11.414264892563407,0.06857736764705884,1,0,0,NA,NA,NA,1,1,0,0,0,0,0
CHE,H,2010,23260.706,NA,NA,218.173804,4.669228766952195,NA,CHE_H,152.499999999988,6556.120867526034,8.788306893451365,NA,NA,37.2298614586992,81315.4228307049,20.6,2.87456,52.8040618896484,120.0651232693406,11.306090980259315,-0.3927636321428572,0,0,0,NA,NA,NA,1,1,8.788306893451365,8.788306893451365,6556.120867526034,28001.829999999853,89.99279740556348
CHE,H,2011,24065.517,16889.5771242821,NA,224.365214,4.675260121181954,NA,CHE_H,150.166666666656,6239.910269397329,8.738881327230512,NA,NA,38.8955434493097,81874.33624250082,20.6,2.87456,53.1352806091309,125.5562731599067,11.312940865942869,-0.3927636321428572,0,0,0,NA,NA,NA,1,1,8.738881327230512,8.738881327230512,6556.120867526034,33151.93333333317,91.47648879106458
CHE,H,2012,24714.883,17276.4444796059,NA,225.25047,4.69794790870588,NA,CHE_H,122.666666666658,4963.271186299284,8.51002177543248,6556.120867526034,8.788306893451365,40.1600289838911,81964.88649378085,21.9,2.87456,54.835620880127,126.4538604645048,11.314046221046334,-0.3927636321428572,0,0,0,NA,NA,NA,1,1,8.51002177543248,8.51002177543248,6556.120867526034,31835.87222222203,91.1205089512111
CHE,H,2013,24543.527,17152.8015593298,NA,227.330602,4.681798078028479,NA,CHE_H,170.91666666665802,6963.818471023257,8.848626822848166,6239.910269397329,8.738881327230512,42.4917583320748,82479.9215677304,21.8,2.9316299999999997,56.1812400817871,133.6937084144768,11.320310167765685,-0.3927636321428572,0,0,0,NA,NA,NA,1,1,8.848626822848166,8.848626822848166,6556.120867526034,30613.88333333321,90.77654474555509
CHE,H,2014,24858.482,17418.8835599067,NA,230.623374,4.680168336890009,NA,CHE_H,187.083333333318,7525.935547203486,8.926243272118036,4963.271186299284,8.51002177543248,43.1731934431674,83394.37128882112,22.2,2.9887,58.0650596618652,120.21342337523872,11.331336095527536,-0.3927636321428572,0,0,0,NA,NA,NA,1,1,8.926243272118036,8.926243272118036,6556.120867526034,30882.99999999984,90.85345979913386
CHE,H,2015,25678.432,17627.9866912134,NA,233.255586,4.701271908755932,NA,CHE_H,133.533333333319,5200.213678674734,8.556647277081177,6963.818471023257,8.848626822848166,44.6715654663593,83806.44760038373,23.9,3.04577,60.8185615539551,117.13848221887196,11.336265223849127,-0.3927636321428572,0,0,0,NA,NA,NA,1,1,8.556647277081177,8.556647277081177,6556.120867526034,29974.79666666649,90.59114665944658
CHE,H,2016,26191.252,17833.2995625819,NA,234.562917,4.715456886193258,NA,CHE_H,149.08333333332698,5692.104116799264,8.647010917348624,7525.935547203486,8.926243272118036,45.0860971371482,84611.09986727207,24.1,3.04624,61.1939888000488,123.56592451357676,11.34582074109268,-0.3927636321428572,0,0,0,NA,NA,NA,1,1,8.647010917348624,8.647010917348624,6556.120867526034,32419.179999999866,91.28006898096112
CHE,H,2017,26487.891,17937.184240478,NA,238.196051,4.711348885869322,NA,CHE_H,223.416666666662,8434.671777630843,9.040224633495956,5200.213678674734,8.556647277081177,46.3318234490564,84967.58864982236,25,3.04671,62.4597206115723,123.62180760230083,11.350025152753219,-0.3927636321428572,0,0,0,NA,NA,NA,1,1,9.040224633495956,9.040224633495956,6556.120867526034,32467.51666666654,91.2931620945932
CHE,H,2018,27379.868,18334.2513473769,NA,242.270217,4.727509575396514,NA,CHE_H,340.666666666646,12442.231886094045,9.428932130469063,5692.104116799264,8.647010917348624,45.6049920012625,86756.60223274719,24.2,3.0982700000000003,64.3533935546875,124.42850432580796,11.370861801342521,-0.3927636321428572,0,0,0,NA,NA,NA,1,1,9.428932130469063,9.428932130469063,6556.120867526034,31902.429999999826,91.1388625005185
CHE,H,2019,28162.947,18979.7608122865,NA,243.043146,4.752523473649996,NA,CHE_H,258.583333333325,9181.68589861441,9.125075022369312,8434.671777630843,9.040224633495956,46.912372381587,87123.66042342565,24.8,3.14983,66.3093414306641,124.127612180467,11.375083772603741,-0.3927636321428572,0,0,0,NA,NA,NA,1,1,9.125075022369312,9.125075022369312,6556.120867526034,31189.466666666405,90.9402376692396
CHE,H,2020,23102.023,18229.5463243927,NA,241.795779,4.559581986980286,NA,CHE_H,235.99999999999,10215.555581430683,9.231764779693973,12442.231886094045,9.428932130469063,46.4813712779996,84637.01329353332,26.4,3.199225,68.0676422119141,121.78597799837084,11.346126959294818,-0.3927636321428572,0,0,0,NA,NA,NA,1,1,9.231764779693973,9.231764779693973,6556.120867526034,27218.166666666522,89.743348393499
CHE,H,2021,23146.726,18910.5052397035,NA,238.201945,4.5764898017318085,NA,CHE_H,184.74999999999403,7981.690369514636,8.985030772662181,9181.68589861441,9.125075022369312,47.9433096708255,88661.20297762807,27.7,3.24862,71.893928527832,130.0162612884893,11.392577676644036,-0.3927636321428572,0,0,0,NA,NA,NA,1,1,8.985030772662181,8.985030772662181,6556.120867526034,17065.699999999884,85.6410354117707
CHE,H,2022,28697.307,20032.3260991512,NA,241.659469,4.777028982297778,NA,CHE_H,102.5,3571.7637198500893,8.181094726491706,10215.555581430683,9.231764779693973,46.6747503634479,90605.01942726797,27.7,3.24862,74.1526794433594,138.5006987535193,11.414264892563407,-0.3927636321428572,0,0,0,NA,NA,NA,1,1,8.181094726491706,8.181094726491706,6556.120867526034,10988.883333333253,81.77282659400116
CHE,J,2010,26034.927,NA,NA,130.995222,5.292033412421723,NA,CHE_J,13.58333333333,521.7350266943325,6.259074694559122,NA,NA,37.2298614586992,81315.4228307049,20.6,2.87456,52.8040618896484,120.0651232693406,11.306090980259315,1.2675550444444446,1,521.7350266943325,6.259074694559122,NA,NA,NA,1,1,6.259074694559122,6.259074694559122,521.7350266943325,3633.3166666665534,51.312998353724
CHE,J,2011,26300.333,16028.1539199447,NA,136.744326,5.259223931014683,NA,CHE_J,15.933333333328001,605.8224940850749,6.408236316802257,NA,NA,38.8955434493097,81874.33624250082,20.6,2.87456,53.1352806091309,125.5562731599067,11.312940865942869,1.2675550444444446,1,605.8224940850749,6.408236316802257,NA,NA,NA,1,1,6.408236316802257,6.408236316802257,521.7350266943325,4117.0809523808,52.0951708862071
CHE,J,2012,26912.604,16592.4868351096,NA,141.328159,5.249265450995844,NA,CHE_J,21.083333333329,783.3999762092512,6.664919063992322,521.7350266943325,6.259074694559122,40.1600289838911,81964.88649378085,21.9,2.87456,54.835620880127,126.4538604645048,11.314046221046334,1.2675550444444446,1,783.3999762092512,6.664919063992322,NA,NA,NA,1,1,6.664919063992322,6.664919063992322,521.7350266943325,5117.610317460064,53.456492801168466
CHE,J,2013,27462.348,16906.2114447009,NA,147.751167,5.225041627125167,NA,CHE_J,18.999999999996,691.8563554724453,6.540822698444048,605.8224940850749,6.408236316802257,42.4917583320748,82479.9215677304,21.8,2.9316299999999997,56.1812400817871,133.6937084144768,11.320310167765685,1.2675550444444446,1,691.8563554724453,6.540822698444048,NA,NA,NA,1,1,6.540822698444048,6.540822698444048,521.7350266943325,4919.742658729978,53.209738083388274
CHE,J,2014,28203.917,17330.3120855246,NA,154.29734,5.208334627913619,NA,CHE_J,9.749999999997,345.69666333924465,5.848450228587108,783.3999762092512,6.664919063992322,43.1731934431674,83394.37128882112,22.2,2.9887,58.0650596618652,120.21342337523872,11.331336095527536,1.2675550444444446,1,345.69666333924465,5.848450228587108,NA,NA,NA,1,1,5.848450228587108,5.848450228587108,521.7350266943325,4850.038095237985,53.12044146887227
CHE,J,2015,29063.5,17969.697230695,NA,155.728271,5.229125734443571,NA,CHE_J,9.566666666666,329.1643011566398,5.799590412851109,691.8563554724453,6.540822698444048,44.6715654663593,83806.44760038373,23.9,3.04577,60.8185615539551,117.13848221887196,11.336265223849127,1.2675550444444446,1,329.1643011566398,5.799590412851109,NA,NA,NA,1,1,5.799590412851109,5.799590412851109,521.7350266943325,4650.2142857142,52.8571572467925
CHE,J,2016,29450.554,18327.4859548071,NA,158.988412,5.221636681386616,NA,CHE_J,9.033333333333001,306.728808338648,5.729218902705459,345.69666333924465,5.848450228587108,45.0860971371482,84611.09986727207,24.1,3.04624,61.1939888000488,123.56592451357676,11.34582074109268,1.2675550444444446,1,306.728808338648,5.729218902705459,NA,NA,NA,1,1,5.729218902705459,5.729218902705459,521.7350266943325,4579.563095237987,52.76135343918269
CHE,J,2017,29961.325,18767.2666272392,NA,161.725377,5.22176296924244,NA,CHE_J,10.61111111111,354.1602753252735,5.872569167378583,329.1643011566398,5.799590412851109,46.3318234490564,84967.58864982236,25,3.04671,62.4597206115723,123.62180760230083,11.350025152753219,1.2675550444444446,1,354.1602753252735,5.872569167378583,NA,NA,NA,1,1,5.872569167378583,5.872569167378583,521.7350266943325,4531.90079365066,52.69588445191418
CHE,J,2018,30768.649,19793.6256544927,NA,165.666977,5.224271950283632,NA,CHE_J,21.177777777776,688.2907916358628,6.535663230794486,306.728808338648,5.729218902705459,45.6049920012625,86756.60223274719,24.2,3.0982700000000003,64.3533935546875,124.42850432580796,11.370861801342521,1.2675550444444446,1,688.2907916358628,6.535663230794486,NA,NA,NA,1,1,6.535663230794486,6.535663230794486,521.7350266943325,4320.541269841183,52.3970138086036
CHE,J,2019,31249.413,20932.5645255749,NA,170.202934,5.212764416454544,NA,CHE_J,17.866666666664,571.7440729739146,6.350438972915005,354.1602753252735,5.872569167378583,46.912372381587,87123.66042342565,24.8,3.14983,66.3093414306641,124.127612180467,11.375083772603741,1.2675550444444446,1,571.7440729739146,6.350438972915005,NA,NA,NA,1,1,6.350438972915005,6.350438972915005,521.7350266943325,4389.419047618907,52.49598582476904
CHE,J,2020,31972.564,21540.5190995037,NA,173.409551,5.216977295457969,NA,CHE_J,13.666666666664,427.4498181210616,6.060173620610572,688.2907916358628,6.535663230794486,46.4813712779996,84637.01329353332,26.4,3.199225,68.0676422119141,121.78597799837084,11.346126959294818,1.2675550444444446,1,427.4498181210616,6.060173620610572,NA,NA,NA,1,1,6.060173620610572,6.060173620610572,521.7350266943325,4482.966666666514,52.627948361211565
CHE,J,2021,33241.418,23010.2154753973,NA,177.609045,5.2319671491906625,NA,CHE_J,6.833333333332,205.5668423450528,5.330624051767814,571.7440729739146,6.350438972915005,47.9433096708255,88661.20297762807,27.7,3.24862,71.893928527832,130.0162612884893,11.392577676644036,1.2675550444444446,1,205.5668423450528,5.330624051767814,NA,NA,NA,1,1,5.330624051767814,5.330624051767814,521.7350266943325,4172.599999999862,52.17899057519185
CHE,J,2022,34372.467,24899.2939660601,NA,183.900089,5.230618529412273,NA,CHE_J,8.333333333333,242.44210732191556,5.4948791619836985,427.4498181210616,6.060173620610572,46.6747503634479,90605.01942726797,27.7,3.24862,74.1526794433594,138.5006987535193,11.414264892563407,1.2675550444444446,1,242.44210732191556,5.4948791619836985,NA,NA,NA,1,1,5.4948791619836985,5.4948791619836985,521.7350266943325,2168.69999999992,48.084366102813384
CHE,K,2010,63288.508,NA,NA,222.980598,5.6483742802764425,NA,CHE_K,0,0,0,NA,NA,37.2298614586992,81315.4228307049,20.6,2.87456,52.8040618896484,120.0651232693406,11.306090980259315,2.05267,1,0,0,NA,NA,NA,1,1,0,0,0,0,0
CHE,K,2011,64495.929,36327.0916427793,NA,228.129793,5.644442649985878,NA,CHE_K,0,0,0,NA,NA,38.8955434493097,81874.33624250082,20.6,2.87456,53.1352806091309,125.5562731599067,11.312940865942869,2.05267,1,0,0,NA,NA,NA,1,1,0,0,0,0,0
CHE,K,2012,65963.643,36058.6930248436,NA,229.11482,5.662635730314595,NA,CHE_K,0,0,0,0,0,40.1600289838911,81964.88649378085,21.9,2.87456,54.835620880127,126.4538604645048,11.314046221046334,2.05267,1,0,0,NA,NA,NA,1,1,0,0,0,0,0
CHE,K,2013,67586.767,36900.3912235525,NA,227.669039,5.693274497377416,NA,CHE_K,0,0,0,0,0,42.4917583320748,82479.9215677304,21.8,2.9316299999999997,56.1812400817871,133.6937084144768,11.320310167765685,2.05267,1,0,0,NA,NA,NA,1,1,0,0,0,0,0
CHE,K,2014,65653.356,36322.7571737553,NA,229.6144,5.655742617749108,NA,CHE_K,0,0,0,0,0,43.1731934431674,83394.37128882112,22.2,2.9887,58.0650596618652,120.21342337523872,11.331336095527536,2.05267,1,0,0,NA,NA,NA,1,1,0,0,0,0,0
CHE,K,2015,66065.079,36953.867738803,NA,232.053528,5.651427511448105,NA,CHE_K,0,0,0,0,0,44.6715654663593,83806.44760038373,23.9,3.04577,60.8185615539551,117.13848221887196,11.336265223849127,2.05267,1,0,0,NA,NA,NA,1,1,0,0,0,0,0
CHE,K,2016,66486.507,36934.609535496,NA,229.686833,5.668037518343498,NA,CHE_K,0,0,0,0,0,45.0860971371482,84611.09986727207,24.1,3.04624,61.1939888000488,123.56592451357676,11.34582074109268,2.05267,1,0,0,NA,NA,NA,1,1,0,0,0,0,0
CHE,K,2017,65484.273,37036.648235193,NA,228.270248,5.659035060634161,NA,CHE_K,0,0,0,0,0,46.3318234490564,84967.58864982236,25,3.04671,62.4597206115723,123.62180760230083,11.350025152753219,2.05267,1,0,0,NA,NA,NA,1,1,0,0,0,0,0
CHE,K,2018,69539.92,38193.6612598684,NA,224.327844,5.7365476840063065,NA,CHE_K,0,0,0,0,0,45.6049920012625,86756.60223274719,24.2,3.0982700000000003,64.3533935546875,124.42850432580796,11.370861801342521,2.05267,1,0,0,NA,NA,NA,1,1,0,0,0,0,0
CHE,K,2019,69455.06,38763.2809520814,NA,224.101302,5.736337013003513,NA,CHE_K,0,0,0,0,0,46.912372381587,87123.66042342565,24.8,3.14983,66.3093414306641,124.127612180467,11.375083772603741,2.05267,1,0,0,NA,NA,NA,1,1,0,0,0,0,0
CHE,K,2020,67144.624,39677.102022431,NA,224.973548,5.69862130832958,NA,CHE_K,0,0,0,0,0,46.4813712779996,84637.01329353332,26.4,3.199225,68.0676422119141,121.78597799837084,11.346126959294818,2.05267,1,0,0,NA,NA,NA,1,1,0,0,0,0,0
CHE,K,2021,66975.268,41081.9062106098,NA,228.782557,5.679306676186546,NA,CHE_K,0,0,0,0,0,47.9433096708255,88661.20297762807,27.7,3.24862,71.893928527832,130.0162612884893,11.392577676644036,2.05267,1,0,0,NA,NA,NA,1,1,0,0,0,0,0
CHE,K,2022,72140.939,43198.871591443,NA,231.000953,5.743955134675493,NA,CHE_K,0,0,0,0,0,46.6747503634479,90605.01942726797,27.7,3.24862,74.1526794433594,138.5006987535193,11.414264892563407,2.05267,1,0,0,NA,NA,NA,1,1,0,0,0,0,0
CHE,M_N,2010,56855.285,NA,NA,609.96466,4.534863437735132,NA,CHE_M_N,0,0,0,NA,NA,37.2298614586992,81315.4228307049,20.6,2.87456,52.8040618896484,120.0651232693406,11.306090980259315,0.9246918833333334,1,0,0,NA,NA,NA,1,1,0,0,0,0,0
CHE,M_N,2011,58642.345,43501.1943568894,NA,633.713801,4.527614890992657,NA,CHE_M_N,0,0,0,NA,NA,38.8955434493097,81874.33624250082,20.6,2.87456,53.1352806091309,125.5562731599067,11.312940865942869,0.9246918833333334,1,0,0,NA,NA,NA,1,1,0,0,0,0,0
CHE,M_N,2012,60853.806,44928.4918448519,NA,655.090094,4.531456869439022,NA,CHE_M_N,0,0,0,0,0,40.1600289838911,81964.88649378085,21.9,2.87456,54.835620880127,126.4538604645048,11.314046221046334,0.9246918833333334,1,0,0,NA,NA,NA,1,1,0,0,0,0,0
CHE,M_N,2013,63512.581,46656.261219596,NA,668.674724,4.553695561609053,NA,CHE_M_N,0,0,0,0,0,42.4917583320748,82479.9215677304,21.8,2.9316299999999997,56.1812400817871,133.6937084144768,11.320310167765685,0.9246918833333334,1,0,0,NA,NA,NA,1,1,0,0,0,0,0
CHE,M_N,2014,66803.903,48268.1286563303,NA,680.762831,4.586302806256302,NA,CHE_M_N,0,0,0,0,0,43.1731934431674,83394.37128882112,22.2,2.9887,58.0650596618652,120.21342337523872,11.331336095527536,0.9246918833333334,1,0,0,NA,NA,NA,1,1,0,0,0,0,0
CHE,M_N,2015,67971.812,49564.1980330102,NA,696.08142,4.581381732554321,NA,CHE_M_N,0,0,0,0,0,44.6715654663593,83806.44760038373,23.9,3.04577,60.8185615539551,117.13848221887196,11.336265223849127,0.9246918833333334,1,0,0,NA,NA,NA,1,1,0,0,0,0,0
CHE,M_N,2016,67568.844,51187.3601572103,NA,716.280522,4.546830387482188,NA,CHE_M_N,0,0,0,0,0,45.0860971371482,84611.09986727207,24.1,3.04624,61.1939888000488,123.56592451357676,11.34582074109268,0.9246918833333334,1,0,0,NA,NA,NA,1,1,0,0,0,0,0
CHE,M_N,2017,68431.577,53548.3596762595,NA,736.980819,4.531027783058434,NA,CHE_M_N,0,0,0,0,0,46.3318234490564,84967.58864982236,25,3.04671,62.4597206115723,123.62180760230083,11.350025152753219,0.9246918833333334,1,0,0,NA,NA,NA,1,1,0,0,0,0,0
CHE,M_N,2018,73550.032,54607.2153888025,NA,755.589244,4.578223260626629,NA,CHE_M_N,0,0,0,0,0,45.6049920012625,86756.60223274719,24.2,3.0982700000000003,64.3533935546875,124.42850432580796,11.370861801342521,0.9246918833333334,1,0,0,NA,NA,NA,1,1,0,0,0,0,0
CHE,M_N,2019,74146.035,56048.1250112485,NA,773.866716,4.562392216234921,NA,CHE_M_N,0,0,0,0,0,46.912372381587,87123.66042342565,24.8,3.14983,66.3093414306641,124.127612180467,11.375083772603741,0.9246918833333334,1,0,0,NA,NA,NA,1,1,0,0,0,0,0
CHE,M_N,2020,74547.94,55027.3250429769,NA,765.427662,4.57876297443103,NA,CHE_M_N,0,0,0,0,0,46.4813712779996,84637.01329353332,26.4,3.199225,68.0676422119141,121.78597799837084,11.346126959294818,0.9246918833333334,1,0,0,NA,NA,NA,1,1,0,0,0,0,0
CHE,M_N,2021,80654.671,59219.7322780181,NA,785.384987,4.6317579719405915,NA,CHE_M_N,0,0,0,0,0,47.9433096708255,88661.20297762807,27.7,3.24862,71.893928527832,130.0162612884893,11.392577676644036,0.9246918833333334,1,0,0,NA,NA,NA,1,1,0,0,0,0,0
CHE,M_N,2022,85555.924,63767.867273141,NA,804.411819,4.666814172248487,NA,CHE_M_N,0,0,0,0,0,46.6747503634479,90605.01942726797,27.7,3.24862,74.1526794433594,138.5006987535193,11.414264892563407,0.9246918833333334,1,0,0,NA,NA,NA,1,1,0,0,0,0,0
CZE,C,2010,834750,416510,178069,1251.605,6.502705551132609,0.21332015573525007,CZE_C,15.999999999999,19.16741539382929,3.004068202646239,NA,NA,21.6090542510609,16665.9317825137,10.9,1.31352,64.9327697753906,126.7564801167978,9.721121901720869,-0.4842254202898551,0,0,0,0,0,0,1,0,3.004068202646239,0,19.16741539382929,14697.815079364742,28.825603016670183
CZE,C,2011,895421,446877,204494,1306.509,6.529935304148556,0.228377489471433,CZE_C,23.2,25.90960006522072,3.2924831026893453,NA,NA,23.9064110361087,16926.284667443535,12.2,1.5323,66.7968215942383,136.7508555424377,9.736622998441662,-0.4842254202898551,0,0,0,0,1,0,1,0,3.2924831026893453,0,19.16741539382929,15709.195238094933,29.025502715459794
CZE,C,2012,894250,458143,219832,1315.074,6.52209244032845,0.24582834777746715,CZE_C,11,12.300810735253005,2.5878249909076927,19.16741539382929,3.004068202646239,25.2869067180213,16772.353922332768,12.8,1.757,66.9287719726562,145.48019539693462,9.72748721004349,-0.4842254202898551,0,0,0,0,1,0,1,0,2.5878249909076927,0,19.16741539382929,16528.671428571193,29.178251035590094
CZE,C,2013,907249,460793,226957,1317.876,6.534395594148557,0.25015954826073106,CZE_C,47,51.80496203357623,3.9666051642052094,25.90960006522072,3.2924831026893453,27.1727115258321,16759.7808635642,13.9,1.86743,66.3243179321289,145.50223062496116,9.72673729898426,-0.4842254202898551,0,0,0,1,1,3.9666051642052094,1,0,3.9666051642052094,0,19.16741539382929,15564.23333333313,28.997654747447424
CZE,C,2014,1027478,483613,251633,1336.743,6.64462647669722,0.2449035405137628,CZE_C,22,21.411650663079893,3.109580942533544,12.300810735253005,2.5878249909076927,28.475360327904,17118.04255715785,14.8,1.94392,67.3959732055664,156.41512282688566,9.747888306544192,-0.4842254202898551,0,0,0,0,1,0,1,0,3.109580942533544,0,19.16741539382929,16392.430952380746,29.1533883714401
CZE,C,2015,1104059,519021,283243,1381.116,6.683856799434908,0.2565469780147619,CZE_C,27.666666666666003,25.05904726709895,3.2603650118226755,51.80496203357623,3.9666051642052094,27.9980000790543,17931.59876707676,14.8,1.906,67.2303619384766,154.01840099763254,9.794319729778334,-0.4842254202898551,0,0,0,1,1,3.2603650118226755,1,0,3.2603650118226755,0,19.16741539382929,16265.830952380727,29.13009909468014
CZE,C,2016,1150757,555367,286487,1401.357,6.710734212786772,0.24895525293350376,CZE_C,33.5,29.111271971406648,3.404899585753049,21.411650663079893,3.109580942533544,29.14911847267,18359.097810390373,14.8,1.65411,67.5056381225586,148.5470046644353,9.8178805240995,-0.4842254202898551,0,0,0,1,1,3.404899585753049,1,0,3.404899585753049,0,19.16741539382929,17394.55833333312,29.33163236259275
CZE,C,2017,1200699,608427,288778,1428.174,6.734262460954886,0.24050823728511475,CZE_C,17.25,14.366631437187838,2.732198368741052,25.05904726709895,3.2603650118226755,29.8452606888193,19257.69306809109,14.5,1.74513,67.7142181396484,147.75083485476154,9.86566589978201,-0.4842254202898551,0,0,0,0,1,0,1,0,2.732198368741052,0,19.16741539382929,17230.01333333319,29.303081564789018
CZE,C,2018,1221428,659158,303309,1427.742,6.751681769713842,0.248323274069368,CZE_C,27.833333333332,22.787535027305744,3.1691617051300955,29.111271971406648,3.404899585753049,30.5512773467128,19736.6295261285,14.7,1.87652,66.7902221679688,145.14171789078912,9.890231555051948,-0.4842254202898551,0,0,0,0,1,0,1,0,3.1691617051300955,0,19.16741539382929,16474.938095237903,29.168469744286828
CZE,C,2019,1303011,697299,328569,1414.522,6.825641354308458,0.25216134015752745,CZE_C,43.333333333333,33.25630661086745,3.5338706823814023,14.366631437187838,2.732198368741052,35.4302064212035,20360.059922181354,15.9,1.89547,66.8802185058594,138.15460999387147,9.921330413792807,-0.4842254202898551,0,0,0,1,1,3.5338706823814023,1,0,3.5338706823814023,0,19.16741539382929,16433.033333332995,29.160819489646837
CZE,C,2020,1212105,673443,271724,1350.133,6.799910690423921,0.22417529834461536,CZE_C,44.25,36.506738277624464,3.624520604237836,22.787535027305744,3.1691617051300955,36.4490898642092,19233.1469549829,17,1.94537,67.1843719482422,128.7804303059648,9.864390473398958,-0.4842254202898551,0,0,0,0,0,0,1,0,3.624520604237836,0,19.16741539382929,16011.049999999796,29.08267519209098
CZE,C,2021,1238905,720157,273744,1353.515,6.819278291561965,0.22095640908705672,CZE_C,33.5,27.04000710304664,3.333632315484711,33.25630661086745,3.5338706823814023,37.4984794433561,20373.878304342365,17.2,1.93302,69.8369293212891,137.37811630286845,9.922008884046003,-0.4842254202898551,0,0,0,0,0,0,1,0,3.333632315484711,0,19.16741539382929,10762.833333333192,27.88961006191424
CZE,C,2022,1367327,776299,358206,1353.8,6.917697564974234,0.2619753723871466,CZE_C,30,21.940618447525722,3.1329090706894287,36.506738277624464,3.624520604237836,37.7136856539825,20627.348651010972,17.2,1.89089,70.8145904541016,144.0114941093966,9.934373078708141,-0.4842254202898551,0,0,0,1,1,3.1329090706894287,1,0,3.1329090706894287,0,19.16741539382929,6511.016666666589,26.379937934060518
CZE,D_E,2010,187741,39562,94412,90.872,7.63336670946307,0.5028842927224207,CZE_D_E,119.499999999999,636.5151991307121,6.4575781185220364,NA,NA,21.6090542510609,16665.9317825137,10.9,1.31352,64.9327697753906,126.7564801167978,9.721121901720869,-0.4190017,0,0,0,1,1,6.4575781185220364,1,0,6.4575781185220364,0,636.5151991307121,72584.91666666571,72.27661225871496
CZE,D_E,2011,186643,42818,86797,91.922,7.616012588936672,0.46504288936633037,CZE_D_E,115,616.1495475319192,6.425111373032283,NA,NA,23.9064110361087,16926.284667443535,12.2,1.5323,66.7968215942383,136.7508555424377,9.736622998441662,-0.4190017,0,0,0,1,0,6.425111373032283,1,0,6.425111373032283,0,636.5151991307121,76895.4593650784,72.64914293828814
CZE,D_E,2012,189062,44283,76446,92.121,7.626727352276144,0.40434354867715355,CZE_D_E,169.333333333332,895.6497515806032,6.79866531934159,636.5151991307121,6.4575781185220364,25.2869067180213,16772.353922332768,12.8,1.757,66.9287719726562,145.48019539693462,9.72748721004349,-0.4190017,0,0,0,1,0,6.79866531934159,1,0,6.79866531934159,0,636.5151991307121,76176.19047618967,72.5884562135988
CZE,D_E,2013,195577,45092,75694,92.501,7.656489987486151,0.38702914964438556,CZE_D_E,97.99999999999801,501.0814155038579,6.218762288820207,616.1495475319192,6.425111373032283,27.1727115258321,16759.7808635642,13.9,1.86743,66.3243179321289,145.50223062496116,9.72673729898426,-0.4190017,0,0,0,1,0,6.218762288820207,1,0,6.218762288820207,0,636.5151991307121,70911.55238095179,72.12599921712844
CZE,D_E,2014,179666,44840,71414,91.728,7.580027174474974,0.39748199436732606,CZE_D_E,82.166666666666,457.33008285744665,6.127589629460025,895.6497515806032,6.79866531934159,28.475360327904,17118.04255715785,14.8,1.94392,67.3959732055664,156.41512282688566,9.747888306544192,-0.4190017,0,0,0,1,0,6.127589629460025,1,0,6.127589629460025,0,636.5151991307121,68779.23333333281,71.92884248717716
CZE,D_E,2015,183419,45361,64867,92.932,7.587660389216871,0.35365474678195824,CZE_D_E,72,392.54384769298713,5.9751924916190715,501.0814155038579,6.218762288820207,27.9980000790543,17931.59876707676,14.8,1.906,67.2303619384766,154.01840099763254,9.794319729778334,-0.4190017,0,0,0,1,0,5.9751924916190715,1,0,5.9751924916190715,0,636.5151991307121,63902.540476189984,71.45394165941343
CZE,D_E,2016,183066,47166,57765,94.72,7.56667685140492,0.315541935695323,CZE_D_E,74.999999999999,409.6883091344051,6.017834554851015,457.33008285744665,6.127589629460025,29.14911847267,18359.097810390373,14.8,1.65411,67.5056381225586,148.5470046644353,9.8178805240995,-0.4190017,0,0,0,1,0,6.017834554851015,1,0,6.017834554851015,0,636.5151991307121,66220.09999999953,71.6839888562661
CZE,D_E,2017,187219,51045,53888,96.138,7.574249674347984,0.28783403393886303,CZE_D_E,105,560.8405129821225,6.331218024889866,392.54384769298713,5.9751924916190715,29.8452606888193,19257.69306809109,14.5,1.74513,67.7142181396484,147.75083485476154,9.86566589978201,-0.4190017,0,0,0,1,0,6.331218024889866,1,0,6.331218024889866,0,636.5151991307121,63583.72777777735,71.4216443786527
CZE,D_E,2018,186983,56365,54435,99.549,7.538122997356996,0.29112272238652714,CZE_D_E,123.74999999999801,661.8248717797768,6.496510810164851,409.6883091344051,6.017834554851015,30.5512773467128,19736.6295261285,14.7,1.87652,66.7902221679688,145.14171789078912,9.890231555051948,-0.4190017,0,0,0,1,0,6.496510810164851,1,0,6.496510810164851,0,636.5151991307121,59521.75619047577,70.99534984007053
CZE,D_E,2019,192020,60719,68628,100.547,7.554729532380589,0.3574002708051245,CZE_D_E,118.79166666666401,618.6421553310281,6.429142142592173,560.8405129821225,6.331218024889866,35.4302064212035,20360.059922181354,15.9,1.89547,66.8802185058594,138.15460999387147,9.921330413792807,-0.4190017,0,0,0,1,0,6.429142142592173,1,0,6.429142142592173,0,636.5151991307121,58259.77261904709,70.85696598543821
CZE,D_E,2020,198400,62899,66602,101.276,7.580191010687745,0.33569556451612903,CZE_D_E,155.624999999996,784.400201612883,6.666193398844771,661.8248717797768,6.496510810164851,36.4490898642092,19233.1469549829,17,1.94537,67.1843719482422,128.7804303059648,9.864390473398958,-0.4190017,0,0,0,1,0,6.666193398844771,1,0,6.666193398844771,0,636.5151991307121,62483.92261904707,71.30897240914621
CZE,D_E,2021,218242,66633,75917,101.783,7.670516721752853,0.3478569661201785,CZE_D_E,102.166666666663,468.13476171709846,6.1508900655884915,618.6421553310281,6.429142142592173,37.4984794433561,20373.878304342365,17.2,1.93302,69.8369293212891,137.37811630286845,9.922008884046003,-0.4190017,0,0,0,1,0,6.1508900655884915,1,0,6.1508900655884915,0,636.5151991307121,58097.966666666245,70.83900659059188
CZE,D_E,2022,305679,73430,81017,102.788,7.997622196030607,0.26503946950886387,CZE_D_E,125.66666666666401,411.1066401900818,6.02128215127024,784.400201612883,6.666193398844771,37.7136856539825,20627.348651010972,17.2,1.89089,70.8145904541016,144.0114941093966,9.934373078708141,-0.4190017,0,0,0,1,0,6.02128215127024,1,0,6.02128215127024,0,636.5151991307121,48323.99999999947,69.6495281068535
CZE,G,2010,380156,204291,63909,726.693,6.25983286878495,0.16811256431570198,CZE_G,0,0,0,NA,NA,21.6090542510609,16665.9317825137,10.9,1.31352,64.9327697753906,126.7564801167978,9.721121901720869,0.06857736764705884,1,0,0,0,1,0,1,0,0,0,0,0,0
CZE,G,2011,377994,208765,63379,708.389,6.279640223622066,0.16767197362921105,CZE_G,0,0,0,NA,NA,23.9064110361087,16926.284667443535,12.2,1.5323,66.7968215942383,136.7508555424377,9.736622998441662,0.06857736764705884,1,0,0,0,1,0,1,0,0,0,0,0,0
CZE,G,2012,387666,213191,60073,712.894,6.298566681380268,0.15496071360397867,CZE_G,0,0,0,0,0,25.2869067180213,16772.353922332768,12.8,1.757,66.9287719726562,145.48019539693462,9.72748721004349,0.06857736764705884,1,0,0,0,1,0,1,0,0,0,0,0,0
CZE,G,2013,383958,215853,55111,710.9,6.291756677652545,0.14353392819006244,CZE_G,0,0,0,0,0,27.1727115258321,16759.7808635642,13.9,1.86743,66.3243179321289,145.50223062496116,9.72673729898426,0.06857736764705884,1,0,0,0,1,0,1,0,0,0,0,0,0
CZE,G,2014,410045,222459,54850,710.242,6.3584164317239935,0.13376580619200332,CZE_G,0,0,0,0,0,28.475360327904,17118.04255715785,14.8,1.94392,67.3959732055664,156.41512282688566,9.747888306544192,0.06857736764705884,1,0,0,0,1,0,1,0,0,0,0,0,0
CZE,G,2015,451490,233474,54751,715.55,6.447257025442772,0.12126735918846486,CZE_G,0,0,0,0,0,27.9980000790543,17931.59876707676,14.8,1.906,67.2303619384766,154.01840099763254,9.794319729778334,0.06857736764705884,1,0,0,0,1,0,1,0,0,0,0,0,0
CZE,G,2016,462428,243871,72862,704.465,6.48680749866017,0.15756398833980642,CZE_G,0,0,0,0,0,29.14911847267,18359.097810390373,14.8,1.65411,67.5056381225586,148.5470046644353,9.8178805240995,0.06857736764705884,1,0,0,0,1,0,1,0,0,0,0,0,0
CZE,G,2017,510276,262855,78474,699.468,6.592386988690925,0.15378736213343366,CZE_G,0,0,0,0,0,29.8452606888193,19257.69306809109,14.5,1.74513,67.7142181396484,147.75083485476154,9.86566589978201,0.06857736764705884,1,0,0,0,1,0,1,0,0,0,0,0,0
CZE,G,2018,534312,287278,82917,702.519,6.634062769880686,0.15518461123837757,CZE_G,0,0,0,0,0,30.5512773467128,19736.6295261285,14.7,1.87652,66.7902221679688,145.14171789078912,9.890231555051948,0.06857736764705884,1,0,0,0,1,0,1,0,0,0,0,0,0
CZE,G,2019,565692,308193,88111,693.856,6.703540593278187,0.15575790359418198,CZE_G,0,0,0,0,0,35.4302064212035,20360.059922181354,15.9,1.89547,66.8802185058594,138.15460999387147,9.921330413792807,0.06857736764705884,1,0,0,0,1,0,1,0,0,0,0,0,0
CZE,G,2020,563663,313370,78962,689.375,6.706426444157072,0.14008725071540973,CZE_G,0,0,0,0,0,36.4490898642092,19233.1469549829,17,1.94537,67.1843719482422,128.7804303059648,9.864390473398958,0.06857736764705884,1,0,0,0,1,0,1,0,0,0,0,0,0
CZE,G,2021,644069,340526,100117,692.093,6.835840802552933,0.15544452535365,CZE_G,0,0,0,0,0,37.4984794433561,20373.878304342365,17.2,1.93302,69.8369293212891,137.37811630286845,9.922008884046003,0.06857736764705884,1,0,0,0,1,0,1,0,0,0,0,0,0
CZE,G,2022,700725,372738,116549,684.06,6.931825159255583,0.16632630489849798,CZE_G,0,0,0,0,0,37.7136856539825,20627.348651010972,17.2,1.89089,70.8145904541016,144.0114941093966,9.934373078708141,0.06857736764705884,1,0,0,0,1,0,1,0,0,0,0,0,0
CZE,H,2010,220854,107004,108699,316.25,6.548724088659541,0.4921758265641555,CZE_H,26.499999999998998,119.98877086219402,4.795697738498511,NA,NA,21.6090542510609,16665.9317825137,10.9,1.31352,64.9327697753906,126.7564801167978,9.721121901720869,-0.3927636321428572,0,0,0,1,1,4.795697738498511,1,0,4.795697738498511,0,119.98877086219402,28127.82999999984,49.12976674407285
CZE,H,2011,213748,107479,100292,310.606,6.534027802051982,0.4692067294196905,CZE_H,48.333333333331,226.12297347030614,5.425491604146232,NA,NA,23.9064110361087,16926.284667443535,12.2,1.5323,66.7968215942383,136.7508555424377,9.736622998441662,-0.3927636321428572,0,0,0,1,1,5.425491604146232,1,0,5.425491604146232,0,119.98877086219402,33253.766666666495,49.93258134594154
CZE,H,2012,213367,106400,76592,310.823,6.531545348387223,0.35896835030721713,CZE_H,35.83333333333,167.94224661419057,5.1295569205073095,119.98877086219402,4.795697738498511,25.2869067180213,16772.353922332768,12.8,1.757,66.9287719726562,145.48019539693462,9.72748721004349,-0.3927636321428572,0,0,0,1,1,5.1295569205073095,1,0,5.1295569205073095,0,119.98877086219402,31922.70555555536,49.73668063952173
CZE,H,2013,212437,105968,75680,311.419,6.525261480491711,0.3562467931669154,CZE_H,35.416666666663005,166.7160930848346,5.122272627760048,226.12297347030614,5.425491604146232,27.1727115258321,16759.7808635642,13.9,1.86743,66.3243179321289,145.50223062496116,9.72673729898426,-0.3927636321428572,0,0,0,1,1,5.122272627760048,1,0,5.122272627760048,0,119.98877086219402,30749.383333333204,49.557099050690496
CZE,H,2014,221676,108818,80296,313.756,6.56035652157752,0.362222342517909,CZE_H,25.249999999998,113.90497843698911,4.744105512349386,167.94224661419057,5.1295569205073095,28.475360327904,17118.04255715785,14.8,1.94392,67.3959732055664,156.41512282688566,9.747888306544192,-0.3927636321428572,0,0,0,1,1,4.744105512349386,1,0,4.744105512349386,0,119.98877086219402,31044.83333333316,49.60295621701276
CZE,H,2015,234756,115328,99848,321.294,6.593945364038184,0.4253267222137027,CZE_H,37.666666666663,160.45028313083796,5.0841972508778035,166.7160930848346,5.122272627760048,27.9980000790543,17931.59876707676,14.8,1.906,67.2303619384766,154.01840099763254,9.794319729778334,-0.3927636321428572,0,0,0,1,1,5.0841972508778035,1,0,5.0841972508778035,0,119.98877086219402,30070.663333333145,49.4500631561304
CZE,H,2016,246927,122556,99014,325.011,6.632988997458103,0.40098490647033336,CZE_H,45.499999999995,184.26498519803422,5.221787152661904,113.90497843698911,4.744105512349386,29.14911847267,18359.097810390373,14.8,1.65411,67.5056381225586,148.5470046644353,9.8178805240995,-0.3927636321428572,0,0,0,1,1,5.221787152661904,1,0,5.221787152661904,0,119.98877086219402,32522.763333333198,49.82598682760473
CZE,H,2017,264517,135332,80082,332.509,6.678993873028082,0.3027480275369825,CZE_H,53.833333333328,203.51559005027275,5.320644207541778,160.45028313083796,5.0841972508778035,29.8452606888193,19257.69306809109,14.5,1.74513,67.7142181396484,147.75083485476154,9.86566589978201,-0.3927636321428572,0,0,0,1,0,5.320644207541778,1,0,5.320644207541778,0,119.98877086219402,32637.09999999987,49.84281644629402
CZE,H,2018,273809,146911,89016,337.963,6.697249639969404,0.32510253497876257,CZE_H,69.49999999999599,253.82657253777631,5.540583206085279,184.26498519803422,5.221787152661904,30.5512773467128,19736.6295261285,14.7,1.87652,66.7902221679688,145.14171789078912,9.890231555051948,-0.3927636321428572,0,0,0,1,1,5.540583206085279,1,0,5.540583206085279,0,119.98877086219402,32173.596666666475,49.774223102804015
CZE,H,2019,286999,157121,113299,337.319,6.746204940257137,0.3947714103533462,CZE_H,60.666666666666,211.38285034674686,5.358390543860999,203.51559005027275,5.320644207541778,35.4302064212035,20360.059922181354,15.9,1.89547,66.8802185058594,138.15460999387147,9.921330413792807,-0.3927636321428572,0,0,0,1,1,5.358390543860999,1,0,5.358390543860999,0,119.98877086219402,31387.383333333066,49.65558065380782
CZE,H,2020,277876,155939,121500,327.747,6.7426882807166235,0.43724539003008533,CZE_H,45.666666666661,164.3418887081324,5.108015382936571,253.82657253777631,5.540583206085279,36.4490898642092,19233.1469549829,17,1.94537,67.1843719482422,128.7804303059648,9.864390473398958,-0.3927636321428572,0,0,0,1,1,5.108015382936571,1,0,5.108015382936571,0,119.98877086219402,27408.49999999985,49.00553246578572
CZE,H,2021,294540,163802,147240,323.197,6.81490805185451,0.4998981462619678,CZE_H,62.333333333331005,211.629433466867,5.359550901606778,211.38285034674686,5.358390543860999,37.4984794433561,20373.878304342365,17.2,1.93302,69.8369293212891,137.37811630286845,9.922008884046003,-0.3927636321428572,0,0,0,1,1,5.359550901606778,1,0,5.359550901606778,0,119.98877086219402,17188.116666666545,46.76779642024971
CZE,H,2022,337992,178654,173135,327.627,6.938901739380806,0.5122458519728278,CZE_H,17.83333333333,52.762590041569034,3.984577872910945,164.3418887081324,5.108015382936571,37.7136856539825,20627.348651010972,17.2,1.89089,70.8145904541016,144.0114941093966,9.934373078708141,-0.3927636321428572,0,0,0,1,1,3.984577872910945,1,0,3.984577872910945,0,119.98877086219402,11073.549999999923,44.65947941640708
CZE,J,2010,181142,75479,49460,129.871,7.2404948829515465,0.27304545605105385,CZE_J,3,16.56159256274083,2.8657142767336414,NA,NA,21.6090542510609,16665.9317825137,10.9,1.31352,64.9327697753906,126.7564801167978,9.721121901720869,1.2675550444444446,1,16.56159256274083,2.8657142767336414,1,1,2.8657142767336414,1,0,2.8657142767336414,0,16.56159256274083,3643.899999999883,23.501964103068428
CZE,J,2011,183115,75793,45216,126.93,7.274233896353806,0.2469267946372498,CZE_J,2.666666666665,14.562797513393223,2.744883291368665,NA,NA,23.9064110361087,16926.284667443535,12.2,1.5323,66.7968215942383,136.7508555424377,9.736622998441662,1.2675550444444446,1,14.562797513393223,2.744883291368665,0,0,0,1,0,2.744883291368665,0,16.56159256274083,4130.347619047463,23.860965666768294
CZE,J,2012,181588,78846,44532,127.366,7.262430832131673,0.2452364693702227,CZE_J,5,27.53485913166068,3.351126467290335,16.56159256274083,2.8657142767336414,25.2869067180213,16772.353922332768,12.8,1.757,66.9287719726562,145.48019539693462,9.72748721004349,1.2675550444444446,1,27.53485913166068,3.351126467290335,0,0,0,1,0,3.351126467290335,0,16.56159256274083,5133.693650793393,24.48401931733009
CZE,J,2013,181154,81235,51358,129.513,7.243321515026027,0.2835046424589024,CZE_J,1.75,9.660289035847951,2.36652553242715,14.562797513393223,2.744883291368665,27.1727115258321,16759.7808635642,13.9,1.86743,66.3243179321289,145.50223062496116,9.72673729898426,1.2675550444444446,1,9.660289035847951,2.36652553242715,1,1,2.36652553242715,1,0,2.36652553242715,0,16.56159256274083,4936.992658729974,24.37208085437852
CZE,J,2014,191203,85887,52570,134.232,7.261521323665518,0.2749433847795275,CZE_J,1,5.230043461661166,1.8293833089646216,27.53485913166068,3.351126467290335,28.475360327904,17118.04255715785,14.8,1.94392,67.3959732055664,156.41512282688566,9.747888306544192,1.2675550444444446,1,5.230043461661166,1.8293833089646216,1,1,1.8293833089646216,1,0,1.8293833089646216,0,16.56159256274083,4858.788095237982,24.326332393718392
CZE,J,2015,205970,90191,64489,137.142,7.314468920711486,0.31309899499927174,CZE_J,1.5,7.282613972908677,2.114158615786482,9.660289035847951,2.36652553242715,27.9980000790543,17931.59876707676,14.8,1.906,67.2303619384766,154.01840099763254,9.794319729778334,1.2675550444444446,1,7.282613972908677,2.114158615786482,1,1,2.114158615786482,1,0,2.114158615786482,0,16.56159256274083,4658.2809523808655,24.205589245255826
CZE,J,2016,219283,98007,63457,142.892,7.336029311857687,0.28938403797832024,CZE_J,3,13.680951099720453,2.6865508098969606,5.230043461661166,1.8293833089646216,29.14911847267,18359.097810390373,14.8,1.65411,67.5056381225586,148.5470046644353,9.8178805240995,1.2675550444444446,1,13.680951099720453,2.6865508098969606,1,1,2.6865508098969606,1,0,2.6865508098969606,0,16.56159256274083,4585.59642857132,24.160531894831525
CZE,J,2017,242622,109447,70485,149.406,7.392592523099564,0.2905136384993941,CZE_J,1.5,6.182456660978806,1.971641477878694,7.282613972908677,2.114158615786482,29.8452606888193,19257.69306809109,14.5,1.74513,67.7142181396484,147.75083485476154,9.86566589978201,1.2675550444444446,1,6.182456660978806,1.971641477878694,1,1,1.971641477878694,1,0,1.971641477878694,0,16.56159256274083,4541.01190476177,24.132539123609305
CZE,J,2018,271844,121742,85205,156.176,7.462000074902855,0.31343343976692517,CZE_J,2,7.3571607245331885,2.123118743158542,13.680951099720453,2.6865508098969606,30.5512773467128,19736.6295261285,14.7,1.87652,66.7902221679688,145.14171789078912,9.890231555051948,1.2675550444444446,1,7.3571607245331885,2.123118743158542,1,1,2.123118743158542,1,0,2.123118743158542,0,16.56159256274083,4339.719047618959,24.002636148847635
CZE,J,2019,322718,133930,102653,162.036,7.596715623079173,0.3180888577643639,CZE_J,1.833333333333,5.6809143999807885,1.899254864405159,6.182456660978806,1.971641477878694,35.4302064212035,20360.059922181354,15.9,1.89547,66.8802185058594,138.15460999387147,9.921330413792807,1.2675550444444446,1,5.6809143999807885,1.899254864405159,1,1,1.899254864405159,1,0,1.899254864405159,0,16.56159256274083,4405.452380952238,24.04570755756638
CZE,J,2020,344714,139953,114557,165.9,7.63908516951135,0.3323247677785062,CZE_J,4.5,13.054300086448475,2.642928404929159,7.3571607245331885,2.123118743158542,36.4490898642092,19233.1469549829,17,1.94537,67.1843719482422,128.7804303059648,9.864390473398958,1.2675550444444446,1,13.054300086448475,2.642928404929159,1,1,2.642928404929159,1,0,2.642928404929159,0,16.56159256274083,4492.133333333179,24.10153278497017
CZE,J,2021,392280,151912,137162,167.902,7.756350673641414,0.34965330886101764,CZE_J,2.833333333333,7.222732062131641,2.1069025215021124,5.6809143999807885,1.899254864405159,37.4984794433561,20373.878304342365,17.2,1.93302,69.8369293212891,137.37811630286845,9.922008884046003,1.2675550444444446,1,7.222732062131641,2.1069025215021124,1,1,2.1069025215021124,1,0,2.1069025215021124,0,16.56159256274083,4176.599999999861,23.89287042380585
CZE,J,2022,431179,175922,158479,178.522,7.789566753167434,0.36754804849030215,CZE_J,1,2.3192224111100033,1.1997305419750437,13.054300086448475,2.642928404929159,37.7136856539825,20627.348651010972,17.2,1.89089,70.8145904541016,144.0114941093966,9.934373078708141,1.2675550444444446,1,2.3192224111100033,1.1997305419750437,1,1,1.1997305419750437,1,0,1.1997305419750437,0,16.56159256274083,2176.033333333253,22.025072867623834
CZE,K,2010,167127,53612,26828,87.746,7.552063004161734,0.1605246309692629,CZE_K,0,0,0,NA,NA,21.6090542510609,16665.9317825137,10.9,1.31352,64.9327697753906,126.7564801167978,9.721121901720869,2.05267,1,0,0,0,1,0,1,0,0,0,0,0,0
CZE,K,2011,166070,56600,27920,89.721,7.523459809824012,0.16812187631721562,CZE_K,0,0,0,NA,NA,23.9064110361087,16926.284667443535,12.2,1.5323,66.7968215942383,136.7508555424377,9.736622998441662,2.05267,1,0,0,0,1,0,1,0,0,0,0,0,0
CZE,K,2012,164300,61543,28730,98.046,7.424012547727657,0.17486305538648814,CZE_K,0,0,0,0,0,25.2869067180213,16772.353922332768,12.8,1.757,66.9287719726562,145.48019539693462,9.72748721004349,2.05267,1,0,0,0,1,0,1,0,0,0,0,0,0
CZE,K,2013,167200,59772,26200,98.063,7.441335850363449,0.15669856459330145,CZE_K,0,0,0,0,0,27.1727115258321,16759.7808635642,13.9,1.86743,66.3243179321289,145.50223062496116,9.72673729898426,2.05267,1,0,0,0,1,0,1,0,0,0,0,0,0
CZE,K,2014,164206,62684,27299,99.89,7.404807435592705,0.16624849274691547,CZE_K,0,0,0,0,0,28.475360327904,17118.04255715785,14.8,1.94392,67.3959732055664,156.41512282688566,9.747888306544192,2.05267,1,0,0,0,1,0,1,0,0,0,0,0,0
CZE,K,2015,173414,61308,29504,97.324,7.4853914596556175,0.17013620584266553,CZE_K,0,0,0,0,0,27.9980000790543,17931.59876707676,14.8,1.906,67.2303619384766,154.01840099763254,9.794319729778334,2.05267,1,0,0,0,1,0,1,0,0,0,0,0,0
CZE,K,2016,175875,64210,36536,98.166,7.490868871187696,0.20773845060412224,CZE_K,0,0,0,0,0,29.14911847267,18359.097810390373,14.8,1.65411,67.5056381225586,148.5470046644353,9.8178805240995,2.05267,1,0,0,0,1,0,1,0,0,0,0,0,0
CZE,K,2017,186782,67791,48714,96.525,7.5678953982406405,0.26080671585056375,CZE_K,0,0,0,0,0,29.8452606888193,19257.69306809109,14.5,1.74513,67.7142181396484,147.75083485476154,9.86566589978201,2.05267,1,0,0,1,1,0,1,0,0,0,0,0,0
CZE,K,2018,199423,71531,52387,95.319,7.645954314698395,0.26269286892685395,CZE_K,0,0,0,0,0,30.5512773467128,19736.6295261285,14.7,1.87652,66.7902221679688,145.14171789078912,9.890231555051948,2.05267,1,0,0,1,1,0,1,0,0,0,0,0,0
CZE,K,2019,207964,76549,57852,96.074,7.680001538919099,0.27818276240118484,CZE_K,0,0,0,0,0,35.4302064212035,20360.059922181354,15.9,1.89547,66.8802185058594,138.15460999387147,9.921330413792807,2.05267,1,0,0,1,1,0,1,0,0,0,0,0,0
CZE,K,2020,210435,76912,46964,92.199,7.732982811304237,0.22317580250433625,CZE_K,0,0,0,0,0,36.4490898642092,19233.1469549829,17,1.94537,67.1843719482422,128.7804303059648,9.864390473398958,2.05267,1,0,0,0,1,0,1,0,0,0,0,0,0
CZE,K,2021,231691,80991,48235,93.105,7.819431977800425,0.20818676599436317,CZE_K,0,0,0,0,0,37.4984794433561,20373.878304342365,17.2,1.93302,69.8369293212891,137.37811630286845,9.922008884046003,2.05267,1,0,0,0,1,0,1,0,0,0,0,0,0
CZE,K,2022,232373,84751,47614,95.672,7.795173443542363,0.2049033235358669,CZE_K,0,0,0,0,0,37.7136856539825,20627.348651010972,17.2,1.89089,70.8145904541016,144.0114941093966,9.934373078708141,2.05267,1,0,0,0,1,0,1,0,0,0,0,0,0
CZE,M_N,2010,244041,130074,57662,417.804,6.370079099910829,0.2362799693494126,CZE_M_N,0,0,0,NA,NA,21.6090542510609,16665.9317825137,10.9,1.31352,64.9327697753906,126.7564801167978,9.721121901720869,0.9246918833333334,1,0,0,0,1,0,1,0,0,0,0,0,0
CZE,M_N,2011,236894,128682,58518,404.697,6.372229423727984,0.24702187476255202,CZE_M_N,0,0,0,NA,NA,23.9064110361087,16926.284667443535,12.2,1.5323,66.7968215942383,136.7508555424377,9.736622998441662,0.9246918833333334,1,0,0,0,1,0,1,0,0,0,0,0,0
CZE,M_N,2012,250991,133171,62994,416.607,6.401029029523215,0.2509811108764856,CZE_M_N,0,0,0,0,0,25.2869067180213,16772.353922332768,12.8,1.757,66.9287719726562,145.48019539693462,9.72748721004349,0.9246918833333334,1,0,0,1,1,0,1,0,0,0,0,0,0
CZE,M_N,2013,259208,134898,56551,425.84,6.411322418316996,0.21816842072775533,CZE_M_N,0,0,0,0,0,27.1727115258321,16759.7808635642,13.9,1.86743,66.3243179321289,145.50223062496116,9.72673729898426,0.9246918833333334,1,0,0,0,1,0,1,0,0,0,0,0,0
CZE,M_N,2014,268225,139690,53773,435.864,6.42225119142064,0.20047721129648616,CZE_M_N,0,0,0,0,0,28.475360327904,17118.04255715785,14.8,1.94392,67.3959732055664,156.41512282688566,9.747888306544192,0.9246918833333334,1,0,0,0,1,0,1,0,0,0,0,0,0
CZE,M_N,2015,277294,148352,68501,447.121,6.430004342658775,0.247033834125513,CZE_M_N,0,0,0,0,0,27.9980000790543,17931.59876707676,14.8,1.906,67.2303619384766,154.01840099763254,9.794319729778334,0.9246918833333334,1,0,0,0,1,0,1,0,0,0,0,0,0
CZE,M_N,2016,299973,159211,70025,457.293,6.48612342627938,0.23343767605751184,CZE_M_N,0,0,0,0,0,29.14911847267,18359.097810390373,14.8,1.65411,67.5056381225586,148.5470046644353,9.8178805240995,0.9246918833333334,1,0,0,0,1,0,1,0,0,0,0,0,0
CZE,M_N,2017,324909,175089,75864,467.672,6.543533226601232,0.23349307036739517,CZE_M_N,0,0,0,0,0,29.8452606888193,19257.69306809109,14.5,1.74513,67.7142181396484,147.75083485476154,9.86566589978201,0.9246918833333334,1,0,0,0,1,0,1,0,0,0,0,0,0
CZE,M_N,2018,347031,191654,77340,474.739,6.5944042127800175,0.2228619345245814,CZE_M_N,0,0,0,0,0,30.5512773467128,19736.6295261285,14.7,1.87652,66.7902221679688,145.14171789078912,9.890231555051948,0.9246918833333334,1,0,0,0,1,0,1,0,0,0,0,0,0
CZE,M_N,2019,377723,204931,84827,473.363,6.682053865717181,0.22457462214374024,CZE_M_N,0,0,0,0,0,35.4302064212035,20360.059922181354,15.9,1.89547,66.8802185058594,138.15460999387147,9.921330413792807,0.9246918833333334,1,0,0,0,1,0,1,0,0,0,0,0,0
CZE,M_N,2020,364718,203488,77803,455.855,6.684704954722486,0.21332371859902718,CZE_M_N,0,0,0,0,0,36.4490898642092,19233.1469549829,17,1.94537,67.1843719482422,128.7804303059648,9.864390473398958,0.9246918833333334,1,0,0,0,1,0,1,0,0,0,0,0,0
CZE,M_N,2021,402804,217603,80312,461.68,6.77133335986112,0.19938232986762794,CZE_M_N,0,0,0,0,0,37.4984794433561,20373.878304342365,17.2,1.93302,69.8369293212891,137.37811630286845,9.922008884046003,0.9246918833333334,1,0,0,0,1,0,1,0,0,0,0,0,0
CZE,M_N,2022,452107,242707,105474,470.404,6.868082256513362,0.23329433076683176,CZE_M_N,0,0,0,0,0,37.7136856539825,20627.348651010972,17.2,1.89089,70.8145904541016,144.0114941093966,9.934373078708141,0.9246918833333334,1,0,0,0,1,0,1,0,0,0,0,0,0
DEU,C,2010,508085,326677,89885,7142,4.2646559072439665,0.17690937539978546,DEU_C,1569.061111111067,3088.186250550729,8.035662985872932,NA,NA,32.3662636839336,38526.737104269494,11.6,2.67632,60.8984489440918,73.88523512002631,10.55910774948377,-0.4842254202898551,0,0,0,0,0,0,0,1,0,8.035662985872932,3088.186250550729,13144.753968253674,76.20905530108696
DEU,C,2011,552758,344068,101814,7285,4.329102853074753,0.18419272086518876,DEU_C,1618.6952380951993,2928.397667867673,7.982552106771264,NA,NA,33.7098845809377,40722.48492682419,12.5,2.75016,60.8984489440918,78.43300290144198,10.614535674088016,-0.4842254202898551,0,0,0,0,0,0,0,1,0,7.982552106771264,3088.186250550729,14113.699999999735,76.78053552634891
DEU,C,2012,561180,356201,107446,7413,4.326806493999932,0.19146441426993122,DEU_C,1657.4753968253692,2953.5539342552643,7.991102965570968,3088.186250550729,8.035662985872932,34.5501078335304,40834.5088218456,13.6,2.82499,60.8984489440918,79.33164956703152,10.617282807358228,-0.4842254202898551,0,0,0,0,0,0,0,1,0,7.991102965570968,3088.186250550729,14882.196031745823,77.2065541221201
DEU,C,2013,566418,370165,106076,7438,4.332730326032686,0.18727512190643658,DEU_C,1694.999999999977,2992.489645456142,8.004195091350285,2928.397667867673,7.982552106771264,35.3423024244517,40884.89267590277,13.6,2.78067,60.8984489440918,77.58602885769305,10.618515901568852,-0.4842254202898551,0,0,0,0,0,0,0,1,0,8.004195091350285,3088.186250550729,13916.233333333153,76.6673216560852
DEU,C,2014,600184,384349,111328,7481,4.384869801979934,0.1854897831331725,DEU_C,1547.5095238095012,2578.39183285376,7.855308926428372,2953.5539342552643,7.991102965570968,36.3409222955935,41602.46612816679,14,2.82218,65.1844787597656,76.8483516336234,10.635914726419337,-0.4842254202898551,0,0,0,0,0,0,0,1,0,7.855308926428372,3088.186250550729,14866.921428571244,77.19830289765416
DEU,C,2015,621665,396140,116066,7512,4.415899620535103,0.18670184102370246,DEU_C,1583.209523809498,2546.72456034922,7.842955910514891,2992.489645456142,8.004195091350285,37.412701768023,41929.75491107217,14.6,2.87725,68.23291015625,77.75658156869224,10.643750994955075,-0.4842254202898551,0,0,0,0,0,0,0,1,0,7.842955910514891,3088.186250550729,14710.288095237895,77.11319822689686
DEU,C,2016,652239,406928,123714,7534,4.46098494990566,0.18967587034813926,DEU_C,1866.3527777777563,2861.4553526816953,7.959435050424418,2578.39183285376,7.855308926428372,38.4991067314054,42516.93370631032,14.2,2.88393,67.9464111328125,76.00599021660548,10.657657715704788,-0.4842254202898551,0,0,0,0,0,0,0,1,0,7.959435050424418,3088.186250550729,15561.705555555363,77.56530299431546
DEU,C,2017,669711,420567,131795,7603,4.478303369799856,0.1967938409254141,DEU_C,1954.099999999982,2917.82574871845,7.978936673532166,2546.72456034922,7.842955910514891,39.9888046312857,43543.480705055095,15.2,2.9886,68.4692306518555,77.45483947424478,10.681515274290927,-0.4842254202898551,0,0,0,0,0,0,0,1,0,7.978936673532166,3088.186250550729,15293.163333333208,77.42543337337801
DEU,C,2018,680125,440610,140928,7731,4.477038384467751,0.20720896893953317,DEU_C,2123.3095238095066,3121.9401195508276,8.04653018308415,2861.4553526816953,7.959435050424418,40.9651498488548,43905.85500619728,16,3.05057,69.1634292602539,79.12522604636536,10.689802961609656,-0.4842254202898551,0,0,0,1,0,8.04653018308415,0,1,0,8.04653018308415,3088.186250550729,14379.461904761729,76.93043009668307
DEU,C,2019,683030,455041,146047,7773,4.475882592223383,0.21382223328404315,DEU_C,2185.4952380952177,3199.7060716150354,8.071126711828464,2917.82574871845,7.978936673532166,42.1155574684512,44235.2658954682,17.1,3.11256,72.705078125,79.0732427175683,10.697277620874173,-0.4842254202898551,0,0,0,1,0,8.071126711828464,0,1,0,8.071126711828464,3088.186250550729,14290.871428571108,76.88077348398164
DEU,C,2020,639332,434195,130802,7586,4.434119438000657,0.20459166755300845,DEU_C,2026.5999999999672,3169.871052911425,8.061761609224432,3121.9401195508276,8.04653018308415,43.3048696627,42372.87267842554,18.5,3.0897,72.3894195556641,72.93353271201373,10.654263641143531,-0.4842254202898551,0,0,0,0,0,0,0,1,0,8.061761609224432,3088.186250550729,14028.699999999828,76.73199774046559
DEU,C,2021,683907,443365,140179,7470,4.516926944321477,0.20496792692573698,DEU_C,656.999999999987,960.6569314248677,6.868657766921152,3199.7060716150354,8.071126711828464,44.0643361489671,44011.019463167424,17.6,3.0786,75.6655426025391,79.91953486098512,10.692195323889663,-0.4842254202898551,0,0,0,1,0,6.868657766921152,0,1,0,6.868657766921152,3088.186250550729,10139.333333333205,74.1231744277325
DEU,C,2022,730927,461476,145778,7486,4.581278982079786,0.19944262559735787,DEU_C,349.533333333328,478.205529872789,6.172129586535969,3169.871052911425,8.061761609224432,44.6186317766404,44817.13163313894,17.6,3.07096,77.3656997680664,88.78575421305011,10.710345747831289,-0.4842254202898551,0,0,0,0,0,0,1,1,6.172129586535969,6.172129586535969,3088.186250550729,6191.483333333261,70.16010855120409
DEU,D_E,2010,73223,26080,21467,498,4.990664781222137,0.293172910151182,DEU_D_E,8365.71904761888,114249.88115235488,11.646152021219969,NA,NA,32.3662636839336,38526.737104269494,11.6,2.67632,60.8984489440918,73.88523512002631,10.55910774948377,-0.4190017,0,0,0,1,0,11.646152021219969,0,1,0,11.646152021219969,114249.88115235488,64338.69761904683,128.94540441741788
DEU,D_E,2011,63683,26046,22249,505,4.837114500686002,0.3493711037482531,DEU_D_E,9340.115873015731,146665.7643800658,11.895918383453834,NA,NA,33.7098845809377,40722.48492682419,12.5,2.75016,60.8984489440918,78.43300290144198,10.614535674088016,-0.4190017,0,0,0,1,0,11.895918383453834,0,1,0,11.895918383453834,114249.88115235488,67670.34349206266,129.5333718336849
DEU,D_E,2012,71590,28226,21939,510,4.94429995267186,0.3064534152814639,DEU_D_E,9266.819047618916,129442.92565468524,11.771003059819805,114249.88115235488,11.646152021219969,34.5501078335304,40834.5088218456,13.6,2.82499,60.8984489440918,79.33164956703152,10.617282807358228,-0.4190017,0,0,0,1,0,11.771003059819805,0,1,0,11.771003059819805,114249.88115235488,67078.70476190408,129.43110385197062
DEU,D_E,2013,62398,29050,21207,519,4.789384619395926,0.33986666239302543,DEU_D_E,8258.466666666578,132351.46425633156,11.793223826721288,146665.7643800658,11.895918383453834,35.3423024244517,40884.89267590277,13.6,2.78067,60.8984489440918,77.58602885769305,10.618515901568852,-0.4190017,0,0,0,1,0,11.793223826721288,0,1,0,11.793223826721288,114249.88115235488,62751.08571428521,128.65442523776963
DEU,D_E,2014,58583,28676,24561,522,4.7205322432055485,0.41925131864192683,DEU_D_E,7842.549999999909,133870.74748647062,11.804637512302504,129442.92565468524,11.771003059819805,36.3409222955935,41602.46612816679,14,2.82218,65.1844787597656,76.8483516336234,10.635914726419337,-0.4190017,0,0,0,1,0,11.804637512302504,0,1,0,11.804637512302504,114249.88115235488,61018.84999999958,128.32841922257214
DEU,D_E,2015,58428,29777,24672,516,4.729443740489138,0.42226329841856647,DEU_D_E,6555.790476190422,112202.89032981484,11.628072944640888,132351.46425633156,11.793223826721288,37.412701768023,41929.75491107217,14.6,2.87725,68.23291015625,77.75658156869224,10.643750994955075,-0.4190017,0,0,0,1,0,11.628072944640888,0,1,0,11.628072944640888,114249.88115235488,57418.74999999956,127.6202062334187
DEU,D_E,2016,59193,30618,23936,518,4.738583328378088,0.4043721385974693,DEU_D_E,6629.866666666601,112004.23473496194,11.62630088789003,133870.74748647062,11.804637512302504,38.4991067314054,42516.93370631032,14.2,2.88393,67.9464111328125,76.00599021660548,10.657657715704788,-0.4190017,0,0,0,1,0,11.62630088789003,0,1,0,11.62630088789003,114249.88115235488,59665.23333333292,128.06716148444207
DEU,D_E,2017,64392,31447,25234,528,4.803648397067308,0.3918809790036029,DEU_D_E,7223.388888888848,112178.35894037843,11.627854288483498,112202.89032981484,11.628072944640888,39.9888046312857,43543.480705055095,15.2,2.9886,68.4692306518555,77.45483947424478,10.681515274290927,-0.4190017,0,0,0,1,0,11.627854288483498,0,1,0,11.627854288483498,114249.88115235488,56465.3388888885,127.42520734896695
DEU,D_E,2018,66150,33971,27770,544,4.800730922687159,0.4198034769463341,DEU_D_E,7947.569047619002,120144.65680452007,11.696460092400729,112004.23473496194,11.62630088789003,40.9651498488548,43905.85500619728,16,3.05057,69.1634292602539,79.12522604636536,10.689802961609656,-0.4190017,0,0,0,1,0,11.696460092400729,0,1,0,11.696460092400729,114249.88115235488,51697.93714285677,126.3979297952537
DEU,D_E,2019,72411,35771,31384,555,4.871145386788275,0.4334148126665838,DEU_D_E,7815.0202380952,107925.87090490671,11.589209155505362,112178.35894037843,11.627854288483498,42.1155574684512,44235.2658954682,17.1,3.11256,72.705078125,79.0732427175683,10.697277620874173,-0.4190017,0,0,0,1,0,11.589209155505362,0,1,0,11.589209155505362,114249.88115235488,50563.54404761856,126.13954124413597
DEU,D_E,2020,72342,37057,33906,561,4.859439246822669,0.4686903873268641,DEU_D_E,8367.820238095177,115670.29164379167,11.658507754854504,120144.65680452007,11.696460092400729,43.3048696627,42372.87267842554,18.5,3.0897,72.3894195556641,72.93353271201373,10.654263641143531,-0.4190017,0,0,0,1,0,11.658507754854504,0,1,0,11.658507754854504,114249.88115235488,54271.72738095189,126.9637536592674
DEU,D_E,2021,75542,38243,35686,566,4.8938499937519655,0.4723994599031003,DEU_D_E,4251.816666666614,56284.14215491533,10.938185874412708,107925.87090490671,11.589209155505362,44.0643361489671,44011.019463167424,17.6,3.0786,75.6655426025391,79.91953486098512,10.692195323889663,-0.4190017,0,0,0,1,0,10.938185874412708,0,1,0,10.938185874412708,114249.88115235488,53948.316666666295,126.89414673972854
DEU,D_E,2022,108714,40145,39959,576,5.240368198968271,0.36756075574443037,DEU_D_E,2971.7166666665885,27335.179155091235,10.215966347588813,115670.29164379167,11.658507754854504,44.6186317766404,44817.13163313894,17.6,3.07096,77.3656997680664,88.78575421305011,10.710345747831289,-0.4190017,0,0,0,1,0,10.215966347588813,1,1,10.215966347588813,10.215966347588813,114249.88115235488,45477.949999999546,124.90503703401716
DEU,G,2010,232104,150657,18732,5815,3.686744761112144,0.08070520111674077,DEU_G,0,0,0,NA,NA,32.3662636839336,38526.737104269494,11.6,2.67632,60.8984489440918,73.88523512002631,10.55910774948377,0.06857736764705884,1,0,0,0,0,0,0,1,0,0,0,0,0
DEU,G,2011,243860,155785,22246,5873,3.7262287135917362,0.09122447305831215,DEU_G,0,0,0,NA,NA,33.7098845809377,40722.48492682419,12.5,2.75016,60.8984489440918,78.43300290144198,10.614535674088016,0.06857736764705884,1,0,0,0,0,0,0,1,0,0,0,0,0
DEU,G,2012,238028,161584,22875,5893,3.6986231079546497,0.09610213924412254,DEU_G,0,0,0,0,0,34.5501078335304,40834.5088218456,13.6,2.82499,60.8984489440918,79.33164956703152,10.617282807358228,0.06857736764705884,1,0,0,0,0,0,0,1,0,0,0,0,0
DEU,G,2013,241342,165354,21571,5875,3.715508954644788,0.08937938692809375,DEU_G,0,0,0,0,0,35.3423024244517,40884.89267590277,13.6,2.78067,60.8984489440918,77.58602885769305,10.618515901568852,0.06857736764705884,1,0,0,0,0,0,0,1,0,0,0,0,0
DEU,G,2014,260995,171018,22445,5876,3.7936249917394407,0.0859978160501159,DEU_G,0,0,0,0,0,36.3409222955935,41602.46612816679,14,2.82218,65.1844787597656,76.8483516336234,10.635914726419337,0.06857736764705884,1,0,0,0,0,0,0,1,0,0,0,0,0
DEU,G,2015,272490,175853,24773,5860,3.8394523125933104,0.090913428015707,DEU_G,0,0,0,0,0,37.412701768023,41929.75491107217,14.6,2.87725,68.23291015625,77.75658156869224,10.643750994955075,0.06857736764705884,1,0,0,0,0,0,0,1,0,0,0,0,0
DEU,G,2016,286189,183237,26362,5901,3.881530603647612,0.09211395266764272,DEU_G,0,0,0,0,0,38.4991067314054,42516.93370631032,14.2,2.88393,67.9464111328125,76.00599021660548,10.657657715704788,0.06857736764705884,1,0,0,0,0,0,0,1,0,0,0,0,0
DEU,G,2017,308611,190450,27196,5927,3.952563401335796,0.08812388411300959,DEU_G,0,0,0,0,0,39.9888046312857,43543.480705055095,15.2,2.9886,68.4692306518555,77.45483947424478,10.681515274290927,0.06857736764705884,1,0,0,0,0,0,0,1,0,0,0,0,0
DEU,G,2018,315424,198998,27575,5976,3.966166317652512,0.08742200973927158,DEU_G,0,0,0,0,0,40.9651498488548,43905.85500619728,16,3.05057,69.1634292602539,79.12522604636536,10.689802961609656,0.06857736764705884,1,0,0,0,0,0,0,1,0,0,0,0,0
DEU,G,2019,325558,207448,30140,5985,3.9962842941691914,0.09257950964190713,DEU_G,0,0,0,0,0,42.1155574684512,44235.2658954682,17.1,3.11256,72.705078125,79.0732427175683,10.697277620874173,0.06857736764705884,1,0,0,0,0,0,0,1,0,0,0,0,0
DEU,G,2020,339890,203429,27326,5921,4.050116682301872,0.080396598899644,DEU_G,0,0,0,0,0,43.3048696627,42372.87267842554,18.5,3.0897,72.3894195556641,72.93353271201373,10.654263641143531,0.06857736764705884,1,0,0,0,0,0,0,1,0,0,0,0,0
DEU,G,2021,354424,208451,27303,5898,4.095880626135233,0.07703485091303072,DEU_G,0,0,0,0,0,44.0643361489671,44011.019463167424,17.6,3.0786,75.6655426025391,79.91953486098512,10.692195323889663,0.06857736764705884,1,0,0,0,0,0,0,1,0,0,0,0,0
DEU,G,2022,403042,219750,34306,5908,4.222733410209476,0.08511768004327093,DEU_G,0,0,0,0,0,44.6186317766404,44817.13163313894,17.6,3.07096,77.3656997680664,88.78575421305011,10.710345747831289,0.06857736764705884,1,0,0,0,0,0,1,1,0,0,0,0,0
DEU,H,2010,108858,63546,37586,1989,4.002412280744246,0.3452754965184001,DEU_H,5348.633333333305,49134.040064426175,10.802327706191049,NA,NA,32.3662636839336,38526.737104269494,11.6,2.67632,60.8984489440918,73.88523512002631,10.55910774948377,-0.3927636321428572,0,0,0,1,1,10.802327706191049,0,1,0,10.802327706191049,49134.040064426175,22805.696666666536,108.3993005290535
DEU,H,2011,110920,65912,34529,2031,4.00028093814933,0.31129642985935807,DEU_H,5862.166666666632,52850.40269263102,10.875239531960956,NA,NA,33.7098845809377,40722.48492682419,12.5,2.75016,60.8984489440918,78.43300290144198,10.614535674088016,-0.3927636321428572,0,0,0,1,0,10.875239531960956,0,1,0,10.875239531960956,49134.040064426175,27439.933333333192,110.39753249556428
DEU,H,2012,112984,68900,31381,2064,4.002600368147446,0.2777472916519153,DEU_H,5798.611111111076,51322.40946604011,10.845902251948404,49134.040064426175,10.802327706191049,34.5501078335304,40834.5088218456,13.6,2.82499,60.8984489440918,79.33164956703152,10.617282807358228,-0.3927636321428572,0,0,0,1,0,10.845902251948404,0,1,0,10.845902251948404,49134.040064426175,26159.92777777761,109.88151800011357
DEU,H,2013,119815,70663,31644,2096,4.0459181200657355,0.2641071652130368,DEU_H,5512.166666666651,46005.64759559864,10.736541177978038,52850.40269263102,10.875239531960956,35.3423024244517,40884.89267590277,13.6,2.78067,60.8984489440918,77.58602885769305,10.618515901568852,-0.3927636321428572,0,0,0,1,0,10.736541177978038,0,1,0,10.736541177978038,49134.040064426175,25272.63333333322,109.50878044296178
DEU,H,2014,120724,73633,34326,2126,4.039264668517077,0.2843345150922766,DEU_H,5860.16666666663,48541.85304220064,10.79020225468968,51322.40946604011,10.845902251948404,36.3409222955935,41602.46612816679,14,2.82218,65.1844787597656,76.8483516336234,10.635914726419337,-0.3927636321428572,0,0,0,1,0,10.79020225468968,0,1,0,10.79020225468968,49134.040064426175,25209.916666666526,109.48194108975396
DEU,H,2015,127758,77123,35659,2173,4.074029148158024,0.27911363671942263,DEU_H,5700.616666666623,44620.42820540885,10.705969475663624,46005.64759559864,10.736541177978038,37.412701768023,41929.75491107217,14.6,2.87725,68.23291015625,77.75658156869224,10.643750994955075,-0.3927636321428572,0,0,0,1,0,10.705969475663624,0,1,0,10.705969475663624,49134.040064426175,24407.713333333188,109.13262698143673
DEU,H,2016,126961,81945,38293,2216,4.048176183798631,0.301612306141256,DEU_H,6383.816666666634,50281.713807126864,10.825416635136406,48541.85304220064,10.79020225468968,38.4991067314054,42516.93370631032,14.2,2.88393,67.9464111328125,76.00599021660548,10.657657715704788,-0.3927636321428572,0,0,0,1,0,10.825416635136406,0,1,0,10.825416635136406,49134.040064426175,26184.44666666656,109.89163755834281
DEU,H,2017,132992,84277,39471,2268,4.071390590171202,0.29679228825794035,DEU_H,7519.999999999979,56544.7545717034,10.942805404839316,44620.42820540885,10.705969475663624,39.9888046312857,43543.480705055095,15.2,2.9886,68.4692306518555,77.45483947424478,10.681515274290927,-0.3927636321428572,0,0,0,1,0,10.942805404839316,0,1,0,10.942805404839316,49134.040064426175,25170.93333333322,109.46522465446765
DEU,H,2018,139042,89632,43061,2336,4.086335980797475,0.30969778915723306,DEU_H,8338.966666666638,59974.44417274376,11.001690493645352,50281.713807126864,10.825416635136406,40.9651498488548,43905.85500619728,16,3.05057,69.1634292602539,79.12522604636536,10.689802961609656,-0.3927636321428572,0,0,0,1,0,11.001690493645352,0,1,0,11.001690493645352,49134.040064426175,23904.129999999834,108.90742986061618
DEU,H,2019,143559,94127,45797,2372,4.103012619391052,0.3190116955398129,DEU_H,8654.416666666642,60284.737750100256,11.006850833182432,56544.7545717034,10.942805404839316,42.1155574684512,44235.2658954682,17.1,3.11256,72.705078125,79.0732427175683,10.697277620874173,-0.3927636321428572,0,0,0,1,0,11.006850833182432,0,1,0,11.006850833182432,49134.040064426175,22793.633333333088,108.39358525351497
DEU,H,2020,129232,93463,45459,2374,3.997032942512464,0.3517627213074161,DEU_H,6822.833333333315,52795.23131525717,10.874195090541944,59974.44417274376,11.001690493645352,43.3048696627,42372.87267842554,18.5,3.0897,72.3894195556641,72.93353271201373,10.654263641143531,-0.3927636321428572,0,0,0,1,1,10.874195090541944,0,1,0,10.874195090541944,49134.040064426175,20631.333333333198,107.31696366263732
DEU,H,2021,155157,95245,49474,2377,4.178598319126665,0.3188641182801936,DEU_H,2077.2499999999823,13388.052102064246,9.502192644697997,60284.737750100256,11.006850833182432,44.0643361489671,44011.019463167424,17.6,3.0786,75.6655426025391,79.91953486098512,10.692195323889663,-0.3927636321428572,0,0,0,1,0,9.502192644697997,0,1,0,9.502192644697997,49134.040064426175,15173.199999999895,103.99781012612719
DEU,H,2022,178335,98906,53496,2386,4.314045480302894,0.29997476659096645,DEU_H,1023.5999999999879,5739.759441500479,8.655346787443445,52795.23131525717,10.874195090541944,44.6186317766404,44817.13163313894,17.6,3.07096,77.3656997680664,88.78575421305011,10.710345747831289,-0.3927636321428572,0,0,0,1,0,8.655346787443445,1,1,8.655346787443445,8.655346787443445,49134.040064426175,10067.783333333266,99.56716262315597
DEU,J,2010,101827,55654,19135,1158,4.476580915732641,0.18791676078053954,DEU_J,163.316666666662,1603.8640701057873,7.380794340454713,NA,NA,32.3662636839336,38526.737104269494,11.6,2.67632,60.8984489440918,73.88523512002631,10.55910774948377,1.2675550444444446,1,1603.8640701057873,7.380794340454713,0,0,0,0,1,0,7.380794340454713,1603.8640701057873,3483.583333333221,60.1985244426499
DEU,J,2011,111020,57669,23164,1173,4.5501457955906766,0.20864709061430373,DEU_J,128.166666666658,1154.4466462498467,7.052242254913949,NA,NA,33.7098845809377,40722.48492682419,12.5,2.75016,60.8984489440918,78.43300290144198,10.614535674088016,1.2675550444444446,1,1154.4466462498467,7.052242254913949,1,0,7.052242254913949,0,1,0,7.052242254913949,1603.8640701057873,4004.8476190474703,61.2274567821968
DEU,J,2012,115349,61986,20586,1191,4.573169024941574,0.17846708684080487,DEU_J,148.794444444433,1289.9500164234887,7.163133673151722,1603.8640701057873,7.380794340454713,34.5501078335304,40834.5088218456,13.6,2.82499,60.8984489440918,79.33164956703152,10.617282807358228,1.2675550444444446,1,1289.9500164234887,7.163133673151722,0,0,0,0,1,0,7.163133673151722,1603.8640701057873,4989.89920634896,62.85020484544979
DEU,J,2013,120807,63191,22520,1217,4.597805416836328,0.18641303897952932,DEU_J,123.977182539667,1026.2417123152384,6.934632539894749,1154.4466462498467,7.052242254913949,35.3423024244517,40884.89267590277,13.6,2.78067,60.8984489440918,77.58602885769305,10.618515901568852,1.2675550444444446,1,1026.2417123152384,6.934632539894749,0,0,0,0,1,0,6.934632539894749,1603.8640701057873,4814.765476190307,62.58655486207598
DEU,J,2014,125427,67223,22824,1234,4.621462990544321,0.18197038915066135,DEU_J,91.39285714285,728.6537758445152,6.592570141971215,1289.9500164234887,7.163133673151722,36.3409222955935,41602.46612816679,14,2.82218,65.1844787597656,76.8483516336234,10.635914726419337,1.2675550444444446,1,728.6537758445152,6.592570141971215,0,0,0,0,1,0,6.592570141971215,1603.8640701057873,4768.395238095132,62.51514200399778
DEU,J,2015,128329,70159,26130,1222,4.6541084180664125,0.2036172649985584,DEU_J,122.08333333332901,951.3308241576651,6.858912478793003,1026.2417123152384,6.934632539894749,37.412701768023,41929.75491107217,14.6,2.87725,68.23291015625,77.75658156869224,10.643750994955075,1.2675550444444446,1,951.3308241576651,6.858912478793003,0,0,0,0,1,0,6.858912478793003,1603.8640701057873,4537.697619047536,62.149206578599504
DEU,J,2016,129800,73631,27498,1252,4.641252531592083,0.21184899845916796,DEU_J,128.382539682533,989.0796585711327,6.89778540309481,728.6537758445152,6.592570141971215,38.4991067314054,42516.93370631032,14.2,2.88393,67.9464111328125,76.00599021660548,10.657657715704788,1.2675550444444446,1,989.0796585711327,6.89778540309481,1,0,6.89778540309481,0,1,0,6.89778540309481,1603.8640701057873,4460.213888888787,62.02211519398156
DEU,J,2017,137066,77367,26810,1287,4.668148633033798,0.1955992003852159,DEU_J,143.17182539681,1044.5466081800737,6.952295097674249,951.3308241576651,6.858912478793003,39.9888046312857,43543.480705055095,15.2,2.9886,68.4692306518555,77.45483947424478,10.681515274290927,1.2675550444444446,1,1044.5466081800737,6.952295097674249,0,0,0,0,1,0,6.952295097674249,1603.8640701057873,4399.34007936496,61.92070992399733
DEU,J,2018,148381,82630,28732,1330,4.7146043479577635,0.19363665159285892,DEU_J,127.88611111110401,861.8765954610362,6.760271686027911,989.0796585711327,6.89778540309481,40.9651498488548,43905.85500619728,16,3.05057,69.1634292602539,79.12522604636536,10.689802961609656,1.2675550444444446,1,861.8765954610362,6.760271686027911,0,0,0,0,1,0,6.760271686027911,1603.8640701057873,4213.832936507855,61.60280528383139
DEU,J,2019,155567,89619,35590,1380,4.724993007820344,0.2287760257638188,DEU_J,138.64999999998702,891.2558576046785,6.793752927330147,1044.5466081800737,6.952295097674249,42.1155574684512,44235.2658954682,17.1,3.11256,72.705078125,79.0732427175683,10.697277620874173,1.2675550444444446,1,891.2558576046785,6.793752927330147,1,0,6.793752927330147,0,1,0,6.793752927330147,1603.8640701057873,4268.635714285584,61.698154485786624
DEU,J,2020,155462,90862,31520,1404,4.707076023161371,0.2027505113789865,DEU_J,132.7333333333181,853.7992135268945,6.750866603377764,861.8765954610362,6.760271686027911,43.3048696627,42372.87267842554,18.5,3.0897,72.3894195556641,72.93353271201373,10.654263641143531,1.2675550444444446,1,853.7992135268945,6.750866603377764,0,0,0,0,1,0,6.750866603377764,1603.8640701057873,4363.8999999998605,61.86102476757179
DEU,J,2021,167800,100173,35383,1443,4.756048514241372,0.21086412395709178,DEU_J,111.4499999999821,664.1835518473307,6.50006302038548,891.2558576046785,6.793752927330147,44.0643361489671,44011.019463167424,17.6,3.0786,75.6655426025391,79.91953486098512,10.692195323889663,1.2675550444444446,1,664.1835518473307,6.50006302038548,1,0,6.50006302038548,0,1,0,6.50006302038548,1603.8640701057873,4067.983333333212,61.3428774570735
DEU,J,2022,168244,109601,40654,1523,4.704733232757511,0.24163714604978484,DEU_J,37.81666666666,224.7727506874539,5.419528965458308,853.7992135268945,6.750866603377764,44.6186317766404,44817.13163313894,17.6,3.07096,77.3656997680664,88.78575421305011,10.710345747831289,1.2675550444444446,1,224.7727506874539,5.419528965458308,1,0,5.419528965458308,1,1,5.419528965458308,5.419528965458308,1603.8640701057873,2139.216666666593,56.60081966433329
DEU,K,2010,115367,65442,9040,1216,4.5525515677633805,0.0783586294174244,DEU_K,0,0,0,NA,NA,32.3662636839336,38526.737104269494,11.6,2.67632,60.8984489440918,73.88523512002631,10.55910774948377,2.05267,1,0,0,0,0,0,0,1,0,0,0,0,0
DEU,K,2011,118868,67831,9943,1203,4.593195196755394,0.08364740720799542,DEU_K,0,0,0,NA,NA,33.7098845809377,40722.48492682419,12.5,2.75016,60.8984489440918,78.43300290144198,10.614535674088016,2.05267,1,0,0,0,0,0,0,1,0,0,0,0,0
DEU,K,2012,121913,69679,10270,1201,4.62015313249404,0.08424040094165511,DEU_K,0,0,0,0,0,34.5501078335304,40834.5088218456,13.6,2.82499,60.8984489440918,79.33164956703152,10.617282807358228,2.05267,1,0,0,0,0,0,0,1,0,0,0,0,0
DEU,K,2013,119300,71710,10589,1196,4.602658673575431,0.08875943000838223,DEU_K,0,0,0,0,0,35.3423024244517,40884.89267590277,13.6,2.78067,60.8984489440918,77.58602885769305,10.618515901568852,2.05267,1,0,0,0,0,0,0,1,0,0,0,0,0
DEU,K,2014,120155,74109,11136,1187,4.617353460337438,0.09268028796138321,DEU_K,0,0,0,0,0,36.3409222955935,41602.46612816679,14,2.82218,65.1844787597656,76.8483516336234,10.635914726419337,2.05267,1,0,0,0,0,0,0,1,0,0,0,0,0
DEU,K,2015,124832,75058,12303,1182,4.65976091434034,0.09855645988208152,DEU_K,0,0,0,0,0,37.412701768023,41929.75491107217,14.6,2.87725,68.23291015625,77.75658156869224,10.643750994955075,2.05267,1,0,0,0,0,0,0,1,0,0,0,0,0
DEU,K,2016,122325,76749,10894,1161,4.657399734459433,0.08905783772736563,DEU_K,0,0,0,0,0,38.4991067314054,42516.93370631032,14.2,2.88393,67.9464111328125,76.00599021660548,10.657657715704788,2.05267,1,0,0,0,0,0,0,1,0,0,0,0,0
DEU,K,2017,121140,74571,11984,1130,4.6747292688285516,0.09892686148258213,DEU_K,0,0,0,0,0,39.9888046312857,43543.480705055095,15.2,2.9886,68.4692306518555,77.45483947424478,10.681515274290927,2.05267,1,0,0,0,0,0,0,1,0,0,0,0,0
DEU,K,2018,120446,75637,13342,1104,4.69226157185422,0.11077163210069242,DEU_K,0,0,0,0,0,40.9651498488548,43905.85500619728,16,3.05057,69.1634292602539,79.12522604636536,10.689802961609656,2.05267,1,0,0,0,1,0,0,1,0,0,0,0,0
DEU,K,2019,125949,76914,15548,1093,4.746950853914104,0.12344679195547405,DEU_K,0,0,0,0,0,42.1155574684512,44235.2658954682,17.1,3.11256,72.705078125,79.0732427175683,10.697277620874173,2.05267,1,0,0,0,1,0,0,1,0,0,0,0,0
DEU,K,2020,128334,78179,15324,1088,4.7702950919776255,0.11940717191079527,DEU_K,0,0,0,0,0,43.3048696627,42372.87267842554,18.5,3.0897,72.3894195556641,72.93353271201373,10.654263641143531,2.05267,1,0,0,0,1,0,0,1,0,0,0,0,0
DEU,K,2021,138836,79129,16786,1085,4.851713393444973,0.12090524071566452,DEU_K,0,0,0,0,0,44.0643361489671,44011.019463167424,17.6,3.0786,75.6655426025391,79.91953486098512,10.692195323889663,2.05267,1,0,0,0,1,0,0,1,0,0,0,0,0
DEU,K,2022,135040,81616,17102,1074,4.834181034760974,0.12664395734597156,DEU_K,0,0,0,0,0,44.6186317766404,44817.13163313894,17.6,3.07096,77.3656997680664,88.78575421305011,10.710345747831289,2.05267,1,0,0,0,1,0,1,1,0,0,0,0,0
DEU,M_N,2010,255033,135186,68283,5221,3.8887039941217365,0.2677418216466104,DEU_M_N,0,0,0,NA,NA,32.3662636839336,38526.737104269494,11.6,2.67632,60.8984489440918,73.88523512002631,10.55910774948377,0.9246918833333334,1,0,0,1,1,0,0,1,0,0,0,0,0
DEU,M_N,2011,259644,147075,70886,5397,3.8734682183567872,0.27301227835035663,DEU_M_N,0,0,0,NA,NA,33.7098845809377,40722.48492682419,12.5,2.75016,60.8984489440918,78.43300290144198,10.614535674088016,0.9246918833333334,1,0,0,1,1,0,0,1,0,0,0,0,0
DEU,M_N,2012,268385,157903,71204,5511,3.885676421898492,0.2653054380833504,DEU_M_N,0,0,0,0,0,34.5501078335304,40834.5088218456,13.6,2.82499,60.8984489440918,79.33164956703152,10.617282807358228,0.9246918833333334,1,0,0,1,1,0,0,1,0,0,0,0,0
DEU,M_N,2013,286317,161817,70717,5588,3.936478147221071,0.2469884778060681,DEU_M_N,0,0,0,0,0,35.3423024244517,40884.89267590277,13.6,2.78067,60.8984489440918,77.58602885769305,10.618515901568852,0.9246918833333334,1,0,0,1,1,0,0,1,0,0,0,0,0
DEU,M_N,2014,300200,172495,78111,5696,3.964684745089687,0.26019653564290474,DEU_M_N,0,0,0,0,0,36.3409222955935,41602.46612816679,14,2.82218,65.1844787597656,76.8483516336234,10.635914726419337,0.9246918833333334,1,0,0,1,1,0,0,1,0,0,0,0,0
DEU,M_N,2015,313807,186459,82847,5826,3.986447488714927,0.2640062203838665,DEU_M_N,0,0,0,0,0,37.412701768023,41929.75491107217,14.6,2.87725,68.23291015625,77.75658156869224,10.643750994955075,0.9246918833333334,1,0,0,1,1,0,0,1,0,0,0,0,0
DEU,M_N,2016,330260,194193,85146,5974,4.012463503240924,0.2578150548053049,DEU_M_N,0,0,0,0,0,38.4991067314054,42516.93370631032,14.2,2.88393,67.9464111328125,76.00599021660548,10.657657715704788,0.9246918833333334,1,0,0,1,1,0,0,1,0,0,0,0,0
DEU,M_N,2017,350540,214286,87980,6140,4.044650080485979,0.2509841958121755,DEU_M_N,0,0,0,0,0,39.9888046312857,43543.480705055095,15.2,2.9886,68.4692306518555,77.45483947424478,10.681515274290927,0.9246918833333334,1,0,0,1,1,0,0,1,0,0,0,0,0
DEU,M_N,2018,369643,227474,90442,6215,4.085571950028992,0.24467391510186856,DEU_M_N,0,0,0,0,0,40.9651498488548,43905.85500619728,16,3.05057,69.1634292602539,79.12522604636536,10.689802961609656,0.9246918833333334,1,0,0,1,1,0,0,1,0,0,0,0,0
DEU,M_N,2019,368028,236727,86966,6200,4.0836097301799414,0.23630267262273522,DEU_M_N,0,0,0,0,0,42.1155574684512,44235.2658954682,17.1,3.11256,72.705078125,79.0732427175683,10.697277620874173,0.9246918833333334,1,0,0,1,1,0,0,1,0,0,0,0,0
DEU,M_N,2020,359083,235499,76391,6052,4.083164763611671,0.21273911602609982,DEU_M_N,0,0,0,0,0,43.3048696627,42372.87267842554,18.5,3.0897,72.3894195556641,72.93353271201373,10.654263641143531,0.9246918833333334,1,0,0,1,1,0,0,1,0,0,0,0,0
DEU,M_N,2021,397006,249385,79335,6097,4.176154546997432,0.19983325189039963,DEU_M_N,0,0,0,0,0,44.0643361489671,44011.019463167424,17.6,3.0786,75.6655426025391,79.91953486098512,10.692195323889663,0.9246918833333334,1,0,0,0,1,0,0,1,0,0,0,0,0
DEU,M_N,2022,429659,275865,88474,6212,4.236508965536072,0.20591678517149647,DEU_M_N,0,0,0,0,0,44.6186317766404,44817.13163313894,17.6,3.07096,77.3656997680664,88.78575421305011,10.710345747831289,0.9246918833333334,1,0,0,1,1,0,1,1,0,0,0,0,0
DNK,C,2010,197184.555,120844.459,43113.639,289.022,6.525392586799791,0.2186461257069551,DNK_C,157.299999999998,797.7298221962567,6.683022743646536,NA,NA,38.076030356193,51209.449275777486,21.2,2.91389,72.4951477050781,94.38772823190564,10.843679350166735,-0.4842254202898551,0,0,0,0,0,0,1,1,6.683022743646536,6.683022743646536,797.7298221962567,14556.515079364743,64.06253803764609
DNK,C,2011,202799.455,124074.489,51511.828,288.854,6.5540514931694345,0.25400377925078743,DNK_C,166.16666666666,819.3644636109107,6.70974870932992,NA,NA,38.4725380278661,51667.53132104252,23.8,2.94198,75.9300231933594,102.01293047430826,10.852584842339226,-0.4842254202898551,0,0,0,1,1,6.70974870932992,1,1,6.70974870932992,6.70974870932992,797.7298221962567,15566.228571428273,64.51070562912776
DNK,C,2012,212171.156,123973.488,57179.036,283.335,6.618518624401567,0.26949486008362045,DNK_C,131.599999999997,620.2539613819939,6.431739953860519,797.7298221962567,6.683022743646536,38.9767051263458,51470.68984542696,26.9,2.9845,77.7465515136719,104.36228050517144,10.84876779542131,-0.4842254202898551,0,0,0,1,1,6.431739953860519,1,1,6.431739953860519,6.431739953860519,797.7298221962567,16408.071428571195,64.86267601576331
DNK,C,2013,228392.683,123708.036,54627.317,278.239,6.710341263768942,0.23918155469104938,DNK_C,126.71666666666202,554.8192919414237,6.320443226928083,819.3644636109107,6.70974870932992,40.467787039522,51970.39093248062,27,2.96145,80.4186782836914,103.61281324918944,10.858429430246288,-0.4842254202898551,0,0,0,0,1,0,1,1,6.320443226928083,6.320443226928083,797.7298221962567,15484.516666666468,64.47553426027352
DNK,C,2014,234252.833,125670.088,58414.27,276.77,6.740969457577369,0.24936419872454646,DNK_C,155.083333333332,662.0339713600475,6.496826227726964,620.2539613819939,6.431739953860519,41.4926377539648,52368.36259692723,30.2,2.91543,81.3143615722656,103.21085922513886,10.866057920734086,-0.4842254202898551,0,0,0,1,1,6.496826227726964,1,1,6.496826227726964,6.496826227726964,797.7298221962567,16259.347619047414,64.8018281955857
DNK,C,2015,253461.754,129836.488,59889.739,280.063,6.807953640975663,0.23628708495404796,DNK_C,131,516.8432630668216,6.249672615520549,554.8192919414237,6.320443226928083,42.3133095847231,53094.01336075736,32.5,3.06422,83.300407409668,105.13036245389917,10.879819458138824,-0.4842254202898551,0,0,0,0,1,0,1,1,6.249672615520549,6.249672615520549,797.7298221962567,16162.497619047394,64.76190370958234
DNK,C,2016,271940.277,135285.177,73080.004,284.564,6.86237956698537,0.2687354915064678,DNK_C,133.833333333331,492.1423733540251,6.20079792211571,662.0339713600475,6.496826227726964,42.9699132415221,54300.20396219914,32,3.10209,82.1714935302734,101.45278380864332,10.902283262124902,-0.4842254202898551,0,0,0,1,1,6.20079792211571,1,1,6.20079792211571,6.20079792211571,797.7298221962567,17294.224999999788,65.21417717584369
DNK,C,2017,284965.175,140109.132,69938.126,290.038,6.89011030992315,0.245426922781003,DNK_C,121.49999999999201,426.3678886375924,6.05764520818977,516.8432630668216,6.249672615520549,43.5697797531659,55601.01457177868,35,2.93576,81.3220062255859,104.2156769204417,10.925956727766048,-0.4842254202898551,0,0,0,1,1,6.05764520818977,1,1,6.05764520818977,6.05764520818977,797.7298221962567,17125.763333333198,65.14876305000028
DNK,C,2018,291757.579,142317.233,70820.971,290.194,6.913128862691968,0.24273909607674665,DNK_C,150.999999999998,517.5529647509105,6.251042172406171,492.1423733540251,6.20079792211571,43.7690892923223,56355.07330847141,34.6,2.97895,81.1405487060547,108.81398550190868,10.939427547508824,-0.4842254202898551,0,0,0,1,1,6.251042172406171,1,1,6.251042172406171,6.251042172406171,797.7298221962567,16351.771428571237,64.83970694454946
DNK,C,2019,308743.245,145656.574,71064.227,291.051,6.966766778594866,0.23017257268252136,DNK_C,181.583333333331,588.1370241260857,6.378658795179613,426.3678886375924,6.05764520818977,43.6229516711158,57114.62273363469,37.2,2.90605,81.6945877075195,111.89147506565256,10.952815452764716,-0.4842254202898551,0,0,0,0,1,0,1,1,6.378658795179613,6.378658795179613,797.7298221962567,16294.783333332996,64.81637647089369
DNK,C,2020,298667.18,146598,79589.598,285.26,6.953684076942205,0.26648257100093825,DNK_C,223.74999999999102,749.1616588069403,6.620288728379774,517.5529647509105,6.251042172406171,44.4185659681079,55934.55559455232,39.5,2.96533,82.6643295288086,104.4334326711514,10.93193763621599,-0.4842254202898551,0,0,0,1,1,6.620288728379774,1,1,6.620288728379774,6.620288728379774,797.7298221962567,15831.549999999805,64.62364854938373
DNK,C,2021,320546.021,154319.037,87371.037,291.517,7.002682813168764,0.2725694011968409,DNK_C,113.11666666666102,352.88744597039005,5.868978913341013,588.1370241260857,6.378658795179613,44.9598379722906,59312.81580437706,39.5,2.74323,83.982292175293,112.32147269729072,10.990580679753318,-0.4842254202898551,0,0,0,1,1,5.868978913341013,1,1,5.868978913341013,5.868978913341013,797.7298221962567,10683.21666666653,61.99521321236483
DNK,C,2022,363085.282,166260.073,109347.743,304.425,7.083968270899745,0.3011626976386225,DNK_C,68.583333333332,188.89042528948337,5.246447196797166,749.1616588069403,6.620288728379774,44.8863644064006,59108.74493740683,39.5,2.86709,84.5866088867188,131.9958249090708,10.987134160931975,-0.4842254202898551,0,0,0,1,1,5.246447196797166,1,1,5.246447196797166,5.246447196797166,797.7298221962567,6472.433333333257,58.64661147071838
DNK,D_E,2010,38023.236,10040.69,18011.234,22.095,7.450601386936172,0.4736901930177642,DNK_D_E,1014.466666666644,26680.177001942815,10.191713614571597,NA,NA,38.076030356193,51209.449275777486,21.2,2.91389,72.4951477050781,94.38772823190564,10.843679350166735,-0.4190017,0,0,0,1,0,10.191713614571597,1,1,10.191713614571597,10.191713614571597,26680.177001942815,71689.94999999907,113.9445791604538
DNK,D_E,2011,36802.074,9966.412,16309.884,21.504,7.445070516923844,0.4431783926090687,DNK_D_E,1060.999999999976,28829.89692374337,10.26920290092699,NA,NA,38.4725380278661,51667.53132104252,23.8,2.94198,75.9300231933594,102.01293047430826,10.852584842339226,-0.4190017,0,0,0,1,0,10.26920290092699,1,1,10.26920290092699,10.26920290092699,26680.177001942815,75949.45936507842,114.53281182878676
DNK,D_E,2012,35379.591,10323.781,20960.435,21.79,7.392439258486923,0.5924442427839259,DNK_D_E,758.533333333315,21439.85591391701,9.973053535745972,26680.177001942815,10.191713614571597,38.9767051263458,51470.68984542696,26.9,2.9845,77.7465515136719,104.36228050517144,10.84876779542131,-0.4190017,0,0,0,1,1,9.973053535745972,1,1,9.973053535745972,9.973053535745972,26680.177001942815,75586.99047618969,114.48405606866349
DNK,D_E,2013,33546.387,9867.156,29178.507,20.54,7.398310242085527,0.8697958143748833,DNK_D_E,663.099999999985,19766.659223241684,9.891802508711766,28829.89692374337,10.26920290092699,40.467787039522,51970.39093248062,27,2.96145,80.4186782836914,103.61281324918944,10.858429430246288,-0.4190017,0,0,0,1,1,9.891802508711766,1,1,9.891802508711766,9.891802508711766,26680.177001942815,70346.4523809518,113.75177283328358
DNK,D_E,2014,35553.067,10527.652,29344.802,21.731,7.400041891827632,0.8253803251348188,DNK_D_E,628.299999999982,17672.174386529914,9.779803197539401,21439.85591391701,9.973053535745972,41.4926377539648,52368.36259692723,30.2,2.91543,81.3143615722656,103.21085922513886,10.866057920734086,-0.4190017,0,0,0,1,1,9.779803197539401,1,1,9.779803197539401,9.779803197539401,26680.177001942815,68233.0999999995,113.44090386454822
DNK,D_E,2015,36958.449,10425.878,29158.216,21.27,7.460251931377235,0.7889458781130128,DNK_D_E,612.2380952380829,16565.578691846156,9.715142613051173,19766.659223241684,9.891802508711766,42.3133095847231,53094.01336075736,32.5,3.06422,83.300407409668,105.13036245389917,10.879819458138824,-0.4190017,0,0,0,1,1,9.715142613051173,1,1,9.715142613051173,9.715142613051173,26680.177001942815,63362.3023809519,112.68610990783054
DNK,D_E,2016,36439.633,10851.238,32337.396,21.498,7.435452372422142,0.8874237564357468,DNK_D_E,752.749999999989,20657.452834390206,9.935879852860271,17672.174386529914,9.779803197539401,42.9699132415221,54300.20396219914,32,3.10209,82.1714935302734,101.45278380864332,10.902283262124902,-0.4190017,0,0,0,1,1,9.935879852860271,1,1,9.935879852860271,9.935879852860271,26680.177001942815,65542.34999999954,113.03086387022445
DNK,D_E,2017,36812.441,10542.523,33696.96,20.851,7.476189228950806,0.9153688015418483,DNK_D_E,706.1666666666539,19182.82644355624,9.861822830289144,16565.578691846156,9.715142613051173,43.5697797531659,55601.01457177868,35,2.93576,81.3220062255859,104.2156769204417,10.925956727766048,-0.4190017,0,0,0,1,1,9.861822830289144,1,1,9.861822830289144,9.861822830289144,26680.177001942815,62982.56111111069,112.62484640169262
DNK,D_E,2018,37541.312,11119.146,28301.336,21.089,7.484445681387477,0.7538717879652155,DNK_D_E,871.999999999987,23227.74441127649,10.053145773992728,20657.452834390206,9.935879852860271,43.7690892923223,56355.07330847141,34.6,2.97895,81.1405487060547,108.81398550190868,10.939427547508824,-0.4190017,0,0,0,1,1,10.053145773992728,1,1,10.053145773992728,10.053145773992728,26680.177001942815,58773.50619047578,111.91993077223835
DNK,D_E,2019,40108.39,12043.766,29257.86,22.14,7.501954891061936,0.7294698191575378,DNK_D_E,783.1666666666451,19526.255396106528,9.879566481281637,19182.82644355624,9.861822830289144,43.6229516711158,57114.62273363469,37.2,2.90605,81.6945877075195,111.89147506565256,10.952815452764716,-0.4190017,0,0,0,1,1,9.879566481281637,1,1,9.879566481281637,9.879566481281637,26680.177001942815,57595.397619047115,111.71356723983287
DNK,D_E,2020,39951.748,12900.278,33928.141,23.006,7.45967265345676,0.8492279486744861,DNK_D_E,858.899999999971,21498.43356040319,9.975781867740933,23227.74441127649,10.053145773992728,44.4185659681079,55934.55559455232,39.5,2.96533,82.6643295288086,104.4334326711514,10.93193763621599,-0.4190017,0,0,0,1,1,9.975781867740933,1,1,9.975781867740933,9.975781867740933,26680.177001942815,61780.64761904709,112.42847856524149
DNK,D_E,2021,44950.132,13829.771,37992.526,23.773,7.544758493575537,0.8452150040404776,DNK_D_E,813.1999999999751,18091.15933185636,9.803233937316437,19526.255396106528,9.879566481281637,44.9598379722906,59312.81580437706,39.5,2.74323,83.982292175293,112.32147269729072,10.990580679753318,-0.4190017,0,0,0,1,1,9.803233937316437,1,1,9.803233937316437,9.803233937316437,26680.177001942815,57386.933333332934,111.67661245461889
DNK,D_E,2022,73892.955,16325.166,45506.908,26.634,7.928184175782907,0.6158490751926216,DNK_D_E,537.816666666649,7278.321277943871,8.892792905792781,21498.43356040319,9.975781867740933,44.8863644064006,59108.74493740683,39.5,2.86709,84.5866088867188,131.9958249090708,10.987134160931975,-0.4190017,0,0,0,1,1,8.892792905792781,1,1,8.892792905792781,8.892792905792781,26680.177001942815,47911.84999999948,109.8375144216898
DNK,G,2010,193014.528,131784.768,18308.712,447.629,6.066555975335377,0.09485665244846232,DNK_G,0,0,0,NA,NA,38.076030356193,51209.449275777486,21.2,2.91389,72.4951477050781,94.38772823190564,10.843679350166735,0.06857736764705884,1,0,0,0,0,0,1,1,0,0,0,0,0
DNK,G,2011,205853.588,136643.574,17926.603,452.09,6.121039182158035,0.08708423872602114,DNK_G,0,0,0,NA,NA,38.4725380278661,51667.53132104252,23.8,2.94198,75.9300231933594,102.01293047430826,10.852584842339226,0.06857736764705884,1,0,0,0,0,0,1,1,0,0,0,0,0
DNK,G,2012,209994.257,139066.959,17086.082,449.52,6.1466551149026625,0.08136452036400213,DNK_G,0,0,0,0,0,38.9767051263458,51470.68984542696,26.9,2.9845,77.7465515136719,104.36228050517144,10.84876779542131,0.06857736764705884,1,0,0,0,0,0,1,1,0,0,0,0,0
DNK,G,2013,215569.094,140288.502,16735.934,448.611,6.174880616430852,0.07763605482333195,DNK_G,0,0,0,0,0,40.467787039522,51970.39093248062,27,2.96145,80.4186782836914,103.61281324918944,10.858429430246288,0.06857736764705884,1,0,0,0,0,0,1,1,0,0,0,0,0
DNK,G,2014,224204.838,144835.709,18622.493,455.525,6.1988647683988,0.08306017464261854,DNK_G,0,0,0,0,0,41.4926377539648,52368.36259692723,30.2,2.91543,81.3143615722656,103.21085922513886,10.866057920734086,0.06857736764705884,1,0,0,0,0,0,1,1,0,0,0,0,0
DNK,G,2015,232860.059,149317.341,19487.983,459.961,6.2270512436819025,0.08368967646787377,DNK_G,0,0,0,0,0,42.3133095847231,53094.01336075736,32.5,3.06422,83.300407409668,105.13036245389917,10.879819458138824,0.06857736764705884,1,0,0,0,0,0,1,1,0,0,0,0,0
DNK,G,2016,235117.585,153391.043,20399.389,469.57,6.21602364737277,0.08676249800711419,DNK_G,0,0,0,0,0,42.9699132415221,54300.20396219914,32,3.10209,82.1714935302734,101.45278380864332,10.902283262124902,0.06857736764705884,1,0,0,0,0,0,1,1,0,0,0,0,0
DNK,G,2017,247541.565,160297.087,21026.468,479.298,6.247011252879631,0.0849411612954778,DNK_G,0,0,0,0,0,43.5697797531659,55601.01457177868,35,2.93576,81.3220062255859,104.2156769204417,10.925956727766048,0.06857736764705884,1,0,0,0,0,0,1,1,0,0,0,0,0
DNK,G,2018,255084.344,167970.518,19231.384,488.763,6.257471820824272,0.07539225535535021,DNK_G,0,0,0,0,0,43.7690892923223,56355.07330847141,34.6,2.97895,81.1405487060547,108.81398550190868,10.939427547508824,0.06857736764705884,1,0,0,0,0,0,1,1,0,0,0,0,0
DNK,G,2019,252638.055,175589.181,18005.177,497.512,6.230093453847359,0.07126866536397297,DNK_G,0,0,0,0,0,43.6229516711158,57114.62273363469,37.2,2.90605,81.6945877075195,111.89147506565256,10.952815452764716,0.06857736764705884,1,0,0,0,0,0,1,1,0,0,0,0,0
DNK,G,2020,282827.976,176523.392,19395.565,489.226,6.359769582749715,0.06857725064652019,DNK_G,0,0,0,0,0,44.4185659681079,55934.55559455232,39.5,2.96533,82.6643295288086,104.4334326711514,10.93193763621599,0.06857736764705884,1,0,0,0,0,0,1,1,0,0,0,0,0
DNK,G,2021,294854.832,187640.976,22101.956,503.821,6.372017373030853,0.07495877157610902,DNK_G,0,0,0,0,0,44.9598379722906,59312.81580437706,39.5,2.74323,83.982292175293,112.32147269729072,10.990580679753318,0.06857736764705884,1,0,0,0,0,0,1,1,0,0,0,0,0
DNK,G,2022,285871.377,204167.191,25178.374,524.448,6.300950976992129,0.08807588316195784,DNK_G,0,0,0,0,0,44.8863644064006,59108.74493740683,39.5,2.86709,84.5866088867188,131.9958249090708,10.987134160931975,0.06857736764705884,1,0,0,0,0,0,1,1,0,0,0,0,0
DNK,H,2010,91919.484,53519.999,29879.97,144.954,6.452251848220285,0.32506677256804445,DNK_H,50.466666666666,549.0312224410006,6.309975044689817,NA,NA,38.076030356193,51209.449275777486,21.2,2.91389,72.4951477050781,94.38772823190564,10.843679350166735,-0.3927636321428572,0,0,0,1,1,6.309975044689817,1,1,6.309975044689817,6.309975044689817,549.0312224410006,28103.863333333175,64.63747819452331
DNK,H,2011,82060.138,53382.703,21563.441,147.229,6.323218449930835,0.26277607527299063,DNK_H,34.5,420.4233729170672,6.043637964751443,NA,NA,38.4725380278661,51667.53132104252,23.8,2.94198,75.9300231933594,102.01293047430826,10.852584842339226,-0.3927636321428572,0,0,0,1,0,6.043637964751443,1,1,6.043637964751443,6.043637964751443,549.0312224410006,33267.599999999824,65.70179036448033
DNK,H,2012,82135.846,52710.931,27715.24,143.957,6.346615170166204,0.33743172256361736,DNK_H,64.666666666664,787.3135764214811,6.6698959503220765,549.0312224410006,6.309975044689817,38.9767051263458,51470.68984542696,26.9,2.9845,77.7465515136719,104.36228050517144,10.84876779542131,-0.3927636321428572,0,0,0,1,1,6.6698959503220765,1,1,6.6698959503220765,6.6698959503220765,549.0312224410006,31893.872222222024,65.43570655567665
DNK,H,2013,96465.22,52765.716,36791.859,142.346,6.518677094279273,0.3814002497480439,DNK_H,45.333333333333,469.9448498985749,6.154740995650215,420.4233729170672,6.043637964751443,40.467787039522,51970.39093248062,27,2.96145,80.4186782836914,103.61281324918944,10.858429430246288,-0.3927636321428572,0,0,0,1,1,6.154740995650215,1,1,6.154740995650215,6.154740995650215,549.0312224410006,30739.466666666536,65.2030872282117
DNK,H,2014,105210.031,53381.62,36173.041,141.458,6.611711073215493,0.34381741604087157,DNK_H,64.499999999999,613.0594144582944,6.420091689684314,787.3135764214811,6.6698959503220765,41.4926377539648,52368.36259692723,30.2,2.91543,81.3143615722656,103.21085922513886,10.866057920734086,-0.3927636321428572,0,0,0,1,1,6.420091689684314,1,1,6.420091689684314,6.420091689684314,549.0312224410006,31005.583333333157,65.25747686860198
DNK,H,2015,104081.078,55296.307,40395.9,141.928,6.597605583791773,0.3881195388848682,DNK_H,59.333333333333,570.0683973827885,6.347508987741153,469.9448498985749,6.154740995650215,42.3133095847231,53094.01336075736,32.5,3.06422,83.300407409668,105.13036245389917,10.879819458138824,-0.3927636321428572,0,0,0,1,1,6.347508987741153,1,1,6.347508987741153,6.347508987741153,549.0312224410006,30048.996666666477,65.05974119655805
DNK,H,2016,94103.965,57079.734,39385.239,143.498,6.485834362890958,0.418529006721449,DNK_H,52.666666666665,559.664692839085,6.3291230313575495,613.0594144582944,6.420091689684314,42.9699132415221,54300.20396219914,32,3.10209,82.1714935302734,101.45278380864332,10.902283262124902,-0.3927636321428572,0,0,0,1,1,6.3291230313575495,1,1,6.3291230313575495,6.3291230313575495,549.0312224410006,32515.59666666653,65.55752298492733
DNK,H,2017,102973.561,57736.923,44648.104,143.814,6.5737067469521335,0.43358803528218276,DNK_H,42.833333333332,415.96437879167837,6.033000795588165,570.0683973827885,6.347508987741153,43.5697797531659,55601.01457177868,35,2.93576,81.3220062255859,104.2156769204417,10.925956727766048,-0.3927636321428572,0,0,0,1,1,6.033000795588165,1,1,6.033000795588165,6.033000795588165,549.0312224410006,32648.099999999868,65.58318353707969
DNK,H,2018,96769.756,58516.836,51195.8,145.942,6.496880503923617,0.5290475259646207,DNK_H,29.666666666666,306.5696132029723,5.728701446025401,559.664692839085,6.3291230313575495,43.7690892923223,56355.07330847141,34.6,2.97895,81.1405487060547,108.81398550190868,10.939427547508824,-0.3927636321428572,0,0,0,1,1,5.728701446025401,1,1,5.728701446025401,5.728701446025401,549.0312224410006,32213.429999999807,65.49861219443152
DNK,H,2019,107372.494,59341.88,33584.304,147.708,6.588821968332037,0.3127831230221773,DNK_H,67.249999999997,626.3242800339256,6.441463599971263,415.96437879167837,6.033000795588165,43.6229516711158,57114.62273363469,37.2,2.90605,81.6945877075195,111.89147506565256,10.952815452764716,-0.3927636321428572,0,0,0,1,0,6.441463599971263,1,1,6.441463599971263,6.441463599971263,549.0312224410006,31380.799999999734,65.33337677891025
DNK,H,2020,104964.244,58242.457,26925.143,141.102,6.611892004708936,0.2565172860197993,DNK_H,68.33333333333101,651.015343218506,6.480068094193488,306.5696132029723,5.728701446025401,44.4185659681079,55934.55559455232,39.5,2.96533,82.6643295288086,104.4334326711514,10.93193763621599,-0.3927636321428572,0,0,0,1,0,6.480068094193488,1,1,6.480068094193488,6.480068094193488,549.0312224410006,27385.83333333318,64.4741743297017
DNK,H,2021,181540.996,60085.437,30850.525,141.188,7.159144444847804,0.16993696013433793,DNK_H,33,181.77712322345084,5.208267504708547,626.3242800339256,6.441463599971263,44.9598379722906,59312.81580437706,39.5,2.74323,83.982292175293,112.32147269729072,10.990580679753318,-0.3927636321428572,0,0,0,0,0,0,1,1,5.208267504708547,5.208267504708547,549.0312224410006,17217.449999999877,61.54583556268776
DNK,H,2022,330454.132,67386.074,33305.732,148.435,7.7080759929995475,0.10078776076553948,DNK_H,43.5,131.63702852412814,4.88761628857368,651.015343218506,6.480068094193488,44.8863644064006,59108.74493740683,39.5,2.86709,84.5866088867188,131.9958249090708,10.987134160931975,-0.3927636321428572,0,0,0,0,0,0,1,1,4.88761628857368,4.88761628857368,549.0312224410006,11047.883333333253,58.74640178041472
DNK,J,2010,74410.822,46899.887,23325.494,98.35,6.62882412239752,0.3134691080283994,DNK_J,18.249999999999,245.26002414002366,5.506387986391292,NA,NA,38.076030356193,51209.449275777486,21.2,2.91389,72.4951477050781,94.38772823190564,10.843679350166735,1.2675550444444446,1,245.26002414002366,5.506387986391292,1,1,5.506387986391292,1,1,5.506387986391292,5.506387986391292,245.26002414002366,3628.649999999884,45.1352649027039
DNK,J,2011,73807.85,46231.082,22724.707,96.196,6.6428325967299084,0.3078901092498968,DNK_J,12.699999999999,172.06841819669586,5.153686997221574,NA,NA,38.4725380278661,51667.53132104252,23.8,2.94198,75.9300231933594,102.01293047430826,10.852584842339226,1.2675550444444446,1,172.06841819669586,5.153686997221574,1,1,5.153686997221574,1,1,5.153686997221574,5.153686997221574,245.26002414002366,4120.314285714129,45.83477379563975
DNK,J,2012,73480.418,46021.286,21260.609,96.343,6.636859487504878,0.2893370720890564,DNK_J,9.749999999999,132.68841230596973,4.895511810987417,245.26002414002366,5.506387986391292,38.9767051263458,51470.68984542696,26.9,2.9845,77.7465515136719,104.36228050517144,10.84876779542131,1.2675550444444446,1,132.68841230596973,4.895511810987417,1,1,4.895511810987417,1,1,4.895511810987417,4.895511810987417,245.26002414002366,5128.943650793394,47.04024635544335
DNK,J,2013,78480.44,46063.657,21732.995,97.117,6.694688263534477,0.27692244080180994,DNK_J,10.916666666665,139.1004773503436,4.942359860548746,172.06841819669586,5.153686997221574,40.467787039522,51970.39093248062,27,2.96145,80.4186782836914,103.61281324918944,10.858429430246288,1.2675550444444446,1,139.1004773503436,4.942359860548746,1,1,4.942359860548746,1,1,4.942359860548746,4.942359860548746,245.26002414002366,4927.825992063309,46.82002469664057
DNK,J,2014,77668.395,46902.893,20560.91,97.133,6.684122523472897,0.2647268557564502,DNK_J,15.916666666662,204.9310619417589,5.3275414620133565,132.68841230596973,4.895511810987417,41.4926377539648,52368.36259692723,30.2,2.91543,81.3143615722656,103.21085922513886,10.866057920734086,1.2675550444444446,1,204.9310619417589,5.3275414620133565,1,0,5.3275414620133565,1,1,5.3275414620133565,5.3275414620133565,245.26002414002366,4843.8714285713195,46.725424311458085
DNK,J,2015,81773.335,48951.12,21926.783,100.741,6.699153624641538,0.2681409899694075,DNK_J,5.75,70.31632010605902,4.267125194721245,139.1004773503436,4.942359860548746,42.3133095847231,53094.01336075736,32.5,3.06422,83.300407409668,105.13036245389917,10.879819458138824,1.2675550444444446,1,70.31632010605902,4.267125194721245,1,1,4.267125194721245,1,1,4.267125194721245,4.267125194721245,245.26002414002366,4654.0309523808655,46.50532215549731
DNK,J,2016,86399.587,50790.063,23133.363,103.003,6.731980060669062,0.2677485368072419,DNK_J,7.499999999999,86.80597049612054,4.475129499423868,204.9310619417589,5.3275414620133565,42.9699132415221,54300.20396219914,32,3.10209,82.1714935302734,101.45278380864332,10.902283262124902,1.2675550444444446,1,86.80597049612054,4.475129499423868,1,1,4.475129499423868,1,1,4.475129499423868,4.475129499423868,245.26002414002366,4581.096428571321,46.418365655860995
DNK,J,2017,87786.206,51742.046,28951.848,103.461,6.743464930119204,0.3297995131490248,DNK_J,0.5,5.695655647767714,1.9014589053067956,70.31632010605902,4.267125194721245,43.5697797531659,55601.01457177868,35,2.93576,81.3220062255859,104.2156769204417,10.925956727766048,1.2675550444444446,1,5.695655647767714,1.9014589053067956,1,1,1.9014589053067956,1,1,1.9014589053067956,1.9014589053067956,245.26002414002366,4542.01190476177,46.371195614564684
DNK,J,2018,88976.54,54528.292,34193.038,105.965,6.73301916755272,0.38429273604030906,DNK_J,6.916666666666,77.73584662503173,4.366098536156776,86.80597049612054,4.475129499423868,43.7690892923223,56355.07330847141,34.6,2.97895,81.1405487060547,108.81398550190868,10.939427547508824,1.2675550444444446,1,77.73584662503173,4.366098536156776,1,1,4.366098536156776,1,1,4.366098536156776,4.366098536156776,245.26002414002366,4334.802380952293,46.11413803819592
DNK,J,2019,96385.214,57173.81,36338.477,109.348,6.781572630031034,0.3770129825099522,DNK_J,27.583333333331,286.1780576980511,5.660102433482579,5.695655647767714,1.9014589053067956,43.6229516711158,57114.62273363469,37.2,2.90605,81.6945877075195,111.89147506565256,10.952815452764716,1.2675550444444446,1,286.1780576980511,5.660102433482579,1,1,5.660102433482579,1,1,5.660102433482579,5.660102433482579,245.26002414002366,4379.70238095224,46.17086697120988
DNK,J,2020,99409.128,59537.648,38295.067,111.646,6.791666068012705,0.3852268676977028,DNK_J,27.249999999994,274.1196965332399,5.617206263089235,77.73584662503173,4.366098536156776,44.4185659681079,55934.55559455232,39.5,2.96533,82.6643295288086,104.4334326711514,10.93193763621599,1.2675550444444446,1,274.1196965332399,5.617206263089235,1,1,5.617206263089235,1,1,5.617206263089235,5.617206263089235,245.26002414002366,4469.383333333185,46.28245441584049
DNK,J,2021,102827.396,62825.233,42553.955,114.102,6.8037143093551835,0.4138386913930992,DNK_J,14.03333333333,136.47465441340168,4.923439568576583,286.1780576980511,5.660102433482579,44.9598379722906,59312.81580437706,39.5,2.74323,83.982292175293,112.32147269729072,10.990580679753318,1.2675550444444446,1,136.47465441340168,4.923439568576583,1,1,4.923439568576583,1,1,4.923439568576583,4.923439568576583,245.26002414002366,4165.399999999864,45.894684616888824
DNK,J,2022,105765.567,66786.595,49339.167,117.113,6.805841011081316,0.46649555615770494,DNK_J,15.883333333329,150.17489891893646,5.0184374375229455,274.1196965332399,5.617206263089235,44.8863644064006,59108.74493740683,39.5,2.86709,84.5866088867188,131.9958249090708,10.987134160931975,1.2675550444444446,1,150.17489891893646,5.0184374375229455,1,1,5.0184374375229455,1,1,5.0184374375229455,5.0184374375229455,245.26002414002366,2161.1499999999237,42.28277351078418
DNK,K,2010,94696.345,50183.597,10691.468,83.487,7.033739751751076,0.11290264687618091,DNK_K,0,0,0,NA,NA,38.076030356193,51209.449275777486,21.2,2.91389,72.4951477050781,94.38772823190564,10.843679350166735,2.05267,1,0,0,0,1,0,1,1,0,0,0,0,0
DNK,K,2011,92064.439,51159.638,10822,83.004,7.011355235355425,0.11754810128153825,DNK_K,0,0,0,NA,NA,38.4725380278661,51667.53132104252,23.8,2.94198,75.9300231933594,102.01293047430826,10.852584842339226,2.05267,1,0,0,0,1,0,1,1,0,0,0,0,0
DNK,K,2012,99686.599,49756.902,15457.883,79.642,7.132244941786734,0.15506480464841618,DNK_K,0,0,0,0,0,38.9767051263458,51470.68984542696,26.9,2.9845,77.7465515136719,104.36228050517144,10.84876779542131,2.05267,1,0,0,0,1,0,1,1,0,0,0,0,0
DNK,K,2013,98056.131,50222.055,10767.636,77.236,7.146429689411098,0.10981094083754947,DNK_K,0,0,0,0,0,40.467787039522,51970.39093248062,27,2.96145,80.4186782836914,103.61281324918944,10.858429430246288,2.05267,1,0,0,0,1,0,1,1,0,0,0,0,0
DNK,K,2014,99817.083,47822.27,10440.371,72.991,7.220758474119322,0.10459503209485695,DNK_K,0,0,0,0,0,41.4926377539648,52368.36259692723,30.2,2.91543,81.3143615722656,103.21085922513886,10.866057920734086,2.05267,1,0,0,0,0,0,1,1,0,0,0,0,0
DNK,K,2015,102764.208,49790.062,12903.243,74.08,7.235046809833385,0.12556164496494734,DNK_K,0,0,0,0,0,42.3133095847231,53094.01336075736,32.5,3.06422,83.300407409668,105.13036245389917,10.879819458138824,2.05267,1,0,0,0,1,0,1,1,0,0,0,0,0
DNK,K,2016,103398.219,49802.846,18882.41,72.39,7.264274848231701,0.18261832923834018,DNK_K,0,0,0,0,0,42.9699132415221,54300.20396219914,32,3.10209,82.1714935302734,101.45278380864332,10.902283262124902,2.05267,1,0,0,0,1,0,1,1,0,0,0,0,0
DNK,K,2017,107380.394,52332.906,19744.591,74.699,7.270666188013663,0.18387519606232772,DNK_K,0,0,0,0,0,43.5697797531659,55601.01457177868,35,2.93576,81.3220062255859,104.2156769204417,10.925956727766048,2.05267,1,0,0,0,1,0,1,1,0,0,0,0,0
DNK,K,2018,109399.19,54044.148,24025.019,75.551,7.2779508400221475,0.21960874664611318,DNK_K,0,0,0,0,0,43.7690892923223,56355.07330847141,34.6,2.97895,81.1405487060547,108.81398550190868,10.939427547508824,2.05267,1,0,0,0,1,0,1,1,0,0,0,0,0
DNK,K,2019,107808.355,56769.77,23243.661,78.142,7.229582754706804,0.2156016664942156,DNK_K,0,0,0,0,0,43.6229516711158,57114.62273363469,37.2,2.90605,81.6945877075195,111.89147506565256,10.952815452764716,2.05267,1,0,0,0,1,0,1,1,0,0,0,0,0
DNK,K,2020,107424.886,56141.023,19475.614,76.006,7.253734862898568,0.18129517959181266,DNK_K,0,0,0,0,0,44.4185659681079,55934.55559455232,39.5,2.96533,82.6643295288086,104.4334326711514,10.93193763621599,2.05267,1,0,0,0,1,0,1,1,0,0,0,0,0
DNK,K,2021,115626.285,56637.27,22062.558,73.543,7.360248319099771,0.19080919187190007,DNK_K,0,0,0,0,0,44.9598379722906,59312.81580437706,39.5,2.74323,83.982292175293,112.32147269729072,10.990580679753318,2.05267,1,0,0,0,1,0,1,1,0,0,0,0,0
DNK,K,2022,115141.692,56909.317,24087.199,72.119,7.375601220815825,0.20919615285834084,DNK_K,0,0,0,0,0,44.8863644064006,59108.74493740683,39.5,2.86709,84.5866088867188,131.9958249090708,10.987134160931975,2.05267,1,0,0,0,1,0,1,1,0,0,0,0,0
DNK,M_N,2010,127648.863,90812.906,21560.633,260.88,6.192977983980859,0.16890579746096135,DNK_M_N,0,0,0,NA,NA,38.076030356193,51209.449275777486,21.2,2.91389,72.4951477050781,94.38772823190564,10.843679350166735,0.9246918833333334,1,0,0,0,1,0,1,1,0,0,0,0,0
DNK,M_N,2011,129549.571,94297.738,20554.96,262.371,6.202059341852363,0.15866482491092154,DNK_M_N,0,0,0,NA,NA,38.4725380278661,51667.53132104252,23.8,2.94198,75.9300231933594,102.01293047430826,10.852584842339226,0.9246918833333334,1,0,0,0,1,0,1,1,0,0,0,0,0
DNK,M_N,2012,131213.496,97634.149,18389.14,266.871,6.19781562047529,0.14014671173764015,DNK_M_N,0,0,0,0,0,38.9767051263458,51470.68984542696,26.9,2.9845,77.7465515136719,104.36228050517144,10.84876779542131,0.9246918833333334,1,0,0,0,0,0,1,1,0,0,0,0,0
DNK,M_N,2013,140140.017,103639.111,18720.555,275.872,6.230460333204267,0.13358464912987703,DNK_M_N,0,0,0,0,0,40.467787039522,51970.39093248062,27,2.96145,80.4186782836914,103.61281324918944,10.858429430246288,0.9246918833333334,1,0,0,0,0,0,1,1,0,0,0,0,0
DNK,M_N,2014,143419.622,108221.693,19761.21,283.796,6.2252743616235025,0.1377859579074891,DNK_M_N,0,0,0,0,0,41.4926377539648,52368.36259692723,30.2,2.91543,81.3143615722656,103.21085922513886,10.866057920734086,0.9246918833333334,1,0,0,0,0,0,1,1,0,0,0,0,0
DNK,M_N,2015,155564.773,113886.81,22954.009,294.792,6.2685474475888565,0.14755274319077366,DNK_M_N,0,0,0,0,0,42.3133095847231,53094.01336075736,32.5,3.06422,83.300407409668,105.13036245389917,10.879819458138824,0.9246918833333334,1,0,0,0,0,0,1,1,0,0,0,0,0
DNK,M_N,2016,174619.5,121631.583,27532.03,307.251,6.342699596880811,0.15766870252176876,DNK_M_N,0,0,0,0,0,42.9699132415221,54300.20396219914,32,3.10209,82.1714935302734,101.45278380864332,10.902283262124902,0.9246918833333334,1,0,0,0,1,0,1,1,0,0,0,0,0
DNK,M_N,2017,180301.001,127860.072,29151.151,316.486,6.345103954235391,0.1616804723119646,DNK_M_N,0,0,0,0,0,43.5697797531659,55601.01457177868,35,2.93576,81.3220062255859,104.2156769204417,10.925956727766048,0.9246918833333334,1,0,0,0,1,0,1,1,0,0,0,0,0
DNK,M_N,2018,190134.705,134442.458,32371.606,325.896,6.368909761559112,0.1702561665425573,DNK_M_N,0,0,0,0,0,43.7690892923223,56355.07330847141,34.6,2.97895,81.1405487060547,108.81398550190868,10.939427547508824,0.9246918833333334,1,0,0,0,1,0,1,1,0,0,0,0,0
DNK,M_N,2019,192453.227,138397.738,38197.181,329.202,6.3709368824443935,0.19847513910483816,DNK_M_N,0,0,0,0,0,43.6229516711158,57114.62273363469,37.2,2.90605,81.6945877075195,111.89147506565256,10.952815452764716,0.9246918833333334,1,0,0,0,1,0,1,1,0,0,0,0,0
DNK,M_N,2020,191695.62,139943.268,32930.876,324.471,6.381467916680695,0.1717873157456597,DNK_M_N,0,0,0,0,0,44.4185659681079,55934.55559455232,39.5,2.96533,82.6643295288086,104.4334326711514,10.93193763621599,0.9246918833333334,1,0,0,0,1,0,1,1,0,0,0,0,0
DNK,M_N,2021,224600.624,152708.765,36920.976,336.946,6.502156419430849,0.16438501079142148,DNK_M_N,0,0,0,0,0,44.9598379722906,59312.81580437706,39.5,2.74323,83.982292175293,112.32147269729072,10.990580679753318,0.9246918833333334,1,0,0,0,1,0,1,1,0,0,0,0,0
DNK,M_N,2022,222338.747,168155.211,42432.472,356.84,6.434669883212965,0.190846051678073,DNK_M_N,0,0,0,0,0,44.8863644064006,59108.74493740683,39.5,2.86709,84.5866088867188,131.9958249090708,10.987134160931975,0.9246918833333334,1,0,0,0,1,0,1,1,0,0,0,0,0
ESP,C,2010,119716,73414,16597.6,2241.6,3.9779323745327058,0.13864145143506296,ESP_C,180.83333333332502,1510.5193402162201,7.320870609517223,NA,NA,22.7418123101281,25766.251582574285,14.4,1.35436,76.3829116821289,52.69336997340191,10.156820836433829,-0.4842254202898551,0,0,0,0,0,0,0,0,0,0,1510.5193402162201,14532.981746031415,70.16501574295648
ESP,C,2011,119709,71189,16083.4,2149.6,4.019782019388234,0.1343541421279937,ESP_C,140.24999999999102,1171.591108437887,7.066971201726239,NA,NA,23.7622851657887,25510.557967882934,14.7,1.32726,80.7240905761719,58.51182288596319,10.146847683412648,-0.4842254202898551,0,0,0,0,0,0,0,0,0,0,1510.5193402162201,15592.145238094943,70.67997993747696
ESP,C,2012,112007,66525,18033.2,1991.8,4.0295226168266485,0.16100065174498024,ESP_C,150.166666666662,1340.690016397743,7.2016853045593825,1510.5193402162201,7.320870609517223,24.5107487138578,24763.568274483976,15.8,1.29268,82.89208984375,60.55403469618635,10.11712883089339,-0.4842254202898551,0,0,0,0,0,0,0,0,0,0,1510.5193402162201,16389.504761904533,71.04507746030797
ESP,C,2013,111450,63817,17988.2,1891.5,4.076205894740931,0.16140152534768956,ESP_C,126.66666666666401,1136.5335726035353,7.0366176647662995,1171.591108437887,7.066971201726239,26.1458798389403,24498.55595079448,16.9,1.26864,85.1826324462891,61.66877264413271,10.106369454011844,-0.4842254202898551,0,0,0,0,0,0,0,0,0,0,1510.5193402162201,15484.566666666466,70.62929753147873
ESP,C,2014,114259,63098,17554.2,1874.4,4.110179193077376,0.15363516221916873,ESP_C,136.16666666666302,1191.736901834105,7.084005862851203,1340.690016397743,7.2016853045593825,27.8358661570454,24947.85125059132,17.3,1.23401,87.9358520507812,63.39926213895003,10.124542975250144,-0.4842254202898551,0,0,0,0,0,0,0,0,0,0,1510.5193402162201,16278.264285714084,70.99522217796029
ESP,C,2015,119732,64208,24004.8,1925.9,4.12986252089244,0.20048775598837404,ESP_C,161.283333333329,1347.036158531796,7.206404114949144,1136.5335726035353,7.0366176647662995,29.0099329346016,25982.44161977755,16.3,1.21165,88.5305328369141,63.58204122482321,10.16517626655454,-0.4842254202898551,0,0,0,0,0,0,0,0,0,0,1510.5193402162201,16132.214285714064,70.92924632939089
ESP,C,2016,122996,66493,28549.1,1997.8,4.1201052594025045,0.23211405248951184,ESP_C,385.06944444443593,3130.747702725584,8.049346499180674,1191.736901834105,7.084005862851203,30.1986308494311,26719.24422686151,16.7,1.1808,89.810791015625,63.18867785072936,10.193139342327708,-0.4842254202898551,0,0,0,1,1,8.049346499180674,0,0,0,0,1510.5193402162201,17042.988888888685,71.33128978490639
ESP,C,2017,130043,69548,29827.1,2053.7,4.1482221206303596,0.22936336442561306,ESP_C,178.516666666663,1372.7510643914936,7.225300280524806,1347.036158531796,7.206404114949144,31.2964612808116,27426.281015093024,15.2,1.20198,92.070182800293,66.167446137857,10.21925699380983,-0.4842254202898551,0,0,0,1,1,7.225300280524806,0,0,0,0,1510.5193402162201,17068.746666666528,71.34234512030514
ESP,C,2018,130788,71865,35609.1,2098.4,4.132402542124648,0.27226580420222035,ESP_C,241.416666666664,1845.8625154193353,7.5212435407309846,3130.747702725584,8.049346499180674,32.2277444368856,27956.722546648427,16.9,1.23288,92.5194931030273,67.00941039829213,10.238412970115377,-0.4842254202898551,0,0,0,1,1,7.5212435407309846,0,0,0,0,1510.5193402162201,16261.354761904571,70.9876139242444
ESP,C,2019,134106,74301,38141.1,2156.1,4.1303294978556435,0.2844100935081204,ESP_C,358.199999999997,2671.0214308084423,7.890590555136514,1372.7510643914936,7.225300280524806,32.9220023670648,28301.43939495632,16.7,1.24207,91.5387725830078,66.36622504406921,10.250667944350491,-0.4842254202898551,0,0,0,1,1,7.890590555136514,0,0,0,0,1510.5193402162201,16118.16666666633,70.92286907568828
ESP,C,2020,122556,72561,35555.8,2067,4.082469787684331,0.29011880283299063,ESP_C,236.983333333329,1933.6738579370165,7.567694042388166,1845.8625154193353,7.5212435407309846,33.9527590155171,25077.01988292799,19.3,1.3963699999999999,91.59912109375,59.446128014707575,10.129707163242015,-0.4842254202898551,0,0,0,1,1,7.567694042388166,0,0,0,0,1510.5193402162201,15818.316666666467,70.78540308974175
ESP,C,2021,139066,75575,36509.4,2059.8,4.212339749873598,0.2625328980484087,ESP_C,131.249999999994,943.7964707404685,6.850969529419432,2671.0214308084423,7.890590555136514,34.9302420932073,26705.362913895937,19,1.39617,95.3768997192383,66.52458894319103,10.192619682417384,-0.4842254202898551,0,0,0,1,1,6.850969529419432,0,0,0,0,1510.5193402162201,10665.083333333198,67.89978792436881
ESP,C,2022,151730,80592,37173.2,2112,4.274467259693135,0.24499571607460618,ESP_C,88.833333333333,585.46980381818355,6.37412118137712,1933.6738579370165,7.567694042388166,35.7846414290159,28203.10934194735,19,1.40684,95.0271606445312,78.4657338703054,10.247187511200721,-0.4842254202898551,0,0,0,1,1,6.37412118137712,0,0,0,0,1510.5193402162201,6452.183333333256,64.22108429458952
ESP,D_E,2010,35538,8957,18679.4,209.8,5.132203129542823,0.5256176487140526,ESP_D_E,956.233333333307,26907.34800307578,10.200191852132914,NA,NA,22.7418123101281,25766.251582574285,14.4,1.35436,76.3829116821289,52.69336997340191,10.156820836433829,-0.4190017,0,0,0,1,1,10.200191852132914,0,0,0,0,26907.34800307578,71748.1833333324,114.0476489503257
ESP,D_E,2011,36039,8720,19705.1,217.1,5.111998887505239,0.5467715530397624,ESP_D_E,937.8999999999809,26024.58447792616,10.166835351556678,NA,NA,23.7622851657887,25510.557967882934,14.7,1.32726,80.7240905761719,58.51182288596319,10.146847683412648,-0.4190017,0,0,0,1,1,10.166835351556678,0,0,0,0,26907.34800307578,76072.55936507841,114.64460789663455
ESP,D_E,2012,36753,9027,21768.3,218.4,5.12564689009153,0.5922863439719206,ESP_D_E,878.7166666666451,23908.70586528025,10.082039758631836,26907.34800307578,10.200191852132914,24.5107487138578,24763.568274483976,15.8,1.29268,82.89208984375,60.55403469618635,10.11712883089339,-0.4190017,0,0,0,1,1,10.082039758631836,0,0,0,0,26907.34800307578,75466.80714285636,114.56306155806254
ESP,D_E,2013,36589,8953,22612.4,216.9,5.128066509935406,0.6180108775861598,ESP_D_E,858.6666666666551,23467.89107837479,10.063431039257363,26024.58447792616,10.166835351556678,26.1458798389403,24498.55595079448,16.9,1.26864,85.1826324462891,61.66877264413271,10.106369454011844,-0.4190017,0,0,0,1,1,10.063431039257363,0,0,0,0,26907.34800307578,70150.88571428513,113.81800402297829
ESP,D_E,2014,35150,8963,18411.3,215.6,5.093955058203969,0.5237923186344239,ESP_D_E,767.233333333317,21827.40635372168,9.990967444301145,23908.70586528025,10.082039758631836,27.8358661570454,24947.85125059132,17.3,1.23401,87.9358520507812,63.39926213895003,10.124542975250144,-0.4190017,0,0,0,1,1,9.990967444301145,0,0,0,0,26907.34800307578,68094.16666666616,113.51448251617104
ESP,D_E,2015,36434,9211,16705,220.3,5.108267429782477,0.45850030191579294,ESP_D_E,692.1666666666539,18997.82254670511,9.852132285002234,23467.89107837479,10.063431039257363,29.0099329346016,25982.44161977755,16.3,1.21165,88.5305328369141,63.58204122482321,10.16517626655454,-0.4190017,0,0,0,1,0,9.852132285002234,0,0,0,0,26907.34800307578,63282.37380952333,112.76697574709553
ESP,D_E,2016,36051,9328,15951.1,228.5,5.06115367124515,0.4424592937782586,ESP_D_E,604.333333333318,16763.289044223962,9.72700625085671,21827.40635372168,9.990967444301145,30.1986308494311,26719.24422686151,16.7,1.1808,89.810791015625,63.18867785072936,10.193139342327708,-0.4190017,0,0,0,1,0,9.72700625085671,0,0,0,0,26907.34800307578,65690.76666666621,113.14796273481907
ESP,D_E,2017,36400,9824,14017.5,228.1,5.07253992433449,0.38509615384615387,ESP_D_E,668.399999999986,18362.63736263698,9.818127757985993,18997.82254670511,9.852132285002234,31.2964612808116,27426.281015093024,15.2,1.20198,92.070182800293,66.167446137857,10.21925699380983,-0.4190017,0,0,0,1,0,9.818127757985993,0,0,0,0,26907.34800307578,63020.32777777736,112.72465074098801
ESP,D_E,2018,38586,10057,12831.6,230.6,5.119960187527959,0.33254548281760227,ESP_D_E,568.033333333318,14721.228770365364,9.59711379185163,16763.289044223962,9.72700625085671,32.2277444368856,27956.722546648427,16.9,1.23288,92.5194931030273,67.00941039829213,10.238412970115377,-0.4190017,0,0,0,1,0,9.59711379185163,0,0,0,0,26907.34800307578,59077.47285714245,112.06565106019036
ESP,D_E,2019,39425,10523,13538,240.3,5.100267269088816,0.3433861762840837,ESP_D_E,512.4333333333229,12997.674910166721,9.472602701261284,18362.63736263698,9.818127757985993,32.9220023670648,28301.43939495632,16.7,1.24207,91.5387725830078,66.36622504406921,10.250667944350491,-0.4190017,0,0,0,1,0,9.472602701261284,0,0,0,0,26907.34800307578,57866.13095238044,111.8543329541912
ESP,D_E,2020,38443,9861,11919.1,242.7,5.065105791010896,0.3100460421923367,ESP_D_E,617.4785714285531,16062.184830230552,9.684285276073808,14721.228770365364,9.59711379185163,33.9527590155171,25077.01988292799,19.3,1.3963699999999999,91.59912109375,59.446128014707575,10.129707163242015,-0.4190017,0,0,0,1,0,9.684285276073808,0,0,0,0,26907.34800307578,62022.06904761851,112.56178623608999
ESP,D_E,2021,41975,10462,11985,254.5,5.105528645955164,0.28552709946396665,ESP_D_E,677.466666666651,16139.765733571197,9.689103383918571,12997.674910166721,9.472602701261284,34.9302420932073,26705.362913895937,19,1.39617,95.3768997192383,66.52458894319103,10.192619682417384,-0.4190017,0,0,0,1,0,9.689103383918571,0,0,0,0,26907.34800307578,57522.66666666626,111.79361040044532
ESP,D_E,2022,60658,11038,13616.3,252.9,5.480012656366992,0.224476573576445,ESP_D_E,424.06666666665296,6991.108619912508,8.852537452099218,16062.184830230552,9.684285276073808,35.7846414290159,28203.10934194735,19,1.40684,95.0271606445312,78.4657338703054,10.247187511200721,-0.4190017,0,0,0,0,0,0,0,0,0,0,26907.34800307578,48025.59999999948,109.95307316328643
ESP,G,2010,119726,69882,13369.2,3473.9,3.5399279165255484,0.11166496834438636,ESP_G,0,0,0,NA,NA,22.7418123101281,25766.251582574285,14.4,1.35436,76.3829116821289,52.69336997340191,10.156820836433829,0.06857736764705884,1,0,0,0,1,0,0,0,0,0,0,0,0
ESP,G,2011,122348,69412,14430.9,3438.6,3.571805031404673,0.11794961911923366,ESP_G,0,0,0,NA,NA,23.7622851657887,25510.557967882934,14.7,1.32726,80.7240905761719,58.51182288596319,10.146847683412648,0.06857736764705884,1,0,0,0,1,0,0,0,0,0,0,0,0
ESP,G,2012,120807,66577,16511.2,3347.9,3.58586094723882,0.13667419934275332,ESP_G,0,0,0,0,0,24.5107487138578,24763.568274483976,15.8,1.29268,82.89208984375,60.55403469618635,10.11712883089339,0.06857736764705884,1,0,0,0,1,0,0,0,0,0,0,0,0
ESP,G,2013,120581,64327,17169.9,3263.3,3.609582772958621,0.14239308017017607,ESP_G,0,0,0,0,0,26.1458798389403,24498.55595079448,16.9,1.26864,85.1826324462891,61.66877264413271,10.106369454011844,0.06857736764705884,1,0,0,0,1,0,0,0,0,0,0,0,0
ESP,G,2014,120318,65066,15637.2,3268.7,3.605745885375959,0.1299655911833641,ESP_G,0,0,0,0,0,27.8358661570454,24947.85125059132,17.3,1.23401,87.9358520507812,63.39926213895003,10.124542975250144,0.06857736764705884,1,0,0,0,1,0,0,0,0,0,0,0,0
ESP,G,2015,126859,67991,14845.8,3359.8,3.631194785075361,0.11702598948438818,ESP_G,0,0,0,0,0,29.0099329346016,25982.44161977755,16.3,1.21165,88.5305328369141,63.58204122482321,10.16517626655454,0.06857736764705884,1,0,0,0,1,0,0,0,0,0,0,0,0
ESP,G,2016,134228,69045,14683.7,3397.7,3.6764411144652764,0.10939371815120541,ESP_G,0,0,0,0,0,30.1986308494311,26719.24422686151,16.7,1.1808,89.810791015625,63.18867785072936,10.193139342327708,0.06857736764705884,1,0,0,0,1,0,0,0,0,0,0,0,0
ESP,G,2017,139334,71676,18461.4,3426.4,3.705363781215171,0.13249745216530065,ESP_G,0,0,0,0,0,31.2964612808116,27426.281015093024,15.2,1.20198,92.070182800293,66.167446137857,10.21925699380983,0.06857736764705884,1,0,0,0,1,0,0,0,0,0,0,0,0
ESP,G,2018,144466,73973,17564.1,3389.5,3.7523617678599526,0.12157947198648816,ESP_G,0,0,0,0,0,32.2277444368856,27956.722546648427,16.9,1.23288,92.5194931030273,67.00941039829213,10.238412970115377,0.06857736764705884,1,0,0,0,1,0,0,0,0,0,0,0,0
ESP,G,2019,147392,80076,17447.9,3499.1,3.740589911626888,0.1183775238818932,ESP_G,0,0,0,0,0,32.9220023670648,28301.43939495632,16.7,1.24207,91.5387725830078,66.36622504406921,10.250667944350491,0.06857736764705884,1,0,0,0,1,0,0,0,0,0,0,0,0
ESP,G,2020,135607,78457,15420.4,3391.3,3.688547667884445,0.11371389382553998,ESP_G,0,0,0,0,0,33.9527590155171,25077.01988292799,19.3,1.3963699999999999,91.59912109375,59.446128014707575,10.129707163242015,0.06857736764705884,1,0,0,0,1,0,0,0,0,0,0,0,0
ESP,G,2021,154401,84594,20216.9,3335.3,3.8349904839092743,0.13093762346098795,ESP_G,0,0,0,0,0,34.9302420932073,26705.362913895937,19,1.39617,95.3768997192383,66.52458894319103,10.192619682417384,0.06857736764705884,1,0,0,0,1,0,0,0,0,0,0,0,0
ESP,G,2022,166250,92620,19475.5,3431.9,3.880378635863891,0.11714586466165414,ESP_G,0,0,0,0,0,35.7846414290159,28203.10934194735,19,1.40684,95.0271606445312,78.4657338703054,10.247187511200721,0.06857736764705884,1,0,0,0,1,0,0,0,0,0,0,0,0
ESP,H,2010,43578,25073,18590.2,935.9,3.8407990816710122,0.4265959888016889,ESP_H,142.166666666666,3262.3495035721235,8.090509401973524,NA,NA,22.7418123101281,25766.251582574285,14.4,1.35436,76.3829116821289,52.69336997340191,10.156820836433829,-0.3927636321428572,0,0,0,1,1,8.090509401973524,0,0,0,0,3262.3495035721235,28012.163333333177,82.85029355881366
ESP,H,2011,44502,24528,18362.1,904.7,3.895686013932917,0.4126129162734259,ESP_H,124.666666666664,2801.372222971192,7.938221559962613,NA,NA,23.7622851657887,25510.557967882934,14.7,1.32726,80.7240905761719,58.51182288596319,10.146847683412648,-0.3927636321428572,0,0,0,1,1,7.938221559962613,0,0,0,0,3262.3495035721235,33177.43333333316,84.21941444350979
ESP,H,2012,43212,23062,15521.1,855.6,3.9220705362286252,0.35918494862538186,ESP_H,129.999999999998,3008.4235860408685,8.009503839750325,3262.3495035721235,8.090509401973524,24.5107487138578,24763.568274483976,15.8,1.29268,82.89208984375,60.55403469618635,10.11712883089339,-0.3927636321428572,0,0,0,1,1,8.009503839750325,0,0,0,0,3262.3495035721235,31828.538888888692,83.88361532701062
ESP,H,2013,42149,21137,11905.1,806.9,3.955766493501695,0.28245272722959025,ESP_H,119.333333333332,2831.2257309386227,7.948818158889495,2801.372222971192,7.938221559962613,26.1458798389403,24498.55595079448,16.9,1.26864,85.1826324462891,61.66877264413271,10.106369454011844,-0.3927636321428572,0,0,0,1,0,7.948818158889495,0,0,0,0,3262.3495035721235,30665.466666666536,83.58244621253213
ESP,H,2014,44350,21395,12491.3,808.7,4.004439967635949,0.2816527621195039,ESP_H,106.999999999999,2412.6268320180156,7.788885804794168,3008.4235860408685,8.009503839750325,27.8358661570454,24947.85125059132,17.3,1.23401,87.9358520507812,63.39926213895003,10.124542975250144,-0.3927636321428572,0,0,0,1,0,7.788885804794168,0,0,0,0,3262.3495035721235,30963.083333333157,83.6605856793072
ESP,H,2015,47420,22247,18675.2,824.3,4.052264818300214,0.3938253901307465,ESP_H,132.699999999998,2798.397300716955,7.9371594232498,2831.2257309386227,7.948818158889495,29.0099329346016,25982.44161977755,16.3,1.21165,88.5305328369141,63.58204122482321,10.16517626655454,-0.3927636321428572,0,0,0,1,1,7.9371594232498,0,0,0,0,3262.3495035721235,29975.629999999812,83.3983734625164
ESP,H,2016,46864,22879,15507.9,849,4.010945882756167,0.3309128542164561,ESP_H,135.333333333331,2887.788778877838,7.9685925856015905,2412.6268320180156,7.788885804794168,30.1986308494311,26719.24422686151,16.7,1.1808,89.810791015625,63.18867785072936,10.193139342327708,-0.3927636321428572,0,0,0,1,1,7.9685925856015905,0,0,0,0,3262.3495035721235,32432.929999999862,84.03580058034254
ESP,H,2017,48402,24453,16941.8,875.8,4.0121586597977315,0.3500227263336226,ESP_H,130.999999999999,2706.4997314160364,7.903780879675154,2798.397300716955,7.9371594232498,31.2964612808116,27426.281015093024,15.2,1.20198,92.070182800293,66.167446137857,10.21925699380983,-0.3927636321428572,0,0,0,1,1,7.903780879675154,0,0,0,0,3262.3495035721235,32559.9333333332,84.06741917041326
ESP,H,2018,49836,25468,17477.4,887,4.028647911109174,0.3506982903924874,ESP_H,116.99999999999702,2347.700457500542,7.761617457370797,2887.788778877838,7.9685925856015905,32.2277444368856,27956.722546648427,16.9,1.23288,92.5194931030273,67.00941039829213,10.238412970115377,-0.3927636321428572,0,0,0,1,1,7.761617457370797,0,0,0,0,3262.3495035721235,32126.096666666475,83.95889794148697
ESP,H,2019,51954,27348,17267.2,916.6,4.037442818600833,0.3323555452900643,ESP_H,127.99999999999801,2463.7179042999196,7.809832639481703,2706.4997314160364,7.903780879675154,32.9220023670648,28301.43939495632,16.7,1.24207,91.5387725830078,66.36622504406921,10.250667944350491,-0.3927636321428572,0,0,0,1,1,7.809832639481703,0,0,0,0,3262.3495035721235,31320.049999999734,83.75332285877279
ESP,H,2020,40170,27289,12360.8,863.1,3.840345168127716,0.30771222305202883,ESP_H,119.99999999999801,2987.3039581776948,8.002461267376695,2347.700457500542,7.761617457370797,33.9527590155171,25077.01988292799,19.3,1.3963699999999999,91.59912109375,59.446128014707575,10.129707163242015,-0.3927636321428572,0,0,0,1,0,8.002461267376695,0,0,0,0,3262.3495035721235,27334.166666666515,82.65207212031372
ESP,H,2021,43806,28694,12151.6,897.5,3.887912952921707,0.2773957905309775,ESP_H,85.999999999999,1963.2013879377027,7.582841023340725,2463.7179042999196,7.809832639481703,34.9302420932073,26705.362913895937,19,1.39617,95.3768997192383,66.52458894319103,10.192619682417384,-0.3927636321428572,0,0,0,1,0,7.582841023340725,0,0,0,0,3262.3495035721235,17164.449999999877,78.88775722878766
ESP,H,2022,52836,32842,13820.9,980.1,3.9872934482686198,0.2615811189340601,ESP_H,52.166666666664,987.3318696847604,6.896018541836576,2987.3039581776948,8.002461267376695,35.7846414290159,28203.10934194735,19,1.40684,95.0271606445312,78.4657338703054,10.247187511200721,-0.3927636321428572,0,0,0,1,0,6.896018541836576,0,0,0,0,3262.3495035721235,11039.216666666589,75.31697873277496
ESP,J,2010,39693,19779,10080.7,436.9,4.5092257927531305,0.25396669437936165,ESP_J,5.583333333333,140.66292125394907,4.953450441699394,NA,NA,22.7418123101281,25766.251582574285,14.4,1.35436,76.3829116821289,52.69336997340191,10.156820836433829,1.2675550444444446,1,140.66292125394907,4.953450441699394,1,0,4.953450441699394,0,0,0,0,140.66292125394907,3641.31666666655,40.62015218165858
ESP,J,2011,38594,20153,10794.6,442.6,4.468185675339352,0.27969632585375964,ESP_J,17.499999999998998,453.4383582940094,6.119062279103878,NA,NA,23.7622851657887,25510.557967882934,14.7,1.32726,80.7240905761719,58.51182288596319,10.146847683412648,1.2675550444444446,1,453.4383582940094,6.119062279103878,1,1,6.119062279103878,0,0,0,0,140.66292125394907,4115.514285714129,41.22638928876714
ESP,J,2012,37527,19136,11560.3,424.7,4.481432915563626,0.30805286860127373,ESP_J,24.582142857138003,655.0521719598689,6.486240316208342,140.66292125394907,4.953450441699394,24.5107487138578,24763.568274483976,15.8,1.29268,82.89208984375,60.55403469618635,10.11712883089339,1.2675550444444446,1,655.0521719598689,6.486240316208342,1,1,6.486240316208342,0,0,0,0,140.66292125394907,5114.111507936255,42.302241282782134
ESP,J,2013,36647,18785,9176.5,413.3,4.484913127057963,0.25040248860752584,ESP_J,14.218452380951,387.9840745750266,5.963538403384588,453.4383582940094,6.119062279103878,26.1458798389403,24498.55595079448,16.9,1.26864,85.1826324462891,61.66877264413271,10.106369454011844,1.2675550444444446,1,387.9840745750266,5.963538403384588,1,0,5.963538403384588,0,0,0,0,140.66292125394907,4924.524206349023,42.11515692666961
ESP,J,2014,35981,18865,9523.7,415.4,4.461504388894743,0.26468691809566164,ESP_J,11.666666666666,324.2452034870071,5.784579370126325,655.0521719598689,6.486240316208342,27.8358661570454,24947.85125059132,17.3,1.23401,87.9358520507812,63.39926213895003,10.124542975250144,1.2675550444444446,1,324.2452034870071,5.784579370126325,1,0,5.784579370126325,0,0,0,0,140.66292125394907,4848.121428571316,42.037718808660955
ESP,J,2015,36794,19691,15480.4,434.8,4.4382039121386745,0.4207316410284285,ESP_J,12.183333333332001,331.12282799728223,5.805504864343975,387.9840745750266,5.963538403384588,29.0099329346016,25982.44161977755,16.3,1.21165,88.5305328369141,63.58204122482321,10.16517626655454,1.2675550444444446,1,331.12282799728223,5.805504864343975,1,1,5.805504864343975,0,0,0,0,140.66292125394907,4647.597619047534,41.82852492251473
ESP,J,2016,37624,19981,14923.8,453.7,4.417961236954966,0.3966563895385924,ESP_J,19.344444444441,514.1517234860993,6.244461465985984,324.2452034870071,5.784579370126325,30.1986308494311,26719.24422686151,16.7,1.1808,89.810791015625,63.18867785072936,10.193139342327708,1.2675550444444446,1,514.1517234860993,6.244461465985984,1,1,6.244461465985984,0,0,0,0,140.66292125394907,4569.251984126879,41.74432991341419
ESP,J,2017,39885,21075,12634.3,488.1,4.403235289452128,0.3167682085997242,ESP_J,19.946825396818,500.108446704726,6.216822538149149,331.12282799728223,5.805504864343975,31.2964612808116,27426.281015093024,15.2,1.20198,92.070182800293,66.167446137857,10.21925699380983,1.2675550444444446,1,500.108446704726,6.216822538149149,1,1,6.216822538149149,0,0,0,0,140.66292125394907,4522.565079364952,41.693468256702886
ESP,J,2018,40648,22044,11671.2,507.1,4.383996690472594,0.2871285180082661,ESP_J,17.069444444440002,419.93319337827205,6.042474135528196,514.1517234860993,6.244461465985984,32.2277444368856,27956.722546648427,16.9,1.23288,92.5194931030273,67.00941039829213,10.238412970115377,1.2675550444444446,1,419.93319337827205,6.042474135528196,1,1,6.042474135528196,0,0,0,0,140.66292125394907,4324.649603174519,41.471860340284834
ESP,J,2019,42675,23938,12882.9,520.1,4.407347446883614,0.30188400702987694,ESP_J,15.983333333327,374.53622339372,5.928354933645333,500.108446704726,6.216822538149149,32.9220023670648,28301.43939495632,16.7,1.24207,91.5387725830078,66.36622504406921,10.250667944350491,1.2675550444444446,1,374.53622339372,5.928354933645333,1,1,5.928354933645333,0,0,0,0,140.66292125394907,4391.302380952244,41.547604658522204
ESP,J,2020,40487,24078,13672.6,525.9,4.343625133317447,0.3377034603699953,ESP_J,8.899999999996,219.8236470965001,5.3973644060257655,419.93319337827205,6.042474135528196,33.9527590155171,25077.01988292799,19.3,1.3963699999999999,91.59912109375,59.446128014707575,10.129707163242015,1.2675550444444446,1,219.8236470965001,5.3973644060257655,1,1,5.3973644060257655,0,0,0,0,140.66292125394907,4487.733333333183,41.65517875962503
ESP,J,2021,43558,27297,12147.1,567,4.341489358582802,0.278871849028881,ESP_J,8.666666666665,198.96842524140226,5.298159480291669,374.53622339372,5.928354933645333,34.9302420932073,26705.362913895937,19,1.39617,95.3768997192383,66.52458894319103,10.192619682417384,1.2675550444444446,1,198.96842524140226,5.298159480291669,1,1,5.298159480291669,0,0,0,0,140.66292125394907,4170.766666666529,41.292432895822735
ESP,J,2022,49632,29218,13276.4,622.4,4.378808093112084,0.267496776273372,ESP_J,3.8166666666649998,76.89931227161911,4.355417124488812,219.8236470965001,5.3973644060257655,35.7846414290159,28203.10934194735,19,1.40684,95.0271606445312,78.4657338703054,10.247187511200721,1.2675550444444446,1,76.89931227161911,4.355417124488812,1,0,4.355417124488812,0,0,0,0,140.66292125394907,2173.216666666588,38.06441209676456
ESP,K,2010,41244,23344,7361.7,402.3,4.630062847682091,0.17849141693337212,ESP_K,0,0,0,NA,NA,22.7418123101281,25766.251582574285,14.4,1.35436,76.3829116821289,52.69336997340191,10.156820836433829,2.05267,1,0,0,0,1,0,0,0,0,0,0,0,0
ESP,K,2011,38944,22703,10602.6,389,4.606300652168808,0.27225246507806083,ESP_K,0,0,0,NA,NA,23.7622851657887,25510.557967882934,14.7,1.32726,80.7240905761719,58.51182288596319,10.146847683412648,2.05267,1,0,0,1,1,0,0,0,0,0,0,0,0
ESP,K,2012,40135,21370,316.2,381,4.657204675438976,0.007878410365018063,ESP_K,0,0,0,0,0,24.5107487138578,24763.568274483976,15.8,1.29268,82.89208984375,60.55403469618635,10.11712883089339,2.05267,1,0,0,0,0,0,0,0,0,0,0,0,0
ESP,K,2013,33670,21084,4845,369,4.513565868114593,0.1438966438966439,ESP_K,0,0,0,0,0,26.1458798389403,24498.55595079448,16.9,1.26864,85.1826324462891,61.66877264413271,10.106369454011844,2.05267,1,0,0,0,1,0,0,0,0,0,0,0,0
ESP,K,2014,36682,20533,4845,361.4,4.62005607235285,0.13208112970939426,ESP_K,0,0,0,0,0,27.8358661570454,24947.85125059132,17.3,1.23401,87.9358520507812,63.39926213895003,10.124542975250144,2.05267,1,0,0,0,1,0,0,0,0,0,0,0,0
ESP,K,2015,37138,20340,4845,356.4,4.646342287563887,0.13045936776347677,ESP_K,0,0,0,0,0,29.0099329346016,25982.44161977755,16.3,1.21165,88.5305328369141,63.58204122482321,10.16517626655454,2.05267,1,0,0,0,1,0,0,0,0,0,0,0,0
ESP,K,2016,39036,20127,5083.8,359.1,4.688638675029314,0.13023363049492775,ESP_K,0,0,0,0,0,30.1986308494311,26719.24422686151,16.7,1.1808,89.810791015625,63.18867785072936,10.193139342327708,2.05267,1,0,0,0,1,0,0,0,0,0,0,0,0
ESP,K,2017,40551,19539,3915.9,357.1,4.732299865551535,0.0965672856403048,ESP_K,0,0,0,0,0,31.2964612808116,27426.281015093024,15.2,1.20198,92.070182800293,66.167446137857,10.21925699380983,2.05267,1,0,0,0,0,0,0,0,0,0,0,0,0
ESP,K,2018,44539,19823,1431,356.9,4.826664858334417,0.032129145243494465,ESP_K,0,0,0,0,0,32.2277444368856,27956.722546648427,16.9,1.23288,92.5194931030273,67.00941039829213,10.238412970115377,2.05267,1,0,0,0,0,0,0,0,0,0,0,0,0
ESP,K,2019,43851,20344,983.5,349.5,4.832049240883538,0.022428222845545142,ESP_K,0,0,0,0,0,32.9220023670648,28301.43939495632,16.7,1.24207,91.5387725830078,66.36622504406921,10.250667944350491,2.05267,1,0,0,0,0,0,0,0,0,0,0,0,0
ESP,K,2020,45965,19837,4945.3,352.1,4.871720290136848,0.10758838246491896,ESP_K,0,0,0,0,0,33.9527590155171,25077.01988292799,19.3,1.3963699999999999,91.59912109375,59.446128014707575,10.129707163242015,2.05267,1,0,0,0,0,0,0,0,0,0,0,0,0
ESP,K,2021,46505,19870,1767.3,353.4,4.879714552790971,0.03800236533706053,ESP_K,0,0,0,0,0,34.9302420932073,26705.362913895937,19,1.39617,95.3768997192383,66.52458894319103,10.192619682417384,2.05267,1,0,0,0,0,0,0,0,0,0,0,0,0
ESP,K,2022,52948,19824,6018.7,348.9,5.022280230640933,0.11367190451008537,ESP_K,0,0,0,0,0,35.7846414290159,28203.10934194735,19,1.40684,95.0271606445312,78.4657338703054,10.247187511200721,2.05267,1,0,0,0,1,0,0,0,0,0,0,0,0
ESP,M_N,2010,74231,48705,10505,2187.9,3.5242396730047467,0.14151769476364323,ESP_M_N,0,0,0,NA,NA,22.7418123101281,25766.251582574285,14.4,1.35436,76.3829116821289,52.69336997340191,10.156820836433829,0.9246918833333334,1,0,0,0,0,0,0,0,0,0,0,0,0
ESP,M_N,2011,76553,48513,10663.9,2144.3,3.5751701526145823,0.1393008765169229,ESP_M_N,0,0,0,NA,NA,23.7622851657887,25510.557967882934,14.7,1.32726,80.7240905761719,58.51182288596319,10.146847683412648,0.9246918833333334,1,0,0,0,0,0,0,0,0,0,0,0,0
ESP,M_N,2012,73550,47116,10868,2092.8,3.559462564766704,0.1477634262406526,ESP_M_N,0,0,0,0,0,24.5107487138578,24763.568274483976,15.8,1.29268,82.89208984375,60.55403469618635,10.11712883089339,0.9246918833333334,1,0,0,0,0,0,0,0,0,0,0,0,0
ESP,M_N,2013,73483,46726,10979.9,2073.5,3.5678160862452457,0.1494209545064845,ESP_M_N,0,0,0,0,0,26.1458798389403,24498.55595079448,16.9,1.26864,85.1826324462891,61.66877264413271,10.106369454011844,0.9246918833333334,1,0,0,0,0,0,0,0,0,0,0,0,0
ESP,M_N,2014,77321,50552,14688.9,2158.3,3.5786447127380643,0.18997296982708448,ESP_M_N,0,0,0,0,0,27.8358661570454,24947.85125059132,17.3,1.23401,87.9358520507812,63.39926213895003,10.124542975250144,0.9246918833333334,1,0,0,0,1,0,0,0,0,0,0,0,0
ESP,M_N,2015,84287,53904,15812.8,2266.2,3.616123222001066,0.187606629729377,ESP_M_N,0,0,0,0,0,29.0099329346016,25982.44161977755,16.3,1.21165,88.5305328369141,63.58204122482321,10.16517626655454,0.9246918833333334,1,0,0,0,1,0,0,0,0,0,0,0,0
ESP,M_N,2016,87088,54908,12523.9,2301.1,3.633531832217453,0.1438074131912548,ESP_M_N,0,0,0,0,0,30.1986308494311,26719.24422686151,16.7,1.1808,89.810791015625,63.18867785072936,10.193139342327708,0.9246918833333334,1,0,0,0,0,0,0,0,0,0,0,0,0
ESP,M_N,2017,91586,57073,17016.3,2393.2,3.6446470390374146,0.18579586399668072,ESP_M_N,0,0,0,0,0,31.2964612808116,27426.281015093024,15.2,1.20198,92.070182800293,66.167446137857,10.21925699380983,0.9246918833333334,1,0,0,0,1,0,0,0,0,0,0,0,0
ESP,M_N,2018,96643,60255,20341.5,2450.7,3.674650078717241,0.21048084186128327,ESP_M_N,0,0,0,0,0,32.2277444368856,27956.722546648427,16.9,1.23288,92.5194931030273,67.00941039829213,10.238412970115377,0.9246918833333334,1,0,0,0,1,0,0,0,0,0,0,0,0
ESP,M_N,2019,103662,65803,21977.4,2558.1,3.7018708109867235,0.21201018695375357,ESP_M_N,0,0,0,0,0,32.9220023670648,28301.43939495632,16.7,1.24207,91.5387725830078,66.36622504406921,10.250667944350491,0.9246918833333334,1,0,0,0,1,0,0,0,0,0,0,0,0
ESP,M_N,2020,92513,66019,17731.3,2512.2,3.606190311913008,0.1916627933371526,ESP_M_N,0,0,0,0,0,33.9527590155171,25077.01988292799,19.3,1.3963699999999999,91.59912109375,59.446128014707575,10.129707163242015,0.9246918833333334,1,0,0,0,1,0,0,0,0,0,0,0,0
ESP,M_N,2021,101823,71982,22303.5,2592.7,3.6705362080413986,0.2190418667688047,ESP_M_N,0,0,0,0,0,34.9302420932073,26705.362913895937,19,1.39617,95.3768997192383,66.52458894319103,10.192619682417384,0.9246918833333334,1,0,0,0,1,0,0,0,0,0,0,0,0
ESP,M_N,2022,114694,79214,23768,2741.1,3.733908412701651,0.20722967199679146,ESP_M_N,0,0,0,0,0,35.7846414290159,28203.10934194735,19,1.40684,95.0271606445312,78.4657338703054,10.247187511200721,0.9246918833333334,1,0,0,0,1,0,0,0,0,0,0,0,0
FIN,C,2010,32059,16692,7246,365.9,4.47297316213601,0.22602077419757322,FIN_C,121.66666666666501,3795.086143256652,8.241725852637941,NA,NA,29.0751116373162,43556.53858343677,33.4,3.70524,93.1867599487305,75.46120852312288,10.681815110699374,-0.4842254202898551,0,0,0,1,0,8.241725852637941,0,1,0,8.241725852637941,3795.086143256652,14592.148412698076,79.02420107018042
FIN,C,2011,32327,17360,7203,370,4.470155067704215,0.22281684041203947,FIN_C,237.599999999997,7349.893278064683,8.90257711925274,NA,NA,29.8056452931485,44391.45356679841,35.1,3.62434,93.2884292602539,78.71594444866055,10.700802242658002,-0.4842254202898551,0,0,0,1,0,8.90257711925274,0,1,0,8.90257711925274,3795.086143256652,15494.795238094937,79.5188412724385
FIN,C,2012,29246,17694,6845,368.6,4.373786045936101,0.234049100731724,FIN_C,124.119047619047,4243.966614889113,8.353489234141875,3795.086143256652,8.241725852637941,30.4323757921866,43507.934537157846,38.7,3.4095,91.5533828735352,79.43037658824821,10.680698603596397,-0.4842254202898551,0,0,0,1,1,8.353489234141875,0,1,0,8.353489234141875,3795.086143256652,16415.552380952147,79.99456526990544
FIN,C,2013,29799,17121,6321,354.9,4.430394055231015,0.21212121212121213,FIN_C,160.83333333332502,5397.272839133025,8.593834336786175,7349.893278064683,8.90257711925274,31.6268291557372,42883.63849864172,38.5,3.28462,91.2365264892578,77.48517177157403,10.66624564519155,-0.4842254202898551,0,0,0,1,0,8.593834336786175,0,1,0,8.593834336786175,3795.086143256652,15450.399999999805,79.49519495297581
FIN,C,2014,30060,16921,6274,345.1,4.4671164332030076,0.20871590153027278,FIN_C,168.14999999999702,5593.812375249402,8.629595085822594,4243.966614889113,8.353489234141875,32.1970293411336,42502.488019985794,41.2,3.16344,89.9938812255859,74.62777197541959,10.657317894845738,-0.4842254202898551,0,0,0,1,0,8.629595085822594,0,1,0,8.629595085822594,3795.086143256652,16246.280952380748,79.90914350182761
FIN,C,2015,31195,17108,6546,339.9,4.519361647842817,0.2098413207244751,FIN_C,126.39999999999901,4051.9313992626708,8.307195700569117,5397.272839133025,8.593834336786175,31.5690938053918,42560.34567671027,43.2,2.88826,89.6573791503906,71.96182537870138,10.658678246085696,-0.4842254202898551,0,0,0,1,0,8.307195700569117,0,1,0,8.307195700569117,3795.086143256652,16167.097619047394,79.86887813074382
FIN,C,2016,31813,17156,6673,336.3,4.5496266715154805,0.20975701757143306,FIN_C,183.499999999999,5768.0822305346555,8.660268288018132,5593.812375249402,8.629595085822594,31.152937083259,43529.676161696894,42.4,2.74716,89.3280029296875,71.72221011788594,10.681198195090618,-0.4842254202898551,0,0,0,1,0,8.660268288018132,0,1,0,8.660268288018132,3795.086143256652,17244.55833333312,80.40058981470735
FIN,C,2017,34547,17021,7432,336.6,4.631180712988935,0.21512721799287926,FIN_C,156.75,4537.297015659826,8.420307113982426,4051.9313992626708,8.307195700569117,31.0435197469463,44862.22040420497,44.4,2.74723,90.6983871459961,75.93878223100407,10.711351303153466,-0.4842254202898551,0,0,0,1,0,8.420307113982426,0,1,0,8.420307113982426,3795.086143256652,17090.51333333319,80.32664028348826
FIN,C,2018,34299,17499,7428,342.3,4.60718393267394,0.21656608064375055,FIN_C,172.233333333333,5021.526380749672,8.521688349188919,5768.0822305346555,8.660268288018132,31.491717515124,45337.24095505746,44.2,2.77601,92.3850021362305,79.14361484228456,10.721884069873317,-0.4842254202898551,0,0,0,1,0,8.521688349188919,0,1,0,8.521688349188919,3795.086143256652,16330.538095237902,79.95177401092099
FIN,C,2019,35091,17799,8008,343.4,4.6268040178554415,0.2282066626770397,FIN_C,190.833333333332,5438.24152441743,8.601394904470768,4537.297015659826,8.420307113982426,32.5439773811208,45898.57084489545,45.4,2.81534,94.5891189575195,80.56415029473666,10.734189259287104,-0.4842254202898551,0,0,0,1,1,8.601394904470768,1,1,8.601394904470768,8.601394904470768,3795.086143256652,16285.533333332995,79.92903096519136
FIN,C,2020,34331,17298,7641,337.2,4.623127788941449,0.22256852407445166,FIN_C,149.249999999999,4347.382831842911,8.377559292167078,5021.526380749672,8.521688349188919,33.3838974597133,44690.980110307435,47.3,2.93278,96.4726333618164,72.1845955995888,10.707526972998432,-0.4842254202898551,0,0,0,1,0,8.377559292167078,0,1,0,8.377559292167078,3795.086143256652,15906.049999999797,79.73472252585809
FIN,C,2021,37166,18550,9229,338,4.700103748350577,0.24831835548619707,FIN_C,140.5,3780.336867029005,8.237832894613854,5438.24152441743,8.601394904470768,33.6396818306917,45792.04541808715,50.2,3.01133,100.868072509766,79.78927819137817,10.731865674190223,-0.4842254202898551,0,0,0,1,1,8.237832894613854,0,1,0,8.237832894613854,3795.086143256652,10655.833333333192,76.43340780815741
FIN,C,2022,41930,19669,10318,346.3,4.796451388756432,0.24607679465776294,FIN_C,43.83333333333201,1045.3931155099453,6.953104401466789,4347.382831842911,8.377559292167078,34.2951599474189,46016.149210392905,50.2,2.982,104.944221496582,94.56253405226671,10.736747683651803,-0.4842254202898551,0,0,0,1,1,6.953104401466789,1,1,6.953104401466789,6.953104401466789,3795.086143256652,6497.183333333257,72.35640188021107
FIN,D_E,2010,5710,1245,3039,25.5,5.411295850485676,0.5322241681260945,FIN_D_E,397.849999999994,69676.00700525289,11.151625657177524,NA,NA,29.0751116373162,43556.53858343677,33.4,3.70524,93.1867599487305,75.46120852312288,10.681815110699374,-0.4190017,0,0,0,1,1,11.151625657177524,0,1,0,11.151625657177524,69676.00700525289,72306.56666666572,124.77201622456629
FIN,D_E,2011,5324,1308,2674,25.3,5.3491757837815275,0.5022539444027048,FIN_D_E,351.94999999998896,66106.3110443255,11.09903462553771,NA,NA,29.8056452931485,44391.45356679841,35.1,3.62434,93.2884292602539,78.71594444866055,10.700802242658002,-0.4190017,0,0,0,1,1,11.09903462553771,0,1,0,11.09903462553771,69676.00700525289,76658.50936507841,125.42377164318917
FIN,D_E,2012,5383,1376,2389,25.9,5.3367581498554655,0.4438045699424113,FIN_D_E,330.43809523809,61385.49047707413,11.024945065122873,69676.00700525289,11.151625657177524,30.4323757921866,43507.934537157846,38.7,3.4095,91.5533828735352,79.43037658824821,10.680698603596397,-0.4190017,0,0,0,1,0,11.024945065122873,0,1,0,11.024945065122873,69676.00700525289,76015.08571428491,125.32977807247075
FIN,D_E,2013,5729,1391,2662,26.1,5.39136096007993,0.46465351719322745,FIN_D_E,332.416666666663,58023.50613835975,10.968620719919166,66106.3110443255,11.09903462553771,31.6268291557372,42883.63849864172,38.5,3.28462,91.2365264892578,77.48517177157403,10.66624564519155,-0.4190017,0,0,0,1,0,10.968620719919166,0,1,0,10.968620719919166,69676.00700525289,70677.13571428513,124.51784269045939
FIN,D_E,2014,5825,1367,3072,25.6,5.427321926948385,0.5273819742489271,FIN_D_E,305.24999999999704,52403.43347639434,10.866746475058187,61385.49047707413,11.024945065122873,32.1970293411336,42502.488019985794,41.2,3.16344,89.9938812255859,74.62777197541959,10.657317894845738,-0.4190017,0,0,0,1,1,10.866746475058187,0,1,0,10.866746475058187,69676.00700525289,68556.14999999948,124.17806864051717
FIN,D_E,2015,5714,1382,3143,25.5,5.4119961306263376,0.5500525026251313,FIN_D_E,245.416666666664,42950.06416987469,10.667816704052482,58023.50613835975,10.968620719919166,31.5690938053918,42560.34567671027,43.2,2.88826,89.6573791503906,71.96182537870138,10.658678246085696,-0.4190017,0,0,0,1,1,10.667816704052482,0,1,0,10.667816704052482,69676.00700525289,63729.12380952332,123.3638845264354
FIN,D_E,2016,5660,1414,3833,25.8,5.390804679269657,0.677208480565371,FIN_D_E,285.316666666664,50409.30506478163,10.827950898730288,52403.43347639434,10.866746475058187,31.152937083259,43529.676161696894,42.4,2.74716,89.3280029296875,71.72221011788594,10.681198195090618,-0.4190017,0,0,0,1,1,10.827950898730288,0,1,0,10.827950898730288,69676.00700525289,66009.78333333286,123.75598416507597
FIN,D_E,2017,5901,1412,4214,25.9,5.4286341383516765,0.7141162514827996,FIN_D_E,303.08333333333,51361.35118341468,10.846660715809316,42950.06416987469,10.667816704052482,31.0435197469463,44862.22040420497,44.4,2.74723,90.6983871459961,75.93878223100407,10.711351303153466,-0.4190017,0,0,0,1,1,10.846660715809316,0,1,0,10.846660715809316,69676.00700525289,63385.64444444402,123.30361926521032
FIN,D_E,2018,6120,1455,3799,26.3,5.449748436322653,0.6207516339869281,FIN_D_E,339.66666666666504,55501.089324618464,10.924175944514573,50409.30506478163,10.827950898730288,31.491717515124,45337.24095505746,44.2,2.77601,92.3850021362305,79.14361484228456,10.721884069873317,-0.4190017,0,0,0,1,1,10.924175944514573,0,1,0,10.924175944514573,69676.00700525289,59305.8395238091,122.56171781601086
FIN,D_E,2019,6718,1519,2857,27,5.516708904167909,0.42527537957725514,FIN_D_E,245.666666666664,36568.42314180769,10.506967736936643,51361.35118341468,10.846660715809316,32.5439773811208,45898.57084489545,45.4,2.81534,94.5891189575195,80.56415029473666,10.734189259287104,-0.4190017,0,0,0,1,0,10.506967736936643,1,1,10.506967736936643,10.506967736936643,69676.00700525289,58132.89761904709,122.33895620358737
FIN,D_E,2020,6607,1547,3440,27.5,5.48169896735736,0.5206599061601332,FIN_D_E,295.083333333331,44662.22693103239,10.706905778292855,55501.089324618464,10.924175944514573,33.3838974597133,44690.980110307435,47.3,2.93278,96.4726333618164,72.1845955995888,10.707526972998432,-0.4190017,0,0,0,1,1,10.706905778292855,0,1,0,10.706905778292855,69676.00700525289,62344.46428571374,123.11892313785192
FIN,D_E,2021,7143,1652,3911,28,5.541683624979768,0.5475290494190116,FIN_D_E,302.249999999996,42314.1537169251,10.652900544779284,36568.42314180769,10.506967736936643,33.6396818306917,45792.04541808715,50.2,3.01133,100.868072509766,79.78927819137817,10.731865674190223,-0.4190017,0,0,0,1,1,10.652900544779284,0,1,0,10.652900544779284,69676.00700525289,57897.88333333292,122.2937828499777
FIN,D_E,2022,8774,1773,4440,28.9,5.715706486607773,0.5060405744244358,FIN_D_E,124.249999999999,14161.157966719742,9.55832875441584,44662.22693103239,10.706905778292855,34.2951599474189,46016.149210392905,50.2,2.982,104.944221496582,94.56253405226671,10.736747683651803,-0.4190017,0,0,0,1,1,9.55832875441584,1,1,9.55832875441584,9.55832875441584,69676.00700525289,48325.41666666613,120.278463757636
FIN,G,2010,15427,9545,1299,292.3,3.9660938278947393,0.08420302067803202,FIN_G,0,0,0,NA,NA,29.0751116373162,43556.53858343677,33.4,3.70524,93.1867599487305,75.46120852312288,10.681815110699374,0.06857736764705884,1,0,0,0,0,0,0,1,0,0,0,0,0
FIN,G,2011,16773,10098,1436,294.7,4.041567839951106,0.08561378405771179,FIN_G,0,0,0,NA,NA,29.8056452931485,44391.45356679841,35.1,3.62434,93.2884292602539,78.71594444866055,10.700802242658002,0.06857736764705884,1,0,0,0,0,0,0,1,0,0,0,0,0
FIN,G,2012,17543,10555,1868,303.1,4.058347504865427,0.1064812175796614,FIN_G,0,0,0,0,0,30.4323757921866,43507.934537157846,38.7,3.4095,91.5533828735352,79.43037658824821,10.680698603596397,0.06857736764705884,1,0,0,0,1,0,0,1,0,0,0,0,0
FIN,G,2013,17306,10744,1588,300.4,4.053693621276705,0.0917600832081359,FIN_G,0,0,0,0,0,31.6268291557372,42883.63849864172,38.5,3.28462,91.2365264892578,77.48517177157403,10.66624564519155,0.06857736764705884,1,0,0,0,0,0,0,1,0,0,0,0,0
FIN,G,2014,16805,10752,1630,298.7,4.029992014937142,0.0969949419815531,FIN_G,0,0,0,0,0,32.1970293411336,42502.488019985794,41.2,3.16344,89.9938812255859,74.62777197541959,10.657317894845738,0.06857736764705884,1,0,0,0,0,0,0,1,0,0,0,0,0
FIN,G,2015,16857,10747,1315,295.8,4.042837729503608,0.07800913567064127,FIN_G,0,0,0,0,0,31.5690938053918,42560.34567671027,43.2,2.88826,89.6573791503906,71.96182537870138,10.658678246085696,0.06857736764705884,1,0,0,0,0,0,0,1,0,0,0,0,0
FIN,G,2016,16803,10909,1828,291.9,4.052901443017873,0.10879009700648694,FIN_G,0,0,0,0,0,31.152937083259,43529.676161696894,42.4,2.74716,89.3280029296875,71.72221011788594,10.681198195090618,0.06857736764705884,1,0,0,0,1,0,0,1,0,0,0,0,0
FIN,G,2017,17534,10925,1895,284.9,4.119758890644668,0.10807573856507358,FIN_G,0,0,0,0,0,31.0435197469463,44862.22040420497,44.4,2.74723,90.6983871459961,75.93878223100407,10.711351303153466,0.06857736764705884,1,0,0,0,1,0,0,1,0,0,0,0,0
FIN,G,2018,17777,11159,2074,289,4.119234077810253,0.11666760420768409,FIN_G,0,0,0,0,0,31.491717515124,45337.24095505746,44.2,2.77601,92.3850021362305,79.14361484228456,10.721884069873317,0.06857736764705884,1,0,0,0,1,0,0,1,0,0,0,0,0
FIN,G,2019,17939,11417,1868,289,4.1283057045866585,0.10413066503149562,FIN_G,0,0,0,0,0,32.5439773811208,45898.57084489545,45.4,2.81534,94.5891189575195,80.56415029473666,10.734189259287104,0.06857736764705884,1,0,0,0,1,0,1,1,0,0,0,0,0
FIN,G,2020,18421,11108,1825,276.7,4.198312710359337,0.0990717116334618,FIN_G,0,0,0,0,0,33.3838974597133,44690.980110307435,47.3,2.93278,96.4726333618164,72.1845955995888,10.707526972998432,0.06857736764705884,1,0,0,0,0,0,0,1,0,0,0,0,0
FIN,G,2021,19070,11899,2065,286.8,4.1970865898689995,0.10828526481384373,FIN_G,0,0,0,0,0,33.6396818306917,45792.04541808715,50.2,3.01133,100.868072509766,79.78927819137817,10.731865674190223,0.06857736764705884,1,0,0,0,1,0,0,1,0,0,0,0,0
FIN,G,2022,19579,12461,2043,292.9,4.202381588423585,0.10434649369222125,FIN_G,0,0,0,0,0,34.2951599474189,46016.149210392905,50.2,2.982,104.944221496582,94.56253405226671,10.736747683651803,0.06857736764705884,1,0,0,0,1,0,1,1,0,0,0,0,0
FIN,H,2010,8462,5483,1275,154.5,4.003146734942213,0.15067359962183882,FIN_H,102.333333333332,12093.279760497755,9.400487872738406,NA,NA,29.0751116373162,43556.53858343677,33.4,3.70524,93.1867599487305,75.46120852312288,10.681815110699374,-0.3927636321428572,0,0,0,0,0,0,0,1,0,9.400487872738406,12093.279760497755,28051.99666666651,96.27839365960591
FIN,H,2011,8769,5710,1516,155,4.035552936860109,0.17288174250199567,FIN_H,81.999999999996,9351.123275173453,9.143358684755944,NA,NA,29.8056452931485,44391.45356679841,35.1,3.62434,93.2884292602539,78.71594444866055,10.700802242658002,-0.3927636321428572,0,0,0,0,0,0,0,1,0,9.143358684755944,12093.279760497755,33220.09999999983,97.86791986894619
FIN,H,2012,9054,5790,1437,152.7,4.082486715771317,0.1587143803843605,FIN_H,102.833333333332,11357.77925042324,9.337746226150799,12093.279760497755,9.400487872738406,30.4323757921866,43507.934537157846,38.7,3.4095,91.5533828735352,79.43037658824821,10.680698603596397,-0.3927636321428572,0,0,0,0,0,0,0,1,0,9.337746226150799,12093.279760497755,31855.705555555356,97.47368859274161
FIN,H,2013,8943,5789,1467,149.7,4.089993090920599,0.1640389131164039,FIN_H,126.333333333333,14126.504901412613,9.555878878445196,9351.123275173453,9.143358684755944,31.6268291557372,42883.63849864172,38.5,3.28462,91.2365264892578,77.48517177157403,10.66624564519155,-0.3927636321428572,0,0,0,0,0,0,0,1,0,9.555878878445196,12093.279760497755,30658.466666666536,97.11358958288957
FIN,H,2014,8885,5769,1245,148.4,4.092208409855472,0.14012380416432188,FIN_H,134.666666666665,15156.631026073721,9.626259382214888,11357.77925042324,9.337746226150799,32.1970293411336,42502.488019985794,41.2,3.16344,89.9938812255859,74.62777197541959,10.657317894845738,-0.3927636321428572,0,0,0,0,0,0,0,1,0,9.626259382214888,12093.279760497755,30935.416666666493,97.19812389004542
FIN,H,2015,8983,5718,1427,147.9,4.1065528115124525,0.15885561616386507,FIN_H,110.166666666666,12263.90589632261,9.414497284125252,14126.504901412613,9.555878878445196,31.5690938053918,42560.34567671027,43.2,2.88826,89.6573791503906,71.96182537870138,10.658678246085696,-0.3927636321428572,0,0,0,0,0,0,0,1,0,9.414497284125252,12093.279760497755,29998.163333333145,96.90892229420328
FIN,H,2016,8912,5766,2010,145.1,4.117730802276923,0.22553859964093356,FIN_H,150,16831.238779174146,9.731051301461896,15156.631026073721,9.626259382214888,31.152937083259,43529.676161696894,42.4,2.74716,89.3280029296875,71.72221011788594,10.681198195090618,-0.3927636321428572,0,0,0,1,0,9.731051301461896,0,1,0,9.731051301461896,12093.279760497755,32418.263333333194,97.63824317499922
FIN,H,2017,9217,5781,1907,143.8,4.160381438706718,0.2069002929369643,FIN_H,112.333333333332,12187.6243173844,9.408258362734001,12263.90589632261,9.414497284125252,31.0435197469463,44862.22040420497,44.4,2.74723,90.6983871459961,75.93878223100407,10.711351303153466,-0.3927636321428572,0,0,0,1,0,9.408258362734001,0,1,0,9.408258362734001,12093.279760497755,32578.599999999868,97.68462078440396
FIN,H,2018,9250,6024,2074,145.9,4.149457374977731,0.2242162162162162,FIN_H,107.833333333332,11657.657657657513,9.3638043295772,16831.238779174146,9.731051301461896,31.491717515124,45337.24095505746,44.2,2.77601,92.3850021362305,79.14361484228456,10.721884069873317,-0.3927636321428572,0,0,0,1,0,9.3638043295772,0,1,0,9.3638043295772,12093.279760497755,32135.26333333314,97.55582249786777
FIN,H,2019,9638,6183,2317,148.1,4.175581175926525,0.24040257314795602,FIN_H,108,11205.64432454866,9.32426212464724,12187.6243173844,9.408258362734001,32.5439773811208,45898.57084489545,45.4,2.81534,94.5891189575195,80.56415029473666,10.734189259287104,-0.3927636321428572,0,0,0,1,0,9.32426212464724,1,1,9.32426212464724,9.32426212464724,12093.279760497755,31340.04999999973,97.32028056957357
FIN,H,2020,7835,5543,1935,139.8,4.026143324990411,0.24696873005743458,FIN_H,88,11231.652839821314,9.326580247779969,11657.657657657513,9.3638043295772,33.3838974597133,44690.980110307435,47.3,2.93278,96.4726333618164,72.1845955995888,10.707526972998432,-0.3927636321428572,0,0,0,1,0,9.326580247779969,0,1,0,9.326580247779969,12093.279760497755,27366.16666666651,96.04571784807288
FIN,H,2021,8250,5718,1714,139.4,4.080620981002303,0.20775757575757575,FIN_H,47,5696.969696969697,8.647865196856575,11205.64432454866,9.32426212464724,33.6396818306917,45792.04541808715,50.2,3.01133,100.868072509766,79.78927819137817,10.731865674190223,-0.3927636321428572,0,0,0,1,0,8.647865196856575,0,1,0,8.647865196856575,12093.279760497755,17203.449999999877,91.68223767795361
FIN,H,2022,9524,6264,2501,143.2,4.197327953080208,0.2625997480050399,FIN_H,44,4619.907601847964,8.438346415398332,11231.652839821314,9.326580247779969,34.2951599474189,46016.149210392905,50.2,2.982,104.944221496582,94.56253405226671,10.736747683651803,-0.3927636321428572,0,0,0,1,0,8.438346415398332,1,1,8.438346415398332,8.438346415398332,12093.279760497755,11047.383333333253,87.5189123951387
FIN,J,2010,8208,4736,1697,93.5,4.4749031311159095,0.2067495126705653,FIN_J,57.749999999994,7035.818713449562,8.858911459726158,NA,NA,29.0751116373162,43556.53858343677,33.4,3.70524,93.1867599487305,75.46120852312288,10.681815110699374,1.2675550444444446,1,7035.818713449562,8.858911459726158,1,0,8.858911459726158,0,1,0,8.858911459726158,7035.818713449562,3589.149999999889,72.51859973773277
FIN,J,2011,8573,5008,1734,94.6,4.506715532620923,0.2022629184649481,FIN_J,92.166666666664,10750.806796531437,9.282829093528887,NA,NA,29.8056452931485,44391.45356679841,35.1,3.62434,93.2884292602539,78.71594444866055,10.700802242658002,1.2675550444444446,1,10750.806796531437,9.282829093528887,1,0,9.282829093528887,0,1,0,9.282829093528887,7035.818713449562,4040.8476190474644,73.56845103691347
FIN,J,2012,8949,5173,1839,95.8,4.5370343882060435,0.20549782098558497,FIN_J,144.749999999995,16174.991619174767,9.691283423157667,7035.818713449562,8.858911459726158,30.4323757921866,43507.934537157846,38.7,3.4095,91.5533828735352,79.43037658824821,10.680698603596397,1.2675550444444446,1,16174.991619174767,9.691283423157667,1,0,9.691283423157667,0,1,0,9.691283423157667,7035.818713449562,4993.943650793399,75.44409708523968
FIN,J,2013,9295,5477,2015,98.6,4.546160638546954,0.21678321678321677,FIN_J,85.49999999999301,9198.493813877678,9.126903741292777,10750.806796531437,9.282829093528887,31.6268291557372,42883.63849864172,38.5,3.28462,91.2365264892578,77.48517177157403,10.66624564519155,1.2675550444444446,1,9198.493813877678,9.126903741292777,1,0,9.126903741292777,0,1,0,9.126903741292777,7035.818713449562,4853.2426587299815,75.19097111255137
FIN,J,2014,9820,5497,2254,98,4.607208922677939,0.22953156822810591,FIN_J,85.449999999996,8701.629327901834,9.071380480580839,16174.991619174767,9.691283423157667,32.1970293411336,42502.488019985794,41.2,3.16344,89.9938812255859,74.62777197541959,10.657317894845738,1.2675550444444446,1,8701.629327901834,9.071380480580839,1,0,9.071380480580839,0,1,0,9.071380480580839,7035.818713449562,4774.338095237986,75.04578842924697
FIN,J,2015,10285,5736,2301,99.9,4.63427211643255,0.22372386971317454,FIN_J,68.49999999999801,6660.184735050852,8.804052635859989,9198.493813877678,9.126903741292777,31.5690938053918,42560.34567671027,43.2,2.88826,89.6573791503906,71.96182537870138,10.658678246085696,1.2675550444444446,1,6660.184735050852,8.804052635859989,1,0,8.804052635859989,0,1,0,8.804052635859989,7035.818713449562,4591.280952380867,74.69951186015282
FIN,J,2016,10679,5915,2266,100.3,4.667868780203655,0.21219215282329806,FIN_J,50.404761904757,4719.988941357525,8.459773578107095,8701.629327901834,9.071380480580839,31.152937083259,43529.676161696894,42.4,2.74716,89.3280029296875,71.72221011788594,10.681198195090618,1.2675550444444446,1,4719.988941357525,8.459773578107095,1,0,8.459773578107095,0,1,0,8.459773578107095,7035.818713449562,4538.191666666563,74.59650140381511
FIN,J,2017,11332,6362,2402,104.4,4.687156185501869,0.21196611366043064,FIN_J,41.449999999999,3657.78326861975,8.204885930857069,6660.184735050852,8.804052635859989,31.0435197469463,44862.22040420497,44.4,2.74723,90.6983871459961,75.93878223100407,10.711351303153466,1.2675550444444446,1,3657.78326861975,8.204885930857069,1,0,8.204885930857069,0,1,0,8.204885930857069,7035.818713449562,4501.061904761771,74.52373912150792
FIN,J,2018,11711,6722,2960,108.7,4.679692055914973,0.25275382119374945,FIN_J,66.649999999999,5691.230467082145,8.646857448039066,4719.988941357525,8.459773578107095,31.491717515124,45337.24095505746,44.2,2.77601,92.3850021362305,79.14361484228456,10.721884069873317,1.2675550444444446,1,5691.230467082145,8.646857448039066,1,0,8.646857448039066,0,1,0,8.646857448039066,7035.818713449562,4275.06904761896,74.06749320277794
FIN,J,2019,12305,6979,2441,110.4,4.7136508289821615,0.1983746444534742,FIN_J,65.316666666658,5308.140322361479,8.57718520326875,3657.78326861975,8.204885930857069,32.5439773811208,45898.57084489545,45.4,2.81534,94.5891189575195,80.56415029473666,10.734189259287104,1.2675550444444446,1,5308.140322361479,8.57718520326875,1,0,8.57718520326875,1,1,8.57718520326875,8.57718520326875,7035.818713449562,4341.969047618913,74.20501970458342
FIN,J,2020,12670,7191,2812,111.5,4.732967682415011,0.2219415943172849,FIN_J,62.833333333325,4959.221257563142,8.509205627103714,5691.230467082145,8.646857448039066,33.3838974597133,44690.980110307435,47.3,2.93278,96.4726333618164,72.1845955995888,10.707526972998432,1.2675550444444446,1,4959.221257563142,8.509205627103714,1,0,8.509205627103714,0,1,0,8.509205627103714,7035.818713449562,4433.799999999854,74.3903861578457
FIN,J,2021,13796,7929,2988,117.2,4.76825209691382,0.2165845172513772,FIN_J,62.116666666658006,4502.51280564352,8.412612994706715,5308.140322361479,8.57718520326875,33.6396818306917,45792.04541808715,50.2,3.01133,100.868072509766,79.78927819137817,10.731865674190223,1.2675550444444446,1,4502.51280564352,8.412612994706715,1,0,8.412612994706715,0,1,0,8.412612994706715,7035.818713449562,4117.316666666537,73.73448993745335
FIN,J,2022,14064,8639,2810,123.8,4.732706259674463,0.1998009101251422,FIN_J,30.866666666662,2194.7288585510523,7.694269324401131,4959.221257563142,8.509205627103714,34.2951599474189,46016.149210392905,50.2,2.982,104.944221496582,94.56253405226671,10.736747683651803,1.2675550444444446,1,2194.7288585510523,7.694269324401131,1,0,7.694269324401131,1,1,7.694269324401131,7.694269324401131,7035.818713449562,2146.166666666591,67.964722006971
FIN,K,2010,4676,2629,443,46.6,4.608597781460359,0.09473909324208725,FIN_K,0,0,0,NA,NA,29.0751116373162,43556.53858343677,33.4,3.70524,93.1867599487305,75.46120852312288,10.681815110699374,2.05267,1,0,0,0,0,0,0,1,0,0,0,0,0
FIN,K,2011,4897,2769,476,47.4,4.637755823001287,0.09720236879722279,FIN_K,0,0,0,NA,NA,29.8056452931485,44391.45356679841,35.1,3.62434,93.2884292602539,78.71594444866055,10.700802242658002,2.05267,1,0,0,0,0,0,0,1,0,0,0,0,0
FIN,K,2012,4984,2813,438,47.1,4.661715059444917,0.08788121990369181,FIN_K,0,0,0,0,0,30.4323757921866,43507.934537157846,38.7,3.4095,91.5533828735352,79.43037658824821,10.680698603596397,2.05267,1,0,0,0,0,0,0,1,0,0,0,0,0
FIN,K,2013,4863,2889,426,46.7,4.645666645728934,0.08760024676125848,FIN_K,0,0,0,0,0,31.6268291557372,42883.63849864172,38.5,3.28462,91.2365264892578,77.48517177157403,10.66624564519155,2.05267,1,0,0,0,0,0,0,1,0,0,0,0,0
FIN,K,2014,5759,2829,532,44.8,4.856310988085733,0.09237714881055739,FIN_K,0,0,0,0,0,32.1970293411336,42502.488019985794,41.2,3.16344,89.9938812255859,74.62777197541959,10.657317894845738,2.05267,1,0,0,0,0,0,0,1,0,0,0,0,0
FIN,K,2015,5832,2909,523,45,4.864452783918174,0.08967764060356653,FIN_K,0,0,0,0,0,31.5690938053918,42560.34567671027,43.2,2.88826,89.6573791503906,71.96182537870138,10.658678246085696,2.05267,1,0,0,0,0,0,0,1,0,0,0,0,0
FIN,K,2016,6173,2980,626,45,4.921277732623576,0.10140936335655273,FIN_K,0,0,0,0,0,31.152937083259,43529.676161696894,42.4,2.74716,89.3280029296875,71.72221011788594,10.681198195090618,2.05267,1,0,0,0,0,0,0,1,0,0,0,0,0
FIN,K,2017,6516,2884,690,44.5,4.986526780549741,0.10589318600368323,FIN_K,0,0,0,0,0,31.0435197469463,44862.22040420497,44.4,2.74723,90.6983871459961,75.93878223100407,10.711351303153466,2.05267,1,0,0,0,0,0,0,1,0,0,0,0,0
FIN,K,2018,6536,2932,580,44.8,4.982872497118899,0.08873929008567931,FIN_K,0,0,0,0,0,31.491717515124,45337.24095505746,44.2,2.77601,92.3850021362305,79.14361484228456,10.721884069873317,2.05267,1,0,0,0,0,0,0,1,0,0,0,0,0
FIN,K,2019,6028,3002,712,45.1,4.895288313237754,0.11811546118115461,FIN_K,0,0,0,0,0,32.5439773811208,45898.57084489545,45.4,2.81534,94.5891189575195,80.56415029473666,10.734189259287104,2.05267,1,0,0,0,1,0,1,1,0,0,0,0,0
FIN,K,2020,6175,2991,533,43.2,4.962423666246114,0.0863157894736842,FIN_K,0,0,0,0,0,33.3838974597133,44690.980110307435,47.3,2.93278,96.4726333618164,72.1845955995888,10.707526972998432,2.05267,1,0,0,0,0,0,0,1,0,0,0,0,0
FIN,K,2021,7046,3141,490,43.7,5.082867256799639,0.06954300312233891,FIN_K,0,0,0,0,0,33.6396818306917,45792.04541808715,50.2,3.01133,100.868072509766,79.78927819137817,10.731865674190223,2.05267,1,0,0,0,0,0,0,1,0,0,0,0,0
FIN,K,2022,8100,3445,563,44.8,5.197411201239591,0.06950617283950618,FIN_K,0,0,0,0,0,34.2951599474189,46016.149210392905,50.2,2.982,104.944221496582,94.56253405226671,10.736747683651803,2.05267,1,0,0,0,0,0,1,1,0,0,0,0,0
FIN,M_N,2010,13070,9237,1832,275.6,3.859124267478764,0.14016832440703902,FIN_M_N,0,0,0,NA,NA,29.0751116373162,43556.53858343677,33.4,3.70524,93.1867599487305,75.46120852312288,10.681815110699374,0.9246918833333334,1,0,0,0,0,0,0,1,0,0,0,0,0
FIN,M_N,2011,14044,9866,1995,288,3.886990057152377,0.1420535459982911,FIN_M_N,0,0,0,NA,NA,29.8056452931485,44391.45356679841,35.1,3.62434,93.2884292602539,78.71594444866055,10.700802242658002,0.9246918833333334,1,0,0,0,0,0,0,1,0,0,0,0,0
FIN,M_N,2012,14605,10375,1926,294.6,3.9035007107933115,0.13187264635398835,FIN_M_N,0,0,0,0,0,30.4323757921866,43507.934537157846,38.7,3.4095,91.5533828735352,79.43037658824821,10.680698603596397,0.9246918833333334,1,0,0,0,0,0,0,1,0,0,0,0,0
FIN,M_N,2013,14799,10531,1812,293.4,3.9207780241929666,0.12244070545307115,FIN_M_N,0,0,0,0,0,31.6268291557372,42883.63849864172,38.5,3.28462,91.2365264892578,77.48517177157403,10.66624564519155,0.9246918833333334,1,0,0,0,0,0,0,1,0,0,0,0,0
FIN,M_N,2014,14863,10878,1846,301.2,3.8988556862231567,0.12420103612998722,FIN_M_N,0,0,0,0,0,32.1970293411336,42502.488019985794,41.2,3.16344,89.9938812255859,74.62777197541959,10.657317894845738,0.9246918833333334,1,0,0,0,0,0,0,1,0,0,0,0,0
FIN,M_N,2015,15091,10951,1821,303.6,3.9061427730970757,0.12066794778344708,FIN_M_N,0,0,0,0,0,31.5690938053918,42560.34567671027,43.2,2.88826,89.6573791503906,71.96182537870138,10.658678246085696,0.9246918833333334,1,0,0,0,0,0,0,1,0,0,0,0,0
FIN,M_N,2016,15605,11451,1865,316.3,3.8986555243932766,0.11951297661006088,FIN_M_N,0,0,0,0,0,31.152937083259,43529.676161696894,42.4,2.74716,89.3280029296875,71.72221011788594,10.681198195090618,0.9246918833333334,1,0,0,0,0,0,0,1,0,0,0,0,0
FIN,M_N,2017,16779,12061,1953,326.1,3.9406793006944243,0.11639549436795996,FIN_M_N,0,0,0,0,0,31.0435197469463,44862.22040420497,44.4,2.74723,90.6983871459961,75.93878223100407,10.711351303153466,0.9246918833333334,1,0,0,0,0,0,0,1,0,0,0,0,0
FIN,M_N,2018,18020,13014,2178,344.1,3.9583052183588943,0.12086570477247503,FIN_M_N,0,0,0,0,0,31.491717515124,45337.24095505746,44.2,2.77601,92.3850021362305,79.14361484228456,10.721884069873317,0.9246918833333334,1,0,0,0,0,0,0,1,0,0,0,0,0
FIN,M_N,2019,18998,13770,2459,360.4,3.964874463715945,0.12943467733445627,FIN_M_N,0,0,0,0,0,32.5439773811208,45898.57084489545,45.4,2.81534,94.5891189575195,80.56415029473666,10.734189259287104,0.9246918833333334,1,0,0,0,0,0,1,1,0,0,0,0,0
FIN,M_N,2020,18558,13539,2292,349.6,3.971866598131744,0.12350468800517297,FIN_M_N,0,0,0,0,0,33.3838974597133,44690.980110307435,47.3,2.93278,96.4726333618164,72.1845955995888,10.707526972998432,0.9246918833333334,1,0,0,0,0,0,0,1,0,0,0,0,0
FIN,M_N,2021,19533,14921,3054,364,3.9827067542682313,0.15635079096912916,FIN_M_N,0,0,0,0,0,33.6396818306917,45792.04541808715,50.2,3.01133,100.868072509766,79.78927819137817,10.731865674190223,0.9246918833333334,1,0,0,0,1,0,0,1,0,0,0,0,0
FIN,M_N,2022,20755,16481,3240,389.6,3.975421888718759,0.1561069621777885,FIN_M_N,0,0,0,0,0,34.2951599474189,46016.149210392905,50.2,2.982,104.944221496582,94.56253405226671,10.736747683651803,0.9246918833333334,1,0,0,0,1,0,1,1,0,0,0,0,0
FRA,C,2010,205147.3,128789,41260,2785.4,4.2993367680631,0.20112377789032565,FRA_C,497.57777777775,2425.465886110858,7.794191109859511,NA,NA,33.64535986777,35578.196801018275,11.9,2.17771,54.881721496582,56.58755524779604,10.479488279806773,-0.4842254202898551,0,0,0,0,0,0,0,1,0,7.794191109859511,2425.465886110858,14216.23730158699,74.52969530504139
FRA,C,2011,212674.5,131144,44779,2768,4.341637790098707,0.21055180569367743,FRA_C,514.016666666637,2416.917245211048,7.790661806110593,NA,NA,35.6937891818337,36269.95615308881,10.6,2.18761,55.6257286071777,60.60563548164058,10.498745023373234,-0.4842254202898551,0,0,0,0,0,0,0,1,0,7.790661806110593,2425.465886110858,15218.378571428297,75.06059194781963
FRA,C,2012,213988.4,133233,43819,2753.2,4.353157936403126,0.20477278207603777,FRA_C,502.311111111082,2347.3754236728814,7.761479058998532,2425.465886110858,7.794191109859511,37.4345529509644,36161.29182534653,12.3,2.22761,57.9090118408203,61.65895707711015,10.495744539126457,-0.4842254202898551,0,0,0,0,0,0,0,1,0,7.761479058998532,2425.465886110858,16037.360317460112,75.46911551737793
FRA,C,2013,217407.1,134345,43861,2723.1,4.380000695628924,0.20174594113991676,FRA_C,529.916666666649,2437.439562307988,7.799113590060506,2416.917245211048,7.790661806110593,38.7340855946258,36256.08668098103,13.4,2.23369,59.8487586975098,61.81923387339621,10.498362554628633,-0.4842254202898551,0,0,0,0,0,0,0,1,0,7.799113590060506,2425.465886110858,15081.31666666648,74.99008143961832
FRA,C,2014,219282.3,135795,45695,2707.3,4.394408112530361,0.20838435204300576,FRA_C,560.7499999999841,2557.2059395582046,7.847061486935018,2347.3754236728814,7.761479058998532,40.142215573606,36444.39490891461,13.2,2.27173,61.5104789733887,62.19926693795067,10.503542950822526,-0.4842254202898551,0,0,0,0,0,0,0,1,0,7.847061486935018,2425.465886110858,15853.680952380762,75.3793374437824
FRA,C,2015,227182.7,137201,46073,2653.1,4.450025771958902,0.20280153374354648,FRA_C,573.983333333317,2526.5274747298845,7.834996821153996,2437.439562307988,7.799113590060506,41.387117104083,36702.432373337935,13.3,2.22401,62.7859306335449,63.50468719564845,10.510598309049094,-0.4842254202898551,0,0,0,0,0,0,0,1,0,7.834996821153996,2425.465886110858,15719.514285714076,75.31310020114643
FRA,C,2016,226869.6,137875,47188,2638.9,4.4540132394210765,0.20799613522481636,FRA_C,534.241666666653,2354.840254783598,7.764652738900384,2557.2059395582046,7.847061486935018,42.5277884451476,36920.53428469139,14.2,2.22468,64.7276763916016,63.342756438335144,10.516523159928422,-0.4842254202898551,0,0,0,0,0,0,0,1,0,7.764652738900384,2425.465886110858,16893.816666666466,75.87459658861187
FRA,C,2017,229398.4,140601,47198,2622.4,4.471370300946867,0.20574685786823274,FRA_C,456.8499999999939,1991.5134543222355,7.597152163124501,2526.5274747298845,7.834996821153996,43.6242593525939,37580.59793293561,14.1,2.20422,65.8022308349609,65.39584815597112,10.534243183775834,-0.4842254202898551,0,0,0,0,0,0,0,1,0,7.597152163124501,2425.465886110858,16790.413333333196,75.82674630244217
FRA,C,2018,232856,143261,50647,2623.9,4.48575847615844,0.21750352148967603,FRA_C,614.009523809508,2636.8636574084753,7.877724647865957,2354.840254783598,7.764652738900384,44.4142292018123,38062.443596141224,15.2,2.20407,67.5435180664062,66.80226078122658,10.546983342576375,-0.4842254202898551,0,0,0,0,0,0,0,1,0,7.877724647865957,2425.465886110858,15888.761904761728,75.39656425476863
FRA,C,2019,241054.8,142274,51835,2705.3,4.489811481655529,0.21503409183306038,FRA_C,806.045238095227,3343.8257113951972,8.115169866988175,1991.5134543222355,7.597152163124501,45.2765022757908,38705.20729406184,15.5,2.19668,67.7331314086914,66.4289771741449,10.563729425368221,-0.4842254202898551,0,0,0,0,0,0,0,1,0,8.115169866988175,2425.465886110858,15670.3214285711,75.28867226726241
FRA,C,2020,214340.1,132684,47421,2694.5,4.376351347441802,0.2212418488187698,FRA_C,687.816666666655,3208.99666775678,8.074025178041524,2636.8636574084753,7.877724647865957,46.471240838575,35709.20459259257,16.8,2.2742,68.8709411621094,58.83889072406472,10.483163766260125,-0.4842254202898551,0,0,0,0,0,0,0,1,0,8.074025178041524,2425.465886110858,15367.48333333314,75.13658027406977
FRA,C,2021,228132.6,141721,51469,2709.6,4.43312601632889,0.2256100180333718,FRA_C,313.66666666665503,1374.9313630171885,7.226886135720958,3343.8257113951972,8.115169866988175,47.6442336298287,38030.85716851778,16.2,2.21278,69.9397888183594,63.788482630871954,10.546153139940396,-0.4842254202898551,0,0,0,1,0,7.226886135720958,0,1,0,7.226886135720958,2425.465886110858,10482.666666666537,72.1552991727731
FRA,C,2022,253431.6,149209,57034,2751.4,4.522984091092637,0.22504691601205215,FRA_C,126.61666666666201,499.60883594098766,6.215825029543036,3208.99666775678,8.074025178041524,48.250226559098,38868.330333055725,16.2,2.21937,71.5107269287109,75.96300779819963,10.567935067766884,-0.4842254202898551,0,0,0,1,0,6.215825029543036,0,1,0,6.215825029543036,2425.465886110858,6414.399999999927,68.32743832243979
FRA,D_E,2010,36000.7,16427,20657,246.6,4.983526070963407,0.5737943984422526,FRA_D_E,2386.919047618975,66302.01767240568,11.10199069055906,NA,NA,33.64535986777,35578.196801018275,11.9,2.17771,54.881721496582,56.58755524779604,10.479488279806773,-0.4190017,0,0,0,1,1,11.10199069055906,0,1,0,11.10199069055906,66302.01767240568,70317.49761904674,123.90698853569259
FRA,D_E,2011,38147.3,16933,20963,247.1,5.03941714795006,0.5495277516364199,FRA_D_E,2371.244444444394,62160.21696016216,11.037486562716072,NA,NA,35.6937891818337,36269.95615308881,10.6,2.18761,55.6257286071777,60.60563548164058,10.498745023373234,-0.4190017,0,0,0,1,1,11.037486562716072,0,1,0,11.037486562716072,66302.01767240568,74639.214920634,124.56916174936502
FRA,D_E,2012,39261.3,17896,20619,250.6,5.054136537403056,0.5251736442756607,FRA_D_E,2491.5833333332585,63461.559686848326,11.058205399760991,66302.01767240568,11.10199069055906,37.4345529509644,36161.29182534653,12.3,2.22761,57.9090118408203,61.65895707711015,10.495744539126457,-0.4190017,0,0,0,1,1,11.058205399760991,0,1,0,11.058205399760991,66302.01767240568,73853.94047618975,124.45174120702083
FRA,D_E,2013,40817.1,18433,20570,253.7,5.080703923628808,0.5039554500442217,FRA_D_E,2422.8166666666193,59357.88350143982,10.991357068726364,62160.21696016216,11.037486562716072,38.7340855946258,36256.08668098103,13.4,2.23369,59.8487586975098,61.81923387339621,10.498362554628633,-0.4190017,0,0,0,1,1,10.991357068726364,0,1,0,10.991357068726364,66302.01767240568,68586.73571428517,123.63031416974103
FRA,D_E,2014,41158.5,18767,21976,253.1,5.091401078584152,0.5339358820170803,FRA_D_E,2317.9499999999766,56317.65006013282,10.938781021441905,63461.559686848326,11.058205399760991,40.142215573606,36444.39490891461,13.2,2.27173,61.5104789733887,62.19926693795067,10.503542950822526,-0.4190017,0,0,0,1,1,10.938781021441905,0,1,0,10.938781021441905,66302.01767240568,66543.4499999995,123.29455007455495
FRA,D_E,2015,41695.1,19463,20770,255.8,5.093743005742576,0.4981400692167665,FRA_D_E,2152.3857142856814,51622.030269400515,10.851723174947546,59357.88350143982,10.991357068726364,41.387117104083,36702.432373337935,13.3,2.22401,62.7859306335449,63.50468719564845,10.510598309049094,-0.4190017,0,0,0,1,1,10.851723174947546,0,1,0,10.851723174947546,66302.01767240568,61822.154761904305,122.47753039276839
FRA,D_E,2016,41035.4,19621,21862,257.5,5.071170667688801,0.5327595198292207,FRA_D_E,1831.9166666666413,44642.34945112369,10.706460626747646,56317.65006013282,10.938781021441905,42.5277884451476,36920.53428469139,14.2,2.22468,64.7276763916016,63.342756438335144,10.516523159928422,-0.4190017,0,0,0,1,1,10.706460626747646,0,1,0,10.706460626747646,66302.01767240568,64463.18333333288,122.94194670905762
FRA,D_E,2017,39425.5,19776,23719,254.8,5.041689170360991,0.6016157055712673,FRA_D_E,1966.1666666666238,49870.43072799644,10.817203587280366,51622.030269400515,10.851723174947546,43.6242593525939,37580.59793293561,14.1,2.20422,65.8022308349609,65.39584815597112,10.534243183775834,-0.4190017,0,0,0,1,1,10.817203587280366,0,1,0,10.817203587280366,66302.01767240568,61722.56111111073,122.45963128447335
FRA,D_E,2018,42731.2,19777,24730,256.3,5.116335978187547,0.5787340397648557,FRA_D_E,2266.749999999975,53046.71996105831,10.87894716406211,44642.34945112369,10.706460626747646,44.4142292018123,38062.443596141224,15.2,2.20407,67.5435180664062,66.80226078122658,10.546983342576375,-0.4190017,0,0,0,1,1,10.87894716406211,0,1,0,10.87894716406211,66302.01767240568,57378.75619047579,121.64947281545065
FRA,D_E,2019,44917.4,19353,25403,263.1,5.140046338454223,0.5655492081019827,FRA_D_E,2424.1916666666443,53969.99084244957,10.896201974577933,49870.43072799644,10.817203587280366,45.2765022757908,38705.20729406184,15.5,2.19668,67.7331314086914,66.4289771741449,10.563729425368221,-0.4190017,0,0,0,1,1,10.896201974577933,0,1,0,10.896201974577933,66302.01767240568,55954.37261904711,121.37040089864617
FRA,D_E,2020,44894.4,19057,24048,268.7,5.118472828726951,0.5356570084464878,FRA_D_E,2540.8869047618614,56596.967656586596,10.943728356419152,53046.71996105831,10.87894716406211,46.471240838575,35709.20459259257,16.8,2.2742,68.8709411621094,58.83889072406472,10.483163766260125,-0.4190017,0,0,0,1,1,10.943728356419152,0,1,0,10.943728356419152,66302.01767240568,60098.6607142852,122.16363525431487
FRA,D_E,2021,47128.8,19606,26695,271.3,5.157414338439244,0.5664264738334097,FRA_D_E,1606.1333333332923,34079.656883546624,10.436485255509451,53969.99084244957,10.896201974577933,47.6442336298287,38030.85716851778,16.2,2.21278,69.9397888183594,63.788482630871954,10.546153139940396,-0.4190017,0,0,0,1,1,10.436485255509451,0,1,0,10.436485255509451,66302.01767240568,56593.999999999614,121.49658819617578
FRA,D_E,2022,44976.4,20211,29058,274.6,5.098577693405054,0.6460721622895563,FRA_D_E,787.0499999999578,17499.177346340697,9.769966293936868,56596.967656586596,10.943728356419152,48.250226559098,38868.330333055725,16.2,2.21937,71.5107269287109,75.96300779819963,10.567935067766884,-0.4190017,0,0,0,1,1,9.769966293936868,0,1,0,9.769966293936868,66302.01767240568,47662.616666666174,119.58979588756962
FRA,G,2010,188268,117910,15235,3460,3.996597890569186,0.08092187732381499,FRA_G,0,0,0,NA,NA,33.64535986777,35578.196801018275,11.9,2.17771,54.881721496582,56.58755524779604,10.479488279806773,0.06857736764705884,1,0,0,0,0,0,0,1,0,0,0,0,0
FRA,G,2011,192944,120088,16369,3458,4.021709604100138,0.08483808773530144,FRA_G,0,0,0,NA,NA,35.6937891818337,36269.95615308881,10.6,2.18761,55.6257286071777,60.60563548164058,10.498745023373234,0.06857736764705884,1,0,0,0,0,0,0,1,0,0,0,0,0
FRA,G,2012,194485,123236,16529,3490.8,4.020224102954896,0.08498855952901252,FRA_G,0,0,0,0,0,37.4345529509644,36161.29182534653,12.3,2.22761,57.9090118408203,61.65895707711015,10.495744539126457,0.06857736764705884,1,0,0,0,0,0,0,1,0,0,0,0,0
FRA,G,2013,194642,124081,16217,3445,4.034238069337043,0.08331706414853937,FRA_G,0,0,0,0,0,38.7340855946258,36256.08668098103,13.4,2.23369,59.8487586975098,61.81923387339621,10.498362554628633,0.06857736764705884,1,0,0,0,0,0,0,1,0,0,0,0,0
FRA,G,2014,195157,125921,16513,3426.2,4.042352587512806,0.0846139262235021,FRA_G,0,0,0,0,0,40.142215573606,36444.39490891461,13.2,2.27173,61.5104789733887,62.19926693795067,10.503542950822526,0.06857736764705884,1,0,0,0,0,0,0,1,0,0,0,0,0
FRA,G,2015,201891,127893,17809,3471.8,4.063054756349886,0.08821096532287225,FRA_G,0,0,0,0,0,41.387117104083,36702.432373337935,13.3,2.22401,62.7859306335449,63.50468719564845,10.510598309049094,0.06857736764705884,1,0,0,0,0,0,0,1,0,0,0,0,0
FRA,G,2016,203089,130516,18213,3455.6,4.07364820310495,0.08967989403660465,FRA_G,0,0,0,0,0,42.5277884451476,36920.53428469139,14.2,2.22468,64.7276763916016,63.342756438335144,10.516523159928422,0.06857736764705884,1,0,0,0,0,0,0,1,0,0,0,0,0
FRA,G,2017,206273,135097,20173,3520.3,4.070654320897858,0.09779757893665192,FRA_G,0,0,0,0,0,43.6242593525939,37580.59793293561,14.1,2.20422,65.8022308349609,65.39584815597112,10.534243183775834,0.06857736764705884,1,0,0,0,0,0,0,1,0,0,0,0,0
FRA,G,2018,209937,138019,21042,3548.5,4.080282506725566,0.1002300690207062,FRA_G,0,0,0,0,0,44.4142292018123,38062.443596141224,15.2,2.20407,67.5435180664062,66.80226078122658,10.546983342576375,0.06857736764705884,1,0,0,0,0,0,0,1,0,0,0,0,0
FRA,G,2019,218379,138412,22560,3590.4,4.107968468495333,0.10330663662714822,FRA_G,0,0,0,0,0,45.2765022757908,38705.20729406184,15.5,2.19668,67.7331314086914,66.4289771741449,10.563729425368221,0.06857736764705884,1,0,0,0,1,0,0,1,0,0,0,0,0
FRA,G,2020,210359,131906,21204,3625,4.060961306647739,0.10079911009274621,FRA_G,0,0,0,0,0,46.471240838575,35709.20459259257,16.8,2.2742,68.8709411621094,58.83889072406472,10.483163766260125,0.06857736764705884,1,0,0,0,0,0,0,1,0,0,0,0,0
FRA,G,2021,227550,142846,25810,3694.4,4.120551834844557,0.11342562074269391,FRA_G,0,0,0,0,0,47.6442336298287,38030.85716851778,16.2,2.21278,69.9397888183594,63.788482630871954,10.546153139940396,0.06857736764705884,1,0,0,0,1,0,0,1,0,0,0,0,0
FRA,G,2022,255045,154765,28211,3781.5,4.211319243863612,0.11061185281028837,FRA_G,0,0,0,0,0,48.250226559098,38868.330333055725,16.2,2.21937,71.5107269287109,75.96300779819963,10.567935067766884,0.06857736764705884,1,0,0,0,1,0,0,1,0,0,0,0,0
FRA,H,2010,81155,58096,20160,1360,4.088876206609073,0.248413529665455,FRA_H,1537.633333333316,18946.871213521237,9.849446867182948,NA,NA,33.64535986777,35578.196801018275,11.9,2.17771,54.881721496582,56.58755524779604,10.479488279806773,-0.3927636321428572,0,0,0,1,0,9.849446867182948,0,1,0,9.849446867182948,18946.871213521237,26616.696666666525,100.35927982990404
FRA,H,2011,80201,59122,19584,1377.8,4.0640479594457055,0.24418648146531838,FRA_H,1784.999999999991,22256.580341890884,10.010437919096074,NA,NA,35.6937891818337,36269.95615308881,10.6,2.18761,55.6257286071777,60.60563548164058,10.498745023373234,-0.3927636321428572,0,0,0,1,0,10.010437919096074,0,1,0,10.010437919096074,18946.871213521237,31517.09999999983,102.02369551501864
FRA,H,2012,82250,60563,20998,1373.7,4.092255560296459,0.2552948328267477,FRA_H,1940.6111111110877,23594.056062140884,10.068792480175503,18946.871213521237,9.849446867182948,37.4345529509644,36161.29182534653,12.3,2.22761,57.9090118408203,61.65895707711015,10.495744539126457,-0.3927636321428572,0,0,0,1,0,10.068792480175503,0,1,0,10.068792480175503,18946.871213521237,30017.9277777776,101.54369379915643
FRA,H,2013,82743,60996,23198,1364.3,4.105097941947348,0.28036208501021237,FRA_H,1759.49999999999,21264.63870055461,9.964847842531986,22256.580341890884,10.010437919096074,38.7340855946258,36256.08668098103,13.4,2.23369,59.8487586975098,61.81923387339621,10.498362554628633,-0.3927636321428572,0,0,0,1,0,9.964847842531986,0,1,0,9.964847842531986,18946.871213521237,29025.29999999988,101.21249833682823
FRA,H,2014,86055,61431,23134,1369.1,4.140833037064371,0.2688280750682703,FRA_H,1494.21666666666,17363.507834137006,9.762183622371511,23594.056062140884,10.068792480175503,40.142215573606,36444.39490891461,13.2,2.27173,61.5104789733887,62.19926693795067,10.503542950822526,-0.3927636321428572,0,0,0,1,0,9.762183622371511,0,1,0,9.762183622371511,18946.871213521237,29575.866666666498,101.39757149891928
FRA,H,2015,88810,62018,24146,1368.9,4.172491758651083,0.27188379686972186,FRA_H,1436.499999999994,16174.980295011757,9.691282723097528,21264.63870055461,9.964847842531986,41.387117104083,36702.432373337935,13.3,2.22401,62.7859306335449,63.50468719564845,10.510598309049094,-0.3927636321428572,0,0,0,1,0,9.691282723097528,0,1,0,9.691282723097528,18946.871213521237,28671.829999999816,101.09181965285889
FRA,H,2016,88938,63214,22166,1389.1,4.159283442338571,0.2492298005352043,FRA_H,1440.4666666666612,16196.301543397212,9.692599935950685,17363.507834137006,9.762183622371511,42.5277884451476,36920.53428469139,14.2,2.22468,64.7276763916016,63.342756438335144,10.516523159928422,-0.3927636321428572,0,0,0,1,0,9.692599935950685,0,1,0,9.692599935950685,18946.871213521237,31127.796666666534,101.90128013421426
FRA,H,2017,92004,64493,22182,1405.8,4.18122551860509,0.24109821312116864,FRA_H,1770.6833333333232,19245.721200527405,9.865095997963268,16174.980295011757,9.691282723097528,43.6242593525939,37580.59793293561,14.1,2.20422,65.8022308349609,65.39584815597112,10.534243183775834,-0.3927636321428572,0,0,0,1,0,9.865095997963268,0,1,0,9.865095997963268,18946.871213521237,30920.249999999876,101.83539049837519
FRA,H,2018,89865,65106,22671,1433,4.138538395357963,0.25227841762643965,FRA_H,1850.7333333333254,20594.59559709926,9.932832525951863,16196.301543397212,9.692599935950685,44.4142292018123,38062.443596141224,15.2,2.20407,67.5435180664062,66.80226078122658,10.546983342576375,-0.3927636321428572,0,0,0,1,0,9.932832525951863,0,1,0,9.932832525951863,18946.871213521237,30392.363333333145,101.6657891631231
FRA,H,2019,95511,64947,23676,1467.8,4.175476742970852,0.24788767785909477,FRA_H,2283.8333333333194,23911.730935005595,10.082166271203416,19245.721200527405,9.865095997963268,45.2765022757908,38705.20729406184,15.5,2.19668,67.7331314086914,66.4289771741449,10.563729425368221,-0.3927636321428572,0,0,0,1,0,10.082166271203416,0,1,0,10.082166271203416,18946.871213521237,29164.216666666412,101.25952426104715
FRA,H,2020,84929,60027,22554,1485.6,4.0459968822637915,0.2655629996820874,FRA_H,1891.166666666656,22267.619619525205,10.01093377447426,20594.59559709926,9.932832525951863,46.471240838575,35709.20459259257,16.8,2.2742,68.8709411621094,58.83889072406472,10.483163766260125,-0.3927636321428572,0,0,0,1,0,10.01093377447426,0,1,0,10.01093377447426,18946.871213521237,25562.999999999854,99.9614491370977
FRA,H,2021,109419,63568,23234,1517.6,4.278054409858194,0.2123397216205595,FRA_H,645.7333333333171,5901.473540548873,8.68312678619636,23911.730935005595,10.082166271203416,47.6442336298287,38030.85716851778,16.2,2.21278,69.9397888183594,63.788482630871954,10.546153139940396,-0.3927636321428572,0,0,0,0,0,0,0,1,0,8.68312678619636,18946.871213521237,16604.71666666656,95.7120225124001
FRA,H,2022,128550,68858,25053,1537,4.426485469155439,0.19488914819136524,FRA_H,160.499999999995,1248.5414235705562,7.1305319018427795,22267.619619525205,10.01093377447426,48.250226559098,38868.330333055725,16.2,2.21937,71.5107269287109,75.96300779819963,10.567935067766884,-0.3927636321428572,0,0,0,0,0,0,0,1,0,7.1305319018427795,18946.871213521237,10930.883333333259,91.59432909351273
FRA,J,2010,93633,53780,20514,834.1,4.720784865184562,0.21908942360065362,FRA_J,67.999999999995,726.2396804544871,6.589256107456123,NA,NA,33.64535986777,35578.196801018275,11.9,2.17771,54.881721496582,56.58755524779604,10.479488279806773,1.2675550444444446,1,726.2396804544871,6.589256107456123,0,0,0,0,1,0,6.589256107456123,726.2396804544871,3578.899999999888,53.920476722682395
FRA,J,2011,94848,55498,22153,846.6,4.71880256112888,0.23356317476383265,FRA_J,69.99999999999599,738.0229419702681,6.605328965081034,NA,NA,35.6937891818337,36269.95615308881,10.6,2.18761,55.6257286071777,60.60563548164058,10.498745023373234,1.2675550444444446,1,738.0229419702681,6.605328965081034,1,0,6.605328965081034,0,1,0,6.605328965081034,726.2396804544871,4063.0142857141323,54.75623397187765
FRA,J,2012,94719,57430,22499,866.1,4.694669517292671,0.23753418004835355,FRA_J,94.932539682532,1002.2544545712266,6.911004449277938,726.2396804544871,6.589256107456123,37.4345529509644,36161.29182534653,12.3,2.22761,57.9090118408203,61.65895707711015,10.495744539126457,1.2675550444444446,1,1002.2544545712266,6.911004449277938,1,0,6.911004449277938,0,1,0,6.911004449277938,726.2396804544871,5043.761111110862,56.18069326618179
FRA,J,2013,94506,58421,23222,871.5,4.6862027385697145,0.2457198484752291,FRA_J,77.709325396817,822.2686961337587,6.713282631151968,738.0229419702681,6.605328965081034,38.7340855946258,36256.08668098103,13.4,2.23369,59.8487586975098,61.81923387339621,10.498362554628633,1.2675550444444446,1,822.2686961337587,6.713282631151968,1,0,6.713282631151968,0,1,0,6.713282631151968,726.2396804544871,4861.033333333157,55.937592089269884
FRA,J,2014,94762,60210,24232,873.3,4.686844624582186,0.2557143158650092,FRA_J,66.653968253963,703.3828776720943,6.557322068649293,1002.2544545712266,6.911004449277938,40.142215573606,36444.39490891461,13.2,2.27173,61.5104789733887,62.19926693795067,10.503542950822526,1.2675550444444446,1,703.3828776720943,6.557322068649293,1,0,6.557322068649293,0,1,0,6.557322068649293,726.2396804544871,4793.134126984019,55.84492330817723
FRA,J,2015,97967,62427,24440,891.6,4.69936836473926,0.24947176089907827,FRA_J,69.733333333328,711.8043150584176,6.569206929811702,822.2686961337587,6.713282631151968,41.387117104083,36702.432373337935,13.3,2.22401,62.7859306335449,63.50468719564845,10.510598309049094,1.2675550444444446,1,711.8043150584176,6.569206929811702,1,0,6.569206929811702,0,1,0,6.569206929811702,726.2396804544871,4590.047619047537,55.559708173043106
FRA,J,2016,101624,65125,26766,913.9,4.711313850425141,0.2633826655120838,FRA_J,71.029761904756,698.946724245808,6.5510042239267525,703.3828776720943,6.557322068649293,42.5277884451476,36920.53428469139,14.2,2.22468,64.7276763916016,63.342756438335144,10.516523159928422,1.2675550444444446,1,698.946724245808,6.5510042239267525,1,0,6.5510042239267525,0,1,0,6.5510042239267525,726.2396804544871,4517.566666666564,55.454850684714124
FRA,J,2017,106844,68810,28138,926.7,4.747495217091786,0.26335592078170045,FRA_J,69.233333333331,647.9852245641403,6.475409949979815,711.8043150584176,6.569206929811702,43.6242593525939,37580.59793293561,14.1,2.20422,65.8022308349609,65.39584815597112,10.534243183775834,1.2675550444444446,1,647.9852245641403,6.475409949979815,1,0,6.475409949979815,0,1,0,6.475409949979815,726.2396804544871,4473.278571428439,55.38994843105882
FRA,J,2018,112244,73364,30235,964.3,4.757027902543734,0.26936851858451233,FRA_J,74.449999999997,663.2871244787873,6.498714472395128,698.946724245808,6.5510042239267525,44.4142292018123,38062.443596141224,15.2,2.20407,67.5435180664062,66.80226078122658,10.546983342576375,1.2675550444444446,1,663.2871244787873,6.498714472395128,1,1,6.498714472395128,0,1,0,6.498714472395128,726.2396804544871,4267.269047618962,55.079352274668196
FRA,J,2019,117186,75878,31545,980.8,4.783149129882999,0.2691874455993037,FRA_J,82.666666666661,705.4312517421962,6.560225889169301,647.9852245641403,6.475409949979815,45.2765022757908,38705.20729406184,15.5,2.19668,67.7331314086914,66.4289771741449,10.563729425368221,1.2675550444444446,1,705.4312517421962,6.560225889169301,1,1,6.560225889169301,0,1,0,6.560225889169301,726.2396804544871,4324.61904761891,55.16729836923621
FRA,J,2020,115435,75734,31815,1019.8,4.72910107134537,0.2756096504526357,FRA_J,51.749999999995,448.30424048161296,6.1077002540053424,663.2871244787873,6.498714472395128,46.471240838575,35709.20459259257,16.8,2.2742,68.8709411621094,58.83889072406472,10.483163766260125,1.2675550444444446,1,448.30424048161296,6.1077002540053424,1,1,6.1077002540053424,0,1,0,6.1077002540053424,726.2396804544871,4444.883333333184,55.34799759428533
FRA,J,2021,124843,83379,36861,1062,4.76690302505347,0.2952588451094575,FRA_J,55.116666666659995,441.487842062911,6.092412988506481,705.4312517421962,6.560225889169301,47.6442336298287,38030.85716851778,16.2,2.21278,69.9397888183594,63.788482630871954,10.546153139940396,1.2675550444444446,1,441.487842062911,6.092412988506481,1,1,6.092412988506481,0,1,0,6.092412988506481,726.2396804544871,4124.316666666534,54.85488540886063
FRA,J,2022,128805,90447,38749,1127.6,4.738208152534737,0.30083459493032105,FRA_J,35.033333333327,271.9873710906176,5.609425534373617,448.30424048161296,6.1077002540053424,48.250226559098,38868.330333055725,16.2,2.21937,71.5107269287109,75.96300779819963,10.567935067766884,1.2675550444444446,1,271.9873710906176,5.609425534373617,1,1,5.609425534373617,0,1,0,5.609425534373617,726.2396804544871,2141.999999999926,50.539343922630394
FRA,K,2010,78776,46068,10756,756.4,4.645793324143336,0.13653904742561185,FRA_K,0,0,0,NA,NA,33.64535986777,35578.196801018275,11.9,2.17771,54.881721496582,56.58755524779604,10.479488279806773,2.05267,1,0,0,0,1,0,0,1,0,0,0,0,0
FRA,K,2011,76431,46511,12858,766,4.602961482278337,0.16823016838717275,FRA_K,0,0,0,NA,NA,35.6937891818337,36269.95615308881,10.6,2.18761,55.6257286071777,60.60563548164058,10.498745023373234,2.05267,1,0,0,0,1,0,0,1,0,0,0,0,0
FRA,K,2012,76202,48304,15009,772,4.592158438024683,0.19696333429568777,FRA_K,0,0,0,0,0,37.4345529509644,36161.29182534653,12.3,2.22761,57.9090118408203,61.65895707711015,10.495744539126457,2.05267,1,0,0,0,1,0,0,1,0,0,0,0,0
FRA,K,2013,80871,48005,12135,772.8,4.650590288640024,0.15005378936825314,FRA_K,0,0,0,0,0,38.7340855946258,36256.08668098103,13.4,2.23369,59.8487586975098,61.81923387339621,10.498362554628633,2.05267,1,0,0,0,1,0,0,1,0,0,0,0,0
FRA,K,2014,82980,48951,14587,773.6,4.6752999497477745,0.17578934683056158,FRA_K,0,0,0,0,0,40.142215573606,36444.39490891461,13.2,2.27173,61.5104789733887,62.19926693795067,10.503542950822526,2.05267,1,0,0,0,1,0,0,1,0,0,0,0,0
FRA,K,2015,83543,49914,15771,774.4,4.681028212384883,0.18877703697497097,FRA_K,0,0,0,0,0,41.387117104083,36702.432373337935,13.3,2.22401,62.7859306335449,63.50468719564845,10.510598309049094,2.05267,1,0,0,0,1,0,0,1,0,0,0,0,0
FRA,K,2016,81608,50735,17284,774.4,4.657594039399988,0.21179296147436527,FRA_K,0,0,0,0,0,42.5277884451476,36920.53428469139,14.2,2.22468,64.7276763916016,63.342756438335144,10.516523159928422,2.05267,1,0,0,0,1,0,0,1,0,0,0,0,0
FRA,K,2017,75284,52585,19487,772,4.5800383577856785,0.25884650124860525,FRA_K,0,0,0,0,0,43.6242593525939,37580.59793293561,14.1,2.20422,65.8022308349609,65.39584815597112,10.534243183775834,2.05267,1,0,0,1,1,0,0,1,0,0,0,0,0
FRA,K,2018,81060,53840,19581,775.4,4.649565874945471,0.24156180606957808,FRA_K,0,0,0,0,0,44.4142292018123,38062.443596141224,15.2,2.20407,67.5435180664062,66.80226078122658,10.546983342576375,2.05267,1,0,0,1,1,0,0,1,0,0,0,0,0
FRA,K,2019,78351,53835,22395,781.9,4.607227155814113,0.2858291534249722,FRA_K,0,0,0,0,0,45.2765022757908,38705.20729406184,15.5,2.19668,67.7331314086914,66.4289771741449,10.563729425368221,2.05267,1,0,0,1,1,0,0,1,0,0,0,0,0
FRA,K,2020,79817,53328,21371,787.5,4.618628422631347,0.2677499780748462,FRA_K,0,0,0,0,0,46.471240838575,35709.20459259257,16.8,2.2742,68.8709411621094,58.83889072406472,10.483163766260125,2.05267,1,0,0,1,1,0,0,1,0,0,0,0,0
FRA,K,2021,85212,58757,24064,801,4.667036600901735,0.28240153968924564,FRA_K,0,0,0,0,0,47.6442336298287,38030.85716851778,16.2,2.21278,69.9397888183594,63.788482630871954,10.546153139940396,2.05267,1,0,0,1,1,0,0,1,0,0,0,0,0
FRA,K,2022,87782,61241,21858,810.3,4.6852071977493,0.24900321250370236,FRA_K,0,0,0,0,0,48.250226559098,38868.330333055725,16.2,2.21937,71.5107269287109,75.96300779819963,10.567935067766884,2.05267,1,0,0,1,1,0,0,1,0,0,0,0,0
FRA,M_N,2010,234900,150283,45996,3569.5,4.186734361704489,0.1958109833971903,FRA_M_N,0,0,0,NA,NA,33.64535986777,35578.196801018275,11.9,2.17771,54.881721496582,56.58755524779604,10.479488279806773,0.9246918833333334,1,0,0,0,1,0,0,1,0,0,0,0,0
FRA,M_N,2011,248173,160012,50114,3723.6,4.199435141353661,0.20193171698774645,FRA_M_N,0,0,0,NA,NA,35.6937891818337,36269.95615308881,10.6,2.18761,55.6257286071777,60.60563548164058,10.498745023373234,0.9246918833333334,1,0,0,0,1,0,0,1,0,0,0,0,0
FRA,M_N,2012,249215,163535,50369,3750.3,4.196480140935678,0.20211062736994162,FRA_M_N,0,0,0,0,0,37.4345529509644,36161.29182534653,12.3,2.22761,57.9090118408203,61.65895707711015,10.495744539126457,0.9246918833333334,1,0,0,0,1,0,0,1,0,0,0,0,0
FRA,M_N,2013,251853,167844,50217,3788.5,4.196875421583716,0.19939012042739218,FRA_M_N,0,0,0,0,0,38.7340855946258,36256.08668098103,13.4,2.23369,59.8487586975098,61.81923387339621,10.498362554628633,0.9246918833333334,1,0,0,0,1,0,0,1,0,0,0,0,0
FRA,M_N,2014,256972,173209,50557,3857.7,4.198895978581093,0.19674127920551657,FRA_M_N,0,0,0,0,0,40.142215573606,36444.39490891461,13.2,2.27173,61.5104789733887,62.19926693795067,10.503542950822526,0.9246918833333334,1,0,0,0,1,0,0,1,0,0,0,0,0
FRA,M_N,2015,264597,178608,54186,3900.9,4.217000618004854,0.20478690234583158,FRA_M_N,0,0,0,0,0,41.387117104083,36702.432373337935,13.3,2.22401,62.7859306335449,63.50468719564845,10.510598309049094,0.9246918833333334,1,0,0,0,1,0,0,1,0,0,0,0,0
FRA,M_N,2016,273771,185946,57278,4047.1,4.21429141526731,0.20921865354621197,FRA_M_N,0,0,0,0,0,42.5277884451476,36920.53428469139,14.2,2.22468,64.7276763916016,63.342756438335144,10.516523159928422,0.9246918833333334,1,0,0,0,1,0,0,1,0,0,0,0,0
FRA,M_N,2017,285631,195586,61573,4236.8,4.210892500671888,0.21556833817057672,FRA_M_N,0,0,0,0,0,43.6242593525939,37580.59793293561,14.1,2.20422,65.8022308349609,65.39584815597112,10.534243183775834,0.9246918833333334,1,0,0,0,1,0,0,1,0,0,0,0,0
FRA,M_N,2018,297565,204295,64948,4369.5,4.220984102430285,0.21826491690891064,FRA_M_N,0,0,0,0,0,44.4142292018123,38062.443596141224,15.2,2.20407,67.5435180664062,66.80226078122658,10.546983342576375,0.9246918833333334,1,0,0,0,1,0,0,1,0,0,0,0,0
FRA,M_N,2019,311391,207656,67863,4398.9,4.259694847579125,0.2179350077555228,FRA_M_N,0,0,0,0,0,45.2765022757908,38705.20729406184,15.5,2.19668,67.7331314086914,66.4289771741449,10.563729425368221,0.9246918833333334,1,0,0,0,1,0,0,1,0,0,0,0,0
FRA,M_N,2020,293333,194645,63392,4285.8,4.226001250033016,0.2161093364878824,FRA_M_N,0,0,0,0,0,46.471240838575,35709.20459259257,16.8,2.2742,68.8709411621094,58.83889072406472,10.483163766260125,0.9246918833333334,1,0,0,0,1,0,0,1,0,0,0,0,0
FRA,M_N,2021,319626,215384,71204,4541.3,4.253938247595779,0.22277286578688843,FRA_M_N,0,0,0,0,0,47.6442336298287,38030.85716851778,16.2,2.21278,69.9397888183594,63.788482630871954,10.546153139940396,0.9246918833333334,1,0,0,1,1,0,0,1,0,0,0,0,0
FRA,M_N,2022,341280,234262,78321,4740.7,4.276518450594679,0.22949191279887482,FRA_M_N,0,0,0,0,0,48.250226559098,38868.330333055725,16.2,2.21937,71.5107269287109,75.96300779819963,10.567935067766884,0.9246918833333334,1,0,0,1,1,0,0,1,0,0,0,0,0
GBR,C,2010,152685,97854,13924,2475.762,4.121828748148829,0.09119428889543832,GBR_C,391.71904761900197,2565.537201552228,7.8503128769478,NA,NA,30.3960911450969,42762.720840223024,3.2,1.63887,59.8467292785645,59.051180222782094,10.663421993615653,-0.4842254202898551,0,0,0,0,0,0,0,0,0,0,2565.537201552228,14322.096031745737,75.12457878696443
GBR,C,2011,155753,99034,17052,2464.296,4.14636525079291,0.10948103728339101,GBR_C,384.409523809493,2468.0713938703784,7.811597405035006,NA,NA,32.4187258603211,42791.09343134741,4,1.64681,59.3426704406738,63.32406157089005,10.664085262516195,-0.4842254202898551,0,0,0,0,0,0,0,0,0,0,2565.537201552228,15347.985714285442,75.66763244744386
GBR,C,2012,161406,100610,17713,2483.738,4.174158246397984,0.10974189311425846,GBR_C,399.692063492046,2476.314780689974,7.8149305028402996,2565.537201552228,7.8503128769478,33.9047903389849,43136.70067959965,4.2,1.57587,59.1535682678223,61.96887044725354,10.672129437639676,-0.4842254202898551,0,0,0,0,0,0,0,0,0,0,2565.537201552228,16139.979365079147,76.06259696317899
GBR,C,2013,171717,107240,19917,2465.967,4.243263750245784,0.11598735128146893,GBR_C,366.749999999985,2135.781547546166,7.667056026203507,2468.0713938703784,7.811597405035006,35.7819878642114,43585.19362386467,5.2,1.62096,56.7794799804688,61.71953951545829,10.6824727758785,-0.4842254202898551,0,0,0,0,0,0,0,0,0,0,2565.537201552228,15244.483333333144,75.61451636476099
GBR,C,2014,177022,108005,21571,2480.103,4.267973927062792,0.1218549106890669,GBR_C,407.309523809506,2300.8977630436107,7.741489176064303,2476.314780689974,7.8149305028402996,36.5828488416012,44627.88182686443,6.6,2.26488,56.5240287780762,58.82102283332959,10.706114095750086,-0.4842254202898551,0,0,0,0,0,0,0,1,0,7.741489176064303,2565.537201552228,16007.12142857124,75.99771288982033
GBR,C,2015,180935,108079,24713,2503.668,4.280380994158246,0.13658496145024457,GBR_C,414.60952380949504,2291.4832608920055,7.737390902421086,2135.781547546166,7.667056026203507,37.7214944577347,45255.34492162086,7.7,2.27566,56.4461288452148,57.12504460543896,10.720076061967301,-0.4842254202898551,0,0,0,0,0,0,0,1,0,7.737390902421086,2565.537201552228,15878.888095237899,75.93457459869273
GBR,C,2016,183068,110661,24013,2495.16,4.295504813116511,0.13116983852994515,GBR_C,413.0833333333109,2256.4475131279683,7.72199003502217,2300.8977630436107,7.741489176064303,38.6588569366885,45888.010513074805,7.7,2.32051,58.083869934082,59.83953151382588,10.733959153062186,-0.4842254202898551,0,0,0,0,0,0,0,1,0,7.72199003502217,2565.537201552228,17014.97499999981,76.47702493664285
GBR,C,2017,189638,114711,28289,2532.284,4.315995329391072,0.14917368881764204,GBR_C,322.646666666651,1701.3819311881111,7.439783685362211,2291.4832608920055,7.737390902421086,39.2489467665261,47018.025475767594,8.8,2.32602,59.6282081604004,63.18992457641585,10.75828632792792,-0.4842254202898551,0,0,0,0,0,0,0,1,0,7.439783685362211,2565.537201552228,16924.61666666654,76.43522708164438
GBR,C,2018,195776,118883,31858,2572.96,4.33191416140486,0.16272678980058844,GBR_C,379.833333333307,1940.1424757544694,7.5710319837489335,2256.4475131279683,7.72199003502217,39.8293995840604,47514.77636934532,10.2,2.70889,61.1377716064453,64.90977219592008,10.768796023106828,-0.4842254202898551,0,0,0,0,0,0,0,1,0,7.5710319837489335,2565.537201552228,16122.938095237929,76.0543044074842
GBR,C,2019,202350,121213,33080,2552.955,4.372747359539847,0.1634791203360514,GBR_C,448.4666666665933,2216.291903467227,7.704041866924402,1701.3819311881111,7.439783685362211,40.022769455921,47864.75887126337,11.4,2.6707,65.5119934082031,65.00356641770541,10.776134789683931,-0.4842254202898551,0,0,0,1,0,7.704041866924402,0,1,0,7.704041866924402,2565.537201552228,16027.899999999734,76.00789600313414
GBR,C,2020,192963,120224,31605,2490.139,4.3501599284699175,0.16378787643226939,GBR_C,409.699999999985,2123.204966755207,7.661152878061529,1940.1424757544694,7.5710319837489335,40.5775246507294,42982.46310076424,13.6,2.93993,69.4076614379883,59.15988930306111,10.668547476622495,-0.4842254202898551,0,0,0,1,0,7.661152878061529,0,1,0,7.661152878061529,2565.537201552228,15645.599999999811,75.8183917901125
GBR,C,2021,202833,122376,36151,2419.681,4.428747267074751,0.1782303668535199,GBR_C,214.41666666665301,1057.1093789800132,6.964238989853454,2216.291903467227,7.704041866924402,41.1134869970784,46487.34247065488,12.2,2.89968,76.7543563842773,58.538386292910005,10.746935349588808,-0.4842254202898551,0,0,0,1,0,6.964238989853454,0,1,0,6.964238989853454,2565.537201552228,10581.916666666539,72.74882073620343
GBR,C,2022,205478,126961,37407,2450.492,4.429050151522054,0.18204868647738445,GBR_C,108.333333333327,527.2259479522237,6.269524123897289,2123.204966755207,7.661152878061529,41.2867157729584,48433.00983576701,12.2,2.75224,79.7695083618164,69.1989264413981,10.787936881633966,-0.4842254202898551,0,0,0,1,0,6.269524123897289,0,1,0,6.269524123897289,2565.537201552228,6432.6833333332625,68.8417682503842
GBR,D_E,2010,42802,13096,18164,272.176,5.05789119358286,0.4243726928648194,GBR_D_E,1805.935714285621,42192.78805396059,10.650028286675967,NA,NA,30.3960911450969,42762.720840223024,3.2,1.63887,59.8467292785645,59.051180222782094,10.663421993615653,-0.4190017,0,0,0,1,0,10.650028286675967,0,0,0,0,42192.78805396059,70898.4809523801,118.95036180550345
GBR,D_E,2011,40466,13605,16606,288.284,4.944271288980244,0.4103691988335887,GBR_D_E,2005.3928571427732,49557.47682357468,10.810908601283183,NA,NA,32.4187258603211,42791.09343134741,4,1.64681,59.3426704406738,63.32406157089005,10.664085262516195,-0.4190017,0,0,0,1,0,10.810908601283183,0,0,0,0,42192.78805396059,75005.06650793563,119.55002106672092
GBR,D_E,2012,44458,13544,19301,292.899,5.0224723625575125,0.4341400872733816,GBR_D_E,1664.8761904761293,37448.29255648318,10.530743098419363,42192.78805396059,10.650028286675967,33.9047903389849,43136.70067959965,4.2,1.57587,59.1535682678223,61.96887044725354,10.672129437639676,-0.4190017,0,0,0,1,0,10.530743098419363,0,0,0,0,42192.78805396059,74680.64761904687,119.50385728135892
GBR,D_E,2013,46751,14241,21043,294.701,5.066629641843199,0.4501080190798058,GBR_D_E,1580.9880952380581,33817.20380821925,10.428754510699743,49557.47682357468,10.810908601283183,35.7819878642114,43585.19362386467,5.2,1.62096,56.7794799804688,61.71953951545829,10.6824727758785,-0.4190017,0,0,0,1,0,10.428754510699743,0,0,0,0,42192.78805396059,69428.56428571373,118.7272401183433
GBR,D_E,2014,49860,14321,20084,293.505,5.135079682179377,0.40280786201363816,GBR_D_E,1535.4999999999711,30796.22944243825,10.335180011748047,37448.29255648318,10.530743098419363,36.5828488416012,44627.88182686443,6.6,2.26488,56.5240287780762,58.82102283332959,10.706114095750086,-0.4190017,0,0,0,1,0,10.335180011748047,0,1,0,10.335180011748047,42192.78805396059,67325.89999999951,118.39972069793939
GBR,D_E,2015,51085,14665,21520,301.297,5.1331497017924725,0.42125868650288734,GBR_D_E,1595.026190476158,31222.9850342793,10.348941829558495,33817.20380821925,10.428754510699743,37.7214944577347,45255.34492162086,7.7,2.27566,56.4461288452148,57.12504460543896,10.720076061967301,-0.4190017,0,0,0,1,0,10.348941829558495,0,1,0,10.348941829558495,42192.78805396059,62379.51428571383,117.5870500111506
GBR,D_E,2016,49911,14673,23348,306.563,5.092573417580714,0.46779267095429866,GBR_D_E,1200.7833333333083,24058.49078025502,10.088284824726768,30796.22944243825,10.335180011748047,38.6588569366885,45888.010513074805,7.7,2.32051,58.083869934082,59.83953151382588,10.733959153062186,-0.4190017,0,0,0,1,0,10.088284824726768,0,1,0,10.088284824726768,42192.78805396059,65094.316666666215,118.04073749372384
GBR,D_E,2017,50975,15671,23986,319.213,5.073232003879274,0.470544384502207,GBR_D_E,1204.9999999999618,23639.03874448184,10.070697110456164,31222.9850342793,10.348941829558495,39.2489467665261,47018.025475767594,8.8,2.32602,59.6282081604004,63.18992457641585,10.75828632792792,-0.4190017,0,0,0,1,0,10.070697110456164,0,1,0,10.070697110456164,42192.78805396059,62483.727777777385,117.60482720643233
GBR,D_E,2018,50594,15726,23320,337.016,5.011457864199504,0.46092422026327234,GBR_D_E,1246.2499999999561,24632.367474403214,10.111857204237584,24058.49078025502,10.088284824726768,39.8293995840604,47514.77636934532,10.2,2.70889,61.1377716064453,64.90977219592008,10.768796023106828,-0.4190017,0,0,0,1,0,10.111857204237584,0,1,0,10.111857204237584,42192.78805396059,58399.25619047581,116.88486511586453
GBR,D_E,2019,54122,16405,23818,329.578,5.10118298828213,0.440079819666679,GBR_D_E,1374.5666666665902,25397.558602168992,10.1424477034503,23639.03874448184,10.070697110456164,40.022769455921,47864.75887126337,11.4,2.6707,65.5119934082031,65.00356641770541,10.776134789683931,-0.4190017,0,0,0,1,0,10.1424477034503,0,1,0,10.1424477034503,42192.78805396059,57003.997619047164,116.62733321272542
GBR,D_E,2020,55932,16674,21004,326.85,5.142390596102002,0.3755274261603376,GBR_D_E,1606.0333333332712,28714.033707596212,10.265176087164892,24632.367474403214,10.111857204237584,40.5775246507294,42982.46310076424,13.6,2.93993,69.4076614379883,59.15988930306111,10.668547476622495,-0.4190017,0,0,0,1,0,10.265176087164892,0,1,0,10.265176087164892,42192.78805396059,61033.51428571379,117.3547362217033
GBR,D_E,2021,47459,17158,23101,337.07,4.9473308354766266,0.4867569902442108,GBR_D_E,1401.199999999968,29524.431614656187,10.293007259575349,25397.558602168992,10.1424477034503,41.1134869970784,46487.34247065488,12.2,2.89968,76.7543563842773,58.538386292910005,10.746935349588808,-0.4190017,0,0,0,1,1,10.293007259575349,0,1,0,10.293007259575349,42192.78805396059,56798.93333333294,116.58895275260316
GBR,D_E,2022,52672,16934,25694,334.809,5.058279064062298,0.4878113608748481,GBR_D_E,908.8333333332947,17254.581814499063,9.755890953566894,28714.033707596212,10.265176087164892,41.2867157729584,48433.00983576701,12.2,2.75224,79.7695083618164,69.1989264413981,10.787936881633966,-0.4190017,0,0,0,1,1,9.755890953566894,0,1,0,9.755890953566894,42192.78805396059,47540.83333333284,114.69404511913687
GBR,G,2010,161899,102039,12937,4576.566,3.566023748772404,0.07990784377914625,GBR_G,0,0,0,NA,NA,30.3960911450969,42762.720840223024,3.2,1.63887,59.8467292785645,59.051180222782094,10.663421993615653,0.06857736764705884,1,0,0,0,0,0,0,0,0,0,0,0,0
GBR,G,2011,157729,101618,14889,4579.682,3.5392488071301242,0.09439608442328297,GBR_G,0,0,0,NA,NA,32.4187258603211,42791.09343134741,4,1.64681,59.3426704406738,63.32406157089005,10.664085262516195,0.06857736764705884,1,0,0,0,0,0,0,0,0,0,0,0,0
GBR,G,2012,162228,103400,15121,4618.971,3.558830800156751,0.0932083240870873,GBR_G,0,0,0,0,0,33.9047903389849,43136.70067959965,4.2,1.57587,59.1535682678223,61.96887044725354,10.672129437639676,0.06857736764705884,1,0,0,0,0,0,0,0,0,0,0,0,0
GBR,G,2013,164218,105774,15274,4654.941,3.5632655773167174,0.09301051041907708,GBR_G,0,0,0,0,0,35.7819878642114,43585.19362386467,5.2,1.62096,56.7794799804688,61.71953951545829,10.6824727758785,0.06857736764705884,1,0,0,0,0,0,0,0,0,0,0,0,0
GBR,G,2014,173938,108110,17253,4684.468,3.6144465585304952,0.0991905161609309,GBR_G,0,0,0,0,0,36.5828488416012,44627.88182686443,6.6,2.26488,56.5240287780762,58.82102283332959,10.706114095750086,0.06857736764705884,1,0,0,0,0,0,0,1,0,0,0,0,0
GBR,G,2015,178571,112107,17446,4752.517,3.6263119087994014,0.09769783447480274,GBR_G,0,0,0,0,0,37.7214944577347,45255.34492162086,7.7,2.27566,56.4461288452148,57.12504460543896,10.720076061967301,0.06857736764705884,1,0,0,0,0,0,0,1,0,0,0,0,0
GBR,G,2016,178626,117055,18646,4745.931,3.628006615205765,0.10438569973016246,GBR_G,0,0,0,0,0,38.6588569366885,45888.010513074805,7.7,2.32051,58.083869934082,59.83953151382588,10.733959153062186,0.06857736764705884,1,0,0,0,1,0,0,1,0,0,0,0,0
GBR,G,2017,190089,122688,18583,4747.515,3.68987106028125,0.09775947056378854,GBR_G,0,0,0,0,0,39.2489467665261,47018.025475767594,8.8,2.32602,59.6282081604004,63.18992457641585,10.75828632792792,0.06857736764705884,1,0,0,0,0,0,0,1,0,0,0,0,0
GBR,G,2018,197416,127867,19323,4791.768,3.7184137317950032,0.09787960449001094,GBR_G,0,0,0,0,0,39.8293995840604,47514.77636934532,10.2,2.70889,61.1377716064453,64.90977219592008,10.768796023106828,0.06857736764705884,1,0,0,0,0,0,0,1,0,0,0,0,0
GBR,G,2019,207501,131580,20770,4772.11,3.7723476038346515,0.10009590315227397,GBR_G,0,0,0,0,0,40.022769455921,47864.75887126337,11.4,2.6707,65.5119934082031,65.00356641770541,10.776134789683931,0.06857736764705884,1,0,0,0,0,0,0,1,0,0,0,0,0
GBR,G,2020,199277,132250,19806,4715.91,3.7437539181219495,0.09938929229163426,GBR_G,0,0,0,0,0,40.5775246507294,42982.46310076424,13.6,2.93993,69.4076614379883,59.15988930306111,10.668547476622495,0.06857736764705884,1,0,0,0,0,0,0,1,0,0,0,0,0
GBR,G,2021,220494,137221,25639,4641.835,3.860760721435515,0.1162798080673397,GBR_G,0,0,0,0,0,41.1134869970784,46487.34247065488,12.2,2.89968,76.7543563842773,58.538386292910005,10.746935349588808,0.06857736764705884,1,0,0,0,1,0,0,1,0,0,0,0,0
GBR,G,2022,242450,149096,24394,4574.326,3.9703361380812594,0.10061455970303156,GBR_G,0,0,0,0,0,41.2867157729584,48433.00983576701,12.2,2.75224,79.7695083618164,69.1989264413981,10.787936881633966,0.06857736764705884,1,0,0,0,0,0,0,1,0,0,0,0,0
GBR,H,2010,58558,43488,20404,1368.811,3.756075236264689,0.3484408620512996,GBR_H,555.333333333316,9483.475073146554,9.157411537995952,NA,NA,30.3960911450969,42762.720840223024,3.2,1.63887,59.8467292785645,59.051180222782094,10.663421993615653,-0.3927636321428572,0,0,0,1,1,9.157411537995952,0,0,0,0,9483.475073146554,27598.996666666524,93.63976122551529
GBR,H,2011,61061,43476,15661,1359.888,3.8044710210908,0.25648122369433846,GBR_H,520.8333333333139,8529.721644475425,9.051429237666417,NA,NA,32.4187258603211,42791.09343134741,4,1.64681,59.3426704406738,63.32406157089005,10.664085262516195,-0.3927636321428572,0,0,0,1,0,9.051429237666417,0,0,0,0,9483.475073146554,32781.26666666651,95.21549595566485
GBR,H,2012,61713,44475,15907,1376.141,3.8032114004468496,0.2577576847665808,GBR_H,715.944444444427,11601.193337618119,9.358949440050077,9483.475073146554,9.157411537995952,33.9047903389849,43136.70067959965,4.2,1.57587,59.1535682678223,61.96887044725354,10.672129437639676,-0.3927636321428572,0,0,0,1,0,9.358949440050077,0,0,0,0,9483.475073146554,31242.59444444426,94.7752685845899
GBR,H,2013,64759,46915,15931,1374.493,3.852587751210384,0.24600441637455797,GBR_H,652.416666666658,10074.532754777838,9.217865264302983,8529.721644475425,9.051429237666417,35.7819878642114,43585.19362386467,5.2,1.62096,56.7794799804688,61.71953951545829,10.6824727758785,-0.3927636321428572,0,0,0,1,0,9.217865264302983,0,0,0,0,9483.475073146554,30132.38333333321,94.44394666440112
GBR,H,2014,66669,48071,18718,1380.588,3.877230581891076,0.2807601733939312,GBR_H,650.133333333322,9751.658691945611,9.185295213173122,11601.193337618119,9.358949440050077,36.5828488416012,44627.88182686443,6.6,2.26488,56.5240287780762,58.82102283332959,10.706114095750086,-0.3927636321428572,0,0,0,1,0,9.185295213173122,0,1,0,9.185295213173122,9483.475073146554,30419.949999999837,94.53092263994401
GBR,H,2015,69060,48440,22104,1443.05,3.868216762735761,0.32006950477845353,GBR_H,846.7499999999881,12261.077324065856,9.414266634294094,10074.532754777838,9.217865264302983,37.7214944577347,45255.34492162086,7.7,2.27566,56.4461288452148,57.12504460543896,10.720076061967301,-0.3927636321428572,0,0,0,1,1,9.414266634294094,0,1,0,9.414266634294094,9483.475073146554,29261.57999999982,94.17541407523551
GBR,H,2016,71346,50114,22630,1539.317,3.836202469129559,0.3171866677879629,GBR_H,785.499999999989,11009.727244694714,9.306625280641102,9751.658691945611,9.185295213173122,38.6588569366885,45888.010513074805,7.7,2.32051,58.083869934082,59.83953151382588,10.733959153062186,-0.3927636321428572,0,0,0,1,0,9.306625280641102,0,1,0,9.306625280641102,9483.475073146554,31782.763333333205,94.93223756142396
GBR,H,2017,73201,52220,24613,1529.382,3.868345349838712,0.33623857597573803,GBR_H,830.8333333333221,11350.027094347373,9.337063511709356,12261.077324065856,9.414266634294094,39.2489467665261,47018.025475767594,8.8,2.32602,59.6282081604004,63.18992457641585,10.75828632792792,-0.3927636321428572,0,0,0,1,1,9.337063511709356,0,1,0,9.337063511709356,9483.475073146554,31860.09999999988,94.95449242992757
GBR,H,2018,75136,53358,17995,1552.019,3.8797431408114442,0.23949904173764908,GBR_H,844.499999999984,11239.618824531302,9.327289177495464,11009.727244694714,9.306625280641102,39.8293995840604,47514.77636934532,10.2,2.70889,61.1377716064453,64.90977219592008,10.768796023106828,-0.3927636321428572,0,0,0,1,0,9.327289177495464,0,1,0,9.327289177495464,9483.475073146554,31398.596666666486,94.82087863342761
GBR,H,2019,80799,56897,21697,1629.531,3.9036723458577542,0.2685305511206822,GBR_H,839.816666666621,10393.899264429276,9.249070509473563,11350.027094347373,9.337063511709356,40.022769455921,47864.75887126337,11.4,2.6707,65.5119934082031,65.00356641770541,10.776134789683931,-0.3927636321428572,0,0,0,1,0,9.249070509473563,0,1,0,9.249070509473563,9483.475073146554,30608.233333333108,94.58742561421246
GBR,H,2020,60318,55189,19794,1608.288,3.6244603074542434,0.32816074803541234,GBR_H,828.166666666657,13730.008731500662,9.527411965218473,11239.618824531302,9.327289177495464,40.5775246507294,42982.46310076424,13.6,2.93993,69.4076614379883,59.15988930306111,10.668547476622495,-0.3927636321428572,0,0,0,1,1,9.527411965218473,0,1,0,9.527411965218473,9483.475073146554,26625.999999999854,93.3111025187155
GBR,H,2021,65750,56304,16868,1617.074,3.7052413277499836,0.25654752851711027,GBR_H,490.399999999991,7458.555133079711,8.917251057784224,10393.899264429276,9.249070509473563,41.1134869970784,46487.34247065488,12.2,2.89968,76.7543563842773,58.538386292910005,10.746935349588808,-0.3927636321428572,0,0,0,1,0,8.917251057784224,0,1,0,8.917251057784224,9483.475073146554,16760.049999999886,89.07242978861748
GBR,H,2022,81036,60061,21402,1640.816,3.899699821311406,0.2641048422923145,GBR_H,387.066666666652,4776.477943958883,8.471668059454663,13730.008731500662,9.527411965218473,41.2867157729584,48433.00983576701,12.2,2.75224,79.7695083618164,69.1989264413981,10.787936881633966,-0.3927636321428572,0,0,0,1,0,8.471668059454663,0,1,0,8.471668059454663,9483.475073146554,10704.316666666602,84.96700432730842
GBR,J,2010,88962,51921,18751,1118.446,4.376269090426378,0.2107753872439918,GBR_J,136.983333333322,1539.7960177752523,7.340054456522902,NA,NA,30.3960911450969,42762.720840223024,3.2,1.63887,59.8467292785645,59.051180222782094,10.663421993615653,1.2675550444444446,1,1539.7960177752523,7.340054456522902,1,0,7.340054456522902,0,0,0,0,1539.7960177752523,3509.916666666561,59.921506679671666
GBR,J,2011,94828,55743,18517,1171.271,4.393975240328791,0.1952693297338339,GBR_J,127.342857142838,1342.8824518374108,7.203318055827623,NA,NA,32.4187258603211,42791.09343134741,4,1.64681,59.3426704406738,63.32406157089005,10.664085262516195,1.2675550444444446,1,1342.8824518374108,7.203318055827623,1,0,7.203318055827623,0,0,0,0,1539.7960177752523,4005.67142857129,60.89100798795555
GBR,J,2012,96627,56795,18690,1179.876,4.405448857060325,0.19342419820547052,GBR_J,142.695238095219,1476.7636177799063,7.2982851548742715,1539.7960177752523,7.340054456522902,33.9047903389849,43136.70067959965,4.2,1.57587,59.1535682678223,61.96887044725354,10.672129437639676,1.2675550444444446,1,1476.7636177799063,7.2982851548742715,1,0,7.2982851548742715,0,0,0,0,1539.7960177752523,4995.998412698174,62.51225415573314
GBR,J,2013,98620,58344,19866,1215.789,4.395880832045138,0.20143987020888257,GBR_J,125.814285714274,1275.7481820551006,7.152071641641954,1342.8824518374108,7.203318055827623,35.7819878642114,43585.19362386467,5.2,1.62096,56.7794799804688,61.71953951545829,10.6824727758785,1.2675550444444446,1,1275.7481820551006,7.152071641641954,1,0,7.152071641641954,0,0,0,0,1539.7960177752523,4812.9283730157,62.238294298253
GBR,J,2014,103436,60426,19955,1278.988,4.392883923732914,0.1929212266522294,GBR_J,174.616666666657,1688.1614396018504,7.4319874951896265,1476.7636177799063,7.2982851548742715,36.5828488416012,44627.88182686443,6.6,2.26488,56.5240287780762,58.82102283332959,10.706114095750086,1.2675550444444446,1,1688.1614396018504,7.4319874951896265,1,0,7.4319874951896265,0,1,0,7.4319874951896265,1539.7960177752523,4685.171428571325,62.04086490600361
GBR,J,2015,106425,64160,21559,1310.105,4.397333225041454,0.20257458303969933,GBR_J,167.578571428564,1574.6165978723423,7.362401965359838,1275.7481820551006,7.152071641641954,37.7214944577347,45255.34492162086,7.7,2.27566,56.4461288452148,57.12504460543896,10.720076061967301,1.2675550444444446,1,1574.6165978723423,7.362401965359838,1,0,7.362401965359838,0,1,0,7.362401965359838,1539.7960177752523,4492.202380952302,61.732213782082496
GBR,J,2016,115237,68554,30422,1318.091,4.470806399546956,0.26399507102753456,GBR_J,108.316666666659,939.9469499089616,6.846886761703893,1688.1614396018504,7.4319874951896265,38.6588569366885,45888.010513074805,7.7,2.32051,58.083869934082,59.83953151382588,10.733959153062186,1.2675550444444446,1,939.9469499089616,6.846886761703893,1,0,6.846886761703893,0,1,0,6.846886761703893,1539.7960177752523,4480.2797619046605,61.712711213986566
GBR,J,2017,117746,71474,32463,1384.311,4.44332721910911,0.2757036332444414,GBR_J,94.094444444432,799.1307088515279,6.684775100386288,1574.6165978723423,7.362401965359838,39.2489467665261,47018.025475767594,8.8,2.32602,59.6282081604004,63.18992457641585,10.75828632792792,1.2675550444444446,1,799.1307088515279,6.684775100386288,1,1,6.684775100386288,0,1,0,6.684775100386288,1539.7960177752523,4448.417460317338,61.660336351142256
GBR,J,2018,121141,75461,29401,1385.928,4.470585205063985,0.24270065460909188,GBR_J,81.986111111107,676.7825188095442,6.51882646776562,939.9469499089616,6.846886761703893,39.8293995840604,47514.77636934532,10.2,2.70889,61.1377716064453,64.90977219592008,10.768796023106828,1.2675550444444446,1,676.7825188095442,6.51882646776562,1,0,6.51882646776562,0,1,0,6.51882646776562,1539.7960177752523,4259.732936507852,61.34227723247378
GBR,J,2019,126558,79429,29633,1403.258,4.501904025238137,0.23414560912783072,GBR_J,84.79999999999,670.0485153051567,6.508841437346257,799.1307088515279,6.684775100386288,40.022769455921,47864.75887126337,11.4,2.6707,65.5119934082031,65.00356641770541,10.776134789683931,1.2675550444444446,1,670.0485153051567,6.508841437346257,1,0,6.508841437346257,0,1,0,6.508841437346257,1539.7960177752523,4322.485714285581,61.449594399038716
GBR,J,2020,126997,81590,30408,1434.118,4.4836134380320996,0.2394387268990606,GBR_J,85.583333333326,673.9004333435121,6.514565173834667,676.7825188095442,6.51882646776562,40.5775246507294,42982.46310076424,13.6,2.93993,69.4076614379883,59.15988930306111,10.668547476622495,1.2675550444444446,1,673.9004333435121,6.514565173834667,1,0,6.514565173834667,0,1,0,6.514565173834667,1539.7960177752523,4411.049999999853,61.59843219799734
GBR,J,2021,134452,87536,31495,1433.276,4.541244524791221,0.23424716627495315,GBR_J,51.583333333321,383.6561251102326,5.952349753631618,670.0485153051567,6.508841437346257,41.1134869970784,46487.34247065488,12.2,2.89968,76.7543563842773,58.538386292910005,10.746935349588808,1.2675550444444446,1,383.6561251102326,5.952349753631618,1,0,5.952349753631618,0,1,0,5.952349753631618,1539.7960177752523,4127.849999999873,61.111489196263456
GBR,J,2022,144063,95997,35296,1480.262,4.578031604765164,0.24500392189528192,GBR_J,32.083333333327005,222.7034931476299,5.410321483696606,673.9004333435121,6.514565173834667,41.2867157729584,48433.00983576701,12.2,2.75224,79.7695083618164,69.1989264413981,10.787936881633966,1.2675550444444446,1,222.7034931476299,5.410321483696606,1,0,5.410321483696606,0,1,0,5.410321483696606,1539.7960177752523,2144.9499999999257,56.308035912756345
GBR,K,2010,139195,66704,7935,1057.175,4.880275571616986,0.05700635798699666,GBR_K,0,0,0,NA,NA,30.3960911450969,42762.720840223024,3.2,1.63887,59.8467292785645,59.051180222782094,10.663421993615653,2.05267,1,0,0,0,0,0,0,0,0,0,0,0,0
GBR,K,2011,137742,69871,9892,1077.24,4.850980155547028,0.07181542303727258,GBR_K,0,0,0,NA,NA,32.4187258603211,42791.09343134741,4,1.64681,59.3426704406738,63.32406157089005,10.664085262516195,2.05267,1,0,0,0,0,0,0,0,0,0,0,0,0
GBR,K,2012,137046,69095,11287,1087.149,4.836757962632314,0.08235920785721583,GBR_K,0,0,0,0,0,33.9047903389849,43136.70067959965,4.2,1.57587,59.1535682678223,61.96887044725354,10.672129437639676,2.05267,1,0,0,0,0,0,0,0,0,0,0,0,0
GBR,K,2013,141607,71490,10814,1066.967,4.888235571059708,0.07636628132790045,GBR_K,0,0,0,0,0,35.7819878642114,43585.19362386467,5.2,1.62096,56.7794799804688,61.71953951545829,10.6824727758785,2.05267,1,0,0,0,0,0,0,0,0,0,0,0,0
GBR,K,2014,146313,72892,11285,1063.848,4.9238556390167645,0.07712916828989905,GBR_K,0,0,0,0,0,36.5828488416012,44627.88182686443,6.6,2.26488,56.5240287780762,58.82102283332959,10.706114095750086,2.05267,1,0,0,0,0,0,0,1,0,0,0,0,0
GBR,K,2015,140216,75088,12465,1050.8,4.893632311941627,0.08889855651280881,GBR_K,0,0,0,0,0,37.7214944577347,45255.34492162086,7.7,2.27566,56.4461288452148,57.12504460543896,10.720076061967301,2.05267,1,0,0,0,0,0,0,1,0,0,0,0,0
GBR,K,2016,153281,75278,14436,1053.232,4.980409306438315,0.09417997012023668,GBR_K,0,0,0,0,0,38.6588569366885,45888.010513074805,7.7,2.32051,58.083869934082,59.83953151382588,10.733959153062186,2.05267,1,0,0,0,0,0,0,1,0,0,0,0,0
GBR,K,2017,165292,76617,17083,1039.12,5.069339405684717,0.10335043438278925,GBR_K,0,0,0,0,0,39.2489467665261,47018.025475767594,8.8,2.32602,59.6282081604004,63.18992457641585,10.75828632792792,2.05267,1,0,0,0,0,0,0,1,0,0,0,0,0
GBR,K,2018,163577,78324,17220,1055.006,5.043737373372681,0.10527152350269292,GBR_K,0,0,0,0,0,39.8293995840604,47514.77636934532,10.2,2.70889,61.1377716064453,64.90977219592008,10.768796023106828,2.05267,1,0,0,0,0,0,0,1,0,0,0,0,0
GBR,K,2019,163979,80673,17242,1068.431,5.033547153661978,0.10514761036474182,GBR_K,0,0,0,0,0,40.022769455921,47864.75887126337,11.4,2.6707,65.5119934082031,65.00356641770541,10.776134789683931,2.05267,1,0,0,0,0,0,0,1,0,0,0,0,0
GBR,K,2020,167270,83089,12399,1071.182,5.050846561655038,0.07412566509236564,GBR_K,0,0,0,0,0,40.5775246507294,42982.46310076424,13.6,2.93993,69.4076614379883,59.15988930306111,10.668547476622495,2.05267,1,0,0,0,0,0,0,1,0,0,0,0,0
GBR,K,2021,185795,88584,14056,1098.025,5.131130803862574,0.07565327376947711,GBR_K,0,0,0,0,0,41.1134869970784,46487.34247065488,12.2,2.89968,76.7543563842773,58.538386292910005,10.746935349588808,2.05267,1,0,0,0,0,0,0,1,0,0,0,0,0
GBR,K,2022,203364,91754,16003,1043.833,5.2720979618198465,0.0786914104757971,GBR_K,0,0,0,0,0,41.2867157729584,48433.00983576701,12.2,2.75224,79.7695083618164,69.1989264413981,10.787936881633966,2.05267,1,0,0,0,0,0,0,1,0,0,0,0,0
GBR,M_N,2010,163641,99456,24090,4309.404,3.63687539252681,0.1472124956459567,GBR_M_N,0,0,0,NA,NA,30.3960911450969,42762.720840223024,3.2,1.63887,59.8467292785645,59.051180222782094,10.663421993615653,0.9246918833333334,1,0,0,0,0,0,0,0,0,0,0,0,0
GBR,M_N,2011,168081,102391,27018,4388.168,3.6455341781516095,0.16074392703517948,GBR_M_N,0,0,0,NA,NA,32.4187258603211,42791.09343134741,4,1.64681,59.3426704406738,63.32406157089005,10.664085262516195,0.9246918833333334,1,0,0,0,1,0,0,0,0,0,0,0,0
GBR,M_N,2012,176145,106864,26833,4564.829,3.6529264650664413,0.15233472423287633,GBR_M_N,0,0,0,0,0,33.9047903389849,43136.70067959965,4.2,1.57587,59.1535682678223,61.96887044725354,10.672129437639676,0.9246918833333334,1,0,0,0,0,0,0,0,0,0,0,0,0
GBR,M_N,2013,191677,118273,28357,4682.69,3.7119389325915093,0.14794158923605857,GBR_M_N,0,0,0,0,0,35.7819878642114,43585.19362386467,5.2,1.62096,56.7794799804688,61.71953951545829,10.6824727758785,0.9246918833333334,1,0,0,0,0,0,0,0,0,0,0,0,0
GBR,M_N,2014,205365,124903,31980,4949.292,3.7255443477060695,0.1557227375648236,GBR_M_N,0,0,0,0,0,36.5828488416012,44627.88182686443,6.6,2.26488,56.5240287780762,58.82102283332959,10.706114095750086,0.9246918833333334,1,0,0,0,0,0,0,1,0,0,0,0,0
GBR,M_N,2015,218691,131505,37878,5128.638,3.7528196477165032,0.17320328682936198,GBR_M_N,0,0,0,0,0,37.7214944577347,45255.34492162086,7.7,2.27566,56.4461288452148,57.12504460543896,10.720076061967301,0.9246918833333334,1,0,0,1,1,0,0,1,0,0,0,0,0
GBR,M_N,2016,228244,138112,40058,5298.026,3.7630809338134186,0.17550516114333783,GBR_M_N,0,0,0,0,0,38.6588569366885,45888.010513074805,7.7,2.32051,58.083869934082,59.83953151382588,10.733959153062186,0.9246918833333334,1,0,0,1,1,0,0,1,0,0,0,0,0
GBR,M_N,2017,241694,144903,38273,5309.988,3.81808288787484,0.15835312419836653,GBR_M_N,0,0,0,0,0,39.2489467665261,47018.025475767594,8.8,2.32602,59.6282081604004,63.18992457641585,10.75828632792792,0.9246918833333334,1,0,0,0,1,0,0,1,0,0,0,0,0
GBR,M_N,2018,251125,151833,40433,5389.2,3.8415538722355427,0.16100746640119462,GBR_M_N,0,0,0,0,0,39.8293995840604,47514.77636934532,10.2,2.70889,61.1377716064453,64.90977219592008,10.768796023106828,0.9246918833333334,1,0,0,0,1,0,0,1,0,0,0,0,0
GBR,M_N,2019,260953,158942,38669,5537.982,3.852710140005966,0.14818377255674395,GBR_M_N,0,0,0,0,0,40.022769455921,47864.75887126337,11.4,2.6707,65.5119934082031,65.00356641770541,10.776134789683931,0.9246918833333334,1,0,0,0,0,0,0,1,0,0,0,0,0
GBR,M_N,2020,245359,160201,37258,5443.4,3.8083185785170457,0.1518509612445437,GBR_M_N,0,0,0,0,0,40.5775246507294,42982.46310076424,13.6,2.93993,69.4076614379883,59.15988930306111,10.668547476622495,0.9246918833333334,1,0,0,0,0,0,0,1,0,0,0,0,0
GBR,M_N,2021,275781,175002,40761,5503.927,3.9141452350240877,0.14780206033047963,GBR_M_N,0,0,0,0,0,41.1134869970784,46487.34247065488,12.2,2.89968,76.7543563842773,58.538386292910005,10.746935349588808,0.9246918833333334,1,0,0,0,0,0,0,1,0,0,0,0,0
GBR,M_N,2022,320768,196364,52202,5657.601,4.037718169618983,0.16274067238627293,GBR_M_N,0,0,0,0,0,41.2867157729584,48433.00983576701,12.2,2.75224,79.7695083618164,69.1989264413981,10.787936881633966,0.9246918833333334,1,0,0,1,1,0,0,1,0,0,0,0,0
GRC,C,2010,17941.152,8955.701,2679.376,407.5,3.784811414917059,0.14934247254579863,GRC_C,20.411111111111,1137.6700398676185,7.037616228648977,NA,NA,20.2491669415812,21547.724178239,11.4,0.60491,101.694053649902,50.922518199722745,9.97802548337689,-0.4842254202898551,0,0,0,1,0,7.037616228648977,0,0,0,0,1137.6700398676185,14693.40396825363,67.52749019036146
GRC,C,2011,16580.619,7997.2,2090.914,377.7,3.7818895324114883,0.12610590714375625,GRC_C,10.944444444442,660.0745391014655,6.493866600667117,NA,NA,22.183064232426,19448.255802524985,11.4,0.6837,105.812690734863,56.2929957941907,9.875512669062736,-0.4842254202898551,0,0,0,0,0,0,0,0,0,0,1137.6700398676185,15721.450793650492,68.00339448244122
GRC,C,2012,15125.544,7121.078,2918.089,350,3.7662070947109365,0.19292456522555487,GRC_C,16.2,1071.0358582805352,6.977314790959872,1137.6700398676185,7.037616228648977,24.3424643325153,17924.662049688624,14.2,0.71953,110.122978210449,62.39421173513185,9.793932811716234,-0.4842254202898551,0,0,0,1,0,6.977314790959872,0,0,0,0,1137.6700398676185,16523.471428571193,68.35353504131382
GRC,C,2013,13858.129,6341.539,1216.002,337.5,3.715061760533971,0.08774647717595932,GRC_C,15.5,1118.4771046654278,7.02061698443658,660.0745391014655,6.493866600667117,26.5619364050644,17644.876663502073,16.6,0.82288,112.705833435059,62.954727221537354,9.77820074620124,-0.4842254202898551,0,0,0,0,0,0,0,0,0,0,1137.6700398676185,15595.73333333313,67.94689518237358
GRC,C,2014,13721.686,6168.857,1793.343,345.8,3.6808722067781594,0.1306940706848998,GRC_C,13.2,961.9809110921209,6.870033589267415,1071.0358582805352,6.977314790959872,28.9729450556431,17903.525244001194,16.4,0.84553,119.104209899902,66.43353645136774,9.792752913444165,-0.4842254202898551,0,0,0,1,0,6.870033589267415,0,0,0,0,1137.6700398676185,16401.230952380745,68.30128046073402
GRC,C,2015,14544.561,6005.069,1672.75,323.2,3.8067010616336767,0.11500862762375572,GRC_C,12,825.050683894825,6.716656132285978,1118.4771046654278,7.02061698443658,31.7813956931321,17980.72982381374,17.5,0.9716,125.2537117004395,65.2716454619318,9.79705589807022,-0.4842254202898551,0,0,0,0,0,0,0,0,0,0,1137.6700398676185,16281.497619047394,68.24971870355083
GRC,C,2016,14143.818,6229.302,1771.122,338.2,3.733395480683097,0.12522234095489634,GRC_C,15.527777777777,1097.8490940548727,7.002018632923478,961.9809110921209,6.870033589267415,33.5485838991847,18049.928997892017,16.4,1.00556,131.403213500977,63.65754908828659,9.800897030118499,-0.4842254202898551,0,0,0,0,0,0,0,0,0,0,1137.6700398676185,17412.530555555342,68.7223421861735
GRC,C,2017,14221.695,6306.729,1809.862,333.2,3.7537809842732264,0.12726063946667399,GRC_C,13.333333333333,937.5347547063132,6.844319887526625,825.050683894825,6.716656132285978,35.1351318678243,18352.088446125785,16.4,1.1492,135.333923339844,70.88249673972527,9.817498658784618,-0.4842254202898551,0,0,0,1,0,6.844319887526625,0,0,0,0,1137.6700398676185,17233.92999999986,68.64978870007077
GRC,C,2018,14777.649,6565.739,2350.496,355.1,3.728471675594945,0.15905750637330743,GRC_C,10.533333333333,712.78816632693065,6.570586232503016,1097.8490940548727,7.002018632923478,36.9203391643751,18769.03896219764,17.9,1.2066,140.950317382812,79.23799086387062,9.839963927534411,-0.4842254202898551,0,0,0,1,0,6.570586232503016,0,0,0,0,1137.6700398676185,16492.238095237903,68.34022047272165
GRC,C,2019,14517.448,6885.119,2369.444,359.3,3.698948821236384,0.16321353450000303,GRC_C,7.428571428571,511.69953758890676,6.239689976875667,937.5347547063132,6.844319887526625,38.3565690069278,19216.67595797847,18.5,1.26236,143.96272277832,80.59009495104566,9.86353372053176,-0.4842254202898551,0,0,0,1,0,6.239689976875667,1,0,6.239689976875667,0,1137.6700398676185,16468.938095237754,68.33027140200768
GRC,C,2020,14119.025,6694.985,2459.348,359.2,3.6713991212435575,0.17418681530771424,GRC_C,8.333333333333,590.2201698299281,6.3821884858144236,712.78816632693065,6.570586232503016,39.7876360746134,17486.95133332298,20.1,1.48872,143.693344116211,70.29374645807445,9.769210243689427,-0.4842254202898551,0,0,0,1,0,6.3821884858144236,0,0,0,0,1137.6700398676185,16046.966666666463,68.14761266665124
GRC,C,2021,15994.476,7322.311,2460.355,387.4,3.7205409406365204,0.15382529568333467,GRC_C,10,625.215855774206,6.439695129194877,511.69953758890676,6.239689976875667,41.9213046741732,19232.968332711374,21.5,1.43353,150.605484008789,88.01266544903785,9.864381186145998,-0.4842254202898551,0,0,0,1,0,6.439695129194877,1,0,6.439695129194877,0,1137.6700398676185,10786.333333333192,65.35220430683819
GRC,C,2022,19028.135,7772.988,2767.619,397.6,3.868227477552237,0.14544877887402,GRC_C,7,367.87630527111565,5.910461371775625,590.2201698299281,6.3821884858144236,42.923040428409,20552.32232796846,21.5,1.47714,166.389556884766,108.12184322992242,9.930729222199648,-0.4842254202898551,0,0,0,1,0,5.910461371775625,1,0,5.910461371775625,0,1137.6700398676185,6534.016666666589,61.82496717715573
GRC,D_E,2010,6087.076,2037.293,1477.41,55.1,4.704773397882214,0.24271259304138804,GRC_D_E,190.01666666666202,31216.4110759685,10.348731265453763,NA,NA,20.2491669415812,21547.724178239,11.4,0.60491,101.694053649902,50.922518199722745,9.97802548337689,-0.4190017,0,0,0,1,0,10.348731265453763,0,0,0,0,31216.4110759685,72514.39999999905,115.81838719053982
GRC,D_E,2011,5920.735,1916.706,450.526,55.5,4.669832854824423,0.07609291751784196,GRC_D_E,173.41666666666003,29289.719378871043,10.285026000082517,NA,NA,22.183064232426,19448.255802524985,11.4,0.6837,105.812690734863,56.2929957941907,9.875512669062736,-0.4190017,0,0,0,0,0,0,0,0,0,0,31216.4110759685,76837.04269841174,116.41758816934875
GRC,D_E,2012,7328.042,1715.609,1032.379,53.5,4.919781983876629,0.14088060630656865,GRC_D_E,119,16238.989896619041,9.695231991586105,31216.4110759685,10.348731265453763,24.3424643325153,17924.662049688624,14.2,0.71953,110.122978210449,62.39421173513185,9.793932811716234,-0.4190017,0,0,0,1,0,9.695231991586105,0,0,0,0,31216.4110759685,76226.523809523,116.33503362017164
GRC,D_E,2013,7669.939,1651.502,724.423,55,4.93773075603332,0.09444964295022425,GRC_D_E,98.166666666664,12798.884928115334,9.45719145987631,29289.719378871043,10.285026000082517,26.5619364050644,17644.876663502073,16.6,0.82288,112.705833435059,62.954727221537354,9.77820074620124,-0.4190017,0,0,0,0,0,0,0,0,0,0,31216.4110759685,70911.38571428513,115.58705328600152
GRC,D_E,2014,7324.167,2006.149,1209.094,60.3,4.799602603548984,0.16508280054236885,GRC_D_E,85.5,11673.68248157094,9.365177885727949,16238.989896619041,9.695231991586105,28.9729450556431,17903.525244001194,16.4,0.84553,119.104209899902,66.43353645136774,9.792752913444165,-0.4190017,0,0,0,1,0,9.365177885727949,0,0,0,0,31216.4110759685,68775.89999999948,115.27061828532756
GRC,D_E,2015,6677.814,1949.507,1257.963,58,4.7461029569187945,0.18837946070375725,GRC_D_E,56.357142857142,8439.459807826634,9.040792065706356,12798.884928115334,9.45719145987631,31.7813956931321,17980.72982381374,17.5,0.9716,125.2537117004395,65.2716454619318,9.79705589807022,-0.4190017,0,0,0,1,0,9.040792065706356,0,0,0,0,31216.4110759685,63918.18333333284,114.5125901978229
GRC,D_E,2016,7112.408,2096.246,1210.32,61.1,4.757084277199741,0.1701702152070016,GRC_D_E,69.333333333332,9748.222167981929,9.184942783166608,11673.68248157094,9.365177885727949,33.5485838991847,18049.928997892017,16.4,1.00556,131.403213500977,63.65754908828659,9.800897030118499,-0.4190017,0,0,0,1,0,9.184942783166608,0,0,0,0,31216.4110759685,66225.7666666662,114.87960988267105
GRC,D_E,2017,7050.086,1999.818,1045.969,58.8,4.786653239408891,0.1483625873499983,GRC_D_E,62.999999999997996,8936.06120549423,9.097962089908263,8439.459807826634,9.040792065706356,35.1351318678243,18352.088446125785,16.4,1.1492,135.333923339844,70.88249673972527,9.817498658784618,-0.4190017,0,0,0,1,0,9.097962089908263,0,0,0,0,31216.4110759685,63625.72777777735,114.46513200446662
GRC,D_E,2018,6724.854,2010.978,1132.733,58,4.753122483650779,0.16843979066311326,GRC_D_E,61.5,9145.179954836194,9.121091579821089,9748.222167981929,9.184942783166608,36.9203391643751,18769.03896219764,17.9,1.2066,140.950317382812,79.23799086387062,9.839963927534411,-0.4190017,0,0,0,1,0,9.121091579821089,0,0,0,0,31216.4110759685,59584.00619047577,113.78594827239868
GRC,D_E,2019,7096.694,1990.03,1236.913,58.4,4.800068430951326,0.1742942558887279,GRC_D_E,54.25,7644.40456358975,8.941860035679792,8936.06120549423,9.097962089908263,38.3565690069278,19216.67595797847,18.5,1.26236,143.96272277832,80.59009495104566,9.86353372053176,-0.4190017,0,0,0,1,0,8.941860035679792,1,0,8.941860035679792,0,31216.4110759685,58324.31428571376,113.5648190455292
GRC,D_E,2020,6836.259,1967.899,1949.2,58.1,4.767830267313496,0.2851267045324058,GRC_D_E,76.083333333329,11129.381337560351,9.317433705817459,9145.179954836194,9.121091579821089,39.7876360746134,17486.95133332298,20.1,1.48872,143.693344116211,70.29374645807445,9.769210243689427,-0.4190017,0,0,0,1,0,9.317433705817459,0,0,0,0,31216.4110759685,62563.46428571374,114.290898939489
GRC,D_E,2021,7581.155,2090.016,2034.367,58.1,4.8712551778408955,0.26834525873696025,GRC_D_E,64.166666666664,8463.969760104364,9.04369172221642,7644.40456358975,8.941860035679792,41.9213046741732,19232.968332711374,21.5,1.43353,150.605484008789,88.01266544903785,9.864381186145998,-0.4190017,0,0,0,1,0,9.04369172221642,1,0,9.04369172221642,0,31216.4110759685,58135.966666666245,113.53134622364395
GRC,D_E,2022,11621.41,2219.574,2588.593,61,5.249730501384093,0.22274345367730766,GRC_D_E,33.999999999999005,2925.6346691149356,7.981608464797049,11129.381337560351,9.317433705817459,42.923040428409,20552.32232796846,21.5,1.47714,166.389556884766,108.12184322992242,9.930729222199648,-0.4190017,0,0,0,1,0,7.981608464797049,1,0,7.981608464797049,0,31216.4110759685,48415.66666666613,111.63796704556444
GRC,G,2010,24852.993,13091.97,2160.163,952.4,3.2617483523153683,0.08691761994219369,GRC_G,0,0,0,NA,NA,20.2491669415812,21547.724178239,11.4,0.60491,101.694053649902,50.922518199722745,9.97802548337689,0.06857736764705884,1,0,0,0,0,0,0,0,0,0,0,0,0
GRC,G,2011,22166.327,11760.198,2153.618,885.6,3.220064233155735,0.097157188017663,GRC_G,0,0,0,NA,NA,22.183064232426,19448.255802524985,11.4,0.6837,105.812690734863,56.2929957941907,9.875512669062736,0.06857736764705884,1,0,0,0,0,0,0,0,0,0,0,0,0
GRC,G,2012,19544.694,10225.078,1372.335,827.6,3.1619291760550574,0.07021522056062889,GRC_G,0,0,0,0,0,24.3424643325153,17924.662049688624,14.2,0.71953,110.122978210449,62.39421173513185,9.793932811716234,0.06857736764705884,1,0,0,0,0,0,0,0,0,0,0,0,0
GRC,G,2013,17900.701,8654.763,1341.506,781.9,3.13086829794274,0.07494153441253502,GRC_G,0,0,0,0,0,26.5619364050644,17644.876663502073,16.6,0.82288,112.705833435059,62.954727221537354,9.77820074620124,0.06857736764705884,1,0,0,0,0,0,0,0,0,0,0,0,0
GRC,G,2014,18182.168,8212.006,1734.671,776.1,3.1539152346866235,0.09540506940646462,GRC_G,0,0,0,0,0,28.9729450556431,17903.525244001194,16.4,0.84553,119.104209899902,66.43353645136774,9.792752913444165,0.06857736764705884,1,0,0,0,0,0,0,0,0,0,0,0,0
GRC,G,2015,18219.837,8077.395,1571.726,753,3.186200996761085,0.08626454781126748,GRC_G,0,0,0,0,0,31.7813956931321,17980.72982381374,17.5,0.9716,125.2537117004395,65.2716454619318,9.79705589807022,0.06857736764705884,1,0,0,0,0,0,0,0,0,0,0,0,0
GRC,G,2016,18364.765,8681.826,1759.538,788.4,3.148183586813833,0.09581053718901386,GRC_G,0,0,0,0,0,33.5485838991847,18049.928997892017,16.4,1.00556,131.403213500977,63.65754908828659,9.800897030118499,0.06857736764705884,1,0,0,0,0,0,0,0,0,0,0,0,0
GRC,G,2017,19116.952,8618.933,1778.14,781.8,3.196731806312798,0.09301378169490618,GRC_G,0,0,0,0,0,35.1351318678243,18352.088446125785,16.4,1.1492,135.333923339844,70.88249673972527,9.817498658784618,0.06857736764705884,1,0,0,0,0,0,0,0,0,0,0,0,0
GRC,G,2018,19772.562,8864.087,1721.614,818.8,3.184210644269748,0.0870708611256346,GRC_G,0,0,0,0,0,36.9203391643751,18769.03896219764,17.9,1.2066,140.950317382812,79.23799086387062,9.839963927534411,0.06857736764705884,1,0,0,0,0,0,0,0,0,0,0,0,0
GRC,G,2019,18881.765,9100.458,1803.151,836.6,3.116605861491419,0.09549695168857361,GRC_G,0,0,0,0,0,38.3565690069278,19216.67595797847,18.5,1.26236,143.96272277832,80.59009495104566,9.86353372053176,0.06857736764705884,1,0,0,0,0,0,1,0,0,0,0,0,0
GRC,G,2020,17383.989,8452.039,1681.202,821.8,3.0518078327209945,0.09670979428254355,GRC_G,0,0,0,0,0,39.7876360746134,17486.95133332298,20.1,1.48872,143.693344116211,70.29374645807445,9.769210243689427,0.06857736764705884,1,0,0,0,0,0,0,0,0,0,0,0,0
GRC,G,2021,19137.815,9582.038,2035.284,858.9,3.103768998888475,0.10634881777256182,GRC_G,0,0,0,0,0,41.9213046741732,19232.968332711374,21.5,1.43353,150.605484008789,88.01266544903785,9.864381186145998,0.06857736764705884,1,0,0,0,1,0,1,0,0,0,0,0,0
GRC,G,2022,22400.451,9926.477,2367.235,866.2,3.2527205427884915,0.10567800621514273,GRC_G,0,0,0,0,0,42.923040428409,20552.32232796846,21.5,1.47714,166.389556884766,108.12184322992242,9.930729222199648,0.06857736764705884,1,0,0,0,1,0,1,0,0,0,0,0,0
GRC,H,2010,14199.26,5259.325,2302.634,232,4.114207757889073,0.16216577483615344,GRC_H,19,1338.0979008765246,7.199751457937395,NA,NA,20.2491669415812,21547.724178239,11.4,0.60491,101.694053649902,50.922518199722745,9.97802548337689,-0.3927636321428572,0,0,0,1,0,7.199751457937395,0,0,0,0,1338.0979008765246,28135.32999999984,73.76013543246003
GRC,H,2011,12152.12,5190.014,905.321,229.1,3.9711003296851115,0.0744990174553905,GRC_H,23.666666666666,1947.5339830964474,7.574832565271506,NA,NA,22.183064232426,19448.255802524985,11.4,0.6837,105.812690734863,56.2929957941907,9.875512669062736,-0.3927636321428572,0,0,0,0,0,0,0,0,0,0,1338.0979008765246,33278.43333333316,74.96881505367574
GRC,H,2012,11083.879,4909.389,656.561,227.1,3.8878565401751763,0.059235670111519624,GRC_H,7.5,676.6584153435814,6.518643348806789,1338.0979008765246,7.199751457937395,24.3424643325153,17924.662049688624,14.2,0.71953,110.122978210449,62.39421173513185,9.793932811716234,-0.3927636321428572,0,0,0,0,0,0,0,0,0,0,1338.0979008765246,31951.03888888869,74.67575928775538
GRC,H,2013,10594.456,5082.499,653.252,228.2,3.8378636869821814,0.06165979640672442,GRC_H,8.5,802.306413845128,6.688736227518772,1947.5339830964474,7.574832565271506,26.5619364050644,17644.876663502073,16.6,0.82288,112.705833435059,62.954727221537354,9.77820074620124,-0.3927636321428572,0,0,0,0,0,0,0,0,0,0,1338.0979008765246,30776.29999999987,74.40606676050942
GRC,H,2014,11016.764,5154.644,682.413,244.4,3.808367164373589,0.06194314410293259,GRC_H,3,272.31226882957645,5.610614983362862,676.6584153435814,6.518643348806789,28.9729450556431,17903.525244001194,16.4,0.84553,119.104209899902,66.43353645136774,9.792752913444165,-0.3927636321428572,0,0,0,0,0,0,0,0,0,0,1338.0979008765246,31067.083333333157,74.47377054186819
GRC,H,2015,9260.459,5691.413,1134.561,237.6,3.662920306957838,0.12251671326442888,GRC_H,1.666666666666,179.97668006153904,5.198368183526301,802.306413845128,6.688736227518772,31.7813956931321,17980.72982381374,17.5,0.9716,125.2537117004395,65.2716454619318,9.79705589807022,-0.3927636321428572,0,0,0,0,0,0,0,0,0,0,1338.0979008765246,30106.663333333145,74.24768900297515
GRC,H,2016,8902.047,5945.583,1262.962,243.5,3.5989195867516415,0.1418732118579019,GRC_H,5.33,598.7386945946253,6.396494051345597,272.31226882957645,5.610614983362862,33.5485838991847,18049.928997892017,16.4,1.00556,131.403213500977,63.65754908828659,9.800897030118499,-0.3927636321428572,0,0,0,1,0,6.396494051345597,0,0,0,0,1338.0979008765246,32562.933333333192,74.81233384039302
GRC,H,2017,9675.368,5916.585,1374.264,239.9,3.6971163835046874,0.14203738813862168,GRC_H,10.5,1085.230039828976,6.990468301109486,179.97668006153904,5.198368183526301,35.1351318678243,18352.088446125785,16.4,1.1492,135.333923339844,70.88249673972527,9.817498658784618,-0.3927636321428572,0,0,0,1,0,6.990468301109486,0,0,0,0,1338.0979008765246,32680.4333333332,74.83826584918033
GRC,H,2018,10163.551,6099.387,1541.321,251.8,3.6979280463325925,0.15165181932968114,GRC_H,13.5,1328.2759145893006,7.1923896478418055,598.7386945946253,6.396494051345597,36.9203391643751,18769.03896219764,17.9,1.2066,140.950317382812,79.23799086387062,9.839963927534411,-0.3927636321428572,0,0,0,1,0,7.1923896478418055,0,0,0,0,1338.0979008765246,32229.59666666647,74.73825467585574
GRC,H,2019,10211.844,6352.109,1244.14,256.9,3.6826165979831442,0.12183304014436572,GRC_H,3,293.77652067540396,5.686217512215961,1085.230039828976,6.990468301109486,38.3565690069278,19216.67595797847,18.5,1.26236,143.96272277832,80.59009495104566,9.86353372053176,-0.3927636321428572,0,0,0,0,0,0,1,0,5.686217512215961,0,1338.0979008765246,31445.04999999973,74.56083242928227
GRC,H,2020,8787.786,5989.581,620.44,252.7,3.548915067425596,0.07060253856887276,GRC_H,12.5,1422.4288119897321,7.2608238963279605,1328.2759145893006,7.1923896478418055,39.7876360746134,17486.95133332298,20.1,1.48872,143.693344116211,70.29374645807445,9.769210243689427,-0.3927636321428572,0,0,0,0,0,0,0,0,0,0,1338.0979008765246,27441.66666666651,73.58041060004723
GRC,H,2021,9966.761,6546.562,1298.825,257.3,3.656768216261121,0.13031565620967533,GRC_H,9.166666666664,919.7237363937992,6.825160030773688,293.77652067540396,5.686217512215961,41.9213046741732,19232.968332711374,21.5,1.43353,150.605484008789,88.01266544903785,9.864381186145998,-0.3927636321428572,0,0,0,1,0,6.825160030773688,1,0,6.825160030773688,0,1338.0979008765246,17241.283333333213,70.23443929387089
GRC,H,2022,11825.35,7078.037,1812.244,262.1,3.80927470090142,0.15325077059029965,GRC_H,0,0,0,1422.4288119897321,7.2608238963279605,42.923040428409,20552.32232796846,21.5,1.47714,166.389556884766,108.12184322992242,9.930729222199648,-0.3927636321428572,0,0,0,1,0,0,1,0,0,0,1338.0979008765246,0,0
GRC,J,2010,6270.033,3062.718,2244.463,99.3,4.145391325719884,0.35796669650702,GRC_J,0.333333333333,53.1629312529934,3.9919967492405313,NA,NA,20.2491669415812,21547.724178239,11.4,0.60491,101.694053649902,50.922518199722745,9.97802548337689,1.2675550444444446,1,53.1629312529934,3.9919967492405313,1,1,3.9919967492405313,0,0,0,0,53.1629312529934,3646.56666666655,32.74162104376491
GRC,J,2011,5668.305,2655.042,1390.205,95.4,4.084566831776608,0.24525938530124963,GRC_J,1.833333333333,323.4359007380513,5.782087984237757,NA,NA,22.183064232426,19448.255802524985,11.4,0.6837,105.812690734863,56.2929957941907,9.875512669062736,1.2675550444444446,1,323.4359007380513,5.782087984237757,1,0,5.782087984237757,0,0,0,0,53.1629312529934,4131.180952380795,33.23960293621336
GRC,J,2012,5183.479,2340.831,1165.531,90.2,4.0512023043697045,0.22485496709835226,GRC_J,1.25,241.15077923533596,5.4895605868301685,53.1629312529934,3.9919967492405313,24.3424643325153,17924.662049688624,14.2,0.71953,110.122978210449,62.39421173513185,9.793932811716234,1.2675550444444446,1,241.15077923533596,5.4895605868301685,1,0,5.4895605868301685,0,0,0,0,53.1629312529934,5137.443650793393,34.10963826339685
GRC,J,2013,4802.651,2420.297,871.975,92,3.955134759056697,0.18156118360463835,GRC_J,3.238095238093,674.2308025490505,6.515054562130189,323.4359007380513,5.782087984237757,26.5619364050644,17644.876663502073,16.6,0.82288,112.705833435059,62.954727221537354,9.77820074620124,1.2675550444444446,1,674.2308025490505,6.515054562130189,1,0,6.515054562130189,0,0,0,0,53.1629312529934,4935.5045634918815,33.94958817790701
GRC,J,2014,4341.807,2188.517,1108.343,94.1,3.8316878532965783,0.2552722864005701,GRC_J,6.333333333333,1458.6860570571193,7.285976662167311,241.15077923533596,5.4895605868301685,28.9729450556431,17903.525244001194,16.4,0.84553,119.104209899902,66.43353645136774,9.792752913444165,1.2675550444444446,1,1458.6860570571193,7.285976662167311,1,0,7.285976662167311,0,0,0,0,53.1629312529934,4853.454761904649,33.88267947200788
GRC,J,2015,4498.589,2240.047,1015.739,89.2,3.92063803144807,0.2257905756671703,GRC_J,2.75,611.3027884965709,6.417226912608066,674.2308025490505,6.515054562130189,31.7813956931321,17980.72982381374,17.5,0.9716,125.2537117004395,65.2716454619318,9.79705589807022,1.2675550444444446,1,611.3027884965709,6.417226912608066,1,0,6.417226912608066,0,0,0,0,53.1629312529934,4657.0309523808655,33.71779413985443
GRC,J,2016,4627.016,2199.837,1372.359,89.9,3.9409695053875695,0.296596986048892,GRC_J,6.932539682539,1498.274413258783,7.312736545563721,1458.6860570571193,7.285976662167311,33.5485838991847,18049.928997892017,16.4,1.00556,131.403213500977,63.65754908828659,9.800897030118499,1.2675550444444446,1,1498.274413258783,7.312736545563721,1,1,7.312736545563721,0,0,0,0,53.1629312529934,4581.663888888781,33.652675282646804
GRC,J,2017,4794.036,2313.887,1405.322,89.4,3.9820072421733994,0.29313964267268744,GRC_J,6.194444444444,1292.114711788564,7.164809092383915,611.3027884965709,6.417226912608066,35.1351318678243,18352.088446125785,16.4,1.1492,135.333923339844,70.88249673972527,9.817498658784618,1.2675550444444446,1,1292.114711788564,7.164809092383915,1,1,7.164809092383915,0,0,0,0,53.1629312529934,4536.317460317326,33.61297689285048
GRC,J,2018,4862.152,2581.834,1430.563,100.6,3.878084159576549,0.2942242447377211,GRC_J,4.886111111111,1004.9276762863441,6.913665455715806,1498.274413258783,7.312736545563721,36.9203391643751,18769.03896219764,17.9,1.2066,140.950317382812,79.23799086387062,9.839963927534411,1.2675550444444446,1,1004.9276762863441,6.913665455715806,1,1,6.913665455715806,0,0,0,0,53.1629312529934,4336.832936507848,33.433492449057134
GRC,J,2019,5165.253,2725.987,1304.232,103.8,3.9072433931653747,0.2525010875556338,GRC_J,7.299999999995,1413.2899201636399,7.254382860916024,1292.114711788564,7.164809092383915,38.3565690069278,19216.67595797847,18.5,1.26236,143.96272277832,80.59009495104566,9.86353372053176,1.2675550444444446,1,1413.2899201636399,7.254382860916024,1,0,7.254382860916024,1,0,7.254382860916024,0,53.1629312529934,4399.985714285576,33.49119134007574
GRC,J,2020,5671.515,2759.438,1365.128,105.3,3.9863981376586324,0.24069900194216182,GRC_J,7.199999999994,1269.5020642621944,7.147167427522531,1004.9276762863441,6.913665455715806,39.7876360746134,17486.95133332298,20.1,1.48872,143.693344116211,70.29374645807445,9.769210243689427,1.2675550444444446,1,1269.5020642621944,7.147167427522531,1,0,7.147167427522531,0,0,0,0,53.1629312529934,4489.433333333184,33.571512973555016
GRC,J,2021,6142.13,2981.267,1840.607,112.6,3.999085150815244,0.2996691701413028,GRC_J,9.033333333331,1470.7167274758106,7.294184840196261,1413.2899201636399,7.254382860916024,41.9213046741732,19232.968332711374,21.5,1.43353,150.605484008789,88.01266544903785,9.864381186145998,1.2675550444444446,1,1470.7167274758106,7.294184840196261,1,1,7.294184840196261,1,0,7.294184840196261,0,53.1629312529934,4170.399999999863,33.27731280517746
GRC,J,2022,6468.143,3167.065,2049.645,117.1,4.011616058692466,0.31688306829332624,GRC_J,2.166666666665,334.97507192790886,5.817036966520192,1269.5020642621944,7.147167427522531,42.923040428409,20552.32232796846,21.5,1.47714,166.389556884766,108.12184322992242,9.930729222199648,1.2675550444444446,1,334.97507192790886,5.817036966520192,1,1,5.817036966520192,1,0,5.817036966520192,0,53.1629312529934,2174.8666666665877,30.67922288502259
GRC,K,2010,9366.675,5094.614,936.272,101.9,4.520921516104368,0.09995777583827774,GRC_K,0,0,0,NA,NA,20.2491669415812,21547.724178239,11.4,0.60491,101.694053649902,50.922518199722745,9.97802548337689,2.05267,1,0,0,0,0,0,0,0,0,0,0,0,0
GRC,K,2011,8538.012,4862.975,589.154,98.5,4.4622269246202535,0.06900365096699325,GRC_K,0,0,0,NA,NA,22.183064232426,19448.255802524985,11.4,0.6837,105.812690734863,56.2929957941907,9.875512669062736,2.05267,1,0,0,0,0,0,0,0,0,0,0,0,0
GRC,K,2012,6157.057,4212.713,491.681,95.6,4.165181362566402,0.07985649637481024,GRC_K,0,0,0,0,0,24.3424643325153,17924.662049688624,14.2,0.71953,110.122978210449,62.39421173513185,9.793932811716234,2.05267,1,0,0,0,0,0,0,0,0,0,0,0,0
GRC,K,2013,7003.273,3906.676,787.762,91.7,4.335610510926144,0.1124848338769601,GRC_K,0,0,0,0,0,26.5619364050644,17644.876663502073,16.6,0.82288,112.705833435059,62.954727221537354,9.77820074620124,2.05267,1,0,0,0,1,0,0,0,0,0,0,0,0
GRC,K,2014,8146.681,3625.658,673.974,85.7,4.554513058422942,0.08272988717736708,GRC_K,0,0,0,0,0,28.9729450556431,17903.525244001194,16.4,0.84553,119.104209899902,66.43353645136774,9.792752913444165,2.05267,1,0,0,0,0,0,0,0,0,0,0,0,0
GRC,K,2015,7859.023,3381.988,640.412,88.6,4.485285719831848,0.08148748260438989,GRC_K,0,0,0,0,0,31.7813956931321,17980.72982381374,17.5,0.9716,125.2537117004395,65.2716454619318,9.79705589807022,2.05267,1,0,0,0,0,0,0,0,0,0,0,0,0
GRC,K,2016,8622.304,3128.928,704.399,85.4,4.614761512531671,0.0816949854702409,GRC_K,0,0,0,0,0,33.5485838991847,18049.928997892017,16.4,1.00556,131.403213500977,63.65754908828659,9.800897030118499,2.05267,1,0,0,0,0,0,0,0,0,0,0,0,0
GRC,K,2017,8728.717,3047.329,631.623,81.2,4.677458426375413,0.07236149367656208,GRC_K,0,0,0,0,0,35.1351318678243,18352.088446125785,16.4,1.1492,135.333923339844,70.88249673972527,9.817498658784618,2.05267,1,0,0,0,0,0,0,0,0,0,0,0,0
GRC,K,2018,8133.172,3267.717,919.347,81.9,4.598207295491848,0.113036709416695,GRC_K,0,0,0,0,0,36.9203391643751,18769.03896219764,17.9,1.2066,140.950317382812,79.23799086387062,9.839963927534411,2.05267,1,0,0,0,1,0,0,0,0,0,0,0,0
GRC,K,2019,8057.337,3047.085,933.148,79,4.624890531418199,0.11581345052341735,GRC_K,0,0,0,0,0,38.3565690069278,19216.67595797847,18.5,1.26236,143.96272277832,80.59009495104566,9.86353372053176,2.05267,1,0,0,0,1,0,1,0,0,0,0,0,0
GRC,K,2020,7679.141,3060.295,993.693,81.2,4.549347723760191,0.12940158280724368,GRC_K,0,0,0,0,0,39.7876360746134,17486.95133332298,20.1,1.48872,143.693344116211,70.29374645807445,9.769210243689427,2.05267,1,0,0,1,1,0,0,0,0,0,0,0,0
GRC,K,2021,7973.264,2917.331,794.691,81.6,4.582019961736416,0.09966947036997646,GRC_K,0,0,0,0,0,41.9213046741732,19232.968332711374,21.5,1.43353,150.605484008789,88.01266544903785,9.864381186145998,2.05267,1,0,0,0,0,0,1,0,0,0,0,0,0
GRC,K,2022,8980.568,3054.031,914.809,81.3,4.704672394412556,0.1018653831249872,GRC_K,0,0,0,0,0,42.923040428409,20552.32232796846,21.5,1.47714,166.389556884766,108.12184322992242,9.930729222199648,2.05267,1,0,0,0,0,0,1,0,0,0,0,0,0
GRC,M_N,2010,10915.081,4737.89,1900.907,373.91,3.373885563192372,0.17415418172343383,GRC_M_N,0,0,0,NA,NA,20.2491669415812,21547.724178239,11.4,0.60491,101.694053649902,50.922518199722745,9.97802548337689,0.9246918833333334,1,0,0,1,1,0,0,0,0,0,0,0,0
GRC,M_N,2011,9489.591,4194.21,1537.482,368.711,3.2479376533284405,0.162017730795774,GRC_M_N,0,0,0,NA,NA,22.183064232426,19448.255802524985,11.4,0.6837,105.812690734863,56.2929957941907,9.875512669062736,0.9246918833333334,1,0,0,1,1,0,0,0,0,0,0,0,0
GRC,M_N,2012,8698.559,4051.783,1002.763,382.187,3.1250026411179874,0.11527920888965633,GRC_M_N,0,0,0,0,0,24.3424643325153,17924.662049688624,14.2,0.71953,110.122978210449,62.39421173513185,9.793932811716234,0.9246918833333334,1,0,0,0,0,0,0,0,0,0,0,0,0
GRC,M_N,2013,8111.918,3607.005,701.955,396.289,3.0189458742373843,0.08653378892636736,GRC_M_N,0,0,0,0,0,26.5619364050644,17644.876663502073,16.6,0.82288,112.705833435059,62.954727221537354,9.77820074620124,0.9246918833333334,1,0,0,0,0,0,0,0,0,0,0,0,0
GRC,M_N,2014,7859.104,3705.233,878.953,426.101,2.914751476644352,0.11183883048245703,GRC_M_N,0,0,0,0,0,28.9729450556431,17903.525244001194,16.4,0.84553,119.104209899902,66.43353645136774,9.792752913444165,0.9246918833333334,1,0,0,0,0,0,0,0,0,0,0,0,0
GRC,M_N,2015,7828.515,3523.378,988.472,396.639,2.982501568719811,0.12626558165884588,GRC_M_N,0,0,0,0,0,31.7813956931321,17980.72982381374,17.5,0.9716,125.2537117004395,65.2716454619318,9.79705589807022,0.9246918833333334,1,0,0,0,0,0,0,0,0,0,0,0,0
GRC,M_N,2016,7557.251,3623.962,841.832,403.476,2.9301457723204725,0.1113939447029085,GRC_M_N,0,0,0,0,0,33.5485838991847,18049.928997892017,16.4,1.00556,131.403213500977,63.65754908828659,9.800897030118499,0.9246918833333334,1,0,0,0,0,0,0,0,0,0,0,0,0
GRC,M_N,2017,7824.851,3749.747,916.933,388.815,3.001956321604516,0.11718216743040859,GRC_M_N,0,0,0,0,0,35.1351318678243,18352.088446125785,16.4,1.1492,135.333923339844,70.88249673972527,9.817498658784618,0.9246918833333334,1,0,0,0,0,0,0,0,0,0,0,0,0
GRC,M_N,2018,8107.557,4015.41,872.237,407.357,2.990861917835448,0.10758320909738901,GRC_M_N,0,0,0,0,0,36.9203391643751,18769.03896219764,17.9,1.2066,140.950317382812,79.23799086387062,9.839963927534411,0.9246918833333334,1,0,0,0,0,0,0,0,0,0,0,0,0
GRC,M_N,2019,8685.85,4302.464,1315.132,414.608,3.042117048254651,0.151410857889556,GRC_M_N,0,0,0,0,0,38.3565690069278,19216.67595797847,18.5,1.26236,143.96272277832,80.59009495104566,9.86353372053176,0.9246918833333334,1,0,0,1,0,0,1,0,0,0,0,0,0
GRC,M_N,2020,7962.683,4119.34,1222.978,409.116,2.9685225479353123,0.1535886836132997,GRC_M_N,0,0,0,0,0,39.7876360746134,17486.95133332298,20.1,1.48872,143.693344116211,70.29374645807445,9.769210243689427,0.9246918833333334,1,0,0,1,0,0,0,0,0,0,0,0,0
GRC,M_N,2021,9502.299,4932.454,1560.345,446.313,3.0582685487113785,0.1642071039860985,GRC_M_N,0,0,0,0,0,41.9213046741732,19232.968332711374,21.5,1.43353,150.605484008789,88.01266544903785,9.864381186145998,0.9246918833333334,1,0,0,1,1,0,1,0,0,0,0,0,0
GRC,M_N,2022,10636.759,5433.346,1887.304,463.606,3.13303605765748,0.1774322422835753,GRC_M_N,0,0,0,0,0,42.923040428409,20552.32232796846,21.5,1.47714,166.389556884766,108.12184322992242,9.930729222199648,0.9246918833333334,1,0,0,1,1,0,1,0,0,0,0,0,0
HUN,C,2010,4974091,2336264,1219055,779.494,8.761108207086448,0.2450809605212289,HUN_C,8.611111111111,1.7311929176830503,1.0047384799392152,NA,NA,21.639373536508,11287.368666610791,13.5,1.13102,60.7487602233887,157.83896008589605,9.331439562362826,-0.4842254202898551,0,0,0,1,1,1.0047384799392152,1,0,1.0047384799392152,0,1.7311929176830503,14705.203968253629,9.64149529303353
HUN,C,2011,5259480,2533257,1594011,778.169,8.818598996272263,0.3030738780259645,HUN_C,20.861111111108002,3.9663828194247346,1.6026917721987588,NA,NA,23.2549245597223,11536.3578996772,14.7,1.18116,59.9984893798828,166.75434720989713,9.353258883634082,-0.4842254202898551,0,0,0,1,1,1.6026917721987588,1,0,1.6026917721987588,0,1.7311929176830503,15711.534126983826,9.707998232185314
HUN,C,2012,5348234,2661906,1725926,799.366,8.808458057447616,0.32270951495390815,HUN_C,12.2,2.281126816814672,1.1881869051109002,1.7311929176830503,1.0047384799392152,24.1618038721448,11440.76227188248,16.5,1.25758,60.6758003234863,166.17569860957047,9.344937894871524,-0.4842254202898551,0,0,0,1,1,1.1881869051109002,1,0,1.1881869051109002,0,1.7311929176830503,16527.471428571193,9.758863810115992
HUN,C,2013,5676427,2681988,1912191,778.416,8.894571457821911,0.3368652499186548,HUN_C,15.066666666666,2.6542518148592418,1.2958913704305683,3.9663828194247346,1.6026917721987588,26.2621916555453,11729.572079850072,17.2,1.38449,57.5212211608887,164.4760247914666,9.369868460150883,-0.4842254202898551,0,0,0,1,1,1.2958913704305683,1,0,1.2958913704305683,0,1.7311929176830503,15596.166666666464,9.7005938400401
HUN,C,2014,6376095,2843611,2017335,792.076,8.99340905215822,0.31639036118502,HUN_C,14.933333333333,2.3420813732124444,1.2065937785340028,2.281126816814672,1.1881869051109002,26.164233392363,12287.377944103324,15.7,1.3437,53.4245910644531,168.3583550864127,9.416327831067598,-0.4842254202898551,0,0,0,1,1,1.2065937785340028,1,0,1.2065937785340028,0,1.7311929176830503,16399.49761904741,9.75105422105644
HUN,C,2015,7069606,3039583,1836417,789.742,9.099608998046902,0.2597622837821514,HUN_C,20,2.82901197039835,1.3426067987369017,2.6542518148592418,1.2958913704305683,27.6322359587573,12782.941257797267,15.6,1.33884,50.9797401428223,167.29073849452425,9.455866846819692,-0.4842254202898551,0,0,0,1,1,1.3426067987369017,1,0,1.3426067987369017,0,1.7311929176830503,16273.497619047394,9.743305318566723
HUN,C,2016,7101718,3277113,2241110,822.648,9.063318878909932,0.3155729360135111,HUN_C,20.5,2.8866254616136544,1.3575412905548967,2.3420813732124444,1.2065937785340028,28.6887907811727,13145.655988556287,15.3,1.17645,50.7361488342285,163.9719445001501,9.48384663995505,-0.4842254202898551,0,0,0,1,1,1.3575412905548967,1,0,1.3575412905548967,0,1.7311929176830503,17407.55833333312,9.810987139188551
HUN,C,2017,7514497,3594468,2420359,859.616,9.075858868224403,0.32209195106472194,HUN_C,18.416666666666,2.4508182871942057,1.2386113876133984,2.82901197039835,1.3426067987369017,30.2136178819417,13734.2442804335,14.6,1.31498,51.3840599060059,165.03285584026756,9.527647575569224,-0.4842254202898551,0,0,0,1,1,1.2386113876133984,1,0,1.2386113876133984,0,1.7311929176830503,17228.846666666526,9.800619451556532
HUN,C,2018,8015171,3991448,2829296,879.748,9.117211175969091,0.3529925936701787,HUN_C,22.166666666666,2.765588739986458,1.3259042208694074,2.8866254616136544,1.3575412905548967,31.5062908247816,14533.778314431238,13.6,1.50196,52.5629386901855,162.70085877792488,9.584230758165749,-0.4842254202898551,0,0,0,1,1,1.3259042208694074,1,0,1.3259042208694074,0,1.7311929176830503,16480.60476190457,9.756010816091116
HUN,C,2019,8306248,4381466,3354882,881.976,9.150353715908906,0.4038986074097475,HUN_C,23.033333333333,2.7730129576353852,1.3278738752819708,2.4508182871942057,1.2386113876133984,32.6466329851573,15290.808546633109,13.6,1.46473,54.2122917175293,159.92555646483092,9.635007178272721,-0.4842254202898551,0,0,0,1,1,1.3278738752819708,1,0,1.3278738752819708,0,1.7311929176830503,16453.333333332994,9.754346940001017
HUN,C,2020,8431049,4412934,3155061,854.773,9.196595822162486,0.37421926974923286,HUN_C,22.45,2.6627766011085927,1.298221493978494,2.765588739986458,1.3259042208694074,33.4922037196533,14664.297119538538,14.8,1.58067,56.6071815490723,154.527002936377,9.593171051148598,-0.4842254202898551,0,0,0,1,1,1.298221493978494,1,0,1.298221493978494,0,1.7311929176830503,16032.849999999795,9.728337521550394
HUN,C,2021,9182502,4859581,3656146,870.773,9.263428951573367,0.39816446541476386,HUN_C,8,0.8712222442205839,0.6265918238938438,2.7730129576353852,1.3278738752819708,34.8391868436369,15787.953542756264,15.3,1.63327,58.6536102294922,159.1875273328341,9.667002494211665,-0.4842254202898551,0,0,0,1,1,0.6265918238938438,1,0,0.6265918238938438,0,1.7311929176830503,10788.333333333192,9.330316279882071
HUN,C,2022,11064574,5511532,4803889,885.435,9.433179981279483,0.434168455107264,HUN_C,5.999999999999,0.5422712162256766,0.4332561456838766,2.6627766011085927,1.298221493978494,36.5338104764554,16487.797393594446,15.3,1.39056,60.2746810913086,185.00020409269848,9.710375834381892,-0.4842254202898551,0,0,0,1,1,0.4332561456838766,1,0,0.4332561456838766,0,1.7311929176830503,6535.01666666659,8.82671112695982
HUN,D_E,2010,929308,360914,343314,81.434,9.342402625920704,0.369429726204875,HUN_D_E,138,148.49759175644672,5.007280284048465,NA,NA,21.639373536508,11287.368666610791,13.5,1.13102,60.7487602233887,157.83896008589605,9.331439562362826,-0.4190017,0,0,0,1,0,5.007280284048465,1,0,5.007280284048465,0,148.49759175644672,72566.41666666571,56.042839383291266
HUN,D_E,2011,865524,361818,367232,76.483,9.334021888934739,0.4242886390209861,HUN_D_E,114.166666666666,131.90468047872272,4.889632183148139,NA,NA,23.2549245597223,11536.3578996772,14.7,1.18116,59.9984893798828,166.75434720989713,9.353258883634082,-0.4190017,0,0,0,1,0,4.889632183148139,1,0,4.889632183148139,0,148.49759175644672,76896.29269841172,56.33303458747957
HUN,D_E,2012,897103,373595,274736,83.389,9.283409555469133,0.30624800050830286,HUN_D_E,110.75,123.4529368422578,4.823927627106937,148.49759175644672,5.007280284048465,24.1618038721448,11440.76227188248,16.5,1.25758,60.6758003234863,166.17569860957047,9.344937894871524,-0.4190017,0,0,0,1,0,4.823927627106937,1,0,4.823927627106937,0,148.49759175644672,76234.773809523,56.28977246035738
HUN,D_E,2013,832361,374071,296104,78.831,9.264715199412063,0.3557398772888206,HUN_D_E,52,62.47289337198644,4.1506129387294255,131.90468047872272,4.889632183148139,26.2621916555453,11729.572079850072,17.2,1.38449,57.5212211608887,164.4760247914666,9.369868460150883,-0.4190017,0,0,0,1,0,4.1506129387294255,1,0,4.1506129387294255,0,148.49759175644672,70957.55238095179,55.930575771040886
HUN,D_E,2014,839569,380621,302288,80.036,9.258167410448749,0.3600514073292368,HUN_D_E,107.5,128.04188815928174,4.860137066066394,123.4529368422578,4.823927627106937,26.164233392363,12287.377944103324,15.7,1.3437,53.4245910644531,168.3583550864127,9.416327831067598,-0.4190017,0,0,0,1,0,4.860137066066394,1,0,4.860137066066394,0,148.49759175644672,68753.89999999948,55.772606440319485
HUN,D_E,2015,874203,386042,388635,77.236,9.334202223534161,0.44455921565128464,HUN_D_E,79.666666666666,91.13062602927009,4.523207418162013,62.47289337198644,4.1506129387294255,27.6322359587573,12782.941257797267,15.6,1.33884,50.9797401428223,167.29073849452425,9.455866846819692,-0.4190017,0,0,0,1,0,4.523207418162013,1,0,4.523207418162013,0,148.49759175644672,63894.87380952332,55.40560674457616
HUN,D_E,2016,995173,406444,284326,75.224,9.490201541399164,0.28570509851051024,HUN_D_E,58.5,58.78374915718172,4.090733870800602,128.04188815928174,4.860137066066394,28.6887907811727,13145.655988556287,15.3,1.17645,50.7361488342285,163.9719445001501,9.48384663995505,-0.4190017,0,0,0,1,0,4.090733870800602,1,0,4.090733870800602,0,148.49759175644672,66236.59999999953,55.58583624170791
HUN,D_E,2017,897268,426089,273033,78.908,9.338827253225418,0.3042937004328696,HUN_D_E,92.75,103.36933892660832,4.647935943871193,91.13062602927009,4.523207418162013,30.2136178819417,13734.2442804335,14.6,1.31498,51.3840599060059,165.03285584026756,9.527647575569224,-0.4190017,0,0,0,1,0,4.647935943871193,1,0,4.647935943871193,0,148.49759175644672,63595.97777777735,55.38212842512327
HUN,D_E,2018,895835,454908,404646,77.784,9.351575768705976,0.45169702009856727,HUN_D_E,85.833333333332,95.81377523018413,4.5727892902549225,58.78374915718172,4.090733870800602,31.5062908247816,14533.778314431238,13.6,1.50196,52.5629386901855,162.70085877792488,9.584230758165749,-0.4190017,0,0,0,1,0,4.5727892902549225,1,0,4.5727892902549225,0,148.49759175644672,59559.67285714244,55.053798828075976
HUN,D_E,2019,1016473,488369,581976,79.932,9.450673076747295,0.5725444748655399,HUN_D_E,77.99999999999599,76.73592904090516,4.353317557715187,103.36933892660832,4.647935943871193,32.6466329851573,15290.808546633109,13.6,1.46473,54.2122917175293,159.92555646483092,9.635007178272721,-0.4190017,0,0,0,1,1,4.353317557715187,1,0,4.353317557715187,0,148.49759175644672,58300.564285713765,54.946810372163014
HUN,D_E,2020,1000662,482121,474263,73.644,9.516929665743971,0.4739492455994132,HUN_D_E,43.266666666664,43.23804308214362,3.7895851221069607,95.81377523018413,4.5727892902549225,33.4922037196533,14664.297119538538,14.8,1.58067,56.6071815490723,154.527002936377,9.593171051148598,-0.4190017,0,0,0,1,0,3.7895851221069607,1,0,3.7895851221069607,0,148.49759175644672,62596.2809523804,55.30279253500359
HUN,D_E,2021,1049260,519369,578259,76.615,9.52480283173739,0.5511112593637421,HUN_D_E,48.749999999995005,46.461315593842336,3.8599149706790987,76.73592904090516,4.353317557715187,34.8391868436369,15787.953542756264,15.3,1.63327,58.6536102294922,159.1875273328341,9.667002494211665,-0.4190017,0,0,0,1,1,3.8599149706790987,1,0,3.8599149706790987,0,148.49759175644672,58151.38333333292,54.93398141676051
HUN,D_E,2022,1039070,598082,744436,77.591,9.502385199203873,0.7164445128817115,HUN_D_E,36.166666666666,34.80676630704958,3.5781368785380514,43.23804308214362,3.7895851221069607,36.5338104764554,16487.797393594446,15.3,1.39056,60.2746810913086,185.00020409269848,9.710375834381892,-0.4190017,0,0,0,1,1,3.5781368785380514,1,0,3.5781368785380514,0,148.49759175644672,48413.49999999947,54.016309635000404
HUN,G,2010,2291104,1439450,375976,591.061,8.262625128459492,0.16410254619606968,HUN_G,0,0,0,NA,NA,21.639373536508,11287.368666610791,13.5,1.13102,60.7487602233887,157.83896008589605,9.331439562362826,0.06857736764705884,1,0,0,0,1,0,1,0,0,0,0,0,0
HUN,G,2011,2424584,1516611,376498,578.014,8.341572431413873,0.15528354554843224,HUN_G,0,0,0,NA,NA,23.2549245597223,11536.3578996772,14.7,1.18116,59.9984893798828,166.75434720989713,9.353258883634082,0.06857736764705884,1,0,0,0,1,0,1,0,0,0,0,0,0
HUN,G,2012,2402385,1586830,367670,571.776,8.343225245585923,0.1530437461106359,HUN_G,0,0,0,0,0,24.1618038721448,11440.76227188248,16.5,1.25758,60.6758003234863,166.17569860957047,9.344937894871524,0.06857736764705884,1,0,0,0,1,0,1,0,0,0,0,0,0
HUN,G,2013,2696960,1606625,420250,589.946,8.427604763430523,0.15582359397247272,HUN_G,0,0,0,0,0,26.2621916555453,11729.572079850072,17.2,1.38449,57.5212211608887,164.4760247914666,9.369868460150883,0.06857736764705884,1,0,0,0,1,0,1,0,0,0,0,0,0
HUN,G,2014,2948662,1653319,419561,619.372,8.468156004624635,0.14228860411942773,HUN_G,0,0,0,0,0,26.164233392363,12287.377944103324,15.7,1.3437,53.4245910644531,168.3583550864127,9.416327831067598,0.06857736764705884,1,0,0,0,1,0,1,0,0,0,0,0,0
HUN,G,2015,3058268,1660448,409646,631.688,8.484963699245608,0.13394705761561773,HUN_G,0,0,0,0,0,27.6322359587573,12782.941257797267,15.6,1.33884,50.9797401428223,167.29073849452425,9.455866846819692,0.06857736764705884,1,0,0,0,1,0,1,0,0,0,0,0,0
HUN,G,2016,3143059,1736154,481423,629.292,8.516111709563178,0.1531702077498386,HUN_G,0,0,0,0,0,28.6887907811727,13145.655988556287,15.3,1.17645,50.7361488342285,163.9719445001501,9.48384663995505,0.06857736764705884,1,0,0,0,1,0,1,0,0,0,0,0,0
HUN,G,2017,3425328,1879837,491115,643.572,8.579673882627448,0.14337751012457786,HUN_G,0,0,0,0,0,30.2136178819417,13734.2442804335,14.6,1.31498,51.3840599060059,165.03285584026756,9.527647575569224,0.06857736764705884,1,0,0,0,1,0,1,0,0,0,0,0,0
HUN,G,2018,3898354,2038371,570245,642.373,8.710895838867762,0.14627840365446546,HUN_G,0,0,0,0,0,31.5062908247816,14533.778314431238,13.6,1.50196,52.5629386901855,162.70085877792488,9.584230758165749,0.06857736764705884,1,0,0,0,1,0,1,0,0,0,0,0,0
HUN,G,2019,4130439,2289228,781603,652.4,8.753236383940918,0.1892300067862036,HUN_G,0,0,0,0,0,32.6466329851573,15290.808546633109,13.6,1.46473,54.2122917175293,159.92555646483092,9.635007178272721,0.06857736764705884,1,0,0,0,1,0,1,0,0,0,0,0,0
HUN,G,2020,4443057,2288449,685384,638.628,8.84753108577282,0.1542595559768871,HUN_G,0,0,0,0,0,33.4922037196533,14664.297119538538,14.8,1.58067,56.6071815490723,154.527002936377,9.593171051148598,0.06857736764705884,1,0,0,0,1,0,1,0,0,0,0,0,0
HUN,G,2021,5276523,2472477,899578,655.333,8.993634412641969,0.17048689070435208,HUN_G,0,0,0,0,0,34.8391868436369,15787.953542756264,15.3,1.63327,58.6536102294922,159.1875273328341,9.667002494211665,0.06857736764705884,1,0,0,0,1,0,1,0,0,0,0,0,0
HUN,G,2022,5745991,3057818,995622,670.524,9.055953455948567,0.17327246074697994,HUN_G,0,0,0,0,0,36.5338104764554,16487.797393594446,15.3,1.39056,60.2746810913086,185.00020409269848,9.710375834381892,0.06857736764705884,1,0,0,0,1,0,1,0,0,0,0,0,0
HUN,H,2010,1399793,780651,591697,239.132,8.674819225786148,0.4227032139752092,HUN_H,15,10.715870132226692,2.460944344252865,NA,NA,21.639373536508,11287.368666610791,13.5,1.13102,60.7487602233887,157.83896008589605,9.331439562362826,-0.3927636321428572,0,0,0,1,1,2.460944344252865,1,0,2.460944344252865,0,10.715870132226692,28139.32999999984,25.212274050096074
HUN,H,2011,1519273,850899,517024,245.892,8.728850073789184,0.3403101351764956,HUN_H,24,15.797029237010069,2.8212020396423925,NA,NA,23.2549245597223,11536.3578996772,14.7,1.18116,59.9984893798828,166.75434720989713,9.353258883634082,-0.3927636321428572,0,0,0,1,1,2.8212020396423925,1,0,2.8212020396423925,0,10.715870132226692,33278.099999999824,25.62503789329479
HUN,H,2012,1562550,871249,502025,260.402,8.699603069284233,0.3212857188569966,HUN_H,11.777777777777,7.537536576606829,2.144472509116935,10.715870132226692,2.460944344252865,24.1618038721448,11440.76227188248,16.5,1.25758,60.6758003234863,166.17569860957047,9.344937894871524,-0.3927636321428572,0,0,0,1,1,2.144472509116935,1,0,2.144472509116935,0,10.715870132226692,31946.76111111091,25.52456376505934
HUN,H,2013,1671892,900383,631732,253.185,8.79534603043011,0.37785455041354343,HUN_H,21,12.560619944350472,2.6071700000771028,15.797029237010069,2.8212020396423925,26.2621916555453,11729.572079850072,17.2,1.38449,57.5212211608887,164.4760247914666,9.369868460150883,-0.3927636321428572,0,0,0,1,1,2.6071700000771028,1,0,2.6071700000771028,0,10.715870132226692,30763.79999999987,25.43171006024781
HUN,H,2014,1813653,957894,822264,254.697,8.870778998039007,0.45337448784304385,HUN_H,15,8.27060082606761,2.2268481915084513,7.537536576606829,2.144472509116935,26.164233392363,12287.377944103324,15.7,1.3437,53.4245910644531,168.3583550864127,9.416327831067598,-0.3927636321428572,0,0,0,1,1,2.2268481915084513,1,0,2.2268481915084513,0,10.715870132226692,31055.083333333157,25.45490084426171
HUN,H,2015,1911379,992322,773185,255.34,8.920739538650347,0.40451684359826073,HUN_H,15.333333333332,8.02213131635955,2.1996805940076958,12.560619944350472,2.6071700000771028,27.6322359587573,12782.941257797267,15.6,1.33884,50.9797401428223,167.29073849452425,9.455866846819692,-0.3927636321428572,0,0,0,1,1,2.1996805940076958,1,0,2.1996805940076958,0,10.715870132226692,30092.996666666477,25.377457376417553
HUN,H,2016,2032552,1058581,764871,265.754,8.942231635483536,0.3763106675745565,HUN_H,18.666666666666,9.183856878774074,2.320803807618851,8.27060082606761,2.2268481915084513,28.6887907811727,13145.655988556287,15.3,1.17645,50.7361488342285,163.9719445001501,9.48384663995505,-0.3927636321428572,0,0,0,1,1,2.320803807618851,1,0,2.320803807618851,0,10.715870132226692,32549.59666666653,25.570567663575414
HUN,H,2017,2057045,1145118,857128,274.072,8.92339019932328,0.41667926564562274,HUN_H,21.166666666666,10.289841333887203,2.4239033243770067,8.02213131635955,2.1996805940076958,30.2136178819417,13734.2442804335,14.6,1.31498,51.3840599060059,165.03285584026756,9.527647575569224,-0.3927636321428572,0,0,0,1,1,2.4239033243770067,1,0,2.4239033243770067,0,10.715870132226692,32669.766666666535,25.57963622643224
HUN,H,2018,2230075,1240349,927685,275.441,8.999172325579318,0.4159882515162046,HUN_H,27.666666666666,12.40615973304306,2.595714282906037,9.183856878774074,2.320803807618851,31.5062908247816,14533.778314431238,13.6,1.50196,52.5629386901855,162.70085877792488,9.584230758165749,-0.3927636321428572,0,0,0,1,1,2.595714282906037,1,0,2.595714282906037,0,10.715870132226692,32215.429999999807,25.545172862914978
HUN,H,2019,2471674,1283205,920777,277.316,9.095248561640632,0.37253173355385866,HUN_H,17,6.87792969461183,2.0640651402402748,10.289841333887203,2.4239033243770067,32.6466329851573,15290.808546633109,13.6,1.46473,54.2122917175293,159.92555646483092,9.635007178272721,-0.3927636321428572,0,0,0,1,1,2.0640651402402748,1,0,2.0640651402402748,0,10.715870132226692,31431.04999999973,25.48451428147604
HUN,H,2020,2375878,1377126,942482,263.96,9.105080034829813,0.39668787707112907,HUN_H,32,13.468705042935706,2.671988044097971,12.40615973304306,2.595714282906037,33.4922037196533,14664.297119538538,14.8,1.58067,56.6071815490723,154.527002936377,9.593171051148598,-0.3927636321428572,0,0,0,1,1,2.671988044097971,1,0,2.671988044097971,0,10.715870132226692,27422.16666666651,25.148743236831105
HUN,H,2021,2465217,1459113,1412772,268.879,9.123528929759937,0.5730822073675461,HUN_H,10.333333333332,4.191652634770894,1.6470520732288931,6.87792969461183,2.0640651402402748,34.8391868436369,15787.953542756264,15.3,1.63327,58.6536102294922,159.1875273328341,9.667002494211665,-0.3927636321428572,0,0,0,1,1,1.6470520732288931,1,0,1.6470520732288931,0,10.715870132226692,17240.116666666545,24.006640819951567
HUN,H,2022,3115608,1684273,1347227,272.185,9.345452893588712,0.43241222900955445,HUN_H,2,0.6419292799350881,0.49587194063566076,13.468705042935706,2.671988044097971,36.5338104764554,16487.797393594446,15.3,1.39056,60.2746810913086,185.00020409269848,9.710375834381892,-0.3927636321428572,0,0,0,1,1,0.49587194063566076,1,0,0.49587194063566076,0,10.715870132226692,11089.383333333253,22.920826233012843
HUN,J,2010,1241256,569123,317276,101.923,9.407416701925175,0.2556088349220467,HUN_J,6.5,5.236631283151905,1.8304401781360389,NA,NA,21.639373536508,11287.368666610791,13.5,1.13102,60.7487602233887,157.83896008589605,9.331439562362826,1.2675550444444446,1,5.236631283151905,1.8304401781360389,1,0,1.8304401781360389,1,0,1.8304401781360389,0,5.236631283151905,3640.399999999883,15.009835523866222
HUN,J,2011,1279822,616081,286936,107.565,9.384136247723067,0.22419992780246004,HUN_J,7.5,5.860189932662511,1.925735128331559,NA,NA,23.2549245597223,11536.3578996772,14.7,1.18116,59.9984893798828,166.75434720989713,9.353258883634082,1.2675550444444446,1,5.860189932662511,1.925735128331559,0,0,0,1,0,1.925735128331559,0,5.236631283151905,4125.514285714128,15.238759211559147
HUN,J,2012,1292452,669639,319246,105.208,9.416112404304695,0.24700801267667968,HUN_J,6.499999999999,5.029200310726433,1.7966143834911616,5.236631283151905,1.8304401781360389,24.1618038721448,11440.76227188248,16.5,1.25758,60.6758003234863,166.17569860957047,9.344937894871524,1.2675550444444446,1,5.029200310726433,1.7966143834911616,1,0,1.7966143834911616,1,0,1.7966143834911616,0,5.236631283151905,5132.193650793394,15.638335072465745
HUN,J,2013,1345789,688269,335010,113.763,9.378373679110666,0.24893203912351788,HUN_J,8.83333333333,6.563683707720898,2.0233583344434556,5.860189932662511,1.925735128331559,26.2621916555453,11729.572079850072,17.2,1.38449,57.5212211608887,164.4760247914666,9.369868460150883,1.2675550444444446,1,6.563683707720898,2.0233583344434556,1,0,2.0233583344434556,1,0,2.0233583344434556,0,5.236631283151905,4929.909325396644,15.564742973555306
HUN,J,2014,1428235,741862,359366,122.305,9.365432049236682,0.25161545543975605,HUN_J,2.166666666666,1.517023925800726,0.9230772217896552,5.029200310726433,1.7966143834911616,26.164233392363,12287.377944103324,15.7,1.3437,53.4245910644531,168.3583550864127,9.416327831067598,1.2675550444444446,1,1.517023925800726,0.9230772217896552,1,0,0.9230772217896552,1,0,0.9230772217896552,0,5.236631283151905,4857.621428571316,15.537709793088712
HUN,J,2015,1430383,750724,497212,127.446,9.325760053070487,0.3476075988039567,HUN_J,3.833333333332,2.679934907875723,1.3028950639471544,6.563683707720898,2.0233583344434556,27.6322359587573,12782.941257797267,15.6,1.33884,50.9797401428223,167.29073849452425,9.455866846819692,1.2675550444444446,1,2.679934907875723,1.3028950639471544,1,1,1.3028950639471544,1,0,1.3028950639471544,0,5.236631283151905,4655.947619047533,15.460109151463891
HUN,J,2016,1498235,804742,379879,133.804,9.323422263976532,0.2535510116904224,HUN_J,1.166666666666,0.7786940410990264,0.5758794102497724,1.517023925800726,0.9230772217896552,28.6887907811727,13145.655988556287,15.3,1.17645,50.7361488342285,163.9719445001501,9.48384663995505,1.2675550444444446,1,0.7786940410990264,0.5758794102497724,1,0,0.5758794102497724,1,0,0.5758794102497724,0,5.236631283151905,4587.429761904654,15.432977725742461
HUN,J,2017,1624182,843255,398989,139.137,9.365055803144648,0.24565535143229023,HUN_J,9.5,5.849098192197673,1.9241169928333477,2.679934907875723,1.3028950639471544,30.2136178819417,13734.2442804335,14.6,1.31498,51.3840599060059,165.03285584026756,9.527647575569224,1.2675550444444446,1,5.849098192197673,1.9241169928333477,1,0,1.9241169928333477,1,0,1.9241169928333477,0,5.236631283151905,4533.01190476177,15.41113931508561
HUN,J,2018,1800812,908446,413670,144.964,9.427262796524525,0.22971304056170216,HUN_J,4.25,2.360046467926691,1.2119548036195695,0.7786940410990264,0.5758794102497724,31.5062908247816,14533.778314431238,13.6,1.50196,52.5629386901855,162.70085877792488,9.584230758165749,1.2675550444444446,1,2.360046467926691,1.2119548036195695,0,0,0,1,0,1.2119548036195695,0,5.236631283151905,4337.469047618959,15.330443177604222
HUN,J,2019,1995339,1012643,479275,153.353,9.47358206522267,0.2401972797604818,HUN_J,3.5,1.7540879018552737,1.0130863176820923,5.849098192197673,1.9241169928333477,32.6466329851573,15290.808546633109,13.6,1.46473,54.2122917175293,159.92555646483092,9.635007178272721,1.2675550444444446,1,1.7540879018552737,1.0130863176820923,0,0,0,1,0,1.0130863176820923,0,5.236631283151905,4403.785714285571,15.358211102110266
HUN,J,2020,2135431,1073965,497917,163.031,9.480238691034293,0.23316932272688745,HUN_J,2.5,1.1707238491901635,0.7750606829852875,2.360046467926691,1.2119548036195695,33.4922037196533,14664.297119538538,14.8,1.58067,56.6071815490723,154.527002936377,9.593171051148598,1.2675550444444446,1,1.1707238491901635,0.7750606829852875,0,0,0,1,0,0.7750606829852875,0,5.236631283151905,4494.133333333179,15.395375843094273
HUN,J,2021,2510604,1258140,602420,176.856,9.560698077476811,0.23995022711666197,HUN_J,0.533333333333,0.21243228057192615,0.19262849119507172,1.7540879018552737,1.0130863176820923,34.8391868436369,15787.953542756264,15.3,1.63327,58.6536102294922,159.1875273328341,9.667002494211665,1.2675550444444446,1,0.21243228057192615,0.19262849119507172,0,0,0,1,0,0.19262849119507172,0,5.236631283151905,4178.899999999861,15.262288185322015
HUN,J,2022,2782865,1494727,607364,180.703,9.642136730964685,0.21825133450598574,HUN_J,0,0,0,1.1707238491901635,0.7750606829852875,36.5338104764554,16487.797393594446,15.3,1.39056,60.2746810913086,185.00020409269848,9.710375834381892,1.2675550444444446,1,0,0,0,0,0,1,0,0,0,5.236631283151905,0,0
HUN,K,2010,1125905,559047,103767,94.631,9.38411259673547,0.0921631931646098,HUN_K,0,0,0,NA,NA,21.639373536508,11287.368666610791,13.5,1.13102,60.7487602233887,157.83896008589605,9.331439562362826,2.05267,1,0,0,0,0,0,1,0,0,0,0,0,0
HUN,K,2011,1146121,521949,124255,94.862,9.399470551395915,0.10841350956836146,HUN_K,0,0,0,NA,NA,23.2549245597223,11536.3578996772,14.7,1.18116,59.9984893798828,166.75434720989713,9.353258883634082,2.05267,1,0,0,0,1,0,1,0,0,0,0,0,0
HUN,K,2012,1129547,544591,96569,100.206,9.33009915825938,0.08549356511946825,HUN_K,0,0,0,0,0,24.1618038721448,11440.76227188248,16.5,1.25758,60.6758003234863,166.17569860957047,9.344937894871524,2.05267,1,0,0,0,0,0,1,0,0,0,0,0,0
HUN,K,2013,1072934,540203,111244,93.328,9.349787339924102,0.10368205313653962,HUN_K,0,0,0,0,0,26.2621916555453,11729.572079850072,17.2,1.38449,57.5212211608887,164.4760247914666,9.369868460150883,2.05267,1,0,0,0,0,0,1,0,0,0,0,0,0
HUN,K,2014,1122692,549028,79213,92.421,9.404885705189939,0.07055630573656889,HUN_K,0,0,0,0,0,26.164233392363,12287.377944103324,15.7,1.3437,53.4245910644531,168.3583550864127,9.416327831067598,2.05267,1,0,0,0,0,0,1,0,0,0,0,0,0
HUN,K,2015,1103610,560630,98569,89.537,9.419445234865723,0.08931506601063782,HUN_K,0,0,0,0,0,27.6322359587573,12782.941257797267,15.6,1.33884,50.9797401428223,167.29073849452425,9.455866846819692,2.05267,1,0,0,0,0,0,1,0,0,0,0,0,0
HUN,K,2016,1122561,580855,121893,87.708,9.457110124820174,0.10858474506062477,HUN_K,0,0,0,0,0,28.6887907811727,13145.655988556287,15.3,1.17645,50.7361488342285,163.9719445001501,9.48384663995505,2.05267,1,0,0,0,1,0,1,0,0,0,0,0,0
HUN,K,2017,1229050,591571,123314,88.995,9.533171882824412,0.10033277734835849,HUN_K,0,0,0,0,0,30.2136178819417,13734.2442804335,14.6,1.31498,51.3840599060059,165.03285584026756,9.527647575569224,2.05267,1,0,0,0,0,0,1,0,0,0,0,0,0
HUN,K,2018,1360838,647305,167857,90.224,9.6213157773592215,0.12334826041012964,HUN_K,0,0,0,0,0,31.5062908247816,14533.778314431238,13.6,1.50196,52.5629386901855,162.70085877792488,9.584230758165749,2.05267,1,0,0,0,1,0,1,0,0,0,0,0,0
HUN,K,2019,1600084,693180,218849,92.433,9.759082628087482,0.1367734443941693,HUN_K,0,0,0,0,0,32.6466329851573,15290.808546633109,13.6,1.46473,54.2122917175293,159.92555646483092,9.635007178272721,2.05267,1,0,0,0,1,0,1,0,0,0,0,0,0
HUN,K,2020,1682103,671804,213521,92.978,9.803192448234268,0.12693693549087065,HUN_K,0,0,0,0,0,33.4922037196533,14664.297119538538,14.8,1.58067,56.6071815490723,154.527002936377,9.593171051148598,2.05267,1,0,0,0,1,0,1,0,0,0,0,0,0
HUN,K,2021,1916693,765054,234184,89.71,9.969529617570286,0.12218127785722596,HUN_K,0,0,0,0,0,34.8391868436369,15787.953542756264,15.3,1.63327,58.6536102294922,159.1875273328341,9.667002494211665,2.05267,1,0,0,0,1,0,1,0,0,0,0,0,0
HUN,K,2022,2240720,826596,252201,90.349,10.11862785184719,0.1125535542147167,HUN_K,0,0,0,0,0,36.5338104764554,16487.797393594446,15.3,1.39056,60.2746810913086,185.00020409269848,9.710375834381892,2.05267,1,0,0,0,1,0,1,0,0,0,0,0,0
HUN,M_N,2010,2080706,1286927,261633,342.528,8.711864410977844,0.125742416276014,HUN_M_N,0,0,0,NA,NA,21.639373536508,11287.368666610791,13.5,1.13102,60.7487602233887,157.83896008589605,9.331439562362826,0.9246918833333334,1,0,0,0,0,0,1,0,0,0,0,0,0
HUN,M_N,2011,2183691,1361758,299916,349.721,8.739391428581708,0.13734360768075704,HUN_M_N,0,0,0,NA,NA,23.2549245597223,11536.3578996772,14.7,1.18116,59.9984893798828,166.75434720989713,9.353258883634082,0.9246918833333334,1,0,0,0,0,0,1,0,0,0,0,0,0
HUN,M_N,2012,2173241,1431717,279288,304.093,8.8743965839951,0.12851220826406276,HUN_M_N,0,0,0,0,0,24.1618038721448,11440.76227188248,16.5,1.25758,60.6758003234863,166.17569860957047,9.344937894871524,0.9246918833333334,1,0,0,0,0,0,1,0,0,0,0,0,0
HUN,M_N,2013,2306782,1455764,376147,350.439,8.792177383437222,0.1630613556027401,HUN_M_N,0,0,0,0,0,26.2621916555453,11729.572079850072,17.2,1.38449,57.5212211608887,164.4760247914666,9.369868460150883,0.9246918833333334,1,0,0,0,1,0,1,0,0,0,0,0,0
HUN,M_N,2014,2458091,1498583,402658,428.757,8.654005265514416,0.16380923244908346,HUN_M_N,0,0,0,0,0,26.164233392363,12287.377944103324,15.7,1.3437,53.4245910644531,168.3583550864127,9.416327831067598,0.9246918833333334,1,0,0,0,1,0,1,0,0,0,0,0,0
HUN,M_N,2015,2683757,1597747,438108,457.703,8.67650773431256,0.1632442877652485,HUN_M_N,0,0,0,0,0,27.6322359587573,12782.941257797267,15.6,1.33884,50.9797401428223,167.29073849452425,9.455866846819692,0.9246918833333334,1,0,0,0,1,0,1,0,0,0,0,0,0
HUN,M_N,2016,2888990,1715833,381837,471.343,8.720831451265177,0.13216972021363868,HUN_M_N,0,0,0,0,0,28.6887907811727,13145.655988556287,15.3,1.17645,50.7361488342285,163.9719445001501,9.48384663995505,0.9246918833333334,1,0,0,0,0,0,1,0,0,0,0,0,0
HUN,M_N,2017,3305022,1893576,589560,491.854,8.812771763340269,0.17838307884183524,HUN_M_N,0,0,0,0,0,30.2136178819417,13734.2442804335,14.6,1.31498,51.3840599060059,165.03285584026756,9.527647575569224,0.9246918833333334,1,0,0,0,1,0,1,0,0,0,0,0,0
HUN,M_N,2018,3687155,2067065,700820,513.403,8.879304604114303,0.19007066423841687,HUN_M_N,0,0,0,0,0,31.5062908247816,14533.778314431238,13.6,1.50196,52.5629386901855,162.70085877792488,9.584230758165749,0.9246918833333334,1,0,0,0,1,0,1,0,0,0,0,0,0
HUN,M_N,2019,4119187,2347126,921348,525.118,8.967543372515264,0.2236722926150233,HUN_M_N,0,0,0,0,0,32.6466329851573,15290.808546633109,13.6,1.46473,54.2122917175293,159.92555646483092,9.635007178272721,0.9246918833333334,1,0,0,0,1,0,1,0,0,0,0,0,0
HUN,M_N,2020,4059850,2292295,720483,498.291,9.005472341367135,0.17746542359939407,HUN_M_N,0,0,0,0,0,33.4922037196533,14664.297119538538,14.8,1.58067,56.6071815490723,154.527002936377,9.593171051148598,0.9246918833333334,1,0,0,0,1,0,1,0,0,0,0,0,0
HUN,M_N,2021,4810314,2619434,959840,521.399,9.129757337032283,0.19953790958344922,HUN_M_N,0,0,0,0,0,34.8391868436369,15787.953542756264,15.3,1.63327,58.6536102294922,159.1875273328341,9.667002494211665,0.9246918833333334,1,0,0,0,1,0,1,0,0,0,0,0,0
HUN,M_N,2022,5636534,3228246,1025109,542.051,9.249419802606797,0.18186868029182474,HUN_M_N,0,0,0,0,0,36.5338104764554,16487.797393594446,15.3,1.39056,60.2746810913086,185.00020409269848,9.710375834381892,0.9246918833333334,1,0,0,0,1,0,1,0,0,0,0,0,0
IRL,C,2010,32629.404,8397.079,4636.899,217.436012,5.011064514477657,0.14210798946864003,IRL_C,17.333333333330998,531.2182022488366,6.2770535598543145,NA,NA,22.3721452573765,46991.6464673949,5.3,1.59425,63.1264381408691,190.08027278671975,10.757725130159226,-0.4842254202898551,0,0,0,0,0,0,1,0,6.2770535598543145,0,531.2182022488366,14696.48174603141,60.23103713087604
IRL,C,2011,35658.557,7857.418,3788.181,214.011162,5.11571625255068,0.10623483726500767,IRL_C,9.833333333333,275.7636360140148,5.623163842331617,NA,NA,23.3814204815178,47539.91817399676,7,1.53761,67.7985916137695,186.3048791790385,10.769325019709438,-0.4842254202898551,0,0,0,0,0,0,1,0,5.623163842331617,0,531.2182022488366,15722.561904761602,60.65463891989967
IRL,C,2012,34627.549,7829.785,5397.262,211.065223,5.100237658654205,0.15586612844010414,IRL_C,11.333333333332,327.29239176968605,5.793904649611189,531.2182022488366,6.2770535598543145,24.1750019347271,47147.16046694206,6.9,1.5455,68.1972503662109,190.35568231798467,10.761029062853448,-0.4842254202898551,0,0,0,0,0,0,1,0,5.793904649611189,0,531.2182022488366,16528.33809523786,60.968344230180115
IRL,C,2013,34891.885,8332.646,6570.614,219.903189,5.066822160161288,0.18831352906270324,IRL_C,15.333333333333,439.452707508723,6.087803078678977,275.7636360140148,5.623163842331617,25.7144376937159,47928.03464870052,7.7,1.53562,71.6995468139648,199.74258622444628,10.777455886695826,-0.4842254202898551,0,0,0,0,0,0,1,0,6.087803078678977,0,531.2182022488366,15595.899999999798,60.60386904958827
IRL,C,2014,39289.203,8886.455,7532.424,222.499604,5.173779705457519,0.19171740388828962,IRL_C,14.333333333331,364.8160878532201,5.9021307149055335,327.29239176968605,5.793904649611189,27.0221858517779,52044.620118188664,8.8,1.47756,73.813232421875,211.1816020020851,10.859856708820013,-0.4842254202898551,0,0,0,0,0,0,1,0,5.9021307149055335,0,531.2182022488366,16400.097619047414,60.9194547217712
IRL,C,2015,95003.103,9808.63,27642.33,235.219869,6.00114414370984,0.29096239098632387,IRL_C,13.666666666666,143.85495036584226,4.975732899439749,439.452707508723,6.087803078678977,27.8462651784045,64250.138518125656,9.5,1.14062,77.2321472167969,223.70293829064204,11.070539158679276,-0.4842254202898551,0,0,0,0,1,0,1,0,4.975732899439749,0,531.2182022488366,16279.830952380727,60.873256486305365
IRL,C,2016,90028.082,10313.554,47597.149,249.58254,5.888087240740369,0.5286922473812116,IRL_C,16.86111111111,187.2872412311305,5.237968675699531,364.8160878532201,5.9021307149055335,28.6147710435862,64205.979777350985,8.6,1.14954,77.5571365356445,239.70852779876844,11.069851628289909,-0.4842254202898551,0,0,0,1,1,5.237968675699531,1,0,5.237968675699531,0,531.2182022488366,17411.19722222201,61.29496495001345
IRL,C,2017,99168.507,10961.161,20811.128,253.701673,5.968416712124377,0.20985621977751467,IRL_C,9.833333333331,99.15782369629706,4.606747178843931,143.85495036584226,4.975732899439749,29.0794615926246,69748.62210340142,10.1,1.20821,77.5191116333008,233.30408334671108,11.15265294469854,-0.4842254202898551,0,0,0,0,0,0,1,0,4.606747178843931,0,531.2182022488366,17237.42999999986,61.232007630507994
IRL,C,2018,109857.413,11991.932,32470.172,250.657181,6.082852365656762,0.2955665085614204,IRL_C,39.14285714284,356.3060158975344,5.878592601992392,187.2872412311305,5.237968675699531,29.3513301848147,74029.05506114359,10.8,1.08244,76.7604675292969,222.4537160003992,11.212212931086379,-0.4842254202898551,0,0,0,0,1,0,1,0,5.878592601992392,0,531.2182022488366,16463.628571428395,60.94372241542904
IRL,C,2019,116147.332,12965.984,90682.345,256.403272,6.115863281362161,0.7807527167305057,IRL_C,74.42857142852101,640.8117185896359,6.464294987452093,99.15782369629706,4.606747178843931,29.6453160652366,76485.63585465105,12.3,1.13733,74.444580078125,257.6527729104208,11.244858235578402,-0.4842254202898551,0,0,0,1,1,6.464294987452093,1,0,6.464294987452093,0,531.2182022488366,16401.938095237805,60.92015907215878
IRL,C,2020,128318.86,13108.7,66039.567,264.273769,6.185287969403777,0.5146520706309267,IRL_C,23.999999999996,187.03408057082177,5.236623226032813,356.3060158975344,5.878592601992392,30.4353384554187,80927.936475395,13.7,1.12466,74.1961975097656,258.78043702625206,11.301314364517266,-0.4842254202898551,0,0,0,1,1,5.236623226032813,1,0,5.236623226032813,0,531.2182022488366,16031.2999999998,60.77669680194626
IRL,C,2021,153880.798,14277.266,39673.734,283.473737,6.296814062283267,0.2578212130145049,IRL_C,17.166666666666,111.55821187427166,4.723470526701553,640.8117185896359,6.464294987452093,31.3616427884193,92781.2322150786,12.7,1.0732,78.4613265991211,231.03235086358603,11.437999659259562,-0.4842254202898551,0,0,0,0,1,0,1,0,4.723470526701553,0,531.2182022488366,10779.166666666526,58.28535049400637
IRL,C,2022,193176.306,15485.599,37194.325,290.104514,6.501117302330161,0.19254082330366123,IRL_C,1.2,6.211941955241653,1.97573825695062,187.03408057082177,5.236623226032813,31.5362809040128,97793.53666716968,12.7,1.53215,77.5933380126953,237.75541955937783,11.490613766591297,-0.4842254202898551,0,0,0,0,0,0,1,0,1.97573825695062,0,531.2182022488366,6539.816666666589,55.14904581715883
IRL,D_E,2010,3409.595,1109.668,1689.018,23.842649,4.9628728430995395,0.4953720309890178,IRL_D_E,77.749999999997,22803.294819471816,10.034704166478347,NA,NA,22.3721452573765,46991.6464673949,5.3,1.59425,63.1264381408691,190.08027278671975,10.757725130159226,-0.4190017,0,0,0,1,1,10.034704166478347,1,0,10.034704166478347,0,22803.294819471816,72626.66666666571,112.31945936568144
IRL,D_E,2011,3616.883,1009.033,1270.773,21.705173,5.115817264946314,0.3513447905281979,IRL_D_E,70.833333333332,19584.082021268594,9.882523434054837,NA,NA,23.3814204815178,47539.91817399676,7,1.53761,67.7985916137695,186.3048791790385,10.769325019709438,-0.4190017,0,0,0,1,0,9.882523434054837,1,0,9.882523434054837,0,22803.294819471816,76939.62603174507,112.89834239428568
IRL,D_E,2012,3950.458,1022.517,1373.015,18.458964,5.366036694384248,0.34755843499665107,IRL_D_E,63.199999999999,15998.145025209482,9.680290563869761,22803.294819471816,10.034704166478347,24.1750019347271,47147.16046694206,6.9,1.5455,68.1972503662109,190.35568231798467,10.761029062853448,-0.4190017,0,0,0,1,0,9.680290563869761,1,0,9.680290563869761,0,22803.294819471816,76282.323809523,112.81224784033124
IRL,D_E,2013,4147.638,921.413,1819.116,20.933128,5.2889613187263835,0.4385908316974625,IRL_D_E,115.49999999999501,27847.174705216563,10.234522702999913,19584.082021268594,9.882523434054837,25.7144376937159,47928.03464870052,7.7,1.53562,71.6995468139648,199.74258622444628,10.777455886695826,-0.4190017,0,0,0,1,0,10.234522702999913,1,0,10.234522702999913,0,22803.294819471816,70894.05238095179,112.07716857612014
IRL,D_E,2014,4012.124,992.804,1648.013,21.459091,5.230927677452056,0.41075824176919756,IRL_D_E,94.333333333328,23512.068254452755,10.065311641502365,15998.145025209482,9.680290563869761,27.0221858517779,52044.620118188664,8.8,1.47756,73.813232421875,211.1816020020851,10.859856708820013,-0.4190017,0,0,0,1,0,10.065311641502365,1,0,10.065311641502365,0,22803.294819471816,68767.06666666616,111.7714998656267
IRL,D_E,2015,3945.108,1060.041,1624.793,21.275839,5.222659499691545,0.41185006848988664,IRL_D_E,94.66666666666401,23995.96327062884,10.085682570933972,27847.174705216563,10.234522702999913,27.8462651784045,64250.138518125656,9.5,1.14062,77.2321472167969,223.70293829064204,11.070539158679276,-0.4190017,0,0,0,1,0,10.085682570933972,1,0,10.085682570933972,0,22803.294819471816,63879.87380952332,111.03174661497451
IRL,D_E,2016,4002.559,1106.94,1718.791,21.740868,5.215495378250264,0.4294230266187206,IRL_D_E,61.833333333327005,15448.45018732441,9.64532869511173,23512.068254452755,10.065311641502365,28.6147710435862,64205.979777350985,8.6,1.14954,77.5571365356445,239.70852779876844,11.069851628289909,-0.4190017,0,0,0,1,0,9.64532869511173,1,0,9.64532869511173,0,22803.294819471816,66233.2666666662,111.3947816426885
IRL,D_E,2017,4018.021,1204.214,1767.877,24.668265,5.093027172107955,0.43998699857467144,IRL_D_E,72.499999999997,18043.7085819106,9.80060776742643,23995.96327062884,10.085682570933972,29.0794615926246,69748.62210340142,10.1,1.20821,77.5191116333008,233.30408334671108,11.15265294469854,-0.4190017,0,0,0,1,0,9.80060776742643,1,0,9.80060776742643,0,22803.294819471816,63616.22777777735,110.99024617424382
IRL,D_E,2018,4374.277,1255.317,2050.878,24.537048,5.183312389343991,0.4688495950302187,IRL_D_E,75.663333333313,17297.334698582876,9.758365515655038,15448.45018732441,9.64532869511173,29.3513301848147,74029.05506114359,10.8,1.08244,76.7604675292969,222.4537160003992,11.212212931086379,-0.4190017,0,0,0,1,0,9.758365515655038,1,0,9.758365515655038,0,22803.294819471816,59569.84285714245,110.33078478226048
IRL,D_E,2019,4405.138,1321.692,2024.031,26.347536,5.119152105737324,0.45947050920992716,IRL_D_E,145.333333333274,32991.77763177317,10.404043956852114,18043.7085819106,9.80060776742643,29.6453160652366,76485.63585465105,12.3,1.13733,74.444580078125,257.6527729104208,11.244858235578402,-0.4190017,0,0,0,1,0,10.404043956852114,1,0,10.404043956852114,0,22803.294819471816,58233.23095238048,110.10306826386595
IRL,D_E,2020,4528.345,1360.053,2054.078,25.455819,5.181167448297847,0.4536045729731281,IRL_D_E,63.666666666655,14059.588363222103,9.551131011090968,17297.334698582876,9.758365515655038,30.4353384554187,80927.936475395,13.7,1.12466,74.1961975097656,258.78043702625206,11.301314364517266,-0.4190017,0,0,0,1,0,9.551131011090968,1,0,9.551131011090968,0,22803.294819471816,62575.88095238041,110.82478981114271
IRL,D_E,2021,5974.643,1376.116,2166.404,25.515637,5.455988146149953,0.36259974026900016,IRL_D_E,72.249999999998,12092.77273972654,9.400445949497891,32991.77763177317,10.404043956852114,31.3616427884193,92781.2322150786,12.7,1.0732,78.4613265991211,231.03235086358603,11.437999659259562,-0.4190017,0,0,0,1,0,9.400445949497891,1,0,9.400445949497891,0,22803.294819471816,58127.88333333291,110.08489871783596
IRL,D_E,2022,6023.838,1466.548,2335.67,31.831506,5.243023322658252,0.38773785085189877,IRL_D_E,39.416666666665996,6543.447328209358,8.786372232946556,14059.588363222103,9.551131011090968,31.5362809040128,97793.53666716968,12.7,1.53215,77.5933380126953,237.75541955937783,11.490613766591297,-0.4190017,0,0,0,1,0,8.786372232946556,1,0,8.786372232946556,0,22803.294819471816,48410.24999999947,108.24924579932902
IRL,G,2010,15871.076,7839.499,968.327,282.445526,4.028767908430106,0.06101205740555965,IRL_G,0,0,0,NA,NA,22.3721452573765,46991.6464673949,5.3,1.59425,63.1264381408691,190.08027278671975,10.757725130159226,0.06857736764705884,1,0,0,0,0,0,1,0,0,0,0,0,0
IRL,G,2011,17624.263,9481.408,1070.211,276.853761,4.153542383052822,0.060723730688766964,IRL_G,0,0,0,NA,NA,23.3814204815178,47539.91817399676,7,1.53761,67.7985916137695,186.3048791790385,10.769325019709438,0.06857736764705884,1,0,0,0,0,0,1,0,0,0,0,0,0
IRL,G,2012,18342.312,9757.182,1023.35,275.719376,4.19758220626552,0.05579176714473071,IRL_G,0,0,0,0,0,24.1750019347271,47147.16046694206,6.9,1.5455,68.1972503662109,190.35568231798467,10.761029062853448,0.06857736764705884,1,0,0,0,0,0,1,0,0,0,0,0,0
IRL,G,2013,20067.028,9803.254,1350.087,282.60424,4.262785875434758,0.0672788715897541,IRL_G,0,0,0,0,0,25.7144376937159,47928.03464870052,7.7,1.53562,71.6995468139648,199.74258622444628,10.777455886695826,0.06857736764705884,1,0,0,0,0,0,1,0,0,0,0,0,0
IRL,G,2014,20090.474,10181.628,1262.995,287.912419,4.245344718164916,0.06286536594407877,IRL_G,0,0,0,0,0,27.0221858517779,52044.620118188664,8.8,1.47756,73.813232421875,211.1816020020851,10.859856708820013,0.06857736764705884,1,0,0,0,0,0,1,0,0,0,0,0,0
IRL,G,2015,20375.03,10579.63,2173.453,292.037565,4.245182969246411,0.10667238281366948,IRL_G,0,0,0,0,0,27.8462651784045,64250.138518125656,9.5,1.14062,77.2321472167969,223.70293829064204,11.070539158679276,0.06857736764705884,1,0,0,0,1,0,1,0,0,0,0,0,0
IRL,G,2016,21949.101,11440.116,1532.841,298.11346,4.29900730864673,0.06983616322144584,IRL_G,0,0,0,0,0,28.6147710435862,64205.979777350985,8.6,1.14954,77.5571365356445,239.70852779876844,11.069851628289909,0.06857736764705884,1,0,0,0,0,0,1,0,0,0,0,0,0
IRL,G,2017,23280.966,12002.47,2205.999,304.272209,4.337468670734745,0.09475547535269799,IRL_G,0,0,0,0,0,29.0794615926246,69748.62210340142,10.1,1.20821,77.5191116333008,233.30408334671108,11.15265294469854,0.06857736764705884,1,0,0,0,0,0,1,0,0,0,0,0,0
IRL,G,2018,24531.614,12172.361,1630.707,303.256278,4.393139682070659,0.06647369390371136,IRL_G,0,0,0,0,0,29.3513301848147,74029.05506114359,10.8,1.08244,76.7604675292969,222.4537160003992,11.212212931086379,0.06857736764705884,1,0,0,0,0,0,1,0,0,0,0,0,0
IRL,G,2019,24734.122,12552.726,1268.722,305.38972,4.394350295326204,0.0512944021218946,IRL_G,0,0,0,0,0,29.6453160652366,76485.63585465105,12.3,1.13733,74.444580078125,257.6527729104208,11.244858235578402,0.06857736764705884,1,0,0,0,0,0,1,0,0,0,0,0,0
IRL,G,2020,26453.64,12198.097,2073.358,302.27739,4.471803940228864,0.07837703998391149,IRL_G,0,0,0,0,0,30.4353384554187,80927.936475395,13.7,1.12466,74.1961975097656,258.78043702625206,11.301314364517266,0.06857736764705884,1,0,0,0,0,0,1,0,0,0,0,0,0
IRL,G,2021,28151.169,13447.182,1394.564,309.798643,4.50942161250882,0.049538404604085894,IRL_G,0,0,0,0,0,31.3616427884193,92781.2322150786,12.7,1.0732,78.4613265991211,231.03235086358603,11.437999659259562,0.06857736764705884,1,0,0,0,0,0,1,0,0,0,0,0,0
IRL,G,2022,31637.779,14161.595,1779.6,319.978565,4.593853214288032,0.0562492076324321,IRL_G,0,0,0,0,0,31.5362809040128,97793.53666716968,12.7,1.53215,77.5933380126953,237.75541955937783,11.490613766591297,0.06857736764705884,1,0,0,0,0,0,1,0,0,0,0,0,0
IRL,H,2010,5684.422,3154.301,2496.088,87.476907,4.174109891421023,0.43911025606473275,IRL_H,6,1055.5162864403806,6.962732252403816,NA,NA,22.3721452573765,46991.6464673949,5.3,1.59425,63.1264381408691,190.08027278671975,10.757725130159226,-0.3927636321428572,0,0,0,1,1,6.962732252403816,1,0,6.962732252403816,0,1055.5162864403806,28148.32999999984,71.33513335996037
IRL,H,2011,5709.565,3072.104,432.173,88.044987,4.172050217850486,0.07569280671995153,IRL_H,7,1226.0128398573272,7.112337909087559,NA,NA,23.3814204815178,47539.91817399676,7,1.53761,67.7985916137695,186.3048791790385,10.769325019709438,-0.3927636321428572,0,0,0,0,0,0,1,0,7.112337909087559,0,1055.5162864403806,33295.099999999824,72.50429252044731
IRL,H,2012,5668.228,3077.784,2101.711,83.453456,4.218342762560072,0.37078801346734813,IRL_H,19.833333333332,3499.035912692997,8.160528508194291,1055.5162864403806,6.962732252403816,24.1750019347271,47147.16046694206,6.9,1.5455,68.1972503662109,190.35568231798467,10.761029062853448,-0.3927636321428572,0,0,0,1,1,8.160528508194291,1,0,8.160528508194291,0,1055.5162864403806,31938.705555555356,72.21471005649359
IRL,H,2013,5896.646,3029.366,1824.055,83.171974,4.261228553556009,0.3093377150332579,IRL_H,12.5,2119.8491481428596,7.659571829047515,1226.0128398573272,7.112337909087559,25.7144376937159,47928.03464870052,7.7,1.53562,71.6995468139648,199.74258622444628,10.777455886695826,-0.3927636321428572,0,0,0,1,0,7.659571829047515,1,0,7.659571829047515,0,1055.5162864403806,30772.29999999987,71.95567905744093
IRL,H,2014,6280.733,3015.062,1481.056,85.705536,4.294324551445933,0.2358094190598454,IRL_H,7.866666666665999,1252.5077354292882,7.1337010886437575,3499.035912692997,8.160528508194291,27.0221858517779,52044.620118188664,8.8,1.47756,73.813232421875,211.1816020020851,10.859856708820013,-0.3927636321428572,0,0,0,0,0,0,1,0,7.1337010886437575,0,1055.5162864403806,31062.216666666493,72.02096821100886
IRL,H,2015,6655.19,3169.618,2233.462,89.113699,4.313239209128363,0.3355970302876402,IRL_H,6.25,939.1166893807691,6.8460040051987265,2119.8491481428596,7.659571829047515,27.8462651784045,64250.138518125656,9.5,1.14062,77.2321472167969,223.70293829064204,11.070539158679276,-0.3927636321428572,0,0,0,1,1,6.8460040051987265,1,0,6.8460040051987265,0,1055.5162864403806,30102.07999999981,71.80236011935618
IRL,H,2016,6796.919,3307.682,4230.404,93.367511,4.287681263497493,0.622400237519382,IRL_H,8.833333333333,1299.60844514007,7.170587468678671,1252.5077354292882,7.1337010886437575,28.6147710435862,64205.979777350985,8.6,1.14954,77.5571365356445,239.70852779876844,11.069851628289909,-0.3927636321428572,0,0,0,1,1,7.170587468678671,1,0,7.170587468678671,0,1055.5162864403806,32559.429999999862,72.34872749702475
IRL,H,2017,6998.073,3435.062,3529.182,93.817825,4.312035234483766,0.5043076858443746,IRL_H,34.333333333332,4906.112487442186,8.49844095969962,939.1166893807691,6.8460040051987265,29.0794615926246,69748.62210340142,10.1,1.20821,77.5191116333008,233.30408334671108,11.15265294469854,-0.3927636321428572,0,0,0,1,1,8.49844095969962,1,0,8.49844095969962,0,1055.5162864403806,32656.599999999868,72.36947541577054
IRL,H,2018,6372.713,3652.611,2442.868,98.707781,4.167616782378949,0.38333249904710914,IRL_H,14.66666666666,2301.4792391654855,7.741741751439728,1299.60844514007,7.170587468678671,29.3513301848147,74029.05506114359,10.8,1.08244,76.7604675292969,222.4537160003992,11.212212931086379,-0.3927636321428572,0,0,0,1,1,7.741741751439728,1,0,7.741741751439728,0,1055.5162864403806,32228.42999999981,72.27758412901919
IRL,H,2019,7118.454,4003.162,2112.39,106.437908,4.202884054346353,0.29674842318289896,IRL_H,47.499999999969006,6672.797211300235,8.805944273968095,4906.112487442186,8.49844095969962,29.6453160652366,76485.63585465105,12.3,1.13733,74.444580078125,257.6527729104208,11.244858235578402,-0.3927636321428572,0,0,0,1,0,8.805944273968095,1,0,8.805944273968095,0,1055.5162864403806,31400.549999999763,72.0963946497839
IRL,H,2020,3675.513,3757.929,746.174,100.955198,3.594771159471351,0.20301220537105977,IRL_H,20.999999999998998,5713.488157979307,8.650760011059594,2301.4792391654855,7.741741751439728,30.4353384554187,80927.936475395,13.7,1.12466,74.1961975097656,258.78043702625206,11.301314364517266,-0.3927636321428572,0,0,0,0,0,0,1,0,8.650760011059594,0,1055.5162864403806,27433.16666666651,71.15595191543211
IRL,H,2021,4859.249,3970.923,1494.234,103.162966,3.852329246151199,0.30750307300572577,IRL_H,49.83333333333,10255.357017788141,9.235652989181345,6672.797211300235,8.805944273968095,31.3616427884193,92781.2322150786,12.7,1.0732,78.4613265991211,231.03235086358603,11.437999659259562,-0.3927636321428572,0,0,0,1,0,9.235652989181345,1,0,9.235652989181345,0,1055.5162864403806,17200.61666666655,67.90584720666996
IRL,H,2022,7801.113,4377.381,2381.208,113.81756,4.227424879217833,0.30523952159134216,IRL_H,32.666666666664,4187.436673031656,8.340082834232021,5713.488157979307,8.650760011059594,31.5362809040128,97793.53666716968,12.7,1.53215,77.5933380126953,237.75541955937783,11.490613766591297,-0.3927636321428572,0,0,0,1,0,8.340082834232021,1,0,8.340082834232021,0,1055.5162864403806,11058.716666666589,64.83045019085739
IRL,J,2010,14008.328,4071.149,3352.25,88.464947,5.064800894425081,0.23930407683201022,IRL_J,3.616666666666,258.1797532629162,5.557521849015598,NA,NA,22.3721452573765,46991.6464673949,5.3,1.59425,63.1264381408691,190.08027278671975,10.757725130159226,1.2675550444444446,1,258.1797532629162,5.557521849015598,0,0,0,1,0,5.557521849015598,0,258.1797532629162,3643.2833333332173,45.576764343002154
IRL,J,2011,14313.261,4009.629,4014.306,89.516856,5.074514786445288,0.2804606162075854,IRL_J,11.499999999996,803.4507300604662,6.690159721624093,NA,NA,23.3814204815178,47539.91817399676,7,1.53761,67.7985916137695,186.3048791790385,10.769325019709438,1.2675550444444446,1,803.4507300604662,6.690159721624093,0,1,0,1,0,6.690159721624093,0,258.1797532629162,4121.514285714132,46.26202629938731
IRL,J,2012,15763.184,4272.441,5915.253,94.134465,5.12070813462993,0.37525749873883346,IRL_J,9.109523809521,577.8987170054604,6.361127534819695,258.1797532629162,5.557521849015598,24.1750019347271,47147.16046694206,6.9,1.5455,68.1972503662109,190.35568231798467,10.761029062853448,1.2675550444444446,1,577.8987170054604,6.361127534819695,1,1,6.361127534819695,1,0,6.361127534819695,0,258.1797532629162,5129.584126983872,47.4777690876487
IRL,J,2013,17199.365,4802.381,4662.496,95.986762,5.188417457389386,0.27108535693032854,IRL_J,21.116666666666,1227.7585054254037,7.11375959345199,803.4507300604662,6.690159721624093,25.7144376937159,47928.03464870052,7.7,1.53562,71.6995468139648,199.74258622444628,10.777455886695826,1.2675550444444446,1,1227.7585054254037,7.11375959345199,0,1,0,1,0,7.11375959345199,0,258.1797532629162,4917.625992063308,47.243295595732164
IRL,J,2014,19476.23,5112.288,6266.49,98.220729,5.289732743942133,0.32175066735194646,IRL_J,13.666666666666,701.7100674343033,6.554944384884059,577.8987170054604,6.361127534819695,27.0221858517779,52044.620118188664,8.8,1.47756,73.813232421875,211.1816020020851,10.859856708820013,1.2675550444444446,1,701.7100674343033,6.554944384884059,1,1,6.554944384884059,1,0,6.554944384884059,0,258.1797532629162,4846.121428571316,47.16191006351942
IRL,J,2015,23441.048,5824.319,9315.776,102.128772,5.436009464962501,0.39741294843131586,IRL_J,11,469.26229578131495,6.153290615167991,1227.7585054254037,7.11375959345199,27.8462651784045,64250.138518125656,9.5,1.14062,77.2321472167969,223.70293829064204,11.070539158679276,1.2675550444444446,1,469.26229578131495,6.153290615167991,1,1,6.153290615167991,1,0,6.153290615167991,0,258.1797532629162,4648.7809523808655,46.930912238124
IRL,J,2016,25384.721,6513.225,11436.18,108.608229,5.454155558468699,0.45051430740562404,IRL_J,19.644444444442,773.8688341085963,6.652693768718085,701.7100674343033,6.554944384884059,28.6147710435862,64205.979777350985,8.6,1.14954,77.5571365356445,239.70852779876844,11.069851628289909,1.2675550444444446,1,773.8688341085963,6.652693768718085,1,1,6.652693768718085,1,0,6.652693768718085,0,258.1797532629162,4568.9519841268775,46.8346703348989
IRL,J,2017,32074.812,7251.584,37362.576,116.030923,5.621969595036914,1.1648572094514535,IRL_J,13.035714285713,406.4159218053406,6.009834584534543,469.26229578131495,6.153290615167991,29.0794615926246,69748.62210340142,10.1,1.20821,77.5191116333008,233.30408334671108,11.15265294469854,1.2675550444444446,1,406.4159218053406,6.009834584534543,1,1,6.009834584534543,1,0,6.009834584534543,0,258.1797532629162,4529.476190476057,46.786455249287314
IRL,J,2018,40088.595,8040.159,14326.019,118.741135,5.821901371379726,0.35735896955231283,IRL_J,17.749999999998998,442.7693212994618,6.095304880798279,773.8688341085963,6.652693768718085,29.3513301848147,74029.05506114359,10.8,1.08244,76.7604675292969,222.4537160003992,11.212212931086379,1.2675550444444446,1,442.7693212994618,6.095304880798279,1,1,6.095304880798279,1,0,6.095304880798279,0,258.1797532629162,4323.96904761896,46.52846358352922
IRL,J,2019,51162.89,8951.162,48101.338,124.861228,6.015566798941737,0.940160690688114,IRL_J,12.433333333332001,243.01467984572415,5.497228386785611,406.4159218053406,6.009834584534543,29.6453160652366,76485.63585465105,12.3,1.13733,74.444580078125,257.6527729104208,11.244858235578402,1.2675550444444446,1,243.01467984572415,5.497228386785611,1,1,5.497228386785611,1,0,5.497228386785611,0,258.1797532629162,4394.852380952239,46.61880928145735
IRL,J,2020,61551.176,9672.048,55508.19,133.776869,6.131450982527516,0.9018217621057314,IRL_J,11.616666666666,188.73183944797412,5.245611703911394,442.7693212994618,6.095304880798279,30.4353384554187,80927.936475395,13.7,1.12466,74.1961975097656,258.78043702625206,11.301314364517266,1.2675550444444446,1,188.73183944797412,5.245611703911394,1,1,5.245611703911394,1,0,5.245611703911394,0,258.1797532629162,4485.016666666513,46.73164751385347
IRL,J,2021,79588.818,11330.86,14717.447,153.293861,6.2522721451638485,0.1849185271227423,IRL_J,11.499999999996,144.49265976026933,4.980125636955956,243.01467984572415,5.497228386785611,31.3616427884193,92781.2322150786,12.7,1.0732,78.4613265991211,231.03235086358603,11.437999659259562,1.2675550444444446,1,144.49265976026933,4.980125636955956,0,0,0,1,0,4.980125636955956,0,258.1797532629162,4167.933333333198,46.32425368800209
IRL,J,2022,87796.015,12797.557,20723.741,168.401477,6.256420518795829,0.23604420997923428,IRL_J,8.316666666666,94.727154377861,4.5615020030162,188.73183944797412,5.245611703911394,31.5362809040128,97793.53666716968,12.7,1.53215,77.5933380126953,237.75541955937783,11.490613766591297,1.2675550444444446,1,94.727154377861,4.5615020030162,0,0,0,1,0,4.5615020030162,0,258.1797532629162,2168.7166666665867,42.69483836742406
IRL,K,2010,17479.218,6740.274,792.54,94.692803,5.21812991195072,0.04534184538461617,IRL_K,0,0,0,NA,NA,22.3721452573765,46991.6464673949,5.3,1.59425,63.1264381408691,190.08027278671975,10.757725130159226,2.05267,1,0,0,0,0,0,1,0,0,0,0,0,0
IRL,K,2011,15608.841,6953.821,786.66,93.969796,5.112619351988617,0.050398360775153,IRL_K,0,0,0,NA,NA,23.3814204815178,47539.91817399676,7,1.53761,67.7985916137695,186.3048791790385,10.769325019709438,2.05267,1,0,0,0,0,0,1,0,0,0,0,0,0
IRL,K,2012,15019.619,7192.667,932.755,92.426265,5.090701367315878,0.062102440814244354,IRL_K,0,0,0,0,0,24.1750019347271,47147.16046694206,6.9,1.5455,68.1972503662109,190.35568231798467,10.761029062853448,2.05267,1,0,0,0,0,0,1,0,0,0,0,0,0
IRL,K,2013,13377.24,7046.031,1329.522,93.55805,4.962727935118573,0.09938686904025046,IRL_K,0,0,0,0,0,25.7144376937159,47928.03464870052,7.7,1.53562,71.6995468139648,199.74258622444628,10.777455886695826,2.05267,1,0,0,0,0,0,1,0,0,0,0,0,0
IRL,K,2014,15674.406,6994.33,2815.812,94.638479,5.1097203219338425,0.17964393674631113,IRL_K,0,0,0,0,0,27.0221858517779,52044.620118188664,8.8,1.47756,73.813232421875,211.1816020020851,10.859856708820013,2.05267,1,0,0,0,1,0,1,0,0,0,0,0,0
IRL,K,2015,16731.369,7361.499,1979.082,94.488713,5.176560231469833,0.11828571828163016,IRL_K,0,0,0,0,0,27.8462651784045,64250.138518125656,9.5,1.14062,77.2321472167969,223.70293829064204,11.070539158679276,2.05267,1,0,0,0,1,0,1,0,0,0,0,0,0
IRL,K,2016,15368.368,7487.977,2475.906,97.353819,5.061714689390501,0.16110402874267454,IRL_K,0,0,0,0,0,28.6147710435862,64205.979777350985,8.6,1.14954,77.5571365356445,239.70852779876844,11.069851628289909,2.05267,1,0,0,0,1,0,1,0,0,0,0,0,0
IRL,K,2017,16345.243,7777.438,2947.334,96.491517,5.132237088234417,0.18031753948228238,IRL_K,0,0,0,0,0,29.0794615926246,69748.62210340142,10.1,1.20821,77.5191116333008,233.30408334671108,11.15265294469854,2.05267,1,0,0,0,1,0,1,0,0,0,0,0,0
IRL,K,2018,17035.327,8025.581,2589.397,96.011033,5.17858141373668,0.1520016023173491,IRL_K,0,0,0,0,0,29.3513301848147,74029.05506114359,10.8,1.08244,76.7604675292969,222.4537160003992,11.212212931086379,2.05267,1,0,0,0,1,0,1,0,0,0,0,0,0
IRL,K,2019,17039.152,8553.041,3131.528,104.08882,5.098024460767188,0.18378426344221827,IRL_K,0,0,0,0,0,29.6453160652366,76485.63585465105,12.3,1.13733,74.444580078125,257.6527729104208,11.244858235578402,2.05267,1,0,0,0,1,0,1,0,0,0,0,0,0
IRL,K,2020,15883.449,8804.775,2712.348,112.345588,4.951453174931966,0.17076568193721653,IRL_K,0,0,0,0,0,30.4353384554187,80927.936475395,13.7,1.12466,74.1961975097656,258.78043702625206,11.301314364517266,2.05267,1,0,0,0,1,0,1,0,0,0,0,0,0
IRL,K,2021,19936.304,9467.467,2676.086,120.557222,5.108173158682788,0.13423180144123,IRL_K,0,0,0,0,0,31.3616427884193,92781.2322150786,12.7,1.0732,78.4613265991211,231.03235086358603,11.437999659259562,2.05267,1,0,0,0,1,0,1,0,0,0,0,0,0
IRL,K,2022,17573.329,9624.403,2781.121,121.692227,4.972642506141373,0.1582580625446664,IRL_K,0,0,0,0,0,31.5362809040128,97793.53666716968,12.7,1.53215,77.5933380126953,237.75541955937783,11.490613766591297,2.05267,1,0,0,0,1,0,1,0,0,0,0,0,0
IRL,M_N,2010,13918.268,5589.821,5205.532,182.663,4.333314575773846,0.3740071681332764,IRL_M_N,0,0,0,NA,NA,22.3721452573765,46991.6464673949,5.3,1.59425,63.1264381408691,190.08027278671975,10.757725130159226,0.9246918833333334,1,0,0,1,1,0,1,0,0,0,0,0,0
IRL,M_N,2011,15743.889,6992.915,9356.635,187.218,4.431933855695142,0.5943026529213971,IRL_M_N,0,0,0,NA,NA,23.3814204815178,47539.91817399676,7,1.53761,67.7985916137695,186.3048791790385,10.769325019709438,0.9246918833333334,1,0,0,1,1,0,1,0,0,0,0,0,0
IRL,M_N,2012,16057.749,7175.719,9304.903,183.96,4.469228473112532,0.5794649673500315,IRL_M_N,0,0,0,0,0,24.1750019347271,47147.16046694206,6.9,1.5455,68.1972503662109,190.35568231798467,10.761029062853448,0.9246918833333334,1,0,0,1,1,0,1,0,0,0,0,0,0
IRL,M_N,2013,19777.489,7658.403,7398.579,194.216,4.623328708955004,0.3740909172038978,IRL_M_N,0,0,0,0,0,25.7144376937159,47928.03464870052,7.7,1.53562,71.6995468139648,199.74258622444628,10.777455886695826,0.9246918833333334,1,0,0,1,1,0,1,0,0,0,0,0,0
IRL,M_N,2014,23943.885,8409.566,9349.127,207.105,4.7502423356114045,0.39045990239261513,IRL_M_N,0,0,0,0,0,27.0221858517779,52044.620118188664,8.8,1.47756,73.813232421875,211.1816020020851,10.859856708820013,0.9246918833333334,1,0,0,1,1,0,1,0,0,0,0,0,0
IRL,M_N,2015,28537.089,9376.8,8640.712,210.652,4.908752405829862,0.3027888373617926,IRL_M_N,0,0,0,0,0,27.8462651784045,64250.138518125656,9.5,1.14062,77.2321472167969,223.70293829064204,11.070539158679276,0.9246918833333334,1,0,0,1,1,0,1,0,0,0,0,0,0
IRL,M_N,2016,30071.546,10525.461,10942.76,220.07,4.917389010468315,0.3638908355426755,IRL_M_N,0,0,0,0,0,28.6147710435862,64205.979777350985,8.6,1.14954,77.5571365356445,239.70852779876844,11.069851628289909,0.9246918833333334,1,0,0,1,1,0,1,0,0,0,0,0,0
IRL,M_N,2017,34505.949,11662.149,14915.06,227.412,5.022123672564218,0.43224604545726303,IRL_M_N,0,0,0,0,0,29.0794615926246,69748.62210340142,10.1,1.20821,77.5191116333008,233.30408334671108,11.15265294469854,0.9246918833333334,1,0,0,1,1,0,1,0,0,0,0,0,0
IRL,M_N,2018,37749.432,12813.967,18744.816,242.14,5.049209636926763,0.49655888862115855,IRL_M_N,0,0,0,0,0,29.3513301848147,74029.05506114359,10.8,1.08244,76.7604675292969,222.4537160003992,11.212212931086379,0.9246918833333334,1,0,0,1,1,0,1,0,0,0,0,0,0
IRL,M_N,2019,42300.349,14868.989,26407.78,250.014,5.131033699297045,0.6242922487471675,IRL_M_N,0,0,0,0,0,29.6453160652366,76485.63585465105,12.3,1.13733,74.444580078125,257.6527729104208,11.244858235578402,0.9246918833333334,1,0,0,1,1,0,1,0,0,0,0,0,0
IRL,M_N,2020,41874.759,14981.057,11145.699,238.261,5.169071802428908,0.2661674781220831,IRL_M_N,0,0,0,0,0,30.4353384554187,80927.936475395,13.7,1.12466,74.1961975097656,258.78043702625206,11.301314364517266,0.9246918833333334,1,0,0,0,1,0,1,0,0,0,0,0,0
IRL,M_N,2021,44558.3,16909.105,16021.429,257.848,5.152183459046166,0.3595610469878788,IRL_M_N,0,0,0,0,0,31.3616427884193,92781.2322150786,12.7,1.0732,78.4613265991211,231.03235086358603,11.437999659259562,0.9246918833333334,1,0,0,1,1,0,1,0,0,0,0,0,0
IRL,M_N,2022,52032.954,18673.342,18642.334,279.031,5.228309640850155,0.3582793704159099,IRL_M_N,0,0,0,0,0,31.5362809040128,97793.53666716968,12.7,1.53215,77.5933380126953,237.75541955937783,11.490613766591297,0.9246918833333334,1,0,0,1,1,0,1,0,0,0,0,0,0
ITA,C,2010,229150.8,130533.7,53772.8,4097.7,4.023954461417214,0.23466119254220366,ITA_C,219.68333333332302,958.684557650783,6.866604644685311,NA,NA,21.7704634480966,31928.55436210961,12.8,1.21296,65.3790435791016,51.66211181383393,10.371256009460247,-0.4842254202898551,0,0,0,0,1,0,0,0,0,0,958.684557650783,14494.131746031417,65.79284022744851
ITA,C,2011,234216.9,133938.9,54902.1,4066.9,4.05336657063243,0.23440708164099175,ITA_C,152.483333333328,651.0347175345929,6.480097808261485,NA,NA,22.393878996579,32039.503249431586,11.9,1.19531,64.2492523193359,54.47221494492875,10.374724896986937,-0.4842254202898551,0,0,0,0,1,0,0,0,0,0,958.684557650783,15579.911904761606,66.28884060961465
ITA,C,2012,224658,131757.6,53484.7,3991.8,4.030336988838721,0.23807164668073247,ITA_C,220.87777777777,983.1734359683163,6.89180213758634,958.684557650783,6.866604644685311,22.7375144996784,30953.414744742655,14.4,1.25559,62.3447418212891,54.88449527022041,10.34023860303618,-0.4842254202898551,0,0,0,0,1,0,0,0,0,0,958.684557650783,16318.793650793423,66.60698507198042
ITA,C,2013,223074.9,131045,49719.1,3877.3,4.052368554394153,0.22288074543572584,ITA_C,168.49999999999602,755.3516778445088,6.62850645034978,651.0347175345929,6.480097808261485,23.1031860985354,30330.022159966793,16.3,1.29425,60.8925285339355,54.03418463174985,10.319893331311004,-0.4842254202898551,0,0,0,0,0,0,0,0,0,0,958.684557650783,15442.733333333133,66.22811745567574
ITA,C,2014,226342.7,131536.2,53054.3,3804.2,4.08594450288648,0.23439810517414522,ITA_C,220.89999999999398,975.9537197355778,6.884439281151688,983.1734359683163,6.89180213758634,23.7083714537202,30325.028779392316,17.1,1.33148,60.8831481933594,54.454529933203155,10.3197286828437,-0.4842254202898551,0,0,0,0,1,0,0,0,0,0,958.684557650783,16193.530952380752,66.55407708803028
ITA,C,2015,237222.4,134555.7,57325.6,3771,4.141657879464525,0.24165340203960503,ITA_C,250.949999999999,1057.8680596773281,6.964955748299663,755.3516778445088,6.62850645034978,24.5977602494059,30639.882975143213,16.6,1.33213,60.941291809082,55.43568581482214,10.330057804498121,-0.4842254202898551,0,0,0,1,1,6.964955748299663,0,0,0,0,958.684557650783,16042.547619047395,66.48975871150266
ITA,C,2016,249997.8,137677.5,61979.8,3806.1,4.184847074991001,0.24792138170815906,ITA_C,237.69999999999501,950.8083671136108,6.85836371948007,975.9537197355778,6.884439281151688,25.7337403103573,31077.679267521067,16.1,1.35915,61.3571014404297,54.43214670183131,10.344245132051489,-0.4842254202898551,0,0,0,1,1,6.85836371948007,0,0,0,0,958.684557650783,17190.358333333126,66.96424166815905
ITA,C,2017,258477.6,141753.2,64251.3,3828.4,4.212362075082455,0.24857589206956426,ITA_C,197.566666666663,764.347342542112,6.640329773319121,1057.8680596773281,6.964955748299663,27.4652917045411,31635.522771080043,16.4,1.36393,62.69580078125,57.58299402749108,10.362035906529956,-0.4842254202898551,0,0,0,1,1,6.640329773319121,0,0,0,0,958.684557650783,17049.69666666653,66.90782721017305
ITA,C,2018,265738.5,146115.4,69805,3867.3,4.229956153397162,0.26268305119506585,ITA_C,211.499999999999,795.8952127749611,6.680723193076035,950.8083671136108,6.85836371948007,28.4648521996575,31819.39718300667,17.1,1.41934,64.4753265380859,59.274983512815446,10.367831357117941,-0.4842254202898551,0,0,0,1,1,6.680723193076035,0,0,0,0,958.684557650783,16291.271428571237,66.59539523470093
ITA,C,2019,267061.1,149437,67345.2,3893.3,4.2282203441204365,0.2521715068199749,ITA_C,216.78333333333103,811.7368397469007,6.700407366800566,764.347342542112,6.640329773319121,29.0544644701951,32180.434101742845,17.3,1.45558,65.6895065307617,58.69419025947376,10.37911391025473,-0.4842254202898551,0,0,0,1,1,6.700407366800566,0,0,0,0,958.684557650783,16259.583333332996,66.58202684091408
ITA,C,2020,241771.9,138473.8,60904.6,3812.5,4.14970957774881,0.251909340994549,ITA_C,256.49999999999403,1060.9173357201314,6.967831360467365,795.8952127749611,6.680723193076035,30.2586365187027,29469.798923862585,18.7,1.49869,68.7231063842773,53.93948390427637,10.291121252629488,-0.4842254202898551,0,0,0,1,1,6.967831360467365,0,0,0,0,958.684557650783,15798.799999999801,66.38463463701954
ITA,C,2021,283106.8,153915.9,71370,3820,4.305573788991896,0.25209567555424317,ITA_C,171.749999999994,606.6615143118922,6.4096180070583575,811.7368397469007,6.700407366800566,31.2852927413407,32267.70910502011,17.5,1.41065,71.2745208740234,60.30197762027984,10.381822291048463,-0.4842254202898551,0,0,0,1,1,6.4096180070583575,0,0,0,0,958.684557650783,10624.583333333198,63.66042826680178
ITA,C,2022,307348.6,161510.9,78693.7,3874,4.373695043290327,0.2560405350797108,ITA_C,81.666666666664,265.7134819116274,5.586174980760064,1060.9173357201314,6.967831360467365,31.19136706407,33891.886652621615,17.5,1.36563,73.8962097167969,72.01650230326966,10.430930932943047,-0.4842254202898551,0,0,0,1,1,5.586174980760064,0,0,0,0,958.684557650783,6459.349999999925,60.24373544142259
ITA,D_E,2010,31855.5,12625.8,17310.9,286.1,4.712623930494399,0.543419503696379,ITA_D_E,924.133333333289,29010.1656961369,10.27543605887061,NA,NA,21.7704634480966,31928.55436210961,12.8,1.21296,65.3790435791016,51.66211181383393,10.371256009460247,-0.4190017,0,0,0,1,1,10.27543605887061,0,0,0,0,29010.1656961369,71780.28333333242,114.893545408862
ITA,D_E,2011,31042.9,12996.9,21476.5,288.1,4.6798177556776155,0.691832915094917,ITA_D_E,880.1833333333009,28353.772789697512,10.252550647356511,NA,NA,22.393878996579,32039.503249431586,11.9,1.19531,64.2492523193359,54.47221494492875,10.374724896986937,-0.4190017,0,0,0,1,1,10.252550647356511,0,0,0,0,29010.1656961369,76130.27603174509,115.49810482150279
ITA,D_E,2012,32798.1,13383.7,18009.4,295.3,4.710134077115266,0.5490988807278471,ITA_D_E,830.871428571403,25332.913448382773,10.139899229616441,29010.1656961369,10.27543605887061,22.7375144996784,30953.414744742655,14.4,1.25559,62.3447418212891,54.88449527022041,10.34023860303618,-0.4190017,0,0,0,1,1,10.139899229616441,0,0,0,0,29010.1656961369,75514.6523809516,115.41467634356603
ITA,D_E,2013,34083.8,13309.4,18812.8,290.1,4.7663517859473865,0.5519572348153667,ITA_D_E,714.538095238077,20964.155852283984,9.950617093504443,28353.772789697512,10.252550647356511,23.1031860985354,30330.022159966793,16.3,1.29425,60.8925285339355,54.03418463174985,10.319893331311004,-0.4190017,0,0,0,1,1,9.950617093504443,0,0,0,0,29010.1656961369,70295.01428571371,114.67869978069842
ITA,D_E,2014,34078.7,13477.2,15840.1,289.8,4.767236804789204,0.4648093970720715,ITA_D_E,513.7333333333249,15074.909938856968,9.620853380560279,25332.913448382773,10.139899229616441,23.7083714537202,30325.028779392316,17.1,1.33148,60.8831481933594,54.454529933203155,10.3197286828437,-0.4190017,0,0,0,1,0,9.620853380560279,0,0,0,0,29010.1656961369,68347.66666666616,114.39003148412803
ITA,D_E,2015,32560.5,13681.8,13997.1,290.8,4.718219430604562,0.42987976228866265,ITA_D_E,546.083333333329,16771.34360139829,9.727486594689337,20964.155852283984,9.950617093504443,24.5977602494059,30639.882975143213,16.6,1.33213,60.941291809082,55.43568581482214,10.330057804498121,-0.4190017,0,0,0,1,0,9.727486594689337,0,0,0,0,29010.1656961369,63428.457142856656,113.62252136876383
ITA,D_E,2016,34245.7,13607.2,16450.3,295.1,4.754002006414482,0.480361038028132,ITA_D_E,636.166666666651,18576.541483066518,9.829708683002702,15074.909938856968,9.620853380560279,25.7337403103573,31077.679267521067,16.1,1.35915,61.3571014404297,54.43214670183131,10.344245132051489,-0.4190017,0,0,0,1,0,9.829708683002702,0,0,0,0,29010.1656961369,65658.93333333287,113.97764577702733
ITA,D_E,2017,34706,13975.6,15335.1,296.3,4.763295407070929,0.44185731573791276,ITA_D_E,673.4333333333199,19403.94552334812,9.87328323644777,16771.34360139829,9.727486594689337,27.4652917045411,31635.522771080043,16.4,1.36393,62.69580078125,57.58299402749108,10.362035906529956,-0.4190017,0,0,0,1,0,9.87328323644777,0,0,0,0,29010.1656961369,63015.29444444403,113.55537095927694
ITA,D_E,2018,36226.2,14265.5,16240.4,301.4,4.789099606741821,0.4483053701464686,ITA_D_E,538.5166666666589,14865.392082709723,9.60685837939659,18576.541483066518,9.829708683002702,28.4648521996575,31819.39718300667,17.1,1.41934,64.4753265380859,59.274983512815446,10.367831357117941,-0.4190017,0,0,0,1,0,9.60685837939659,0,0,0,0,29010.1656961369,59106.98952380911,112.89746321931042
ITA,D_E,2019,39058.2,14578.8,18081.7,306.6,4.847264153981795,0.4629424807082764,ITA_D_E,692.4749999999808,17729.311642625133,9.783030976049995,19403.94552334812,9.87328323644777,29.0544644701951,32180.434101742845,17.3,1.45558,65.6895065307617,58.69419025947376,10.37911391025473,-0.4190017,0,0,0,1,0,9.783030976049995,0,0,0,0,29010.1656961369,57686.08928571377,112.6474340217204
ITA,D_E,2020,39591.6,14654.8,16675.9,306,4.862787151577184,0.4211979308742259,ITA_D_E,824.041666666653,20813.547991661184,9.943407443883379,14865.392082709723,9.60685837939659,30.2586365187027,29469.798923862585,18.7,1.49869,68.7231063842773,53.93948390427637,10.291121252629488,-0.4190017,0,0,0,1,0,9.943407443883379,0,0,0,0,29010.1656961369,61815.505952380416,113.35784707894294
ITA,D_E,2021,41701.5,15171.8,20739.4,310.2,4.901075127620527,0.4973298322602305,ITA_D_E,667.7666666666548,16013.013121030535,9.681219437979722,17729.311642625133,9.783030976049995,31.2852927413407,32267.70910502011,17.5,1.41065,71.2745208740234,60.30197762027984,10.381822291048463,-0.4190017,0,0,0,1,1,9.681219437979722,0,0,0,0,29010.1656961369,57532.366666666254,112.62001583686822
ITA,D_E,2022,52449.4,15738.5,25246.1,316.5,5.110280932708623,0.48134201725853865,ITA_D_E,401.96666666665294,7663.894470988285,8.94440602356447,20813.547991661184,9.943407443883379,31.19136706407,33891.886652621615,17.5,1.36563,73.8962097167969,72.01650230326966,10.430930932943047,-0.4190017,0,0,0,1,0,8.94440602356447,0,0,0,0,29010.1656961369,48047.69999999948,110.76889613920778
ITA,G,2010,163201.3,66511.1,17894.5,3734.8,3.7772901385569213,0.10964679815663234,ITA_G,0,0,0,NA,NA,21.7704634480966,31928.55436210961,12.8,1.21296,65.3790435791016,51.66211181383393,10.371256009460247,0.06857736764705884,1,0,0,0,1,0,0,0,0,0,0,0,0
ITA,G,2011,168417.9,68006.3,18921.4,3750.8,3.804479240132846,0.11234791551254351,ITA_G,0,0,0,NA,NA,22.393878996579,32039.503249431586,11.9,1.19531,64.2492523193359,54.47221494492875,10.374724896986937,0.06857736764705884,1,0,0,0,1,0,0,0,0,0,0,0,0
ITA,G,2012,164404,67838.2,15028.3,3744.9,3.7819318988833532,0.09141079292474635,ITA_G,0,0,0,0,0,22.7375144996784,30953.414744742655,14.4,1.25559,62.3447418212891,54.88449527022041,10.34023860303618,0.06857736764705884,1,0,0,0,0,0,0,0,0,0,0,0,0
ITA,G,2013,161800.3,67270.5,15134.9,3670.1,3.7861439491119238,0.09354061766263722,ITA_G,0,0,0,0,0,23.1031860985354,30330.022159966793,16.3,1.29425,60.8925285339355,54.03418463174985,10.319893331311004,0.06857736764705884,1,0,0,0,0,0,0,0,0,0,0,0,0
ITA,G,2014,164500.2,67729.5,14261.6,3644.8,3.8096102917394328,0.0866965511288132,ITA_G,0,0,0,0,0,23.7083714537202,30325.028779392316,17.1,1.33148,60.8831481933594,54.454529933203155,10.3197286828437,0.06857736764705884,1,0,0,0,0,0,0,0,0,0,0,0,0
ITA,G,2015,171054.1,69649.9,15665.1,3651.3,3.8468966121693957,0.09157979843803803,ITA_G,0,0,0,0,0,24.5977602494059,30639.882975143213,16.6,1.33213,60.941291809082,55.43568581482214,10.330057804498121,0.06857736764705884,1,0,0,0,0,0,0,0,0,0,0,0,0
ITA,G,2016,177789.5,72445.3,18547.1,3721.4,3.8665003246464678,0.10432055886314995,ITA_G,0,0,0,0,0,25.7337403103573,31077.679267521067,16.1,1.35915,61.3571014404297,54.43214670183131,10.344245132051489,0.06857736764705884,1,0,0,0,1,0,0,0,0,0,0,0,0
ITA,G,2017,184969.6,75602.7,19860.8,3759.7,3.8958523202666897,0.10737331972388976,ITA_G,0,0,0,0,0,27.4652917045411,31635.522771080043,16.4,1.36393,62.69580078125,57.58299402749108,10.362035906529956,0.06857736764705884,1,0,0,0,1,0,0,0,0,0,0,0,0
ITA,G,2018,188193.7,78428.3,20874.2,3752.2,3.915129416937037,0.11091869706584226,ITA_G,0,0,0,0,0,28.4648521996575,31819.39718300667,17.1,1.41934,64.4753265380859,59.274983512815446,10.367831357117941,0.06857736764705884,1,0,0,0,1,0,0,0,0,0,0,0,0
ITA,G,2019,197078.4,80246.8,20051.6,3789.2,3.951446704093019,0.101744280448796,ITA_G,0,0,0,0,0,29.0544644701951,32180.434101742845,17.3,1.45558,65.6895065307617,58.69419025947376,10.37911391025473,0.06857736764705884,1,0,0,0,0,0,0,0,0,0,0,0,0
ITA,G,2020,175832.3,73777.1,17317.7,3649.3,3.8749953315074035,0.09848986790254124,ITA_G,0,0,0,0,0,30.2586365187027,29469.798923862585,18.7,1.49869,68.7231063842773,53.93948390427637,10.291121252629488,0.06857736764705884,1,0,0,0,0,0,0,0,0,0,0,0,0
ITA,G,2021,199798.3,80837.2,19328.5,3643.4,4.004391046055155,0.09674006235288289,ITA_G,0,0,0,0,0,31.2852927413407,32267.70910502011,17.5,1.41065,71.2745208740234,60.30197762027984,10.381822291048463,0.06857736764705884,1,0,0,0,0,0,0,0,0,0,0,0,0
ITA,G,2022,220719.2,86485.2,23452.1,3658,4.099974755432157,0.10625310349077016,ITA_G,0,0,0,0,0,31.19136706407,33891.886652621615,17.5,1.36563,73.8962097167969,72.01650230326966,10.430930932943047,0.06857736764705884,1,0,0,0,1,0,0,0,0,0,0,0,0
ITA,H,2010,73744.4,35984.7,26776.2,1117.7,4.189332057724115,0.36309468922385973,ITA_H,298.833333333324,4052.285100066229,8.307282967126534,NA,NA,21.7704634480966,31928.55436210961,12.8,1.21296,65.3790435791016,51.66211181383393,10.371256009460247,-0.3927636321428572,0,0,0,1,1,8.307282967126534,0,0,0,0,4052.285100066229,27855.496666666517,85.02355824908425
ITA,H,2011,74847.8,36438.6,27342.4,1126.9,4.195986218339946,0.3653066623200682,ITA_H,278.999999999989,3727.564470832662,8.223778578193524,NA,NA,22.393878996579,32039.503249431586,11.9,1.19531,64.2492523193359,54.47221494492875,10.374724896986937,-0.3927636321428572,0,0,0,1,1,8.223778578193524,0,0,0,0,4052.285100066229,33023.09999999984,86.43722009965515
ITA,H,2012,72510.1,35984.3,22840.8,1106.3,4.1827047484439435,0.3150016342550899,ITA_H,327.91666666666003,4522.358494425743,8.417010026656552,4052.285100066229,8.307282967126534,22.7375144996784,30953.414744742655,14.4,1.25559,62.3447418212891,54.88449527022041,10.34023860303618,-0.3927636321428572,0,0,0,1,0,8.417010026656552,0,0,0,0,4052.285100066229,31630.622222222028,86.0793400691051
ITA,H,2013,73198,35932.9,19123.1,1086,4.2106668766778865,0.26125167354299295,ITA_H,269.333333333329,3679.5176553092847,8.210808688473882,3727.564470832662,8.223778578193524,23.1031860985354,30330.022159966793,16.3,1.29425,60.8925285339355,54.03418463174985,10.319893331311004,-0.3927636321428572,0,0,0,1,0,8.210808688473882,0,0,0,0,4052.285100066229,30515.46666666654,85.78118424986828
ITA,H,2014,74652.9,36174.3,19185.3,1087.9,4.228600138742871,0.25699336529458333,ITA_H,386.583333333318,5178.410126509728,8.552446453578085,4522.358494425743,8.417010026656552,23.7083714537202,30325.028779392316,17.1,1.33148,60.8831481933594,54.454529933203155,10.3197286828437,-0.3927636321428572,0,0,0,1,0,8.552446453578085,0,0,0,0,4052.285100066229,30683.49999999984,85.8268013056611
ITA,H,2015,75631.3,37257.4,22564.4,1101.1,4.229560538528987,0.2983473773424495,ITA_H,340.866666666662,4506.952368485825,8.413598309106913,3679.5176553092847,8.210808688473882,24.5977602494059,30639.882975143213,16.6,1.33213,60.941291809082,55.43568581482214,10.330057804498121,-0.3927636321428572,0,0,0,1,0,8.413598309106913,0,0,0,0,4052.285100066229,29767.463333333148,85.57502346433142
ITA,H,2016,78518.6,38272.5,22193.5,1122.5,4.247777198762767,0.2826527727188207,ITA_H,248.58333333333002,3165.916525935638,8.060513688734893,5178.410126509728,8.552446453578085,25.7337403103573,31077.679267521067,16.1,1.35915,61.3571014404297,54.43214670183131,10.344245132051489,-0.3927636321428572,0,0,0,1,0,8.060513688734893,0,0,0,0,4052.285100066229,32319.679999999866,86.2583615981725
ITA,H,2017,80729.6,39442.1,19622.9,1149.4,4.251865231515581,0.2430694565562074,ITA_H,347.416666666664,4303.460771100859,8.367407152594026,4506.952368485825,8.413598309106913,27.4652917045411,31635.522771080043,16.4,1.36393,62.69580078125,57.58299402749108,10.362035906529956,-0.3927636321428572,0,0,0,1,0,8.367407152594026,0,0,0,0,4052.285100066229,32343.516666666535,86.26448600370034
ITA,H,2018,80846.3,40851.6,22327.4,1159.9,4.2442160267101805,0.2761709564939892,ITA_H,516.1666666666499,6384.542850651791,8.761791784531887,3165.916525935638,8.060513688734893,28.4648521996575,31819.39718300667,17.1,1.41934,64.4753265380859,59.274983512815446,10.367831357117941,-0.3927636321428572,0,0,0,1,0,8.761791784531887,0,0,0,0,4052.285100066229,31726.929999999822,86.1045945587611
ITA,H,2019,82552.3,42236.8,23380,1166.8,4.25916707286845,0.28321439862971715,ITA_H,403.91666666666197,4892.857820638092,8.495736191810703,4303.460771100859,8.367407152594026,29.0544644701951,32180.434101742845,17.3,1.45558,65.6895065307617,58.69419025947376,10.37911391025473,-0.3927636321428572,0,0,0,1,0,8.495736191810703,0,0,0,0,4052.285100066229,31044.13333333307,85.92386707683436
ITA,H,2020,69700.7,38866,21970.6,1146.3,4.107670996618827,0.3152134770525977,ITA_H,351.833333333327,5047.77331265435,8.526900584377108,6384.542850651791,8.761791784531887,30.2586365187027,29469.798923862585,18.7,1.49869,68.7231063842773,53.93948390427637,10.291121252629488,-0.3927636321428572,0,0,0,1,0,8.526900584377108,0,0,0,0,4052.285100066229,27102.333333333183,84.79585985047716
ITA,H,2021,77680.9,42584.8,28493.6,1164.5,4.200317599567515,0.3668031652568392,ITA_H,289.83333333333303,3731.0758929586686,8.2247198974943,4892.857820638092,8.495736191810703,31.2852927413407,32267.70910502011,17.5,1.41065,71.2745208740234,60.30197762027984,10.381822291048463,-0.3927636321428572,0,0,0,1,1,8.2247198974943,0,0,0,0,4052.285100066229,16960.616666666545,80.90220497705249
ITA,H,2022,85747.3,45314,26591.1,1173.1,4.291754781140323,0.3101100559434524,ITA_H,129.833333333331,1514.1390263405497,7.323262480294595,5047.77331265435,8.526900584377108,31.19136706407,33891.886652621615,17.5,1.36563,73.8962097167969,72.01650230326966,10.430930932943047,-0.3927636321428572,0,0,0,1,0,7.323262480294595,0,0,0,0,4052.285100066229,10961.549999999923,77.27634155025243
ITA,J,2010,60865.1,23072,14559.4,608.1,4.606075876696649,0.2392076904498637,ITA_J,23.866666666664003,392.12400319171417,5.974125091850127,NA,NA,21.7704634480966,31928.55436210961,12.8,1.21296,65.3790435791016,51.66211181383393,10.371256009460247,1.2675550444444446,1,392.12400319171417,5.974125091850127,0,0,0,0,0,0,0,392.12400319171417,3623.033333333219,48.96000344647105
ITA,J,2011,60155.9,23081.3,14647.5,606.3,4.597319891627866,0.24349232577353178,ITA_J,22.599999999995,375.69049752385047,5.931423888799391,NA,NA,22.393878996579,32039.503249431586,11.9,1.19531,64.2492523193359,54.47221494492875,10.374724896986937,1.2675550444444446,1,375.69049752385047,5.931423888799391,1,0,5.931423888799391,0,0,0,0,392.12400319171417,4110.414285714133,49.71381551382096
ITA,J,2012,56877.2,23113.1,16156.5,599.1,4.553221307733951,0.284059341880402,ITA_J,40.730952380937,716.120912789958,6.575244463467004,392.12400319171417,5.974125091850127,22.7375144996784,30953.414744742655,14.4,1.25559,62.3447418212891,54.88449527022041,10.34023860303618,1.2675550444444446,1,716.120912789958,6.575244463467004,1,1,6.575244463467004,0,0,0,0,392.12400319171417,5097.962698412456,50.99986571395499
ITA,J,2013,53245.6,23201.2,15797.1,592.1,4.498994911511987,0.2966836696365521,ITA_J,25.549999999995,479.85185630352555,6.175559231613815,375.69049752385047,5.931423888799391,23.1031860985354,30330.022159966793,16.3,1.29425,60.8925285339355,54.03418463174985,10.319893331311004,1.2675550444444446,1,479.85185630352555,6.175559231613815,1,1,6.175559231613815,0,0,0,0,392.12400319171417,4913.1926587299795,50.77936286476169
ITA,J,2014,52022.4,23008.2,16390.3,583.4,4.490556616606284,0.31506235775358304,ITA_J,20.749999999998998,398.8666420618618,5.991131096674219,716.120912789958,6.575244463467004,23.7083714537202,30325.028779392316,17.1,1.33148,60.8831481933594,54.454529933203155,10.3197286828437,1.2675550444444446,1,398.8666420618618,5.991131096674219,1,1,5.991131096674219,0,0,0,0,392.12400319171417,4839.038095237983,50.688526962996896
ITA,J,2015,52958.7,24434.3,18860.5,590,4.497145106582052,0.3561360078702838,ITA_J,22.566666666664,426.11821413033175,6.057060822993669,479.85185630352555,6.175559231613815,24.5977602494059,30639.882975143213,16.6,1.33213,60.941291809082,55.43568581482214,10.330057804498121,1.2675550444444446,1,426.11821413033175,6.057060822993669,1,1,6.057060822993669,0,0,0,0,392.12400319171417,4637.214285714202,50.43407014687776
ITA,J,2016,56314.3,25219.4,18704.8,605.8,4.53215387973061,0.3321500933155522,ITA_J,26.808333333329,476.04841635834947,6.167617987536857,398.8666420618618,5.991131096674219,25.7337403103573,31077.679267521067,16.1,1.35915,61.3571014404297,54.43214670183131,10.344245132051489,1.2675550444444446,1,476.04841635834947,6.167617987536857,1,1,6.167617987536857,0,0,0,0,392.12400319171417,4561.788095237991,50.336120907755536
ITA,J,2017,57863.4,25751.7,20094,612.9,4.547638548842236,0.3472661475129356,ITA_J,20.811111111109,359.65932024576847,5.887933801526527,426.11821413033175,6.057060822993669,27.4652917045411,31635.522771080043,16.4,1.36393,62.69580078125,57.58299402749108,10.362035906529956,1.2675550444444446,1,359.65932024576847,5.887933801526527,1,1,5.887933801526527,0,0,0,0,392.12400319171417,4521.700793650661,50.283402091780495
ITA,J,2018,57941.3,26616.5,19396.4,622.1,4.5340848565544585,0.3347594893452511,ITA_J,16.569444444444,285.9694974818307,5.659375929560331,476.04841635834947,6.167617987536857,28.4648521996575,31819.39718300667,17.1,1.41934,64.4753265380859,59.274983512815446,10.367831357117941,1.2675550444444446,1,285.9694974818307,5.659375929560331,1,1,5.659375929560331,0,0,0,0,392.12400319171417,4325.149603174515,50.01796318975414
ITA,J,2019,58041.7,27384.1,19144.7,631.8,4.5203441083459195,0.3298438881011411,ITA_J,35.499999999994,611.6292251948857,6.417759900075768,359.65932024576847,5.887933801526527,29.0544644701951,32180.434101742845,17.3,1.45558,65.6895065307617,58.69419025947376,10.37911391025473,1.2675550444444446,1,611.6292251948857,6.417759900075768,1,1,6.417759900075768,0,0,0,0,392.12400319171417,4371.785714285577,50.08201990950075
ITA,J,2020,56724.9,27096.6,20270.5,635,4.492343547862656,0.3573474787967894,ITA_J,27.499999999996,484.7959185471636,6.185788615024265,285.9694974818307,5.659375929560331,30.2586365187027,29469.798923862585,18.7,1.49869,68.7231063842773,53.93948390427637,10.291121252629488,1.2675550444444446,1,484.7959185471636,6.185788615024265,1,1,6.185788615024265,0,0,0,0,392.12400319171417,4469.133333333182,50.21355800119239
ITA,J,2021,61689.1,29357.8,19106.9,643.3,4.563251354605904,0.3097289472532425,ITA_J,31.166666666664,505.22161397498104,6.226974545688171,611.6292251948857,6.417759900075768,31.2852927413407,32267.70910502011,17.5,1.41065,71.2745208740234,60.30197762027984,10.381822291048463,1.2675550444444446,1,505.22161397498104,6.226974545688171,1,1,6.226974545688171,0,0,0,0,392.12400319171417,4148.26666666653,49.76856558657311
ITA,J,2022,61935,31231.7,21974.7,654.1,4.550580482021133,0.35480261564543475,ITA_J,13.083333333329,211.24296978007587,5.357731702287544,484.7959185471636,6.185788615024265,31.19136706407,33891.886652621615,17.5,1.36563,73.8962097167969,72.01650230326966,10.430930932943047,1.2675550444444446,1,211.24296978007587,5.357731702287544,1,1,5.357731702287544,0,0,0,0,392.12400319171417,2163.949999999924,45.882192031198535
ITA,K,2010,76744.1,36069.8,5860.8,689.7,4.711975069093151,0.07636808562482328,ITA_K,0,0,0,NA,NA,21.7704634480966,31928.55436210961,12.8,1.21296,65.3790435791016,51.66211181383393,10.371256009460247,2.05267,1,0,0,0,0,0,0,0,0,0,0,0,0
ITA,K,2011,79271.4,36839.3,4874.1,671.4,4.771267602287378,0.06148623589339914,ITA_K,0,0,0,NA,NA,22.393878996579,32039.503249431586,11.9,1.19531,64.2492523193359,54.47221494492875,10.374724896986937,2.05267,1,0,0,0,0,0,0,0,0,0,0,0,0
ITA,K,2012,78822.6,35381.9,4164.3,671.3,4.765738905811881,0.052831294577950993,ITA_K,0,0,0,0,0,22.7375144996784,30953.414744742655,14.4,1.25559,62.3447418212891,54.88449527022041,10.34023860303618,2.05267,1,0,0,0,0,0,0,0,0,0,0,0,0
ITA,K,2013,81920.5,34278.5,4163.6,657.7,4.824755643463028,0.05082488510201964,ITA_K,0,0,0,0,0,23.1031860985354,30330.022159966793,16.3,1.29425,60.8925285339355,54.03418463174985,10.319893331311004,2.05267,1,0,0,0,0,0,0,0,0,0,0,0,0
ITA,K,2014,86065.9,34569.4,4497.9,657.9,4.87381561677155,0.05226111619119767,ITA_K,0,0,0,0,0,23.7083714537202,30325.028779392316,17.1,1.33148,60.8831481933594,54.454529933203155,10.3197286828437,2.05267,1,0,0,0,0,0,0,0,0,0,0,0,0
ITA,K,2015,84786.8,35011,5117.5,659.5,4.856413177128933,0.060357272594318924,ITA_K,0,0,0,0,0,24.5977602494059,30639.882975143213,16.6,1.33213,60.941291809082,55.43568581482214,10.330057804498121,2.05267,1,0,0,0,0,0,0,0,0,0,0,0,0
ITA,K,2016,82387.9,35859.8,5424.6,657.8,4.83029292669968,0.06584219284627962,ITA_K,0,0,0,0,0,25.7337403103573,31077.679267521067,16.1,1.35915,61.3571014404297,54.43214670183131,10.344245132051489,2.05267,1,0,0,0,0,0,0,0,0,0,0,0,0
ITA,K,2017,79614.3,35061.7,6623.7,647.1,4.812448161875647,0.08319736529744028,ITA_K,0,0,0,0,0,27.4652917045411,31635.522771080043,16.4,1.36393,62.69580078125,57.58299402749108,10.362035906529956,2.05267,1,0,0,0,0,0,0,0,0,0,0,0,0
ITA,K,2018,79794.1,35254.3,6671.6,629.7,4.841961330372795,0.08361019173096758,ITA_K,0,0,0,0,0,28.4648521996575,31819.39718300667,17.1,1.41934,64.4753265380859,59.274983512815446,10.367831357117941,2.05267,1,0,0,0,0,0,0,0,0,0,0,0,0
ITA,K,2019,80226.6,36880.4,7602.9,634,4.8405614552497145,0.09476782014942674,ITA_K,0,0,0,0,0,29.0544644701951,32180.434101742845,17.3,1.45558,65.6895065307617,58.69419025947376,10.37911391025473,2.05267,1,0,0,0,0,0,0,0,0,0,0,0,0
ITA,K,2020,81527,36351.5,7504.5,628.9,4.864717271159188,0.09204925975443717,ITA_K,0,0,0,0,0,30.2586365187027,29469.798923862585,18.7,1.49869,68.7231063842773,53.93948390427637,10.291121252629488,2.05267,1,0,0,0,0,0,0,0,0,0,0,0,0
ITA,K,2021,77623.5,37435.1,8673.3,618.6,4.832166635126608,0.1117354924732845,ITA_K,0,0,0,0,0,31.2852927413407,32267.70910502011,17.5,1.41065,71.2745208740234,60.30197762027984,10.381822291048463,2.05267,1,0,0,0,1,0,0,0,0,0,0,0,0
ITA,K,2022,90113.7,38235.9,9971.3,623.3,4.973799541496837,0.11065243131732466,ITA_K,0,0,0,0,0,31.19136706407,33891.886652621615,17.5,1.36563,73.8962097167969,72.01650230326966,10.430930932943047,2.05267,1,0,0,0,1,0,0,0,0,0,0,0,0
ITA,M_N,2010,142334.6,47344.7,18471.4,2685.5,3.970313693454963,0.12977448912632628,ITA_M_N,0,0,0,NA,NA,21.7704634480966,31928.55436210961,12.8,1.21296,65.3790435791016,51.66211181383393,10.371256009460247,0.9246918833333334,1,0,0,0,0,0,0,0,0,0,0,0,0
ITA,M_N,2011,144726.6,49484.8,18680,2765.3,3.9576973171694108,0.1290709517117102,ITA_M_N,0,0,0,NA,NA,22.393878996579,32039.503249431586,11.9,1.19531,64.2492523193359,54.47221494492875,10.374724896986937,0.9246918833333334,1,0,0,0,0,0,0,0,0,0,0,0,0
ITA,M_N,2012,142543.9,48890.4,19823.2,2808.9,3.926857074809455,0.13906733294093962,ITA_M_N,0,0,0,0,0,22.7375144996784,30953.414744742655,14.4,1.25559,62.3447418212891,54.88449527022041,10.34023860303618,0.9246918833333334,1,0,0,0,0,0,0,0,0,0,0,0,0
ITA,M_N,2013,141138.7,49822.3,18202.3,2796.9,3.9212314338288774,0.12896746250319718,ITA_M_N,0,0,0,0,0,23.1031860985354,30330.022159966793,16.3,1.29425,60.8925285339355,54.03418463174985,10.319893331311004,0.9246918833333334,1,0,0,0,0,0,0,0,0,0,0,0,0
ITA,M_N,2014,143282,51131.3,18542.3,2846.6,3.9186894166829473,0.12941123099900895,ITA_M_N,0,0,0,0,0,23.7083714537202,30325.028779392316,17.1,1.33148,60.8831481933594,54.454529933203155,10.3197286828437,0.9246918833333334,1,0,0,0,0,0,0,0,0,0,0,0,0
ITA,M_N,2015,146128.9,53818.2,19042.2,2921.5,3.9123919259019067,0.1303109788686564,ITA_M_N,0,0,0,0,0,24.5977602494059,30639.882975143213,16.6,1.33213,60.941291809082,55.43568581482214,10.330057804498121,0.9246918833333334,1,0,0,0,0,0,0,0,0,0,0,0,0
ITA,M_N,2016,149804.5,55934,19558.8,2981.6,3.916871041502419,0.13056216602305004,ITA_M_N,0,0,0,0,0,25.7337403103573,31077.679267521067,16.1,1.35915,61.3571014404297,54.43214670183131,10.344245132051489,0.9246918833333334,1,0,0,0,0,0,0,0,0,0,0,0,0
ITA,M_N,2017,155837.8,59684.4,21671,3069.6,3.9272684628008516,0.13906125471483813,ITA_M_N,0,0,0,0,0,27.4652917045411,31635.522771080043,16.4,1.36393,62.69580078125,57.58299402749108,10.362035906529956,0.9246918833333334,1,0,0,0,0,0,0,0,0,0,0,0,0
ITA,M_N,2018,164006.6,63647.5,21779.3,3179.1,3.9433085330501103,0.13279526555638613,ITA_M_N,0,0,0,0,0,28.4648521996575,31819.39718300667,17.1,1.41934,64.4753265380859,59.274983512815446,10.367831357117941,0.9246918833333334,1,0,0,0,0,0,0,0,0,0,0,0,0
ITA,M_N,2019,162746.7,65172.9,22745,3204.2,3.927732555154935,0.13975705805401892,ITA_M_N,0,0,0,0,0,29.0544644701951,32180.434101742845,17.3,1.45558,65.6895065307617,58.69419025947376,10.37911391025473,0.9246918833333334,1,0,0,0,0,0,0,0,0,0,0,0,0
ITA,M_N,2020,159157.5,61330.6,20411.7,3184,3.9117560099890407,0.1282484331558362,ITA_M_N,0,0,0,0,0,30.2586365187027,29469.798923862585,18.7,1.49869,68.7231063842773,53.93948390427637,10.291121252629488,0.9246918833333334,1,0,0,0,0,0,0,0,0,0,0,0,0
ITA,M_N,2021,173905.4,69528.9,23173.5,3253.6,3.9787493975961707,0.1332534814905115,ITA_M_N,0,0,0,0,0,31.2852927413407,32267.70910502011,17.5,1.41065,71.2745208740234,60.30197762027984,10.381822291048463,0.9246918833333334,1,0,0,0,0,0,0,0,0,0,0,0,0
ITA,M_N,2022,189732.8,75488.8,26452.1,3372.7,4.029903156051926,0.13941764418171237,ITA_M_N,0,0,0,0,0,31.19136706407,33891.886652621615,17.5,1.36563,73.8962097167969,72.01650230326966,10.430930932943047,0.9246918833333334,1,0,0,0,0,0,0,0,0,0,0,0,0
JPN,C,2010,104979500,49100700,28074900,10240,9.235218752371622,0.26743221295586284,JPN_C,2869.933333333318,27.33803583874297,3.3442049248297443,NA,NA,26.6035065260031,32942.20207838348,4.7,3.10495,62.6422691345215,28.49847269383891,10.402509852692802,-0.4842254202898551,0,0,0,1,1,3.3442049248297443,0,1,0,3.3442049248297443,27.33803583874297,11843.881746031422,31.36747551247373
JPN,C,2011,97179400,49785900,30094500,10228,9.159184976401995,0.30967982926422677,JPN_C,3217.4412698412607,33.1082644041974,3.5295397128198926,NA,NA,27.8666731326287,33011.134230129144,4.8,3.20537,62.6422691345215,30.194960728629617,10.404600184454733,-0.4842254202898551,0,0,0,1,1,3.5295397128198926,0,1,0,3.5295397128198926,27.33803583874297,12514.953968253674,31.55176894018981
JPN,C,2012,98426900,49671400,30574100,10209,9.173799735477347,0.3106274809020705,JPN_C,3234.616666666656,32.86313666961629,3.5223270088473497,27.33803583874297,3.3442049248297443,28.2442659182057,33518.444936859916,4.7,3.1737,62.6422691345215,30.47091091717523,10.419851161421422,-0.4842254202898551,0,0,0,1,1,3.5223270088473497,0,1,0,3.5223270088473497,27.33803583874297,13305.054761904537,31.756484541388414
JPN,C,2013,98326900,49723600,30138200,10256,9.168190020606493,0.30651022253320304,JPN_C,2771.399999999993,28.1855728188318,3.3736745056288733,33.1082644041974,3.5295397128198926,28.9051021054089,34239.88624734878,5,3.27895,62.6422691345215,33.97876865095107,10.44114650803488,-0.4842254202898551,0,0,0,1,1,3.3736745056288733,0,1,0,3.3736745056288733,27.33803583874297,12839.833333333137,31.63746770125857
JPN,C,2014,101653800,51065000,31885600,10421,9.18550520052504,0.31366854952790746,JPN_C,2902.499999999989,28.55279389457147,3.3861782874223665,32.86313666961629,3.5223270088473497,29.6414897863191,34386.905855267105,5.6,3.36788,62.8334884643555,37.43143456865795,10.445431127156036,-0.4842254202898551,0,0,0,1,1,3.3861782874223665,0,1,0,3.3861782874223665,27.33803583874297,13511.930952380757,31.808078595310818
JPN,C,2015,110094700,52387900,34389100,10496,9.258101951294051,0.31235926888396987,JPN_C,2987.399999999996,27.134821203927128,3.3370079979308795,28.1855728188318,3.3736745056288733,30.5419859940146,34960.63938433849,6.2,3.24071,62.4498481750488,35.42740835447983,10.46197811862793,-0.4842254202898551,0,0,0,1,1,3.3370079979308795,0,1,0,3.3370079979308795,27.33803583874297,13306.097619047398,31.756746631947617
JPN,C,2016,110440900,53493100,34870600,10564,9.254783820797297,0.31573991157261483,JPN_C,3236.649999999995,29.306624629100227,3.411366323242027,28.55279389457147,3.3861782874223665,31.3035556297124,35242.19937714804,6.4,3.10665,62.4975395202637,31.31024684558842,10.469999489485922,-0.4842254202898551,0,0,0,1,1,3.411366323242027,0,1,0,3.411366323242027,27.33803583874297,14191.408333333125,31.972145696603505
JPN,C,2017,113025700,54643000,35309200,10649,9.269904514430442,0.312399746252401,JPN_C,3411.816666666669,30.186202489050444,3.4399757690887847,27.134821203927128,3.3370079979308795,31.8990791226107,35861.97285456724,6.9,3.16636,63.287540435791,34.42321357216859,10.487432761110615,-0.4842254202898551,0,0,0,1,1,3.4399757690887847,0,1,0,3.4399757690887847,27.33803583874297,13835.446666666521,31.887199467902345
JPN,C,2018,114786500,56734600,37381700,10771,9.273971822765224,0.32566286105073333,JPN_C,3279.016666666669,28.566222218350322,3.386632568460608,29.306624629100227,3.411366323242027,32.6965336498031,36138.52908248143,7.3,3.2192,62.6058502197266,36.609931802107,10.495114862777848,-0.4842254202898551,0,0,0,1,1,3.386632568460608,0,1,0,3.386632568460608,27.33803583874297,13223.754761904565,31.735988769393654
JPN,C,2019,112832900,57133000,36199400,10809,9.253284121752243,0.3208230932644645,JPN_C,3232.299999999994,28.6467865312333,3.3893537395106064,30.186202489050444,3.4399757690887847,33.545921250597,36043.78440135178,7.8,3.21824,62.4008407592773,35.216418108414466,10.492489711796471,-0.4842254202898551,0,0,0,1,1,3.3893537395106064,0,1,0,3.3893537395106064,27.33803583874297,13244.066666666333,31.741121194291424
JPN,C,2020,108207500,55251600,33941700,10574,9.233407801260341,0.31367234249012316,JPN_C,3190.666666666661,29.48655746289916,3.417285847538081,28.566222218350322,3.386632568460608,34.8370612448992,34642.97187432387,8.5,3.26556,62.2987403869629,31.335208636772993,10.45285015213503,-0.4842254202898551,0,0,0,1,1,3.417285847538081,0,1,0,3.417285847538081,27.33803583874297,12864.633333333135,31.64392026503883
JPN,C,2021,114925400,56044300,34807800,10440,9.30639391874466,0.30287299413358576,JPN_C,2790.4166666666642,24.280243241847877,3.230023191140906,28.6467865312333,3.3893537395106064,35.9391724358064,35741.16010629243,8.8,3.27383,62.0412483215332,36.73844622806984,10.48405824779189,-0.4842254202898551,0,0,0,1,1,3.230023191140906,0,1,0,3.230023191140906,27.33803583874297,8005.916666666528,30.057917962729306
JPN,C,2022,111108800,57110900,37465600,10396,9.276844063632488,0.3371974137062051,JPN_C,1763.9999999999982,15.876330227668719,2.8259120619581,29.48655746289916,3.417285847538081,36.8414210393741,36238.329489530246,8.8,3.40053,63.3752288818359,46.812986836893806,10.49787266333096,-0.4842254202898551,0,0,0,1,1,2.8259120619581,0,1,0,2.8259120619581,27.33803583874297,4777.016666666591,28.331371127244676
JPN,D_E,2010,14490800,3542300,6626700,601,10.090429588727607,0.4573039445717283,JPN_D_E,16010.049999999945,1104.8423827531913,7.008362660853548,NA,NA,26.6035065260031,32942.20207838348,4.7,3.10495,62.6422691345215,28.49847269383891,10.402509852692802,-0.4190017,0,0,0,1,0,7.008362660853548,0,1,0,7.008362660853548,1104.8423827531913,56694.36666666577,76.70966745576554
JPN,D_E,2011,11713900,3465600,6602000,598,9.882695974851213,0.563603923543824,JPN_D_E,17673.515873015804,1508.7644484770917,7.319708923254549,NA,NA,27.8666731326287,33011.134230129144,4.8,3.20537,62.6422691345215,30.194960728629617,10.404600184454733,-0.4190017,0,0,0,1,1,7.319708923254549,0,1,0,7.319708923254549,1104.8423827531913,59336.94349206259,77.02894369911776
JPN,D_E,2012,10755700,3362800,6778400,595,9.802384999026843,0.630214676869009,JPN_D_E,15875.599999999955,1476.0173675353492,7.297780041118544,1104.8423827531913,7.008362660853548,28.2442659182057,33518.444936859916,4.7,3.1737,62.6422691345215,30.47091091717523,10.419851161421422,-0.4190017,0,0,0,1,1,7.297780041118544,0,1,0,7.297780041118544,1104.8423827531913,60469.92380952305,77.16149772181087
JPN,D_E,2013,11534400,3284600,7145700,593,9.875650033634725,0.6195120682480233,JPN_D_E,13758.599999999988,1192.8318768206398,7.084923477355474,1508.7644484770917,7.319708923254549,28.9051021054089,34239.88624734878,5,3.27895,62.6422691345215,33.97876865095107,10.44114650803488,-0.4190017,0,0,0,1,1,7.084923477355474,0,1,0,7.084923477355474,1104.8423827531913,57250.9523809518,76.77813392945839
JPN,D_E,2014,13236700,3325600,7167900,591,10.01668781528742,0.541517145512099,JPN_D_E,13773.966666666649,1040.5891700096436,6.948502873944071,1476.0173675353492,7.297780041118544,29.6414897863191,34386.905855267105,5.6,3.36788,62.8334884643555,37.43143456865795,10.445431127156036,-0.4190017,0,0,0,1,1,6.948502873944071,0,1,0,6.948502873944071,1104.8423827531913,55087.43333333284,76.50815798060458
JPN,D_E,2015,15390900,3305200,7602600,591,10.167470966231265,0.4939672143929205,JPN_D_E,13271.333333333301,862.2844234796731,6.760744212080523,1192.8318768206398,7.084923477355474,30.5419859940146,34960.63938433849,6.2,3.24071,62.4498481750488,35.42740835447983,10.46197811862793,-0.4190017,0,0,0,1,1,6.760744212080523,0,1,0,6.760744212080523,1104.8423827531913,50703.207142856685,75.92694826630387
JPN,D_E,2016,15764800,3304400,7923300,591,10.191474147144248,0.502594387496194,JPN_D_E,13564.91666666664,860.4559947900792,6.758623974907222,1040.5891700096436,6.948502873944071,31.3035556297124,35242.19937714804,6.4,3.10665,62.4975395202637,31.31024684558842,10.469999489485922,-0.4190017,0,0,0,1,1,6.758623974907222,0,1,0,6.758623974907222,1104.8423827531913,52730.18333333288,76.20166281145264
JPN,D_E,2017,16206600,3317000,7664400,591,10.219113107236058,0.47291844063529676,JPN_D_E,14637.583333333307,903.1865618533997,6.807035712831684,862.2844234796731,6.760744212080523,31.8990791226107,35861.97285456724,6.9,3.16636,63.287540435791,34.42321357216859,10.487432761110615,-0.4190017,0,0,0,1,0,6.807035712831684,0,1,0,6.807035712831684,1104.8423827531913,49051.14444444404,75.69479636768254
JPN,D_E,2018,16282400,3328800,8029800,590,10.22547279092104,0.49315825676804403,JPN_D_E,14965.416666666657,919.1161417645222,6.824499903123749,860.4559947900792,6.758623974907222,32.6965336498031,36138.52908248143,7.3,3.2192,62.6058502197266,36.609931802107,10.495114862777848,-0.4190017,0,0,0,1,1,6.824499903123749,0,1,0,6.824499903123749,1104.8423827531913,44680.08952380911,75.04068103122084
JPN,D_E,2019,17051500,3353300,7585100,589,10.273322550712093,0.4448347652699176,JPN_D_E,13489.476190476173,791.1020256561694,6.674690203790748,903.1865618533997,6.807035712831684,33.545921250597,36043.78440135178,7.8,3.21824,62.4008407592773,35.216418108414466,10.492489711796471,-0.4190017,0,0,0,1,0,6.674690203790748,0,1,0,6.674690203790748,1104.8423827531913,44889.08809523759,75.07338665107137
JPN,D_E,2020,17319400,3355400,7829800,594,10.280458499103537,0.45208263565712437,JPN_D_E,14147.41666666666,816.8537401218668,6.70668351880879,919.1161417645222,6.824499903123749,34.8370612448992,34642.97187432387,8.5,3.26556,62.2987403869629,31.335208636772993,10.45285015213503,-0.4190017,0,0,0,1,0,6.70668351880879,0,1,0,6.70668351880879,1104.8423827531913,48492.13095238041,75.61446829112585
JPN,D_E,2021,15272600,3351600,8504200,593,10.156376532203382,0.5568272592747797,JPN_D_E,14998.45,982.0495527938923,6.890659528636446,791.1020256561694,6.674690203790748,35.9391724358064,35741.16010629243,8.8,3.27383,62.0412483215332,36.73844622806984,10.48405824779189,-0.4190017,0,0,0,1,1,6.890659528636446,0,1,0,6.890659528636446,1104.8423827531913,43201.68333333291,74.80486538647662
JPN,D_E,2022,13262900,3268400,8681900,588,10.02375427377714,0.6546004267543297,JPN_D_E,12749.349999999966,961.2792074131573,6.869304644951485,816.8537401218668,6.70668351880879,36.8414210393741,36238.329489530246,8.8,3.40053,63.3752288818359,46.812986836893806,10.49787266333096,-0.4190017,0,0,0,1,1,6.869304644951485,0,1,0,6.869304644951485,1104.8423827531913,35700.31666666617,73.46826523533713
JPN,G,2010,67620000,38839300,7379100,11453,8.683407371846299,0.10912599822537711,JPN_G,0,0,0,NA,NA,26.6035065260031,32942.20207838348,4.7,3.10495,62.6422691345215,28.49847269383891,10.402509852692802,0.06857736764705884,1,0,0,0,1,0,0,1,0,0,0,0,0
JPN,G,2011,68856700,38672300,7787000,11256,8.718881492609384,0.11308993896018833,JPN_G,0,0,0,NA,NA,27.8666731326287,33011.134230129144,4.8,3.20537,62.6422691345215,30.194960728629617,10.404600184454733,0.06857736764705884,1,0,0,0,1,0,0,1,0,0,0,0,0
JPN,G,2012,70030100,38249600,8136800,10919,8.766176037576061,0.11619003828353808,JPN_G,0,0,0,0,0,28.2442659182057,33518.444936859916,4.7,3.1737,62.6422691345215,30.47091091717523,10.419851161421422,0.06857736764705884,1,0,0,0,1,0,0,1,0,0,0,0,0
JPN,G,2013,71099400,38042000,8647200,10764,8.7956269440725,0.1216212795044684,JPN_G,0,0,0,0,0,28.9051021054089,34239.88624734878,5,3.27895,62.6422691345215,33.97876865095107,10.44114650803488,0.06857736764705884,1,0,0,0,1,0,0,1,0,0,0,0,0
JPN,G,2014,69541000,38131000,8973700,10636,8.785427312290512,0.1290418601975813,JPN_G,0,0,0,0,0,29.6414897863191,34386.905855267105,5.6,3.36788,62.8334884643555,37.43143456865795,10.445431127156036,0.06857736764705884,1,0,0,0,1,0,0,1,0,0,0,0,0
JPN,G,2015,70203600,37230100,9462500,10423,8.81513996799312,0.13478653516343891,JPN_G,0,0,0,0,0,30.5419859940146,34960.63938433849,6.2,3.24071,62.4498481750488,35.42740835447983,10.46197811862793,0.06857736764705884,1,0,0,0,1,0,0,1,0,0,0,0,0
JPN,G,2016,70291900,38275200,9385500,10430,8.815725581664044,0.1335217855826916,JPN_G,0,0,0,0,0,31.3035556297124,35242.19937714804,6.4,3.10665,62.4975395202637,31.31024684558842,10.469999489485922,0.06857736764705884,1,0,0,0,1,0,0,1,0,0,0,0,0
JPN,G,2017,71969700,38598100,9281900,10562,8.826737821804919,0.1289695524644399,JPN_G,0,0,0,0,0,31.8990791226107,35861.97285456724,6.9,3.16636,63.287540435791,34.42321357216859,10.487432761110615,0.06857736764705884,1,0,0,0,1,0,0,1,0,0,0,0,0
JPN,G,2018,70647900,39826100,8697000,10562,8.808201009394658,0.12310344681158251,JPN_G,0,0,0,0,0,32.6965336498031,36138.52908248143,7.3,3.2192,62.6058502197266,36.609931802107,10.495114862777848,0.06857736764705884,1,0,0,0,1,0,0,1,0,0,0,0,0
JPN,G,2019,69324500,39676800,9057500,10436,8.80129229077815,0.13065366501020562,JPN_G,0,0,0,0,0,33.545921250597,36043.78440135178,7.8,3.21824,62.4008407592773,35.216418108414466,10.492489711796471,0.06857736764705884,1,0,0,0,1,0,0,1,0,0,0,0,0
JPN,G,2020,68823200,39424400,8681000,10386,8.798837430959354,0.12613479175626824,JPN_G,0,0,0,0,0,34.8370612448992,34642.97187432387,8.5,3.26556,62.2987403869629,31.335208636772993,10.45285015213503,0.06857736764705884,1,0,0,0,1,0,0,1,0,0,0,0,0
JPN,G,2021,72937100,40413000,9222800,10414,8.85420165012578,0.1264486797528281,JPN_G,0,0,0,0,0,35.9391724358064,35741.16010629243,8.8,3.27383,62.0412483215332,36.73844622806984,10.48405824779189,0.06857736764705884,1,0,0,0,1,0,0,1,0,0,0,0,0
JPN,G,2022,78085100,39943500,10236800,10175,8.945620805248163,0.13109799436768346,JPN_G,0,0,0,0,0,36.8414210393741,36238.329489530246,8.8,3.40053,63.3752288818359,46.812986836893806,10.49787266333096,0.06857736764705884,1,0,0,0,1,0,0,1,0,0,0,0,0
JPN,H,2010,25785500,17797100,6570200,3933,8.788165103966248,0.25480211746912024,JPN_H,9290.499999999993,360.2993930697482,5.8897069583009465,NA,NA,26.6035065260031,32942.20207838348,4.7,3.10495,62.6422691345215,28.49847269383891,10.402509852692802,-0.3927636321428572,0,0,0,0,0,0,0,1,0,5.8897069583009465,360.2993930697482,18863.82999999985,57.98448670592708
JPN,H,2011,25033500,17524300,6212700,3904,8.76596853830072,0.24817544490382887,JPN_H,12415.966666666664,495.97406142435796,6.208537834441626,NA,NA,27.8666731326287,33011.134230129144,4.8,3.20537,62.6422691345215,30.194960728629617,10.404600184454733,-0.3927636321428572,0,0,0,0,0,0,0,1,0,6.208537834441626,360.2993930697482,20886.13333333316,58.58425910918133
JPN,H,2012,26145600,17591100,7034900,3815,8.832495530561099,0.2690663056116517,JPN_H,9694.46666666665,370.78769149174815,5.918322969553094,360.2993930697482,5.8897069583009465,28.2442659182057,33518.444936859916,4.7,3.1737,62.6422691345215,30.47091091717523,10.419851161421422,-0.3927636321428572,0,0,0,1,0,5.918322969553094,0,1,0,5.918322969553094,360.2993930697482,22264.072222222036,58.96052800391508
JPN,H,2013,26327000,18286200,6934800,3847,8.831056683755492,0.26341018726022714,JPN_H,8818.666666666662,334.9666375457387,5.817011862014692,495.97406142435796,6.208537834441626,28.9051021054089,34239.88624734878,5,3.27895,62.6422691345215,33.97876865095107,10.44114650803488,-0.3927636321428572,0,0,0,1,0,5.817011862014692,0,1,0,5.817011862014692,360.2993930697482,21966.133333333208,58.881183134526516
JPN,H,2014,27806600,18426600,7504700,3816,8.893825927987319,0.2698891630044666,JPN_H,7581.499999999999,272.65109722152295,5.611853927161728,370.78769149174815,5.918322969553094,29.6414897863191,34386.905855267105,5.6,3.36788,62.8334884643555,37.43143456865795,10.445431127156036,-0.3927636321428572,0,0,0,1,0,5.611853927161728,0,1,0,5.611853927161728,360.2993930697482,23488.583333333157,59.27585041617906
JPN,H,2015,28495700,18372700,7539700,3795,8.923824066833058,0.26459079790986006,JPN_H,7508.666666666661,263.50174470768087,5.57784784752492,334.9666375457387,5.817011862014692,30.5419859940146,34960.63938433849,6.2,3.24071,62.4498481750488,35.42740835447983,10.46197811862793,-0.3927636321428572,0,0,0,1,0,5.57784784752492,0,1,0,5.57784784752492,360.2993930697482,22599.66333333315,59.048638457945025
JPN,H,2016,28529300,18736200,7691700,3831,8.915561042611445,0.26960703557395377,JPN_H,7049,247.079318455062,5.513748527509566,272.65109722152295,5.611853927161728,31.3035556297124,35242.19937714804,6.4,3.10665,62.4975395202637,31.31024684558842,10.469999489485922,-0.3927636321428572,0,0,0,1,0,5.513748527509566,0,1,0,5.513748527509566,360.2993930697482,25519.263333333194,59.764199689536284
JPN,H,2017,29386500,18881100,8193500,3828,8.945948190605488,0.27881850509587736,JPN_H,7500.5,255.23624793697786,5.546099862425112,263.50174470768087,5.57784784752492,31.8990791226107,35861.97285456724,6.9,3.16636,63.287540435791,34.42321357216859,10.487432761110615,-0.3927636321428572,0,0,0,1,0,5.546099862425112,0,1,0,5.546099862425112,360.2993930697482,25190.4333333332,59.6878173315844
JPN,H,2018,29549500,19747200,9150500,3865,8.941860420177933,0.3096668302340141,JPN_H,7923.333333333332,268.13764474300183,5.595222939227329,247.079318455062,5.513748527509566,32.6965336498031,36138.52908248143,7.3,3.2192,62.6058502197266,36.609931802107,10.495114862777848,-0.3927636321428572,0,0,0,1,0,5.595222939227329,0,1,0,5.595222939227329,360.2993930697482,24319.76333333314,59.48065545316317
JPN,H,2019,29909500,20041500,9215400,3898,8.945467833581779,0.30810946354837093,JPN_H,6546.166666666661,218.8658007210639,5.39301736350623,255.23624793697786,5.546099862425112,33.545921250597,36043.78440135178,7.8,3.21824,62.4008407592773,35.216418108414466,10.492489711796471,-0.3927636321428572,0,0,0,1,0,5.39301736350623,0,1,0,5.39301736350623,360.2993930697482,24901.88333333307,59.61996557306208
JPN,H,2020,22785900,19119900,9020000,3865,8.681935520549342,0.39585884252981013,JPN_H,5692.166666666662,249.8109210813118,5.524699352792018,268.13764474300183,5.595222939227329,34.8370612448992,34642.97187432387,8.5,3.26556,62.2987403869629,31.335208636772993,10.45285015213503,-0.3927636321428572,0,0,0,1,1,5.524699352792018,0,1,0,5.524699352792018,360.2993930697482,21761.999999999847,58.82619614249124
JPN,H,2021,22998700,19435000,8836100,3891,8.684526777572326,0.38419997652041205,JPN_H,4222.666666666663,183.6045805487555,5.218216135134445,218.8658007210639,5.39301736350623,35.9391724358064,35741.16010629243,8.8,3.27383,62.0412483215332,36.73844622806984,10.48405824779189,-0.3927636321428572,0,0,0,1,1,5.218216135134445,0,1,0,5.218216135134445,360.2993930697482,13027.783333333213,55.80448041133542
JPN,H,2022,25326800,20453000,8241100,3866,8.787398021816811,0.32539049544356174,JPN_H,2637.999999999998,104.1584408610641,4.655468173402055,249.8109210813118,5.524699352792018,36.8414210393741,36238.329489530246,8.8,3.40053,63.3752288818359,46.812986836893806,10.49787266333096,-0.3927636321428572,0,0,0,1,1,4.655468173402055,0,1,0,4.655468173402055,360.2993930697482,8453.383333333255,53.257323693491664
JPN,J,2010,25357700,9967800,6678800,1669,9.628613065752205,0.263383508756709,JPN_J,633.199999999997,24.970718953217247,3.256969709281345,NA,NA,26.6035065260031,32942.20207838348,4.7,3.10495,62.6422691345215,28.49847269383891,10.402509852692802,1.2675550444444446,1,24.970718953217247,3.256969709281345,1,0,3.256969709281345,0,1,0,3.256969709281345,24.970718953217247,3013.699999999886,26.092416828122257
JPN,J,2011,24902800,9780700,6779900,1617,9.642162945335022,0.2722545255955154,JPN_J,728.66666666666,29.260431223262444,3.4098409588621887,NA,NA,27.8666731326287,33011.134230129144,4.8,3.20537,62.6422691345215,30.194960728629617,10.404600184454733,1.2675550444444446,1,29.260431223262444,3.4098409588621887,1,1,3.4098409588621887,0,1,0,3.4098409588621887,24.970718953217247,3404.347619047468,26.489267847055782
JPN,J,2012,24916300,9950000,7022300,1602,9.652024638111316,0.28183558554038923,JPN_J,800.676190476189,32.13463437493485,3.500579091072636,24.970718953217247,3.256969709281345,28.2442659182057,33518.444936859916,4.7,3.1737,62.6422691345215,30.47091091717523,10.419851161421422,1.2675550444444446,1,32.13463437493485,3.500579091072636,1,1,3.500579091072636,0,1,0,3.500579091072636,24.970718953217247,4338.0174603172045,27.278434557440622
JPN,J,2013,25293500,10088400,6970400,1625,9.652794908929039,0.2755806827841145,JPN_J,638.849999999997,25.257477217466818,3.267950794856293,29.260431223262444,3.4098409588621887,28.9051021054089,34239.88624734878,5,3.27895,62.6422691345215,33.97876865095107,10.44114650803488,1.2675550444444446,1,25.257477217466818,3.267950794856293,1,1,3.267950794856293,0,1,0,3.267950794856293,24.970718953217247,4299.8926587299775,27.24969070983817
JPN,J,2014,25630600,10741600,6899300,1726,9.605735636489198,0.2691821494619712,JPN_J,595.199999999998,23.222242163663665,3.187271308723049,32.13463437493485,3.500579091072636,29.6414897863191,34386.905855267105,5.6,3.36788,62.8334884643555,37.43143456865795,10.445431127156036,1.2675550444444446,1,23.222242163663665,3.187271308723049,1,1,3.187271308723049,0,1,0,3.187271308723049,24.970718953217247,4264.588095237984,27.222845019478125
JPN,J,2015,26615900,11183300,7026100,1783,9.610966721671687,0.2639813044082672,JPN_J,592.21666666666,22.250484359599337,3.1463259644873074,25.257477217466818,3.267950794856293,30.5419859940146,34960.63938433849,6.2,3.24071,62.4498481750488,35.42740835447983,10.46197811862793,1.2675550444444446,1,22.250484359599337,3.1463259644873074,1,0,3.1463259644873074,0,1,0,3.1463259644873074,24.970718953217247,4067.5642857142057,27.06882331845212
JPN,J,2016,27039600,11330900,6940800,1774,9.631820853260688,0.2566901877246705,JPN_J,498.783333333332,18.44640206709167,2.9676620692557747,23.222242163663665,3.187271308723049,31.3035556297124,35242.19937714804,6.4,3.10665,62.4975395202637,31.31024684558842,10.469999489485922,1.2675550444444446,1,18.44640206709167,2.9676620692557747,0,0,0,0,1,0,2.9676620692557747,24.970718953217247,4089.813095237988,27.08658542820656
JPN,J,2017,26820500,11422000,6911700,1816,9.60028551928667,0.2577021308327585,JPN_J,506.816666666661,18.896615151345465,2.9905496243657965,22.250484359599337,3.1463259644873074,31.8990791226107,35861.97285456724,6.9,3.16636,63.287540435791,34.42321357216859,10.487432761110615,1.2675550444444446,1,18.896615151345465,2.9905496243657965,0,0,0,0,1,0,2.9905496243657965,24.970718953217247,4035.695238095109,27.04321104598859
JPN,J,2018,27177500,11958700,6898800,1883,9.57727845440314,0.2538423328120688,JPN_J,649.649999999993,23.903964676662426,3.2150270147582187,18.44640206709167,2.9676620692557747,32.6965336498031,36138.52908248143,7.3,3.2192,62.6058502197266,36.609931802107,10.495114862777848,1.2675550444444446,1,23.903964676662426,3.2150270147582187,0,0,0,0,1,0,3.2150270147582187,24.970718953217247,3692.0690476189657,26.75344328996162
JPN,J,2019,27178200,13246200,7029100,1958,9.53824691623827,0.25863007851881287,JPN_J,831.7833333333249,30.604798453662305,3.4533089588642927,18.896615151345465,2.9905496243657965,33.545921250597,36043.78440135178,7.8,3.21824,62.4008407592773,35.216418108414466,10.492489711796471,1.2675550444444446,1,30.604798453662305,3.4533089588642927,1,0,3.4533089588642927,0,1,0,3.4533089588642927,24.970718953217247,3575.5023809522463,26.648984134499518
JPN,J,2020,27473100,13617300,6864000,2046,9.505075955574995,0.24984439324284483,JPN_J,559.7499999999941,20.374475395932535,3.0621974716412934,23.903964676662426,3.2150270147582187,34.8370612448992,34642.97187432387,8.5,3.26556,62.2987403869629,31.335208636772993,10.45285015213503,1.2675550444444446,1,20.374475395932535,3.0621974716412934,0,0,0,0,1,0,3.0621974716412934,24.970718953217247,3936.8833333331845,26.962493588687177
JPN,J,2021,27624600,14489100,7403400,2186,9.444388569322868,0.26800026063725807,JPN_J,898.3333333333269,32.519324563372024,3.512122125153465,30.604798453662305,3.4533089588642927,35.9391724358064,35741.16010629243,8.8,3.27383,62.0412483215332,36.73844622806984,10.48405824779189,1.2675550444444446,1,32.519324563372024,3.512122125153465,1,1,3.512122125153465,0,1,0,3.512122125153465,24.970718953217247,3281.0999999998676,26.36920433663171
JPN,J,2022,27354200,15648600,7434300,2296,9.385456882502377,0.27177910521967374,JPN_J,418.499999999996,15.299295903371183,2.7911219107675405,20.374475395932535,3.0621974716412934,36.8414210393741,36238.329489530246,8.8,3.40053,63.3752288818359,46.812986836893806,10.49787266333096,1.2675550444444446,1,15.299295903371183,2.7911219107675405,1,1,2.7911219107675405,0,1,0,2.7911219107675405,24.970718953217247,1758.533333333257,24.33869595012287
JPN,K,2010,24499400,10233700,2552600,1651,9.60502274149903,0.10419030670138861,JPN_K,0,0,0,NA,NA,26.6035065260031,32942.20207838348,4.7,3.10495,62.6422691345215,28.49847269383891,10.402509852692802,2.05267,1,0,0,0,0,0,0,1,0,0,0,0,0
JPN,K,2011,23324200,9924000,2222300,1639,9.563160427402105,0.0952787233860111,JPN_K,0,0,0,NA,NA,27.8666731326287,33011.134230129144,4.8,3.20537,62.6422691345215,30.194960728629617,10.404600184454733,2.05267,1,0,0,0,0,0,0,1,0,0,0,0,0
JPN,K,2012,22463700,9979000,2244400,1661,9.512236121404351,0.0999123029598864,JPN_K,0,0,0,0,0,28.2442659182057,33518.444936859916,4.7,3.1737,62.6422691345215,30.47091091717523,10.419851161421422,2.05267,1,0,0,0,0,0,0,1,0,0,0,0,0
JPN,K,2013,23223600,10097600,2340200,1656,9.548519226031239,0.10076818408859953,JPN_K,0,0,0,0,0,28.9051021054089,34239.88624734878,5,3.27895,62.6422691345215,33.97876865095107,10.44114650803488,2.05267,1,0,0,0,0,0,0,1,0,0,0,0,0
JPN,K,2014,22782800,9539200,2584400,1560,9.589075323023895,0.11343645206032621,JPN_K,0,0,0,0,0,29.6414897863191,34386.905855267105,5.6,3.36788,62.8334884643555,37.43143456865795,10.445431127156036,2.05267,1,0,0,0,1,0,0,1,0,0,0,0,0
JPN,K,2015,23002300,9908600,2587500,1560,9.598663668650174,0.11248875112488751,JPN_K,0,0,0,0,0,30.5419859940146,34960.63938433849,6.2,3.24071,62.4498481750488,35.42740835447983,10.46197811862793,2.05267,1,0,0,0,1,0,0,1,0,0,0,0,0
JPN,K,2016,22262900,10462400,2502400,1644,9.513544598236543,0.1124022476856115,JPN_K,0,0,0,0,0,31.3035556297124,35242.19937714804,6.4,3.10665,62.4975395202637,31.31024684558842,10.469999489485922,2.05267,1,0,0,0,1,0,0,1,0,0,0,0,0
JPN,K,2017,22332000,11109800,2545600,1690,9.489047377495268,0.11398889485939459,JPN_K,0,0,0,0,0,31.8990791226107,35861.97285456724,6.9,3.16636,63.287540435791,34.42321357216859,10.487432761110615,2.05267,1,0,0,0,1,0,0,1,0,0,0,0,0
JPN,K,2018,22739300,10735500,2508300,1653,9.529258165230187,0.11030682562787773,JPN_K,0,0,0,0,0,32.6965336498031,36138.52908248143,7.3,3.2192,62.6058502197266,36.609931802107,10.495114862777848,2.05267,1,0,0,0,1,0,0,1,0,0,0,0,0
JPN,K,2019,22593800,10566300,2531400,1677,9.508424328499038,0.1120395860811373,JPN_K,0,0,0,0,0,33.545921250597,36043.78440135178,7.8,3.21824,62.4008407592773,35.216418108414466,10.492489711796471,2.05267,1,0,0,0,1,0,0,1,0,0,0,0,0
JPN,K,2020,22689800,10817400,2509700,1671,9.516248513666076,0.11060917240345883,JPN_K,0,0,0,0,0,34.8370612448992,34642.97187432387,8.5,3.26556,62.2987403869629,31.335208636772993,10.45285015213503,2.05267,1,0,0,0,1,0,0,1,0,0,0,0,0
JPN,K,2021,23437000,11416800,2584400,1668,9.55044594521532,0.11027008576182959,JPN_K,0,0,0,0,0,35.9391724358064,35741.16010629243,8.8,3.27383,62.0412483215332,36.73844622806984,10.48405824779189,2.05267,1,0,0,0,1,0,0,1,0,0,0,0,0
JPN,K,2022,25279500,11351600,2548600,1596,9.670248570556566,0.10081686742221958,JPN_K,0,0,0,0,0,36.8414210393741,36238.329489530246,8.8,3.40053,63.3752288818359,46.812986836893806,10.49787266333096,2.05267,1,0,0,0,0,0,0,1,0,0,0,0,0
JPN,M_N,2010,36177900,26005300,5556600,6485,8.626711896378568,0.15359100445299478,JPN_M_N,0,0,0,NA,NA,26.6035065260031,32942.20207838348,4.7,3.10495,62.6422691345215,28.49847269383891,10.402509852692802,0.9246918833333334,1,0,0,0,0,0,0,1,0,0,0,0,0
JPN,M_N,2011,37465200,25917800,5801000,6549,8.651855414864007,0.1548370220898327,JPN_M_N,0,0,0,NA,NA,27.8666731326287,33011.134230129144,4.8,3.20537,62.6422691345215,30.194960728629617,10.404600184454733,0.9246918833333334,1,0,0,0,0,0,0,1,0,0,0,0,0
JPN,M_N,2012,37569100,25674600,5893900,6467,8.667224860533155,0.15688158619716736,JPN_M_N,0,0,0,0,0,28.2442659182057,33518.444936859916,4.7,3.1737,62.6422691345215,30.47091091717523,10.419851161421422,0.9246918833333334,1,0,0,0,1,0,0,1,0,0,0,0,0
JPN,M_N,2013,39050600,27330000,6452200,6753,8.66262666947386,0.16522665464807199,JPN_M_N,0,0,0,0,0,28.9051021054089,34239.88624734878,5,3.27895,62.6422691345215,33.97876865095107,10.44114650803488,0.9246918833333334,1,0,0,0,1,0,0,1,0,0,0,0,0
JPN,M_N,2014,40226000,27685700,6265100,6734,8.695099510974284,0.1557475264754139,JPN_M_N,0,0,0,0,0,29.6414897863191,34386.905855267105,5.6,3.36788,62.8334884643555,37.43143456865795,10.445431127156036,0.9246918833333334,1,0,0,0,0,0,0,1,0,0,0,0,0
JPN,M_N,2015,42215700,27929200,7124900,6807,8.732595974284036,0.16877370267459738,JPN_M_N,0,0,0,0,0,30.5419859940146,34960.63938433849,6.2,3.24071,62.4498481750488,35.42740835447983,10.46197811862793,0.9246918833333334,1,0,0,0,1,0,0,1,0,0,0,0,0
JPN,M_N,2016,43759600,29144200,7387800,6990,8.741985740040542,0.1688269545425461,JPN_M_N,0,0,0,0,0,31.3035556297124,35242.19937714804,6.4,3.10665,62.4975395202637,31.31024684558842,10.469999489485922,0.9246918833333334,1,0,0,0,1,0,0,1,0,0,0,0,0
JPN,M_N,2017,44106400,30186400,7941900,7238,8.715015250480366,0.18006230388333666,JPN_M_N,0,0,0,0,0,31.8990791226107,35861.97285456724,6.9,3.16636,63.287540435791,34.42321357216859,10.487432761110615,0.9246918833333334,1,0,0,0,1,0,0,1,0,0,0,0,0
JPN,M_N,2018,44986400,31548800,8040600,7500,8.69921248030963,0.1787340173919229,JPN_M_N,0,0,0,0,0,32.6965336498031,36138.52908248143,7.3,3.2192,62.6058502197266,36.609931802107,10.495114862777848,0.9246918833333334,1,0,0,0,1,0,0,1,0,0,0,0,0
JPN,M_N,2019,46391400,32779800,8434000,7657,8.709249114077299,0.1818009372426786,JPN_M_N,0,0,0,0,0,33.545921250597,36043.78440135178,7.8,3.21824,62.4008407592773,35.216418108414466,10.492489711796471,0.9246918833333334,1,0,0,0,1,0,0,1,0,0,0,0,0
JPN,M_N,2020,47007900,32086600,7545500,7614,8.728082293713554,0.16051557291433993,JPN_M_N,0,0,0,0,0,34.8370612448992,34642.97187432387,8.5,3.26556,62.2987403869629,31.335208636772993,10.45285015213503,0.9246918833333334,1,0,0,0,1,0,0,1,0,0,0,0,0
JPN,M_N,2021,48735900,32837700,7864700,7666,8.757376236863113,0.1613738537710394,JPN_M_N,0,0,0,0,0,35.9391724358064,35741.16010629243,8.8,3.27383,62.0412483215332,36.73844622806984,10.48405824779189,0.9246918833333334,1,0,0,0,1,0,0,1,0,0,0,0,0
JPN,M_N,2022,49779800,34767200,7733400,7824,8.758168625503213,0.15535217096091186,JPN_M_N,0,0,0,0,0,36.8414210393741,36238.329489530246,8.8,3.40053,63.3752288818359,46.812986836893806,10.49787266333096,0.9246918833333334,1,0,0,0,0,0,0,1,0,0,0,0,0
KOR,C,2010,387614600,158896700,135549900,4141.281801,11.446761472303109,0.34970277177381864,KOR_C,3275.23333333333,8.449716118364298,2.2459847006696996,NA,NA,35.2563205089625,26623.048712292744,1.3,3.17913,101.673286437988,88.02786771231239,10.189532612524832,-0.4842254202898551,0,0,0,0,1,0,1,1,2.2459847006696996,2.2459847006696996,8.449716118364298,11438.58174603141,20.988355774581496
KOR,C,2011,420095000,175504500,162272000,4220.488309,11.508285320771673,0.38627453314131327,KOR_C,3662.322222222215,8.717842921772968,2.273963672215804,NA,NA,36.353305205381,27393.455357271963,1.4,3.44409,100.819679260254,101.68061646213012,10.21805940827161,-0.4842254202898551,0,0,0,1,1,2.273963672215804,1,1,2.273963672215804,2.273963672215804,8.449716118364298,12070.07301587272,21.10903816086468
KOR,C,2012,432456400,184376000,168364300,4235.111049,11.533827241539957,0.38932086564102186,KOR_C,4383.533333333325,10.136359025634317,2.410215343161652,8.449716118364298,2.2459847006696996,36.8000321131758,27944.05641900452,1.6,3.6852,98.286979675293,101.51727207905022,10.237959805487082,-0.4842254202898551,0,0,0,1,1,2.410215343161652,1,1,2.410215343161652,2.410215343161652,8.449716118364298,12156.138095237868,21.124994903498123
KOR,C,2013,453458800,193680800,166698300,4306.6,11.56451096576735,0.36761509535155124,KOR_C,3600.916666666658,7.94100074067734,2.1906475225937254,8.717842921772968,2.273963672215804,37.4217663483917,28732.71115203303,1.9,3.77487,96.3375015258789,94.16752358558726,10.26579151410769,-0.4842254202898551,0,0,0,0,1,0,1,1,2.1906475225937254,2.1906475225937254,8.449716118364298,12010.316666666473,21.097892080820078
KOR,C,2014,463299200,205271000,174696100,4458.6,11.551293529250977,0.37706972081972084,KOR_C,4312.2928571428465,9.30779258229422,2.332900170575078,10.136359025634317,2.410215343161652,37.9883114555998,29470.673299165515,2.9,3.88983,94.4421691894531,86.93425779720386,10.29115092240545,-0.4842254202898551,0,0,0,1,1,2.332900170575078,1,1,2.332900170575078,2.332900170575078,8.449716118364298,12102.1380952379,21.11499638796748
KOR,C,2015,484311600,214130900,179529100,4604.4,11.563471412141512,0.3706892422151359,KOR_C,3711.0928571428503,7.662614021928961,2.159016527134036,7.94100074067734,2.1906475225937254,39.2759563055891,30171.790654522236,2.7,3.78907,93.9676513671875,75.38817745649067,10.314662682547032,-0.4842254202898551,0,0,0,0,1,0,0,1,0,2.159016527134036,8.449716118364298,12582.404761904543,21.202396856180247
KOR,C,2016,504320500,218588100,188257200,4583.7,11.608460725400475,0.373288811380858,KOR_C,4442.2666666666555,8.808419778031341,2.2832411778325628,9.30779258229422,2.332900170575078,40.0712454963259,31005.407287638827,2.6,3.78638,93.6577224731445,69.89972213169192,10.341916896889888,-0.4842254202898551,0,0,0,1,1,2.2832411778325628,0,1,0,2.2832411778325628,8.449716118364298,12985.791666666464,21.273266549310218
KOR,C,2017,542209100,224886100,222840600,4566.2,11.684725650217377,0.41098646260271177,KOR_C,3521.3666666666622,6.494480942253943,2.014166875287681,7.662614021928961,2.159016527134036,41.1680978249153,31979.902730246704,2.8,4.07341,93.7230224609375,73.19214082640161,10.372862944802542,-0.4842254202898551,0,0,0,1,1,2.014166875287681,0,1,0,2.014166875287681,8.449716118364298,13725.89666666653,21.397748798599803
KOR,C,2018,557281100,234877300,217342200,4509.9,11.724550079151216,0.3900046134706524,KOR_C,2444.9166666666642,4.387223371951182,1.6840301078380386,8.808419778031341,2.2832411778325628,41.2189959375994,32852.88874889417,3.2,4.27155,93.3281784057617,74.70751621408243,10.399794957607941,-0.4842254202898551,0,0,0,1,1,1.6840301078380386,0,1,0,1.6840301078380386,8.449716118364298,14057.854761904571,21.451417189074032
KOR,C,2019,538108300,241869200,211091200,4429.1,11.707618716854492,0.39228385810068345,KOR_C,2402.5833333333285,4.464869494362619,1.698340241080348,6.494480942253943,2.014166875287681,42.0373507524342,33496.31138156434,3.2,4.36379,93.9989166259766,71.4470632403511,10.419190603737821,-0.4842254202898551,0,0,0,1,1,1.698340241080348,0,1,0,1.698340241080348,8.449716118364298,14073.783333332998,21.45396043153939
KOR,C,2020,529030900,248991000,225291200,4375.9,11.702689908293806,0.42585641027773613,KOR_C,2607.033333333331,4.927941512175056,1.779677021577882,4.387223371951182,1.6840301078380386,43.0540600860627,33215.929892810826,3.6,4.5214,96.8767700195312,65.544957860621,10.410784855878187,-0.4842254202898551,0,0,0,1,1,1.779677021577882,0,1,0,1.779677021577882,8.449716118364298,13448.266666666465,21.351857521115317
KOR,C,2021,583209600,260361400,256409500,4367.8,11.802042470597922,0.43965239941180667,KOR_C,2679.033333333331,4.59360294023509,1.7216236126816014,4.464869494362619,1.698340241080348,44.2526082339633,34792.93972145982,3.6,4.59673,100.359878540039,75.30630476109123,10.45716976361207,-0.4842254202898551,0,0,0,1,1,1.7216236126816014,0,1,0,1.7216236126816014,8.449716118364298,8117.299999999861,20.21807588928822
KOR,C,2022,615749600,282315100,281998600,4503.2,11.825807411200602,0.4579760993754604,KOR_C,1791.033333333332,2.9087040143157736,1.3632058649150218,4.927941512175056,1.779677021577882,45.4542124182774,35809.01381051443,3.6,4.84753,102.813056945801,90.58514752785491,10.485954923113523,-0.4842254202898551,0,0,0,1,1,1.3632058649150218,1,1,1.3632058649150218,1.3632058649150218,8.449716118364298,4749.983333333257,19.014746556243242
KOR,D_E,2010,24773000,7086700,17722900,146.57235858264,12.03774568662191,0.7154119404190046,KOR_D_E,19082.99999999995,770.3144552537016,6.64809614417974,NA,NA,35.2563205089625,26623.048712292744,1.3,3.17913,101.673286437988,88.02786771231239,10.189532612524832,-0.4190017,0,0,0,1,1,6.64809614417974,1,1,6.64809614417974,6.64809614417974,770.3144552537016,53621.41666666576,72.39592203726794
KOR,D_E,2011,22657400,7330700,19403600,151.179979129525,11.91752602553822,0.8563912893800701,KOR_D_E,20563.270634920573,907.5741539153024,6.811876506866669,NA,NA,36.353305205381,27393.455357271963,1.4,3.44409,100.819679260254,101.68061646213012,10.21805940827161,-0.4190017,0,0,0,1,1,6.811876506866669,1,1,6.811876506866669,6.811876506866669,770.3144552537016,56447.188730157824,72.73734167463597
KOR,D_E,2012,24915600,8100000,19624400,153.067088112573,12.000128361603917,0.7876350559488834,KOR_D_E,23126.302380952337,928.185649992468,6.834308557376732,770.3144552537016,6.64809614417974,36.8000321131758,27944.05641900452,1.6,3.6852,98.286979675293,101.51727207905022,10.237959805487082,-0.4190017,0,0,0,1,1,6.834308557376732,1,1,6.834308557376732,6.834308557376732,770.3144552537016,53219.221428570665,72.34587001142513
KOR,D_E,2013,29027500,8183000,20388500,167.6,12.062174026435315,0.7023856687623805,KOR_D_E,21240.58809523806,731.7401806989255,6.5967911788856215,907.5741539153024,6.811876506866669,37.4217663483917,28732.71115203303,1.9,3.77487,96.3375015258789,94.16752358558726,10.26579151410769,-0.4190017,0,0,0,1,1,6.5967911788856215,1,1,6.5967911788856215,6.5967911788856215,770.3144552537016,49768.96428571373,71.90026972731407
KOR,D_E,2014,36039400,7982100,21870200,174.2,12.239919277978725,0.6068414013551835,KOR_D_E,22652.916666666646,628.5597614462685,6.445020783761968,928.185649992468,6.834308557376732,37.9883114555998,29470.673299165515,2.9,3.88983,94.4421691894531,86.93425779720386,10.29115092240545,-0.4190017,0,0,0,1,1,6.445020783761968,1,1,6.445020783761968,6.445020783761968,770.3144552537016,46208.48333333284,71.40680394593977
KOR,D_E,2015,43608000,9159700,22706700,184.1,12.375272089487222,0.5207003302146395,KOR_D_E,19693.833333333285,451.61056075337746,6.115032066452131,731.7401806989255,6.5967911788856215,39.2759563055891,30171.790654522236,2.7,3.78907,93.9676513671875,75.38817745649067,10.314662682547032,-0.4190017,0,0,0,1,1,6.115032066452131,0,1,0,6.115032066452131,770.3144552537016,44280.7071428567,71.12350607527279
KOR,D_E,2016,46710100,10144400,22719500,189,12.41772395828555,0.4863937349738065,KOR_D_E,22165.71666666663,474.5379835767132,6.16444676013414,628.5597614462685,6.445020783761968,40.0712454963259,31005.407287638827,2.6,3.78638,93.6577224731445,69.89972213169192,10.341916896889888,-0.4190017,0,0,0,1,1,6.16444676013414,0,1,0,6.16444676013414,770.3144552537016,44129.383333332895,71.10074863991366
KOR,D_E,2017,41815500,10522400,22837100,187,12.31766902530323,0.5461395893867107,KOR_D_E,17599.249999999978,420.87862156377366,6.0447176460374115,451.61056075337746,6.115032066452131,41.1680978249153,31979.902730246704,2.8,4.07341,93.7230224609375,73.19214082640161,10.372862944802542,-0.4190017,0,0,0,1,1,6.0447176460374115,0,1,0,6.0447176460374115,770.3144552537016,46089.47777777737,71.38966069248863
KOR,D_E,2018,36799100,11013100,21155600,196.7,12.139304220923341,0.5748944947023161,KOR_D_E,12502.099999999995,339.7392871021301,5.831117630910389,474.5379835767132,6.16444676013414,41.2189959375994,32852.88874889417,3.2,4.27155,93.3281784057617,74.70751621408243,10.399794957607941,-0.4190017,0,0,0,1,1,5.831117630910389,0,1,0,5.831117630910389,770.3144552537016,47143.40619047577,71.53996743559264
KOR,D_E,2019,38151400,12373400,23285500,203,12.143867033227332,0.6103445745110271,KOR_D_E,12701.333333333321,332.91919387842444,5.810899029210094,420.87862156377366,6.0447176460374115,42.0373507524342,33496.31138156434,3.2,4.36379,93.9989166259766,71.4470632403511,10.419190603737821,-0.4190017,0,0,0,1,1,5.810899029210094,0,1,0,5.810899029210094,770.3144552537016,45677.230952380436,71.32993063843902
KOR,D_E,2020,45605300,13612900,23179600,226.1,12.214557116516907,0.5082654866868543,KOR_D_E,15231,333.974340701629,5.8140539339710156,339.7392871021301,5.831117630910389,43.0540600860627,33215.929892810826,3.6,4.5214,96.8767700195312,65.544957860621,10.410784855878187,-0.4190017,0,0,0,1,1,5.8140539339710156,0,1,0,5.8140539339710156,770.3144552537016,47408.547619047065,71.57725176391591
KOR,D_E,2021,37579500,14073300,21780300,240.2,11.960497337265757,0.5795792919011695,KOR_D_E,18700.59999999999,497.6276959512498,6.211859716982074,332.91919387842444,5.810899029210094,44.2526082339633,34792.93972145982,3.6,4.59673,100.359878540039,75.30630476109123,10.45716976361207,-0.4190017,0,0,0,1,1,6.211859716982074,0,1,0,6.211859716982074,770.3144552537016,39499.53333333292,70.36391131960661
KOR,D_E,2022,16493800,15016300,23059500,234.5,11.16103952279415,1.3980707902363312,KOR_D_E,17141.099999999977,1039.2450496550205,6.947211589048575,333.974340701629,5.8140539339710156,45.4542124182774,35809.01381051443,3.6,4.84753,102.813056945801,90.58514752785491,10.485954923113523,-0.4190017,0,0,0,1,1,6.947211589048575,1,1,6.947211589048575,6.947211589048575,770.3144552537016,31308.566666666156,68.81895707370661
KOR,G,2010,129112500,59710300,13601200,3606.71560122539,10.485641843849296,0.10534378933100978,KOR_G,0,0,0,NA,NA,35.2563205089625,26623.048712292744,1.3,3.17913,101.673286437988,88.02786771231239,10.189532612524832,0.06857736764705884,1,0,0,0,1,0,1,1,0,0,0,0,0
KOR,G,2011,140036800,64841700,16314300,3678.69453511775,10.547102580841697,0.11650009140454509,KOR_G,0,0,0,NA,NA,36.353305205381,27393.455357271963,1.4,3.44409,100.819679260254,101.68061646213012,10.21805940827161,0.06857736764705884,1,0,0,0,1,0,1,1,0,0,0,0,0
KOR,G,2012,147505600,68345500,16254900,3727.87859700513,10.585782089030952,0.11019852805588398,KOR_G,0,0,0,0,0,36.8000321131758,27944.05641900452,1.6,3.6852,98.286979675293,101.51727207905022,10.237959805487082,0.06857736764705884,1,0,0,0,1,0,1,1,0,0,0,0,0
KOR,G,2013,152451300,71393300,16426700,3693.9,10.627917669281272,0.10775047506974358,KOR_G,0,0,0,0,0,37.4217663483917,28732.71115203303,1.9,3.77487,96.3375015258789,94.16752358558726,10.26579151410769,0.06857736764705884,1,0,0,0,1,0,1,1,0,0,0,0,0
KOR,G,2014,150704000,74499700,19491300,3833.9,10.579190365199747,0.12933498779063596,KOR_G,0,0,0,0,0,37.9883114555998,29470.673299165515,2.9,3.88983,94.4421691894531,86.93425779720386,10.29115092240545,0.06857736764705884,1,0,0,0,1,0,1,1,0,0,0,0,0
KOR,G,2015,155950000,80193600,19121700,3816.3,10.618009355187812,0.12261429945495352,KOR_G,0,0,0,0,0,39.2759563055891,30171.790654522236,2.7,3.78907,93.9676513671875,75.38817745649067,10.314662682547032,0.06857736764705884,1,0,0,0,1,0,0,1,0,0,0,0,0
KOR,G,2016,163400300,83947800,19974000,3753.7,10.681216277178295,0.12223967765053063,KOR_G,0,0,0,0,0,40.0712454963259,31005.407287638827,2.6,3.78638,93.6577224731445,69.89972213169192,10.341916896889888,0.06857736764705884,1,0,0,0,1,0,0,1,0,0,0,0,0
KOR,G,2017,169943900,87203700,17100450,3794.7,10.709618305230949,0.10062408830208086,KOR_G,0,0,0,0,0,41.1680978249153,31979.902730246704,2.8,4.07341,93.7230224609375,73.19214082640161,10.372862944802542,0.06857736764705884,1,0,0,0,0,0,0,1,0,0,0,0,0
KOR,G,2018,173891500,90121700,16546250,3722.9,10.751683886011124,0.09515272454375286,KOR_G,0,0,0,0,0,41.2189959375994,32852.88874889417,3.2,4.27155,93.3281784057617,74.70751621408243,10.399794957607941,0.06857736764705884,1,0,0,0,0,0,0,1,0,0,0,0,0
KOR,G,2019,176173800,94489300,15013950,3662.6,10.781053009038205,0.08522237699362788,KOR_G,0,0,0,0,0,42.0373507524342,33496.31138156434,3.2,4.36379,93.9989166259766,71.4470632403511,10.419190603737821,0.06857736764705884,1,0,0,0,0,0,0,1,0,0,0,0,0
KOR,G,2020,173049700,95726300,17774200,3502.9,10.807742918610854,0.1027115331607047,KOR_G,0,0,0,0,0,43.0540600860627,33215.929892810826,3.6,4.5214,96.8767700195312,65.544957860621,10.410784855878187,0.06857736764705884,1,0,0,0,1,0,0,1,0,0,0,0,0
KOR,G,2021,183137000,98165000,19491300,3353,10.908134318132685,0.10643015884283351,KOR_G,0,0,0,0,0,44.2526082339633,34792.93972145982,3.6,4.59673,100.359878540039,75.30630476109123,10.45716976361207,0.06857736764705884,1,0,0,0,1,0,0,1,0,0,0,0,0
KOR,G,2022,193953400,101853500,18447950,3312.5,10.977670011693432,0.0951153730741508,KOR_G,0,0,0,0,0,45.4542124182774,35809.01381051443,3.6,4.84753,102.813056945801,90.58514752785491,10.485954923113523,0.06857736764705884,1,0,0,0,0,0,1,1,0,0,0,0,0
KOR,H,2010,51970200,22780300,28374100,1288.10803293891,10.605251255699056,0.545968651265533,KOR_H,3506.6666666666633,67.47456555231004,4.226462370511418,NA,NA,35.2563205089625,26623.048712292744,1.3,3.17913,101.673286437988,88.02786771231239,10.189532612524832,-0.3927636321428572,0,0,0,1,1,4.226462370511418,1,1,4.226462370511418,4.226462370511418,67.47456555231004,24647.663333333177,42.74000753748256
KOR,H,2011,48356600,23166400,31303600,1345.89514512112,10.48929866912973,0.6473490692066853,KOR_H,4325.666666666663,89.45349066449386,4.504835803296687,NA,NA,36.353305205381,27393.455357271963,1.4,3.44409,100.819679260254,101.68061646213012,10.21805940827161,-0.3927636321428572,0,0,0,1,1,4.504835803296687,1,1,4.504835803296687,4.504835803296687,67.47456555231004,28976.43333333316,43.42382671899434
KOR,H,2012,50191300,23485600,31211400,1393.28397841712,10.491933448835054,0.6218488064664593,KOR_H,4624.777777777772,92.14301637490506,4.534136122416405,67.47456555231004,4.226462370511418,36.8000321131758,27944.05641900452,1.6,3.6852,98.286979675293,101.51727207905022,10.237959805487082,-0.3927636321428572,0,0,0,1,1,4.534136122416405,1,1,4.534136122416405,4.534136122416405,67.47456555231004,27333.761111110914,43.1771780962135
KOR,H,2013,54224300,25210500,30192100,1428.4,10.54432948969886,0.5568001799931027,KOR_H,4063.66666666666,74.94180038592772,4.329967262527995,89.45349066449386,4.504835803296687,37.4217663483917,28732.71115203303,1.9,3.77487,96.3375015258789,94.16752358558726,10.26579151410769,-0.3927636321428572,0,0,0,1,1,4.329967262527995,1,1,4.329967262527995,4.329967262527995,67.47456555231004,26721.133333333208,43.08137684321571
KOR,H,2014,59294600,26807100,30881100,1428.9,10.633368600951995,0.5208079656494858,KOR_H,5844.916666666661,98.57418157246462,4.600902909826947,92.14301637490506,4.534136122416405,37.9883114555998,29470.673299165515,2.9,3.88983,94.4421691894531,86.93425779720386,10.29115092240545,-0.3927636321428572,0,0,0,1,1,4.600902909826947,1,1,4.600902909826947,4.600902909826947,67.47456555231004,25225.166666666497,42.83788878133965
KOR,H,2015,67509900,29549500,33143600,1428.5,10.763404590084093,0.4909442911335967,KOR_H,4986.499999999992,73.86324079875679,4.3156629930000525,74.94180038592772,4.329967262527995,39.2759563055891,30171.790654522236,2.7,3.78907,93.9676513671875,75.38817745649067,10.314662682547032,-0.3927636321428572,0,0,0,1,1,4.3156629930000525,0,1,0,4.3156629930000525,67.47456555231004,25121.829999999816,42.820539909452336
KOR,H,2016,67938100,31262300,32303200,1426.3,10.771268596924061,0.4754798853662378,KOR_H,6376.733333333316,93.86093124967162,4.552411937496669,98.57418157246462,4.600902909826947,40.0712454963259,31005.407287638827,2.6,3.78638,93.6577224731445,69.89972213169192,10.341916896889888,-0.3927636321428572,0,0,0,1,1,4.552411937496669,0,1,0,4.552411937496669,67.47456555231004,26191.52999999988,42.99677181453058
KOR,H,2017,67635500,31760500,31916000,1404.6,10.78213570737535,0.47188236946573914,KOR_H,4492.999999999999,66.42961166842855,4.211084263697259,73.86324079875679,4.3156629930000525,41.1680978249153,31979.902730246704,2.8,4.07341,93.7230224609375,73.19214082640161,10.372862944802542,-0.3927636321428572,0,0,0,1,1,4.211084263697259,0,1,0,4.211084263697259,67.47456555231004,28197.9333333332,43.308726564909435
KOR,H,2018,67661700,32568500,34353800,1406.5,10.781171218699422,0.5077288924162414,KOR_H,2928,43.274112237794796,3.7904001323734566,93.86093124967162,4.552411937496669,41.2189959375994,32852.88874889417,3.2,4.27155,93.3281784057617,74.70751621408243,10.399794957607941,-0.3927636321428572,0,0,0,1,1,3.7904001323734566,0,1,0,3.7904001323734566,67.47456555231004,29315.09666666647,43.472935563094374
KOR,H,2019,71042400,33600100,37220100,1431.4,10.812379174556817,0.5239138880443228,KOR_H,3390.333333333335,47.72267453426876,3.886144517918489,66.42961166842855,4.211084263697259,42.0373507524342,33496.31138156434,3.2,4.36379,93.9989166259766,71.4470632403511,10.419190603737821,-0.3927636321428572,0,0,0,1,1,3.886144517918489,0,1,0,3.886144517918489,67.47456555231004,28057.716666666394,43.28765843666295
KOR,H,2020,66603800,35209300,37177500,1482.4,10.712854515968832,0.5581888721063963,KOR_H,3641.166666666665,54.66905291690061,4.0194243896005615,43.274112237794796,3.7904001323734566,43.0540600860627,33215.929892810826,3.6,4.5214,96.8767700195312,65.544957860621,10.410784855878187,-0.3927636321428572,0,0,0,1,1,4.0194243896005615,0,1,0,4.0194243896005615,67.47456555231004,23812.999999999847,42.59441000780572
KOR,H,2021,82702300,38555100,42524300,1585.8,10.861913680135277,0.5141852161306275,KOR_H,2956.5,35.74870348224898,3.6041029456419276,47.72267453426876,3.886144517918489,44.2526082339633,34792.93972145982,3.6,4.59673,100.359878540039,75.30630476109123,10.45716976361207,-0.3927636321428572,0,0,0,1,1,3.6041029456419276,0,1,0,3.6041029456419276,67.47456555231004,14293.949999999877,40.43736175587293
KOR,H,2022,95655600,40393500,44140100,1655.2,10.96458767249056,0.46144815358431707,KOR_H,2355.5,24.62479980262525,3.243560624847576,54.66905291690061,4.0194243896005615,45.4542124182774,35809.01381051443,3.6,4.84753,102.813056945801,90.58514752785491,10.485954923113523,-0.3927636321428572,0,0,0,1,1,3.243560624847576,1,1,3.243560624847576,3.243560624847576,67.47456555231004,8735.883333333253,38.35645117371105
KOR,J,2010,55325600,18565700,24095000,670.4,11.320871739681486,0.4355126740604711,KOR_J,766.2999999999901,13.850730945529557,2.698049085958532,NA,NA,35.2563205089625,26623.048712292744,1.3,3.17913,101.673286437988,88.02786771231239,10.189532612524832,1.2675550444444446,1,13.850730945529557,2.698049085958532,1,1,2.698049085958532,1,1,2.698049085958532,2.698049085958532,13.850730945529557,2880.599999999893,21.492931452691717
KOR,J,2011,56844200,20107600,28108300,706.2,11.295926266594652,0.49447964787964294,KOR_J,671.349999999985,11.810351803701785,2.550253578740106,NA,NA,36.353305205381,27393.455357271963,1.4,3.44409,100.819679260254,101.68061646213012,10.21805940827161,1.2675550444444446,1,11.810351803701785,2.550253578740106,1,1,2.550253578740106,1,1,2.550253578740106,2.550253578740106,13.850730945529557,3461.6642857141433,21.988543163808224
KOR,J,2012,59777400,20746000,31481500,706.6,11.345673486142223,0.5266455215516231,KOR_J,773.283730158711,12.936054933113702,2.634479361915933,13.850730945529557,2.698049085958532,36.8000321131758,27944.05641900452,1.6,3.6852,98.286979675293,101.51727207905022,10.237959805487082,1.2675550444444446,1,12.936054933113702,2.634479361915933,1,1,2.634479361915933,1,1,2.634479361915933,2.634479361915933,13.850730945529557,4365.409920634682,22.61422837013557
KOR,J,2013,62559200,22457500,29637300,696.7,11.405268964359708,0.4737480658320439,KOR_J,714.383134920619,11.419313784713022,2.51925282415069,11.810351803701785,2.550253578740106,37.4217663483917,28732.71115203303,1.9,3.77487,96.3375015258789,94.16752358558726,10.26579151410769,1.2675550444444446,1,11.419313784713022,2.51925282415069,1,1,2.51925282415069,1,1,2.51925282415069,2.51925282415069,13.850730945529557,4224.359523809355,22.525633095038472
KOR,J,2014,65438700,24714500,29469900,718.2,11.419876302743788,0.4503436040141384,KOR_J,1039.7666666666569,15.889170577451216,2.826672622298998,12.936054933113702,2.634479361915933,37.9883114555998,29470.673299165515,2.9,3.88983,94.4421691894531,86.93425779720386,10.29115092240545,1.2675550444444446,1,15.889170577451216,2.826672622298998,1,1,2.826672622298998,1,1,2.826672622298998,2.826672622298998,13.850730945529557,3820.021428571325,22.254245578227263
KOR,J,2015,68888900,26373000,28616100,773.5,11.39707994994438,0.41539493300081726,KOR_J,978.2499999999939,14.200400935419115,2.72132180483456,11.419313784713022,2.51925282415069,39.2759563055891,30171.790654522236,2.7,3.78907,93.9676513671875,75.38817745649067,10.314662682547032,1.2675550444444446,1,14.200400935419115,2.72132180483456,1,1,2.72132180483456,0,1,0,2.72132180483456,13.850730945529557,3681.530952380872,22.154640345775018
KOR,J,2016,74082300,27206700,29263500,783.5,11.456916133540357,0.395013383763733,KOR_J,980.9130952380881,13.240856388612233,2.656115043825249,15.889170577451216,2.826672622298998,40.0712454963259,31005.407287638827,2.6,3.78638,93.6577224731445,69.89972213169192,10.341916896889888,1.2675550444444446,1,13.240856388612233,2.656115043825249,1,1,2.656115043825249,0,1,0,2.656115043825249,13.850730945529557,3607.6833333332315,22.09998516580561
KOR,J,2017,76899800,29824300,30354500,782.7,11.495264352881463,0.394727944676059,KOR_J,959.1916666666621,12.473266076981503,2.6007074314825487,14.200400935419115,2.72132180483456,41.1680978249153,31979.902730246704,2.8,4.07341,93.7230224609375,73.19214082640161,10.372862944802542,1.2675550444444446,1,12.473266076981503,2.6007074314825487,1,1,2.6007074314825487,0,1,0,2.6007074314825487,13.850730945529557,3583.320238095108,22.081708217225593
KOR,J,2018,80234800,31457900,31049300,837.4,11.470166040349689,0.38698046234302325,KOR_J,808.076190476187,10.071392842958254,2.4043645602111394,13.240856388612233,2.656115043825249,41.2189959375994,32852.88874889417,3.2,4.27155,93.3281784057617,74.70751621408243,10.399794957607941,1.2675550444444446,1,10.071392842958254,2.4043645602111394,1,1,2.4043645602111394,0,1,0,2.4043645602111394,13.850730945529557,3533.642857142772,22.044052680568836
KOR,J,2019,84153000,34136000,32765800,860.5,11.490633512937913,0.3893598564519387,KOR_J,739.94285714285,8.792828029218805,2.281650284002298,12.473266076981503,2.6007074314825487,42.0373507524342,33496.31138156434,3.2,4.36379,93.9989166259766,71.4470632403511,10.419190603737821,1.2675550444444446,1,8.792828029218805,2.281650284002298,1,1,2.281650284002298,0,1,0,2.281650284002298,13.850730945529557,3667.342857142721,22.144225196252158
KOR,J,2020,89215300,36731900,32876700,846.6,11.565334779418418,0.36850966145941333,KOR_J,936.449999999993,10.496517973934886,2.4420442046453816,10.071392842958254,2.4043645602111394,43.0540600860627,33215.929892810826,3.6,4.5214,96.8767700195312,65.544957860621,10.410784855878187,1.2675550444444446,1,10.496517973934886,2.4420442046453816,0,1,0,0,1,0,2.4420442046453816,13.850730945529557,3560.1833333331856,22.06423576835367
KOR,J,2021,102319000,40956700,33254600,900.5,11.640655777310732,0.32500904035418643,KOR_J,1063.1166666666609,10.390217522323915,2.432754874934671,8.792828029218805,2.281650284002298,44.2526082339633,34792.93972145982,3.6,4.59673,100.359878540039,75.30630476109123,10.45716976361207,1.2675550444444446,1,10.390217522323915,2.432754874934671,0,1,0,0,1,0,2.432754874934671,13.850730945529557,3116.3166666665334,21.705070671095147
KOR,J,2022,103549300,44509800,35757600,980.7,11.567291783365429,0.34531957241623074,KOR_J,507.93333333333,4.905231936221008,1.7758387268154796,10.496517973934886,2.4420442046453816,45.4542124182774,35809.01381051443,3.6,4.84753,102.813056945801,90.58514752785491,10.485954923113523,1.2675550444444446,1,4.905231936221008,1.7758387268154796,0,1,0,1,1,1.7758387268154796,1.7758387268154796,13.850730945529557,1669.0999999999228,20.02124768801523
KOR,K,2010,77858900,32007800,7747000,798.248508,11.48798880962036,0.09950050668581241,KOR_K,0,0,0,NA,NA,35.2563205089625,26623.048712292744,1.3,3.17913,101.673286437988,88.02786771231239,10.189532612524832,2.05267,1,0,0,0,0,0,1,1,0,0,0,0,0
KOR,K,2011,83634100,33096900,8755800,836.417991,11.512833412259146,0.10469174654835767,KOR_K,0,0,0,NA,NA,36.353305205381,27393.455357271963,1.4,3.44409,100.819679260254,101.68061646213012,10.21805940827161,2.05267,1,0,0,0,0,0,1,1,0,0,0,0,0
KOR,K,2012,81257300,32541100,8445300,833.010001,11.488085573194871,0.10393281588238841,KOR_K,0,0,0,0,0,36.8000321131758,27944.05641900452,1.6,3.6852,98.286979675293,101.51727207905022,10.237959805487082,2.05267,1,0,0,0,0,0,1,1,0,0,0,0,0
KOR,K,2013,79218700,32935600,8371200,851.9,11.44025379097713,0.10567201935906548,KOR_K,0,0,0,0,0,37.4217663483917,28732.71115203303,1.9,3.77487,96.3375015258789,94.16752358558726,10.26579151410769,2.05267,1,0,0,0,0,0,1,1,0,0,0,0,0
KOR,K,2014,83742500,34837400,8972400,829.1,11.52291639729843,0.10714272919962982,KOR_K,0,0,0,0,0,37.9883114555998,29470.673299165515,2.9,3.88983,94.4421691894531,86.93425779720386,10.29115092240545,2.05267,1,0,0,0,0,0,1,1,0,0,0,0,0
KOR,K,2015,87621600,37092400,9931600,772.5,11.638906092082483,0.11334648077642956,KOR_K,0,0,0,0,0,39.2759563055891,30171.790654522236,2.7,3.78907,93.9676513671875,75.38817745649067,10.314662682547032,2.05267,1,0,0,0,1,0,0,1,0,0,0,0,0
KOR,K,2016,88838800,37954600,10870200,778.7,11.644708186887248,0.12235869912695804,KOR_K,0,0,0,0,0,40.0712454963259,31005.407287638827,2.6,3.78638,93.6577224731445,69.89972213169192,10.341916896889888,2.05267,1,0,0,0,1,0,0,1,0,0,0,0,0
KOR,K,2017,96140100,39334400,12084500,770.6,11.734147628387273,0.12569676961018347,KOR_K,0,0,0,0,0,41.1680978249153,31979.902730246704,2.8,4.07341,93.7230224609375,73.19214082640161,10.372862944802542,2.05267,1,0,0,0,1,0,0,1,0,0,0,0,0
KOR,K,2018,103141000,40759100,11731500,804.3,11.761635208189496,0.11374235270164144,KOR_K,0,0,0,0,0,41.2189959375994,32852.88874889417,3.2,4.27155,93.3281784057617,74.70751621408243,10.399794957607941,2.05267,1,0,0,0,1,0,0,1,0,0,0,0,0
KOR,K,2019,103072500,42693900,10314000,767.2,11.808195658510025,0.10006548788474132,KOR_K,0,0,0,0,0,42.0373507524342,33496.31138156434,3.2,4.36379,93.9989166259766,71.4470632403511,10.419190603737821,2.05267,1,0,0,0,0,0,0,1,0,0,0,0,0
KOR,K,2020,110016400,45461500,10107200,744.1,11.90396456914962,0.09186993939085446,KOR_K,0,0,0,0,0,43.0540600860627,33215.929892810826,3.6,4.5214,96.8767700195312,65.544957860621,10.410784855878187,2.05267,1,0,0,0,0,0,0,1,0,0,0,0,0
KOR,K,2021,124021200,51376100,11753400,759.1,12.003829555675205,0.09476928138092519,KOR_K,0,0,0,0,0,44.2526082339633,34792.93972145982,3.6,4.59673,100.359878540039,75.30630476109123,10.45716976361207,2.05267,1,0,0,0,0,0,0,1,0,0,0,0,0
KOR,K,2022,136404400,50423300,13205900,728.3,12.140421509694002,0.0968143256375894,KOR_K,0,0,0,0,0,45.4542124182774,35809.01381051443,3.6,4.84753,102.813056945801,90.58514752785491,10.485954923113523,2.05267,1,0,0,0,0,0,1,1,0,0,0,0,0
KOR,M_N,2010,85755500,56917100,11616000,1951.704745,10.690552284047122,0.1354548687839264,KOR_M_N,0,0,0,NA,NA,35.2563205089625,26623.048712292744,1.3,3.17913,101.673286437988,88.02786771231239,10.189532612524832,0.9246918833333334,1,0,0,0,0,0,1,1,0,0,0,0,0
KOR,M_N,2011,90387800,59904500,12476900,2100.940137,10.669479652686329,0.13803743425550793,KOR_M_N,0,0,0,NA,NA,36.353305205381,27393.455357271963,1.4,3.44409,100.819679260254,101.68061646213012,10.21805940827161,0.9246918833333334,1,0,0,0,0,0,1,1,0,0,0,0,0
KOR,M_N,2012,95443600,62700900,13380800,2203.903364,10.676060731499556,0.1401958853186594,KOR_M_N,0,0,0,0,0,36.8000321131758,27944.05641900452,1.6,3.6852,98.286979675293,101.51727207905022,10.237959805487082,0.9246918833333334,1,0,0,0,0,0,1,1,0,0,0,0,0
KOR,M_N,2013,102490100,65736200,13189600,2256.1,10.723883828635511,0.12869145410142052,KOR_M_N,0,0,0,0,0,37.4217663483917,28732.71115203303,1.9,3.77487,96.3375015258789,94.16752358558726,10.26579151410769,0.9246918833333334,1,0,0,0,0,0,1,1,0,0,0,0,0
KOR,M_N,2014,109776700,71093600,13957200,2277.4,10.783169140137458,0.12714173408382654,KOR_M_N,0,0,0,0,0,37.9883114555998,29470.673299165515,2.9,3.88983,94.4421691894531,86.93425779720386,10.29115092240545,0.9246918833333334,1,0,0,0,0,0,1,1,0,0,0,0,0
KOR,M_N,2015,119807300,77214100,15269000,2385.2,10.824356919431702,0.12744632422231367,KOR_M_N,0,0,0,0,0,39.2759563055891,30171.790654522236,2.7,3.78907,93.9676513671875,75.38817745649067,10.314662682547032,0.9246918833333334,1,0,0,0,0,0,0,1,0,0,0,0,0
KOR,M_N,2016,125101700,81044800,15816600,2491.8,10.823876944608742,0.12642993660357932,KOR_M_N,0,0,0,0,0,40.0712454963259,31005.407287638827,2.6,3.78638,93.6577224731445,69.89972213169192,10.341916896889888,0.9246918833333334,1,0,0,0,0,0,0,1,0,0,0,0,0
KOR,M_N,2017,131323700,81935500,17515100,2466.2,10.8827420422136,0.13337348856299358,KOR_M_N,0,0,0,0,0,41.1680978249153,31979.902730246704,2.8,4.07341,93.7230224609375,73.19214082640161,10.372862944802542,0.9246918833333334,1,0,0,0,0,0,0,1,0,0,0,0,0
KOR,M_N,2018,141516600,89124600,17737900,2407.1,10.981749600241997,0.12534147937415116,KOR_M_N,0,0,0,0,0,41.2189959375994,32852.88874889417,3.2,4.27155,93.3281784057617,74.70751621408243,10.399794957607941,0.9246918833333334,1,0,0,0,0,0,0,1,0,0,0,0,0
KOR,M_N,2019,151040400,95439500,18736500,2468.3,11.021772975109364,0.12404959202968212,KOR_M_N,0,0,0,0,0,42.0373507524342,33496.31138156434,3.2,4.36379,93.9989166259766,71.4470632403511,10.419190603737821,0.9246918833333334,1,0,0,0,0,0,0,1,0,0,0,0,0
KOR,M_N,2020,156652600,99033400,19896000,2510.9,11.04114463914156,0.12700714830140067,KOR_M_N,0,0,0,0,0,43.0540600860627,33215.929892810826,3.6,4.5214,96.8767700195312,65.544957860621,10.410784855878187,0.9246918833333334,1,0,0,0,0,0,0,1,0,0,0,0,0
KOR,M_N,2021,166098700,104964400,22400300,2615.9,11.058729262395667,0.13486138061285247,KOR_M_N,0,0,0,0,0,44.2526082339633,34792.93972145982,3.6,4.59673,100.359878540039,75.30630476109123,10.45716976361207,0.9246918833333334,1,0,0,0,0,0,0,1,0,0,0,0,0
KOR,M_N,2022,177636800,111964300,25284800,2710.8,11.090252501003144,0.14233987552128838,KOR_M_N,0,0,0,0,0,45.4542124182774,35809.01381051443,3.6,4.84753,102.813056945801,90.58514752785491,10.485954923113523,0.9246918833333334,1,0,0,0,0,0,1,1,0,0,0,0,0
NLD,C,2010,62837,33462,10883,688,4.514510513003803,0.17319413721215207,NLD_C,203.94999999999203,3245.6991899675672,8.085394125362106,NA,NA,37.7372328275169,44659.27283905796,3.9,1.69388,63.7049789428711,130.0817079353428,10.706817243108839,-0.4842254202898551,0,0,0,0,0,0,1,0,8.085394125362106,0,3245.6991899675672,14509.865079364748,77.47952597751767
NLD,C,2011,66266,34412,12240,684,4.573474306501172,0.18471010774756286,NLD_C,335.01746031745296,5055.646339260752,8.528458763744322,NA,NA,38.5614208058284,45239.73188879615,4.7,1.8651,75.518798828125,141.75709932577556,10.719731003793312,-0.4842254202898551,0,0,0,0,0,0,1,0,8.528458763744322,0,3245.6991899675672,15397.377777777481,77.95951119631748
NLD,C,2012,66223,34912,12676,677,4.583111840696464,0.19141385923319693,NLD_C,268.552380952368,4055.2735598261634,8.308019988713168,3245.6991899675672,8.085394125362106,39.3374146344405,44631.87453887895,4.9,1.90094,75.8141632080078,149.39322305813147,10.706203558508664,-0.4842254202898551,0,0,0,1,0,8.308019988713168,1,0,8.308019988713168,0,3245.6991899675672,16271.119047618826,78.40575210761865
NLD,C,2013,64215,35170,12153,668,4.565703933710511,0.18925484699836487,NLD_C,264.966666666653,4126.242570531075,8.325364804504856,5055.646339260752,8.528458763744322,40.030499091092,44487.03063469,5,2.13953,77.26282501220703,150.65185022694936,10.702952979264111,-0.4842254202898551,0,0,0,0,0,0,1,1,8.325364804504856,8.325364804504856,3245.6991899675672,15346.266666666477,77.93262908890588
NLD,C,2014,65571,36363,12797,662,4.595623248081289,0.19516249561543975,NLD_C,174.34999999999002,2658.9498406306143,7.886062544692167,4055.2735598261634,8.308019988713168,40.2287973950107,45042.066954583155,5.6,2.15067,78.71148681640626,151.71589105650085,10.715352153292185,-0.4842254202898551,0,0,0,1,0,7.886062544692167,1,1,7.886062544692167,7.886062544692167,3245.6991899675672,16240.080952380757,78.39031497383093
NLD,C,2015,70958,36311,13613,665,4.670056391037508,0.19184588066179994,NLD_C,194.24999999999002,2737.534879787903,7.915178340964976,4126.242570531075,8.325364804504856,41.0879703576802,45793.81354346971,5.8,2.11792,80.1601486206055,160.32581256480853,10.73190428550867,-0.4842254202898551,0,0,0,1,0,7.915178340964976,1,0,7.915178340964976,0,3245.6991899675672,16099.247619047403,78.31989732224693
NLD,C,2016,73940,37808,15226,674,4.697779121578316,0.20592372193670544,NLD_C,206.26666666665702,2789.6492651698272,7.9340295592726875,2658.9498406306143,7.886062544692167,41.9813942626003,46655.03633820388,5.6,2.11546,79.8454895019531,150.96552921164994,10.750536160538333,-0.4842254202898551,0,0,0,1,0,7.9340295592726875,1,0,7.9340295592726875,0,3245.6991899675672,17221.791666666464,78.86484440969305
NLD,C,2017,79216,39038,15476,685,4.750514739338979,0.19536457281357303,NLD_C,159.19999999999501,2009.6950111088042,7.606235717957192,2737.534879787903,7.915178340964976,42.0988982620643,47670.1057253297,6.4,2.14167,83.2009887695312,159.64605965684729,10.772059766055227,-0.4842254202898551,0,0,0,1,0,7.606235717957192,1,1,7.606235717957192,7.606235717957192,3245.6991899675672,17088.063333333197,78.80181944322031
NLD,C,2018,83919,40951,17136,704,4.780828970730558,0.20419690415758052,NLD_C,177.533333333324,2115.5320408170264,7.657534198432277,2789.6492651698272,7.9340295592726875,42.5152457224727,48463.02997399508,7.4,2.1027,83.652473449707,163.5591465730439,10.788556517673737,-0.4842254202898551,0,0,0,1,0,7.657534198432277,1,0,7.657534198432277,0,3245.6991899675672,16325.238095237912,78.43259850541624
NLD,C,2019,86468,43136,17512,723,4.784120460119179,0.20252578988758846,NLD_C,257.328571428548,2975.997726656659,7.998670597379831,2009.6950111088042,7.606235717957192,42.5292659897442,49254.01588542638,8.6,2.14036,84.49477767944336,160.67667188499902,10.804746184096803,-0.4842254202898551,0,0,0,1,0,7.998670597379831,1,1,7.998670597379831,7.998670597379831,3245.6991899675672,16219.038095237778,78.37983229040232
NLD,C,2020,85598,44613,16242,725,4.7712455425162235,0.18974742400523376,NLD_C,255.06666666665004,2979.820400787986,7.999953843888579,2115.5320408170264,7.657534198432277,42.6667277513049,47086.58041927016,10.7,2.26514,85.3370819091797,152.23323040970627,10.759743322619691,-0.4842254202898551,0,0,0,0,0,0,1,1,7.999953843888579,7.999953843888579,3245.6991899675672,15800.233333333146,78.16832322093259
NLD,C,2021,95886,45860,15683,727,4.881988787279645,0.163558809419519,NLD_C,122.33333333333,1275.8205925091256,7.152128354783786,2975.997726656659,7.998670597379831,42.9460563127039,49780.84405268357,12.2,2.21542,89.3898620605469,163.15484268969772,10.815385531436407,-0.4842254202898551,0,0,0,0,0,0,1,1,7.152128354783786,7.152128354783786,3245.6991899675672,10673.999999999862,74.99736556380519
NLD,C,2022,102836,48295,18232,741,4.932890139955844,0.17729199891088723,NLD_C,56.499999999994,549.4184915787662,6.310678882673178,2979.820400787986,7.999953843888579,43.5643185557355,51777.543158886394,12.2,2.17529,89.3898620605469,184.1074842526816,10.854711804495155,-0.4842254202898551,0,0,0,0,0,0,1,1,6.310678882673178,6.310678882673178,3245.6991899675672,6484.5166666665955,70.96814625898301
NLD,D_E,2010,11401,3718,5875,58,5.2810133392873,0.5153056749407947,NLD_D_E,578.319047619032,50725.29143224558,10.834199623852346,NA,NA,37.7372328275169,44659.27283905796,3.9,1.69388,63.7049789428711,130.0817079353428,10.706817243108839,-0.4190017,0,0,0,1,1,10.834199623852346,1,0,10.834199623852346,0,50725.29143224558,72126.09761904668,121.19336225643451
NLD,D_E,2011,11699,3722,6723,59,5.289721203141882,0.5746645012394221,NLD_D_E,523.4958730158551,44747.06154507693,10.708803405336326,NA,NA,38.5614208058284,45239.73188879615,4.7,1.8651,75.518798828125,141.75709932577556,10.719731003793312,-0.4190017,0,0,0,1,1,10.708803405336326,1,0,10.708803405336326,0,50725.29143224558,76486.96349206254,121.82936857128217
NLD,D_E,2012,12091,3750,6717,58,5.3397736426278275,0.5555371764122075,NLD_D_E,461.34999999996074,38156.48002646272,10.5494770863393,50725.29143224558,10.834199623852346,39.3374146344405,44631.87453887895,4.9,1.90094,75.8141632080078,149.39322305813147,10.706203558508664,-0.4190017,0,0,0,1,1,10.5494770863393,1,0,10.5494770863393,0,50725.29143224558,75884.17380952304,121.74364771606378
NLD,D_E,2013,11950,3912,6702,59,5.310949113453937,0.560836820083682,NLD_D_E,607.3166666666311,50821.478382144865,10.836094023535196,44747.06154507693,10.708803405336326,40.030499091092,44487.03063469,5,2.13953,77.26282501220703,150.65185022694936,10.702952979264111,-0.4190017,0,0,0,1,1,10.836094023535196,1,1,10.836094023535196,10.836094023535196,50725.29143224558,70402.23571428515,120.93127664520058
NLD,D_E,2014,11573,3887,7631,58,5.295987067301659,0.6593795904259915,NLD_D_E,458.933333333315,39655.5200322574,10.588010653197678,38156.48002646272,10.5494770863393,40.2287973950107,45042.066954583155,5.6,2.15067,78.71148681640626,151.71589105650085,10.715352153292185,-0.4190017,0,0,0,1,1,10.588010653197678,1,1,10.588010653197678,10.588010653197678,50725.29143224558,68402.46666666617,120.61908140025925
NLD,D_E,2015,11928,3804,7301,58,5.326200845898155,0.6120892018779343,NLD_D_E,439.833333333323,36874.02190923232,10.515289687790617,50821.478382144865,10.836094023535196,41.0879703576802,45793.81354346971,5.8,2.11792,80.1601486206055,160.32581256480853,10.73190428550867,-0.4190017,0,0,0,1,1,10.515289687790617,1,0,10.515289687790617,0,50725.29143224558,63534.70714285666,119.81928517695569
NLD,D_E,2016,11923,3851,7219,59,5.308687142900412,0.6054684223769186,NLD_D_E,481.3999999999829,40375.744359639604,10.606009263545616,39655.5200322574,10.588010653197678,41.9813942626003,46655.03633820388,5.6,2.11546,79.8454895019531,150.96552921164994,10.750536160538333,-0.4190017,0,0,0,1,1,10.606009263545616,1,0,10.606009263545616,0,50725.29143224558,65813.69999999955,120.20109485884835
NLD,D_E,2017,11663,3972,6309,60,5.269832154468949,0.540941438737889,NLD_D_E,564.666666666646,48415.21621080734,10.787590082267291,36874.02190923232,10.515289687790617,42.0988982620643,47670.1057253297,6.4,2.14167,83.2009887695312,159.64605965684729,10.772059766055227,-0.4190017,0,0,0,1,1,10.787590082267291,1,1,10.787590082267291,10.787590082267291,50725.29143224558,63124.0611111107,119.7490339581727
NLD,D_E,2018,12321,4189,8079,62,5.291926017579577,0.6557097638178719,NLD_D_E,518.5857142856978,42089.57992741643,10.64757923994046,40375.744359639604,10.606009263545616,42.5152457224727,48463.02997399508,7.4,2.1027,83.652473449707,163.5591465730439,10.788556517673737,-0.4190017,0,0,0,1,1,10.64757923994046,1,0,10.64757923994046,0,50725.29143224558,59126.92047619007,119.040318959282
NLD,D_E,2019,13354,4396,7936,63,5.356436518026282,0.5942788677549797,NLD_D_E,576.261904761879,43152.75608520886,10.672524739889095,48415.21621080734,10.787590082267291,42.5292659897442,49254.01588542638,8.6,2.14036,84.49477767944336,160.67667188499902,10.804746184096803,-0.4190017,0,0,0,1,1,10.672524739889095,1,1,10.672524739889095,10.672524739889095,50725.29143224558,57802.30238095188,118.79484490281972
NLD,D_E,2020,14468,4520,9415,64,5.420811509712316,0.6507464749792646,NLD_D_E,574.233333333311,39689.890332686686,10.588876977691971,42089.57992741643,10.64757923994046,42.6667277513049,47086.58041927016,10.7,2.26514,85.3370819091797,152.23323040970627,10.759743322619691,-0.4190017,0,0,0,1,1,10.588876977691971,1,1,10.588876977691971,10.588876977691971,50725.29143224558,62065.31428571376,119.56577935459143
NLD,D_E,2021,14203,4760,9863,67,5.356515869490162,0.6944307540660424,NLD_D_E,519.266666666649,36560.35109953172,10.506746980561712,43152.75608520886,10.672524739889095,42.9460563127039,49780.84405268357,12.2,2.21542,89.3898620605469,163.15484268969772,10.815385531436407,-0.4190017,0,0,0,1,1,10.506746980561712,1,1,10.506746980561712,10.506746980561712,50725.29143224558,57680.86666666626,118.77205999864896
NLD,D_E,2022,21640,5159,11990,70,5.733803490911059,0.5540665434380776,NLD_D_E,278.666666666646,12877.387553911552,9.463305801907733,39689.890332686686,10.588876977691971,43.5643185557355,51777.543158886394,12.2,2.17529,89.3898620605469,184.1074842526816,10.854711804495155,-0.4190017,0,0,0,1,1,9.463305801907733,1,1,9.463305801907733,9.463305801907733,50725.29143224558,48170.99999999949,116.82011733875191
NLD,G,2010,72006,39069,6260,1392,3.9460078869651314,0.08693719967780462,NLD_G,0,0,0,NA,NA,37.7372328275169,44659.27283905796,3.9,1.69388,63.7049789428711,130.0817079353428,10.706817243108839,0.06857736764705884,1,0,0,0,0,0,1,0,0,0,0,0,0
NLD,G,2011,74452,40457,7422,1410,3.96656491804601,0.09968838983506152,NLD_G,0,0,0,NA,NA,38.5614208058284,45239.73188879615,4.7,1.8651,75.518798828125,141.75709932577556,10.719731003793312,0.06857736764705884,1,0,0,0,0,0,1,0,0,0,0,0,0
NLD,G,2012,75664,41498,6955,1411,3.982003813030843,0.09191953901459082,NLD_G,0,0,0,0,0,39.3374146344405,44631.87453887895,4.9,1.90094,75.8141632080078,149.39322305813147,10.706203558508664,0.06857736764705884,1,0,0,0,0,0,1,0,0,0,0,0,0
NLD,G,2013,78857,41368,7838,1391,4.037613172684632,0.09939510759983261,NLD_G,0,0,0,0,0,40.030499091092,44487.03063469,5,2.13953,77.26282501220703,150.65185022694936,10.702952979264111,0.06857736764705884,1,0,0,0,0,0,1,1,0,0,0,0,0
NLD,G,2014,79917,41653,7837,1394,4.0488112837598775,0.09806424165071262,NLD_G,0,0,0,0,0,40.2287973950107,45042.066954583155,5.6,2.15067,78.71148681640626,151.71589105650085,10.715352153292185,0.06857736764705884,1,0,0,0,0,0,1,1,0,0,0,0,0
NLD,G,2015,83548,42405,8182,1408,4.08325105925722,0.09793172786900943,NLD_G,0,0,0,0,0,41.0879703576802,45793.81354346971,5.8,2.11792,80.1601486206055,160.32581256480853,10.73190428550867,0.06857736764705884,1,0,0,0,0,0,1,0,0,0,0,0,0
NLD,G,2016,86726,43798,8307,1427,4.107179384995126,0.09578442450937436,NLD_G,0,0,0,0,0,41.9813942626003,46655.03633820388,5.6,2.11546,79.8454895019531,150.96552921164994,10.750536160538333,0.06857736764705884,1,0,0,0,0,0,1,0,0,0,0,0,0
NLD,G,2017,90625,45431,9090,1455,4.131724212551383,0.10030344827586207,NLD_G,0,0,0,0,0,42.0988982620643,47670.1057253297,6.4,2.14167,83.2009887695312,159.64605965684729,10.772059766055227,0.06857736764705884,1,0,0,0,0,0,1,1,0,0,0,0,0
NLD,G,2018,95182,47807,9254,1485,4.160376076035354,0.09722426509213927,NLD_G,0,0,0,0,0,42.5152457224727,48463.02997399508,7.4,2.1027,83.652473449707,163.5591465730439,10.788556517673737,0.06857736764705884,1,0,0,0,0,0,1,0,0,0,0,0,0
NLD,G,2019,102275,50195,10196,1505,4.218872365614623,0.09969200684429234,NLD_G,0,0,0,0,0,42.5292659897442,49254.01588542638,8.6,2.14036,84.49477767944336,160.67667188499902,10.804746184096803,0.06857736764705884,1,0,0,0,0,0,1,1,0,0,0,0,0
NLD,G,2020,103442,51581,10162,1511,4.226239385866207,0.09823862647667292,NLD_G,0,0,0,0,0,42.6667277513049,47086.58041927016,10.7,2.26514,85.3370819091797,152.23323040970627,10.759743322619691,0.06857736764705884,1,0,0,0,0,0,1,1,0,0,0,0,0
NLD,G,2021,117519,53874,11085,1522,4.3465747632,0.0943251729507569,NLD_G,0,0,0,0,0,42.9460563127039,49780.84405268357,12.2,2.21542,89.3898620605469,163.15484268969772,10.815385531436407,0.06857736764705884,1,0,0,0,0,0,1,1,0,0,0,0,0
NLD,G,2022,121882,57725,12378,1542,4.369973088424931,0.10155724389163288,NLD_G,0,0,0,0,0,43.5643185557355,51777.543158886394,12.2,2.17529,89.3898620605469,184.1074842526816,10.854711804495155,0.06857736764705884,1,0,0,0,0,0,1,1,0,0,0,0,0
NLD,H,2010,25633,16190,6006,388,4.1906305232166305,0.23430733819685562,NLD_H,120.79999999999401,4712.67506729583,8.458223151823743,NA,NA,37.7372328275169,44659.27283905796,3.9,1.69388,63.7049789428711,130.0817079353428,10.706817243108839,-0.3927636321428572,0,0,0,1,0,8.458223151823743,1,0,8.458223151823743,0,4712.67506729583,28033.529999999846,86.62228933759344
NLD,H,2011,25811,16719,7564,392,4.187294196844249,0.2930533493471776,NLD_H,116.66666666665601,4520.036676868623,8.41649659981835,NA,NA,38.5614208058284,45239.73188879615,4.7,1.8651,75.518798828125,141.75709932577556,10.719731003793312,-0.3927636321428572,0,0,0,1,0,8.41649659981835,1,0,8.41649659981835,0,4712.67506729583,33185.43333333317,88.04922705027396
NLD,H,2012,26418,16818,6700,390,4.215654135860117,0.25361495949731244,NLD_H,106.24999999999201,4021.8790218787194,8.299753099879114,4712.67506729583,8.458223151823743,39.3374146344405,44631.87453887895,4.9,1.90094,75.8141632080078,149.39322305813147,10.706203558508664,-0.3927636321428572,0,0,0,1,0,8.299753099879114,1,0,8.299753099879114,0,4712.67506729583,31852.288888888696,87.70243550813683
NLD,H,2013,27247,16946,6470,386,4.256861332822899,0.23745733475244982,NLD_H,125.66666666666302,4612.128552378721,8.436661550583084,4520.036676868623,8.41649659981835,40.030499091092,44487.03063469,5,2.13953,77.26282501220703,150.65185022694936,10.702952979264111,-0.3927636321428572,0,0,0,1,0,8.436661550583084,1,1,8.436661550583084,8.436661550583084,4712.67506729583,30659.133333333204,87.37952240172068
NLD,H,2014,28688,16780,6070,382,4.318813587238339,0.2115867261572783,NLD_H,110.49999999999801,3851.784718349066,8.256551469291235,4021.8790218787194,8.299753099879114,40.2287973950107,45042.066954583155,5.6,2.15067,78.71148681640626,151.71589105650085,10.715352153292185,-0.3927636321428572,0,0,0,1,0,8.256551469291235,1,1,8.256551469291235,8.256551469291235,4712.67506729583,30959.58333333316,87.46200418453462
NLD,H,2015,30824,17059,8136,381,4.393249511179293,0.2639501686997145,NLD_H,176.916666666651,5739.5752227696275,8.65531469731869,4612.128552378721,8.436661550583084,41.0879703576802,45793.81354346971,5.8,2.11792,80.1601486206055,160.32581256480853,10.73190428550867,-0.3927636321428572,0,0,0,1,0,8.65531469731869,1,0,8.65531469731869,0,4712.67506729583,29931.41333333316,87.17634513117365
NLD,H,2016,31135,17752,8687,384,4.395445314718826,0.27901075959531074,NLD_H,111.833333333329,3591.8848027406134,8.186710725018854,3851.784718349066,8.256551469291235,41.9813942626003,46655.03633820388,5.6,2.11546,79.8454895019531,150.96552921164994,10.750536160538333,-0.3927636321428572,0,0,0,1,0,8.186710725018854,1,0,8.186710725018854,0,4712.67506729583,32456.429999999866,87.86135491521557
NLD,H,2017,32437,18133,9822,390,4.420908286407562,0.302802355334957,NLD_H,181.333333333323,5590.3238071746155,8.62897135513829,5739.5752227696275,8.65531469731869,42.0988982620643,47670.1057253297,6.4,2.14167,83.2009887695312,159.64605965684729,10.772059766055227,-0.3927636321428572,0,0,0,1,0,8.62897135513829,1,1,8.62897135513829,8.62897135513829,4712.67506729583,32509.59999999988,87.87519938072849
NLD,H,2018,33015,19336,7788,404,4.403302404667522,0.23589277601090414,NLD_H,210.49999999999199,6375.889747084416,8.760435757014866,3591.8848027406134,8.186710725018854,42.5152457224727,48463.02997399508,7.4,2.1027,83.652473449707,163.5591465730439,10.788556517673737,-0.3927636321428572,0,0,0,1,0,8.760435757014866,1,0,8.760435757014866,0,4712.67506729583,32032.59666666648,87.75017887382108
NLD,H,2019,34710,20422,9464,414,4.428917135030518,0.27265917602996254,NLD_H,236.166666666663,6803.995006242091,8.82541218124872,5590.3238071746155,8.62897135513829,42.5292659897442,49254.01588542638,8.6,2.14036,84.49477767944336,160.67667188499902,10.804746184096803,-0.3927636321428572,0,0,0,1,0,8.82541218124872,1,1,8.82541218124872,8.82541218124872,4712.67506729583,31211.883333333066,87.53065152011287
NLD,H,2020,30329,20423,7001,408,4.308592455078805,0.23083517425566288,NLD_H,162.499999999992,5357.90827261011,8.586515552835973,6375.889747084416,8.760435757014866,42.6667277513049,47086.58041927016,10.7,2.26514,85.3370819091797,152.23323040970627,10.759743322619691,-0.3927636321428572,0,0,0,1,0,8.586515552835973,1,1,8.586515552835973,8.586515552835973,4712.67506729583,27291.66666666652,86.39544893735949
NLD,H,2021,34289,21090,7927,413,4.419132289049395,0.23118201172387645,NLD_H,136.833333333328,3990.5897907004573,8.29194487431084,6803.995006242091,8.82541218124872,42.9460563127039,49780.84405268357,12.2,2.21542,89.3898620605469,163.15484268969772,10.815385531436407,-0.3927636321428572,0,0,0,1,0,8.29194487431084,1,1,8.29194487431084,8.29194487431084,4712.67506729583,17113.61666666655,82.44812161420832
NLD,H,2022,43945,22625,8912,425,4.638604962074329,0.20279895323700078,NLD_H,70.333333333332,1600.4854553039481,7.37868688708724,5357.90827261011,8.586515552835973,43.5643185557355,51777.543158886394,12.2,2.17529,89.3898620605469,184.1074842526816,10.854711804495155,-0.3927636321428572,0,0,0,1,0,7.37868688708724,1,1,7.37868688708724,7.37868688708724,4712.67506729583,11021.049999999921,78.72620686187243
NLD,J,2010,27843,13914,5165,253,4.700947378535982,0.18550443558524585,NLD_J,23.183333333326,832.6449496579392,6.725807591879725,NA,NA,37.7372328275169,44659.27283905796,3.9,1.69388,63.7049789428711,130.0817079353428,10.706817243108839,1.2675550444444446,1,832.6449496579392,6.725807591879725,0,0,0,1,0,6.725807591879725,0,832.6449496579392,3623.716666666557,55.12156733190124
NLD,J,2011,27886,14291,5304,257,4.686803964859746,0.19020296923187263,NLD_J,30.649999999987003,1099.1178369069426,7.003172577509903,NA,NA,38.5614208058284,45239.73188879615,4.7,1.8651,75.518798828125,141.75709932577556,10.719731003793312,1.2675550444444446,1,1099.1178369069426,7.003172577509903,1,0,7.003172577509903,1,0,7.003172577509903,0,832.6449496579392,4102.364285714141,55.95577644679911
NLD,J,2012,27633,14658,5554,261,4.662245582333652,0.2009915680526906,NLD_J,42.564285714267,1540.3425510898926,7.340409102044612,832.6449496579392,6.725807591879725,39.3374146344405,44631.87453887895,4.9,1.90094,75.8141632080078,149.39322305813147,10.706203558508664,1.2675550444444446,1,1540.3425510898926,7.340409102044612,1,0,7.340409102044612,1,0,7.340409102044612,0,832.6449496579392,5096.129365079127,57.414404470921646
NLD,J,2013,27602,14545,5840,257,4.676567427952765,0.21157887109629736,NLD_J,21.849999999995,791.6093036734657,6.675330418857347,1099.1178369069426,7.003172577509903,40.030499091092,44487.03063469,5,2.13953,77.26282501220703,150.65185022694936,10.702952979264111,1.2675550444444446,1,791.6093036734657,6.675330418857347,1,0,6.675330418857347,1,1,6.675330418857347,6.675330418857347,832.6449496579392,4916.892658729979,57.173638084466056
NLD,J,2014,27924,14700,6255,262,4.6688973093291954,0.22400085947571982,NLD_J,19.749999999997,707.276894427625,6.562835111060793,1540.3425510898926,7.340409102044612,40.2287973950107,45042.066954583155,5.6,2.15067,78.71148681640626,151.71589105650085,10.715352153292185,1.2675550444444446,1,707.276894427625,6.562835111060793,1,0,6.562835111060793,1,1,6.562835111060793,6.562835111060793,832.6449496579392,4840.038095237985,57.0677003119082
NLD,J,2015,28817,15427,6302,270,4.670298810758039,0.218690356386855,NLD_J,24.733333333333,858.2896669789708,6.756106079318413,791.6093036734657,6.675330418857347,41.0879703576802,45793.81354346971,5.8,2.11792,80.1601486206055,160.32581256480853,10.73190428550867,1.2675550444444446,1,858.2896669789708,6.756106079318413,1,0,6.756106079318413,1,0,6.756106079318413,0,832.6449496579392,4635.047619047533,56.77669490774104
NLD,J,2016,30005,16278,6874,279,4.677907531602248,0.22909515080819864,NLD_J,20.816666666663,693.7732600120979,6.54358554774854,707.276894427625,6.562835111060793,41.9813942626003,46655.03633820388,5.6,2.11546,79.8454895019531,150.96552921164994,10.750536160538333,1.2675550444444446,1,693.7732600120979,6.54358554774854,1,0,6.54358554774854,1,0,6.54358554774854,0,832.6449496579392,4567.779761904657,56.67839024653429
NLD,J,2017,31006,17290,7075,293,4.66176340410924,0.22818164226278784,NLD_J,22.533333333331,726.7410608698639,6.589945299307234,858.2896669789708,6.756106079318413,42.0988982620643,47670.1057253297,6.4,2.14167,83.2009887695312,159.64605965684729,10.772059766055227,1.2675550444444446,1,726.7410608698639,6.589945299307234,1,0,6.589945299307234,1,1,6.589945299307234,6.589945299307234,832.6449496579392,4519.978571428439,56.607650285851555
NLD,J,2018,32358,18551,7166,305,4.66430478795787,0.22145991717658695,NLD_J,23.249999999998998,718.5240126089066,6.57858989979263,693.7732600120979,6.54358554774854,42.5152457224727,48463.02997399508,7.4,2.1027,83.652473449707,163.5591465730439,10.788556517673737,1.2675550444444446,1,718.5240126089066,6.57858989979263,1,0,6.57858989979263,1,0,6.57858989979263,0,832.6449496579392,4318.46904761896,56.30098050106247
NLD,J,2019,34452,20065,8470,317,4.688420556031784,0.24584929757343552,NLD_J,14.166666666666,411.20012384378265,6.021508968902172,726.7410608698639,6.589945299307234,42.5292659897442,49254.01588542638,8.6,2.14036,84.49477767944336,160.67667188499902,10.804746184096803,1.2675550444444446,1,411.20012384378265,6.021508968902172,1,0,6.021508968902172,1,1,6.021508968902172,6.021508968902172,832.6449496579392,4393.119047618905,56.41622437423754
NLD,J,2020,36960,21038,9360,326,4.730694144388913,0.2532467532467532,NLD_J,22.916666666666003,620.0396825396646,6.431394980921951,718.5240126089066,6.57858989979263,42.6667277513049,47086.58041927016,10.7,2.26514,85.3370819091797,152.23323040970627,10.759743322619691,1.2675550444444446,1,620.0396825396646,6.431394980921951,1,0,6.431394980921951,1,1,6.431394980921951,6.431394980921951,832.6449496579392,4473.7166666665125,56.53847243910135
NLD,J,2021,39019,23328,9101,342,4.7369932489029605,0.23324534201286554,NLD_J,6.783333333333,173.84692927376406,5.163910901294913,411.20012384378265,6.021508968902172,42.9460563127039,49780.84405268357,12.2,2.21542,89.3898620605469,163.15484268969772,10.815385531436407,1.2675550444444446,1,173.84692927376406,5.163910901294913,1,0,5.163910901294913,1,1,5.163910901294913,5.163910901294913,832.6449496579392,4172.649999999861,56.070005935234676
NLD,J,2022,44323,25448,10567,361,4.810381050328138,0.23840895246260407,NLD_J,4.75,107.16783611217652,4.68368405893232,620.0396825396646,6.431394980921951,43.5643185557355,51777.543158886394,12.2,2.17529,89.3898620605469,184.1074842526816,10.854711804495155,1.2675550444444446,1,107.16783611217652,4.68368405893232,1,0,4.68368405893232,1,1,4.68368405893232,4.68368405893232,832.6449496579392,2172.283333333253,51.68106760145987
NLD,K,2010,51454,17733,5327,253,5.315053994896528,0.10352936603568236,NLD_K,0,0,0,NA,NA,37.7372328275169,44659.27283905796,3.9,1.69388,63.7049789428711,130.0817079353428,10.706817243108839,2.05267,1,0,0,0,0,0,1,0,0,0,0,0,0
NLD,K,2011,51549,17982,5093,246,5.344956554682492,0.09879920076044152,NLD_K,0,0,0,NA,NA,38.5614208058284,45239.73188879615,4.7,1.8651,75.518798828125,141.75709932577556,10.719731003793312,2.05267,1,0,0,0,0,0,1,0,0,0,0,0,0
NLD,K,2012,54017,17871,4169,242,5.408116364660754,0.0771794064831442,NLD_K,0,0,0,0,0,39.3374146344405,44631.87453887895,4.9,1.90094,75.8141632080078,149.39322305813147,10.706203558508664,2.05267,1,0,0,0,0,0,1,0,0,0,0,0,0
NLD,K,2013,52022,18817,4181,237,5.391361843879704,0.08036984352773827,NLD_K,0,0,0,0,0,40.030499091092,44487.03063469,5,2.13953,77.26282501220703,150.65185022694936,10.702952979264111,2.05267,1,0,0,0,0,0,1,1,0,0,0,0,0
NLD,K,2014,55231,18798,4106,228,5.489934039878635,0.07434230776194528,NLD_K,0,0,0,0,0,40.2287973950107,45042.066954583155,5.6,2.15067,78.71148681640626,151.71589105650085,10.715352153292185,2.05267,1,0,0,0,0,0,1,1,0,0,0,0,0
NLD,K,2015,54915,18254,4592,221,5.515379112704694,0.08362014021669853,NLD_K,0,0,0,0,0,41.0879703576802,45793.81354346971,5.8,2.11792,80.1601486206055,160.32581256480853,10.73190428550867,2.05267,1,0,0,0,0,0,1,0,0,0,0,0,0
NLD,K,2016,52353,18403,4760,216,5.490486113562816,0.09092124615590319,NLD_K,0,0,0,0,0,41.9813942626003,46655.03633820388,5.6,2.11546,79.8454895019531,150.96552921164994,10.750536160538333,2.05267,1,0,0,0,0,0,1,0,0,0,0,0,0
NLD,K,2017,50940,18162,6005,207,5.505684955268079,0.11788378484491559,NLD_K,0,0,0,0,0,42.0988982620643,47670.1057253297,6.4,2.14167,83.2009887695312,159.64605965684729,10.772059766055227,2.05267,1,0,0,0,1,0,1,1,0,0,0,0,0
NLD,K,2018,50410,17861,6253,202,5.519677149675472,0.12404284864114264,NLD_K,0,0,0,0,0,42.5152457224727,48463.02997399508,7.4,2.1027,83.652473449707,163.5591465730439,10.788556517673737,2.05267,1,0,0,0,1,0,1,0,0,0,0,0,0
NLD,K,2019,51649,18192,7112,199,5.558921288551644,0.13769869697380394,NLD_K,0,0,0,0,0,42.5292659897442,49254.01588542638,8.6,2.14036,84.49477767944336,160.67667188499902,10.804746184096803,2.05267,1,0,0,0,1,0,1,1,0,0,0,0,0
NLD,K,2020,52838,19051,7815,205,5.55197592866797,0.147904916915856,NLD_K,0,0,0,0,0,42.6667277513049,47086.58041927016,10.7,2.26514,85.3370819091797,152.23323040970627,10.759743322619691,2.05267,1,0,0,0,1,0,1,1,0,0,0,0,0
NLD,K,2021,51072,20369,6135,206,5.513115512019899,0.12012453007518797,NLD_K,0,0,0,0,0,42.9460563127039,49780.84405268357,12.2,2.21542,89.3898620605469,163.15484268969772,10.815385531436407,2.05267,1,0,0,0,1,0,1,1,0,0,0,0,0
NLD,K,2022,51766,21189,6306,211,5.502630708609612,0.12181740911022679,NLD_K,0,0,0,0,0,43.5643185557355,51777.543158886394,12.2,2.17529,89.3898620605469,184.1074842526816,10.854711804495155,2.05267,1,0,0,0,1,0,1,1,0,0,0,0,0
NLD,M_N,2010,79673,50869,6350,1675,3.86211759273453,0.07970077692568374,NLD_M_N,0,0,0,NA,NA,37.7372328275169,44659.27283905796,3.9,1.69388,63.7049789428711,130.0817079353428,10.706817243108839,0.9246918833333334,1,0,0,0,0,0,1,0,0,0,0,0,0
NLD,M_N,2011,82734,52877,8053,1701,3.8844143286739343,0.09733604080547296,NLD_M_N,0,0,0,NA,NA,38.5614208058284,45239.73188879615,4.7,1.8651,75.518798828125,141.75709932577556,10.719731003793312,0.9246918833333334,1,0,0,0,0,0,1,0,0,0,0,0,0
NLD,M_N,2012,83411,53558,8752,1698,3.8943291072626454,0.10492620877342317,NLD_M_N,0,0,0,0,0,39.3374146344405,44631.87453887895,4.9,1.90094,75.8141632080078,149.39322305813147,10.706203558508664,0.9246918833333334,1,0,0,0,0,0,1,0,0,0,0,0,0
NLD,M_N,2013,84211,53797,11732,1688,3.9097811578718464,0.13931671634347056,NLD_M_N,0,0,0,0,0,40.030499091092,44487.03063469,5,2.13953,77.26282501220703,150.65185022694936,10.702952979264111,0.9246918833333334,1,0,0,0,0,0,1,1,0,0,0,0,0
NLD,M_N,2014,88521,55627,6349,1722,3.9397534059955612,0.0717230939551067,NLD_M_N,0,0,0,0,0,40.2287973950107,45042.066954583155,5.6,2.15067,78.71148681640626,151.71589105650085,10.715352153292185,0.9246918833333334,1,0,0,0,0,0,1,1,0,0,0,0,0
NLD,M_N,2015,95888,57294,32490,1791,3.9804067206372546,0.3388328049390956,NLD_M_N,0,0,0,0,0,41.0879703576802,45793.81354346971,5.8,2.11792,80.1601486206055,160.32581256480853,10.73190428550867,0.9246918833333334,1,0,0,1,1,0,1,0,0,0,0,0,0
NLD,M_N,2016,102752,60678,10166,1862,4.010667139052228,0.09893724696356275,NLD_M_N,0,0,0,0,0,41.9813942626003,46655.03633820388,5.6,2.11546,79.8454895019531,150.96552921164994,10.750536160538333,0.9246918833333334,1,0,0,0,0,0,1,0,0,0,0,0,0
NLD,M_N,2017,109098,64225,11876,1938,4.030590047396738,0.10885625767658436,NLD_M_N,0,0,0,0,0,42.0988982620643,47670.1057253297,6.4,2.14167,83.2009887695312,159.64605965684729,10.772059766055227,0.9246918833333334,1,0,0,0,0,0,1,1,0,0,0,0,0
NLD,M_N,2018,116053,68669,12673,2011,4.055414872522126,0.10920010684773336,NLD_M_N,0,0,0,0,0,42.5152457224727,48463.02997399508,7.4,2.1027,83.652473449707,163.5591465730439,10.788556517673737,0.9246918833333334,1,0,0,0,0,0,1,0,0,0,0,0,0
NLD,M_N,2019,123794,71874,15623,2034,4.10861459618309,0.12620159296896458,NLD_M_N,0,0,0,0,0,42.5292659897442,49254.01588542638,8.6,2.14036,84.49477767944336,160.67667188499902,10.804746184096803,0.9246918833333334,1,0,0,0,0,0,1,1,0,0,0,0,0
NLD,M_N,2020,117468,71488,13591,1937,4.105025571642435,0.11569959478326013,NLD_M_N,0,0,0,0,0,42.6667277513049,47086.58041927016,10.7,2.26514,85.3370819091797,152.23323040970627,10.759743322619691,0.9246918833333334,1,0,0,0,0,0,1,1,0,0,0,0,0
NLD,M_N,2021,131034,75020,13687,1988,4.188327723276307,0.10445380588244273,NLD_M_N,0,0,0,0,0,42.9460563127039,49780.84405268357,12.2,2.21542,89.3898620605469,163.15484268969772,10.815385531436407,0.9246918833333334,1,0,0,0,0,0,1,1,0,0,0,0,0
NLD,M_N,2022,145331,82027,14371,2068,4.252431942859987,0.09888461511996752,NLD_M_N,0,0,0,0,0,43.5643185557355,51777.543158886394,12.2,2.17529,89.3898620605469,184.1074842526816,10.854711804495155,0.9246918833333334,1,0,0,0,0,0,1,1,0,0,0,0,0
NOR,C,2010,189608,123773,26269,230,6.714634753082544,0.13854373233196912,NOR_C,51.83333333333,273.37102513253666,5.614481296736021,NA,NA,35.2484740738801,72804.39561883984,56,1.6412,72.1170806884766,68.2395193584281,11.195531611741684,-0.4842254202898551,0,0,0,0,0,0,0,0,0,0,273.37102513253666,14661.98174603141,53.86017580684163
NOR,C,2011,191953,128966,28882,229,6.731283825822642,0.15046391564601752,NOR_C,52.733333333333,274.7200269510401,5.619385955765307,NA,NA,36.0526456056247,72660.67541249437,56,1.61714,71.0614166259766,69.59873363348326,11.193555601252143,-0.4842254202898551,0,0,0,0,0,0,0,0,0,0,273.37102513253666,15679.6619047616,54.23691961931253
NOR,C,2012,200074,137037,31200,231,6.76402486657526,0.15594230134850107,NOR_C,49.999999999997996,249.90753421233143,5.525084481667363,273.37102513253666,5.614481296736021,37.0178249972402,73661.6785830334,56.9,1.61053,71.7047576904297,68.49855283897661,11.207237977996718,-0.4842254202898551,0,0,0,1,0,5.525084481667363,0,0,0,0,273.37102513253666,16489.671428571197,54.51970209737044
NOR,C,2013,207342,144124,30292,234,6.78680376746497,0.14609678695102776,NOR_C,34.666666666666,167.1955834643536,5.125127489550552,274.7200269510401,5.619385955765307,37.6116803448105,73515.91449174721,56.6,1.64216,75.8635787963867,67.97279259368321,11.205257185460297,-0.4842254202898551,0,0,0,0,0,0,0,0,0,0,273.37102513253666,15576.566666666464,54.19988435459303
NOR,C,2014,217755,149789,32864,234,6.835804741205937,0.15092190764850405,NOR_C,25.333333333333,116.33869869042273,4.765064613359712,249.90753421233143,5.525084481667363,38.4850493294753,74180.32387310108,55.8,1.70369,78.109977722168,69.1373772209037,11.214254217077473,-0.4842254202898551,0,0,0,0,0,0,0,0,0,0,273.37102513253666,16389.097619047414,54.485355483840564
NOR,C,2015,217910,148300,30219,227,6.866887395009565,0.1386765178284613,NOR_C,24.833333333332003,113.96142138190999,4.744596605837601,167.1955834643536,5.125127489550552,39.5096431037131,74809.96580498976,56.5,1.92351,79.206428527832,70.431856540017,11.222706387774911,-0.4842254202898551,0,0,0,0,0,0,0,0,0,0,273.37102513253666,16268.664285714061,54.44394833798918
NOR,C,2016,207830,144339,36295,217,6.864578363272659,0.17463792522734928,NOR_C,50.666666666666,243.7889942100082,5.5003965913350665,116.33869869042273,4.765064613359712,40.2402948978253,75017.49447690551,57.7,2.03286,81.8827285766602,69.11684239746985,11.225476625009708,-0.4842254202898551,0,0,0,1,0,5.5003965913350665,0,0,0,0,273.37102513253666,17377.391666666455,54.81408464098781
NOR,C,2017,215260,143716,36840,213,6.918309713108864,0.1711418749419307,NOR_C,42.499999999997996,197.43565920281517,5.29046491258573,113.96142138190999,4.744596605837601,41.0328263217001,76247.41164453409,58.9,2.08168,83.7353363037109,69.10878176210608,11.241738748248038,-0.4842254202898551,0,0,0,1,0,5.29046491258573,0,0,0,0,273.37102513253666,17204.763333333194,54.75803431398504
NOR,C,2018,218314,148898,38919,216,6.9184112647260445,0.17827074763872222,NOR_C,49.166666666666,225.2107820234433,5.421467228432171,243.7889942100082,5.5003965913350665,41.5279365452303,76373.64746060915,58.9,2.03482,85.3883514404297,70.0031957894984,11.243392987127027,-0.4842254202898551,0,0,0,1,0,5.421467228432171,0,0,0,0,273.37102513253666,16453.60476190457,54.50740924511694
NOR,C,2019,225746,157989,49517,220,6.933538206054499,0.21934829410044918,NOR_C,39.666666666666,175.71370773642062,5.174530952640593,197.43565920281517,5.29046491258573,42.2722351352817,76712.2871160349,59.8,2.13599,85.7633819580078,70.89582052729865,11.247817171605151,-0.4842254202898551,0,0,0,1,0,5.174530952640593,0,0,0,0,273.37102513253666,16436.699999999662,54.50163820057722
NOR,C,2020,228046,155325,42599,216,6.962024234288698,0.18680003157257746,NOR_C,46.999999999999,206.09876954649062,5.333195827034253,225.2107820234433,5.421467228432171,44.3863056613216,75287.20595275977,60.9,2.24436,87.1685333251953,65.35397904133234,11.22906549168617,-0.4842254202898551,0,0,0,1,0,5.333195827034253,0,1,0,5.333195827034253,273.37102513253666,16008.299999999797,54.35337281002157
NOR,C,2021,242801,162078,45389,216,7.0247190490909786,0.18693909827389507,NOR_C,30.83333333333,126.99014144641085,4.851953241003513,175.71370773642062,5.174530952640593,44.9392216218255,77812.71156143826,61.4,1.88764,93.9243011474609,71.22271377595989,11.262060084499325,-0.4842254202898551,0,0,0,1,0,4.851953241003513,0,0,0,0,273.37102513253666,10765.499999999862,52.1259377260541
NOR,C,2022,279965,173152,50887,221,7.144257172820483,0.18176200596503134,NOR_C,31.666666666664,113.10937676732448,4.737157433748425,206.09876954649062,5.333195827034253,45.6644653158508,79620.16354550788,61.4,1.55081,97.6419830322266,82.60947983613892,11.285022650627907,-0.4842254202898551,0,0,0,1,0,4.737157433748425,1,0,4.737157433748425,0,273.37102513253666,6509.349999999925,49.301594001381254
NOR,D_E,2010,72350,17077,24098,28,7.857066221884426,0.33307532826537667,NOR_D_E,214.53333333332603,2965.215388159309,7.995042139130462,NA,NA,35.2484740738801,72804.39561883984,56,1.6412,72.1170806884766,68.2395193584281,11.195531611741684,-0.4190017,0,0,0,1,0,7.995042139130462,0,0,0,0,2965.215388159309,72489.88333333239,89.47424419416149
NOR,D_E,2011,70258,18332,25291,28,7.827724949540626,0.35997324148139714,NOR_D_E,228.66666666666103,3254.670879709941,8.08815364084322,NA,NA,36.0526456056247,72660.67541249437,56,1.61714,71.0614166259766,69.59873363348326,11.193555601252143,-0.4190017,0,0,0,1,0,8.08815364084322,0,0,0,0,2965.215388159309,76781.79269841174,89.9341170577516
NOR,D_E,2012,69271,19598,28094,29,7.7784857971898695,0.40556654299779127,NOR_D_E,172.866666666662,2495.5127927511085,7.822650154201963,2965.215388159309,7.995042139130462,37.0178249972402,73661.6785830334,56.9,1.61053,71.7047576904297,68.49855283897661,11.207237977996718,-0.4190017,0,0,0,1,0,7.822650154201963,0,0,0,0,2965.215388159309,76172.65714285633,89.87043762238069
NOR,D_E,2013,71835,20758,28625,29,7.814831271458345,0.3984826338136006,NOR_D_E,115.66666666666,1610.1714577387067,7.3847168068984415,3254.670879709941,8.08815364084322,37.6116803448105,73515.91449174721,56.6,1.64216,75.8635787963867,67.97279259368321,11.205257185460297,-0.4190017,0,0,0,1,0,7.3847168068984415,0,0,0,0,2965.215388159309,70893.88571428513,89.2962544911384
NOR,D_E,2014,72253,22167,33361,30,7.786731745941838,0.461724772673799,NOR_D_E,108.49999999999503,1501.6677508199662,7.314997307977521,2495.5127927511085,7.822650154201963,38.4850493294753,74180.32387310108,55.8,1.70369,78.109977722168,69.1373772209037,11.214254217077473,-0.4190017,0,0,0,1,0,7.314997307977521,0,0,0,0,2965.215388159309,68752.89999999948,89.05108784363728
NOR,D_E,2015,71030,23450,34880,30,7.7696602203297,0.4910601154441785,NOR_D_E,109.899999999997,1547.2335632830773,7.344869923442151,1610.1714577387067,7.3847168068984415,39.5096431037131,74809.96580498976,56.5,1.92351,79.206428527832,70.431856540017,11.222706387774911,-0.4190017,0,0,0,1,1,7.344869923442151,0,0,0,0,2965.215388159309,63864.64047618999,88.4614378701881
NOR,D_E,2016,78704,24714,40326,31,7.8394620545499745,0.5123754828217117,NOR_D_E,158.899999999994,2018.9571051025869,7.610831555072053,1501.6677508199662,7.314997307977521,40.2402948978253,75017.49447690551,57.7,2.03286,81.8827285766602,69.11684239746985,11.225476625009708,-0.4190017,0,0,0,1,1,7.610831555072053,0,0,0,0,2965.215388159309,66136.19999999953,88.74086349904051
NOR,D_E,2017,84975,25746,42565,32,7.8843764717645906,0.500912032950868,NOR_D_E,188.999999999998,2224.1835834068606,7.70759470059297,1547.2335632830773,7.344869923442151,41.0328263217001,76247.41164453409,58.9,2.08168,83.7353363037109,69.10878176210608,11.241738748248038,-0.4190017,0,0,0,1,1,7.70759470059297,0,0,0,0,2965.215388159309,63499.72777777735,88.4156251423263
NOR,D_E,2018,103575,26961,50196,32,8.082315364145876,0.48463432295438086,NOR_D_E,211.083333333332,2037.9757019872752,7.6202028538714135,2018.9571051025869,7.610831555072053,41.5279365452303,76373.64746060915,58.9,2.03482,85.3883514404297,70.0031957894984,11.243392987127027,-0.4190017,0,0,0,1,1,7.6202028538714135,0,0,0,0,2965.215388159309,59434.42285714244,87.88666536820539
NOR,D_E,2019,100466,28536,53415,33,8.02106707931786,0.5316724065853125,NOR_D_E,225.9,2248.521888001911,7.718472978396997,2224.1835834068606,7.70759470059297,42.2722351352817,76712.2871160349,59.8,2.13599,85.7633819580078,70.89582052729865,11.247817171605151,-0.4190017,0,0,0,1,1,7.718472978396997,0,0,0,0,2965.215388159309,58152.664285713756,87.71236144364752
NOR,D_E,2020,76949,29517,56447,33,7.754390582264511,0.7335637890031059,NOR_D_E,279.333333333332,3630.109986267944,8.197293661858343,2037.9757019872752,7.6202028538714135,44.3863056613216,75287.20595275977,60.9,2.24436,87.1685333251953,65.35397904133234,11.22906549168617,-0.4190017,0,0,0,1,1,8.197293661858343,0,1,0,8.197293661858343,2965.215388159309,62360.21428571374,88.27085211284111
NOR,D_E,2021,146011,31858,50689,35,8.336089178828713,0.3471587757086795,NOR_D_E,232.999999999999,1595.7701816986323,7.375738231596916,2248.521888001911,7.718472978396997,44.9392216218255,77812.71156143826,61.4,1.88764,93.9243011474609,71.22271377595989,11.262060084499325,-0.4190017,0,0,0,1,0,7.375738231596916,0,0,0,0,2965.215388159309,57967.13333333291,87.68681362962822
NOR,D_E,2022,227440,34796,49064,35,8.779293684835467,0.21572282799859305,NOR_D_E,155.083333333332,681.8648141634366,6.526296910497642,3630.109986267944,8.197293661858343,45.6644653158508,79620.16354550788,61.4,1.55081,97.6419830322266,82.60947983613892,11.285022650627907,-0.4190017,0,0,0,1,0,6.526296910497642,1,0,6.526296910497642,0,2965.215388159309,48294.583333332805,86.22729214226032
NOR,G,2010,181877,133623,10973,353,6.244617856477709,0.060331982603627723,NOR_G,0,0,0,NA,NA,35.2484740738801,72804.39561883984,56,1.6412,72.1170806884766,68.2395193584281,11.195531611741684,0.06857736764705884,1,0,0,0,0,0,0,0,0,0,0,0,0
NOR,G,2011,184055,137400,12947,350,6.265056750485538,0.07034310396348917,NOR_G,0,0,0,NA,NA,36.0526456056247,72660.67541249437,56,1.61714,71.0614166259766,69.59873363348326,11.193555601252143,0.06857736764705884,1,0,0,0,0,0,0,0,0,0,0,0,0
NOR,G,2012,195196,144526,12680,355,6.309641671472475,0.0649603475481055,NOR_G,0,0,0,0,0,37.0178249972402,73661.6785830334,56.9,1.61053,71.7047576904297,68.49855283897661,11.207237977996718,0.06857736764705884,1,0,0,0,0,0,0,0,0,0,0,0,0
NOR,G,2013,194847,150627,14854,354,6.31067300105574,0.07623417347970458,NOR_G,0,0,0,0,0,37.6116803448105,73515.91449174721,56.6,1.64216,75.8635787963867,67.97279259368321,11.205257185460297,0.06857736764705884,1,0,0,0,0,0,0,0,0,0,0,0,0
NOR,G,2014,210433,154201,15433,358,6.3763896052527045,0.0733392576259427,NOR_G,0,0,0,0,0,38.4850493294753,74180.32387310108,55.8,1.70369,78.109977722168,69.1373772209037,11.214254217077473,0.06857736764705884,1,0,0,0,0,0,0,0,0,0,0,0,0
NOR,G,2015,216602,159640,14222,361,6.3969388887838585,0.06565959686429489,NOR_G,0,0,0,0,0,39.5096431037131,74809.96580498976,56.5,1.92351,79.206428527832,70.431856540017,11.222706387774911,0.06857736764705884,1,0,0,0,0,0,0,0,0,0,0,0,0
NOR,G,2016,227142,163601,17485,360,6.4472266200989194,0.07697827790545121,NOR_G,0,0,0,0,0,40.2402948978253,75017.49447690551,57.7,2.03286,81.8827285766602,69.11684239746985,11.225476625009708,0.06857736764705884,1,0,0,0,0,0,0,0,0,0,0,0,0
NOR,G,2017,233443,169312,20701,361,6.471815256609147,0.08867689328872573,NOR_G,0,0,0,0,0,41.0328263217001,76247.41164453409,58.9,2.08168,83.7353363037109,69.10878176210608,11.241738748248038,0.06857736764705884,1,0,0,0,0,0,0,0,0,0,0,0,0
NOR,G,2018,251022,174216,22693,361,6.5444179053424465,0.09040243484634813,NOR_G,0,0,0,0,0,41.5279365452303,76373.64746060915,58.9,2.03482,85.3883514404297,70.0031957894984,11.243392987127027,0.06857736764705884,1,0,0,0,0,0,0,0,0,0,0,0,0
NOR,G,2019,260554,179868,23922,358,6.590032425958522,0.09181206199098843,NOR_G,0,0,0,0,0,42.2722351352817,76712.2871160349,59.8,2.13599,85.7633819580078,70.89582052729865,11.247817171605151,0.06857736764705884,1,0,0,0,0,0,0,0,0,0,0,0,0
NOR,G,2020,281534,179729,26198,352,6.684377325197815,0.0930544800983185,NOR_G,0,0,0,0,0,44.3863056613216,75287.20595275977,60.9,2.24436,87.1685333251953,65.35397904133234,11.22906549168617,0.06857736764705884,1,0,0,0,0,0,0,1,0,0,0,0,0
NOR,G,2021,301172,193016,26296,356,6.740506078247274,0.08731223354096662,NOR_G,0,0,0,0,0,44.9392216218255,77812.71156143826,61.4,1.88764,93.9243011474609,71.22271377595989,11.262060084499325,0.06857736764705884,1,0,0,0,0,0,0,0,0,0,0,0,0
NOR,G,2022,318052,204500,30348,364,6.7728163027698844,0.09541835926200747,NOR_G,0,0,0,0,0,45.6644653158508,79620.16354550788,61.4,1.55081,97.6419830322266,82.60947983613892,11.285022650627907,0.06857736764705884,1,0,0,0,0,0,1,0,0,0,0,0,0
NOR,H,2010,129195,73928,34036,164,6.669211742067185,0.2634467278145439,NOR_H,19.5,150.9346336932544,5.023450386860168,NA,NA,35.2484740738801,72804.39561883984,56,1.6412,72.1170806884766,68.2395193584281,11.195531611741684,-0.3927636321428572,0,0,0,1,0,5.023450386860168,0,0,0,0,150.9346336932544,28134.82999999984,51.46424016322259
NOR,H,2011,131248,77495,37589,163,6.691093741435769,0.2863967450932586,NOR_H,27.5,209.52700231622575,5.349613921932343,NA,NA,36.0526456056247,72660.67541249437,56,1.61714,71.0614166259766,69.59873363348326,11.193555601252143,-0.3927636321428572,0,0,0,1,0,5.349613921932343,0,0,0,0,150.9346336932544,33274.599999999824,52.307077394862816
NOR,H,2012,135725,81514,31101,165,6.712440584873072,0.2291471725916375,NOR_H,8,58.942715048811934,4.093389356972321,150.9346336932544,5.023450386860168,37.0178249972402,73661.6785830334,56.9,1.61053,71.7047576904297,68.49855283897661,11.207237977996718,-0.3927636321428572,0,0,0,1,0,4.093389356972321,0,0,0,0,150.9346336932544,31950.53888888869,52.10310496180221
NOR,H,2013,149017,85437,25057,165,6.805870198478527,0.16814860049524552,NOR_H,31.333333333333,210.266837564392,5.353121967507879,209.52700231622575,5.349613921932343,37.6116803448105,73515.91449174721,56.6,1.64216,75.8635787963867,67.97279259368321,11.205257185460297,-0.3927636321428572,0,0,0,1,0,5.353121967507879,0,0,0,0,150.9346336932544,30753.466666666536,51.91128398612114
NOR,H,2014,150889,84398,20973,160,6.849125930907486,0.13899621576125495,NOR_H,28.333333333333,187.77600311045208,5.24056114346402,58.942715048811934,4.093389356972321,38.4850493294753,74180.32387310108,55.8,1.70369,78.109977722168,69.1373772209037,11.214254217077473,-0.3927636321428572,0,0,0,0,0,0,0,0,0,0,150.9346336932544,31041.749999999825,51.958153007276
NOR,H,2015,154582,87225,17719,160,6.87330616362772,0.11462524744148736,NOR_H,48,310.514807674891,5.741446873774693,210.266837564392,5.353121967507879,39.5096431037131,74809.96580498976,56.5,1.92351,79.206428527832,70.431856540017,11.222706387774911,-0.3927636321428572,0,0,0,0,0,0,0,0,0,0,150.9346336932544,30060.32999999981,51.796771355345555
NOR,H,2016,146536,87563,25368,159,6.826122208819822,0.17311786864661244,NOR_H,72.333333333333,493.6215901439442,6.203793005861142,187.77600311045208,5.24056114346402,40.2402948978253,75017.49447690551,57.7,2.03286,81.8827285766602,69.11684239746985,11.225476625009708,-0.3927636321428572,0,0,0,1,0,6.203793005861142,0,0,0,0,150.9346336932544,32495.929999999862,52.18812825679925
NOR,H,2017,143759,86655,20508,157,6.819647760047098,0.14265541635654116,NOR_H,67.333333333332,468.37647266141255,6.151405160007831,310.514807674891,5.741446873774693,41.0328263217001,76247.41164453409,58.9,2.08168,83.7353363037109,69.10878176210608,11.241738748248038,-0.3927636321428572,0,0,0,0,0,0,0,0,0,0,150.9346336932544,32623.599999999868,52.20782511381609
NOR,H,2018,136944,90980,28441,158,6.764732329094424,0.20768343264400047,NOR_H,72.333333333333,528.1964403941246,6.271359705827635,493.6215901439442,6.203793005861142,41.5279365452303,76373.64746060915,58.9,2.03482,85.3883514404297,70.0031957894984,11.243392987127027,-0.3927636321428572,0,0,0,1,0,6.271359705827635,0,0,0,0,150.9346336932544,32170.76333333314,52.13761007560315
NOR,H,2019,143651,95249,52585,158,6.812546992720666,0.36606080013365727,NOR_H,91.166666666666,634.6399723403666,6.4546323218298145,468.37647266141255,6.151405160007831,42.2722351352817,76712.2871160349,59.8,2.13599,85.7633819580078,70.89582052729865,11.247817171605151,-0.3927636321428572,0,0,0,1,1,6.4546323218298145,0,0,0,0,150.9346336932544,31356.883333333066,52.00889191933676
NOR,H,2020,111511,91309,41272,151,6.604598682909851,0.37011595268628206,NOR_H,56.25,504.4345400902153,6.225418534704783,528.1964403941246,6.271359705827635,44.3863056613216,75287.20595275977,60.9,2.24436,87.1685333251953,65.35397904133234,11.22906549168617,-0.3927636321428572,0,0,0,1,1,6.225418534704783,0,1,0,6.225418534704783,150.9346336932544,27397.91666666651,51.33091589022395
NOR,H,2021,116360,94295,46621,147,6.674011525830402,0.4006617394293572,NOR_H,69.333333333333,595.8519537068838,6.391669098898987,634.6399723403666,6.4546323218298145,44.9392216218255,77812.71156143826,61.4,1.88764,93.9243011474609,71.22271377595989,11.262060084499325,-0.3927636321428572,0,0,0,1,1,6.391669098898987,0,0,0,0,150.9346336932544,17181.116666666545,48.986801330668946
NOR,H,2022,149951,104842,48722,153,6.887625931652113,0.3249194736947403,NOR_H,26.333333333333,175.61292244355158,5.173960459012353,504.4345400902153,6.225418534704783,45.6644653158508,79620.16354550788,61.4,1.55081,97.6419830322266,82.60947983613892,11.285022650627907,-0.3927636321428572,0,0,0,1,1,5.173960459012353,1,0,5.173960459012353,0,150.9346336932544,11065.049999999921,46.77654720223814
NOR,J,2010,95343,55083,17511,85,7.022584938104472,0.18366319499071773,NOR_J,1.666666666666,17.480744959420196,2.9167293770579823,NA,NA,35.2484740738801,72804.39561883984,56,1.6412,72.1170806884766,68.2395193584281,11.195531611741684,1.2675550444444446,1,17.480744959420196,2.9167293770579823,1,0,2.9167293770579823,0,0,0,0,17.480744959420196,3645.233333333217,23.921410004409445
NOR,J,2011,98626,58860,17093,87,7.033182078859172,0.17331129722385577,NOR_J,9.099999999999,92.2677590087705,4.53547448552582,NA,NA,36.0526456056247,72660.67541249437,56,1.61714,71.0614166259766,69.59873363348326,11.193555601252143,1.2675550444444446,1,92.2677590087705,4.53547448552582,1,0,4.53547448552582,0,0,0,0,17.480744959420196,4123.914285714129,24.281190232883404
NOR,J,2012,103657,62595,18952,88,7.071505836078804,0.18283376906528262,NOR_J,11.309523809522,109.1052587815777,4.701436806271707,17.480744959420196,2.9167293770579823,37.0178249972402,73661.6785830334,56.9,1.61053,71.7047576904297,68.49855283897661,11.207237977996718,1.2675550444444446,1,109.1052587815777,4.701436806271707,1,0,4.701436806271707,0,0,0,0,17.480744959420196,5127.384126983871,24.916294591760018
NOR,J,2013,108300,65315,20709,89,7.104024063256942,0.19121883656509694,NOR_J,1.999999999999,18.46722068327793,2.9687320605185286,92.2677590087705,4.53547448552582,37.6116803448105,73515.91449174721,56.6,1.64216,75.8635787963867,67.97279259368321,11.205257185460297,1.2675550444444446,1,18.46722068327793,2.9687320605185286,1,0,2.9687320605185286,0,0,0,0,17.480744959420196,4936.742658729975,24.80580203016094
NOR,J,2014,110561,68809,19551,91,7.1024631773062605,0.17683450764736208,NOR_J,7.75,70.0970504970107,4.2640458520810745,109.1052587815777,4.701436806271707,38.4850493294753,74180.32387310108,55.8,1.70369,78.109977722168,69.1373772209037,11.214254217077473,1.2675550444444446,1,70.0970504970107,4.2640458520810745,1,0,4.2640458520810745,0,0,0,0,17.480744959420196,4852.038095237982,24.755332826699988
NOR,J,2015,114160,71921,22188,92,7.123567675101678,0.19435879467414155,NOR_J,4.5,39.418360196215836,3.6992841420336697,18.46722068327793,2.9687320605185286,39.5096431037131,74809.96580498976,56.5,1.92351,79.206428527832,70.431856540017,11.222706387774911,1.2675550444444446,1,39.418360196215836,3.6992841420336697,1,0,3.6992841420336697,0,0,0,0,17.480744959420196,4655.2809523808655,24.63461561155432
NOR,J,2016,117380,73112,24168,92,7.1513832370632855,0.20589538251831657,NOR_J,4.5,38.33702504685636,3.6721661885167176,70.0970504970107,4.2640458520810745,40.2402948978253,75017.49447690551,57.7,2.03286,81.8827285766602,69.11684239746985,11.225476625009708,1.2675550444444446,1,38.33702504685636,3.6721661885167176,1,0,3.6721661885167176,0,0,0,0,17.480744959420196,4584.09642857132,24.58968073015175
NOR,J,2017,121923,76362,30385,93,7.1785454837637,0.24921466827423866,NOR_J,6.833333333333,56.046302447717004,4.043863261722424,39.418360196215836,3.6992841420336697,41.0328263217001,76247.41164453409,58.9,2.08168,83.7353363037109,69.10878176210608,11.241738748248038,1.2675550444444446,1,56.046302447717004,4.043863261722424,1,0,4.043863261722424,0,0,0,0,17.480744959420196,4535.678571428437,24.55871677574637
NOR,J,2018,133095,80668,35626,96,7.234470246469711,0.2676734663210489,NOR_J,17,127.72831436192193,4.857704093217148,38.33702504685636,3.6721661885167176,41.5279365452303,76373.64746060915,58.9,2.03482,85.3883514404297,70.0031957894984,11.243392987127027,1.2675550444444446,1,127.72831436192193,4.857704093217148,1,1,4.857704093217148,0,0,0,0,17.480744959420196,4324.719047618959,24.41983153870524
NOR,J,2019,146400,87014,35515,101,7.278977363668089,0.24258879781420764,NOR_J,5.533333333333,37.79599271402323,3.658316960729011,56.046302447717004,4.043863261722424,42.2722351352817,76712.2871160349,59.8,2.13599,85.7633819580078,70.89582052729865,11.247817171605151,1.2675550444444446,1,37.79599271402323,3.658316960729011,1,0,3.658316960729011,0,0,0,0,17.480744959420196,4401.752380952238,24.471316205185342
NOR,J,2020,149173,88134,45707,99,7.317742135093587,0.3064026331842894,NOR_J,6.283333333333,42.121116645324555,3.7640128224928184,127.72831436192193,4.857704093217148,44.3863056613216,75287.20595275977,60.9,2.24436,87.1685333251953,65.35397904133234,11.22906549168617,1.2675550444444446,1,42.121116645324555,3.7640128224928184,1,1,3.7640128224928184,0,1,0,3.7640128224928184,17.480744959420196,4490.349999999846,24.529427482773098
NOR,J,2021,158712,97421,47771,105,7.320886167865084,0.3009917334543072,NOR_J,3.5,22.052522808609307,3.137775212850876,37.79599271402323,3.658316960729011,44.9392216218255,77812.71156143826,61.4,1.88764,93.9243011474609,71.22271377595989,11.262060084499325,1.2675550444444446,1,22.052522808609307,3.137775212850876,1,1,3.137775212850876,0,0,0,0,17.480744959420196,4175.933333333194,24.317742932248986
NOR,J,2022,167215,108827,41300,113,7.299647869815095,0.2469874114164399,NOR_J,4.833333333333,28.904902869557155,3.39802244252459,42.121116645324555,3.7640128224928184,45.6644653158508,79620.16354550788,61.4,1.55081,97.6419830322266,82.60947983613892,11.285022650627907,1.2675550444444446,1,28.904902869557155,3.39802244252459,1,0,3.39802244252459,1,0,3.39802244252459,0,17.480744959420196,2172.19999999992,22.412020240030746
NOR,K,2010,100041,39546,5637,51,7.58150974821887,0.05634689777191351,NOR_K,0,0,0,NA,NA,35.2484740738801,72804.39561883984,56,1.6412,72.1170806884766,68.2395193584281,11.195531611741684,2.05267,1,0,0,0,0,0,0,0,0,0,0,0,0
NOR,K,2011,97310,40388,9609,50,7.573634032387889,0.09874627479190216,NOR_K,0,0,0,NA,NA,36.0526456056247,72660.67541249437,56,1.61714,71.0614166259766,69.59873363348326,11.193555601252143,2.05267,1,0,0,0,0,0,0,0,0,0,0,0,0
NOR,K,2012,119534,42195,6204,50,7.779333123286202,0.05190155102313986,NOR_K,0,0,0,0,0,37.0178249972402,73661.6785830334,56.9,1.61053,71.7047576904297,68.49855283897661,11.207237977996718,2.05267,1,0,0,0,0,0,0,0,0,0,0,0,0
NOR,K,2013,134470,43382,7595,49,7.917276106707289,0.05648099947943779,NOR_K,0,0,0,0,0,37.6116803448105,73515.91449174721,56.6,1.64216,75.8635787963867,67.97279259368321,11.205257185460297,2.05267,1,0,0,0,0,0,0,0,0,0,0,0,0
NOR,K,2014,140337,45347,7116,49,7.959981653810479,0.050706513606532846,NOR_K,0,0,0,0,0,38.4850493294753,74180.32387310108,55.8,1.70369,78.109977722168,69.1373772209037,11.214254217077473,2.05267,1,0,0,0,0,0,0,0,0,0,0,0,0
NOR,K,2015,143370,46320,4288,48,8.001982969332422,0.029908628025388854,NOR_K,0,0,0,0,0,39.5096431037131,74809.96580498976,56.5,1.92351,79.206428527832,70.431856540017,11.222706387774911,2.05267,1,0,0,0,0,0,0,0,0,0,0,0,0
NOR,K,2016,154433,47454,4237,47,8.097368022595578,0.027435845965564355,NOR_K,0,0,0,0,0,40.2402948978253,75017.49447690551,57.7,2.03286,81.8827285766602,69.11684239746985,11.225476625009708,2.05267,1,0,0,0,0,0,0,0,0,0,0,0,0
NOR,K,2017,161874,47497,6373,47,8.14442593210062,0.0393701273830263,NOR_K,0,0,0,0,0,41.0328263217001,76247.41164453409,58.9,2.08168,83.7353363037109,69.10878176210608,11.241738748248038,2.05267,1,0,0,0,0,0,0,0,0,0,0,0,0
NOR,K,2018,156809,49142,8359,46,8.134142386721333,0.05330688927293714,NOR_K,0,0,0,0,0,41.5279365452303,76373.64746060915,58.9,2.03482,85.3883514404297,70.0031957894984,11.243392987127027,2.05267,1,0,0,0,0,0,0,0,0,0,0,0,0
NOR,K,2019,156984,50580,15287,47,8.113751566599099,0.09737935076186108,NOR_K,0,0,0,0,0,42.2722351352817,76712.2871160349,59.8,2.13599,85.7633819580078,70.89582052729865,11.247817171605151,2.05267,1,0,0,0,0,0,0,0,0,0,0,0,0
NOR,K,2020,177168,52688,13624,47,8.234706112227832,0.07689876275625396,NOR_K,0,0,0,0,0,44.3863056613216,75287.20595275977,60.9,2.24436,87.1685333251953,65.35397904133234,11.22906549168617,2.05267,1,0,0,0,0,0,0,1,0,0,0,0,0
NOR,K,2021,173253,56309,10216,48,8.191307222011654,0.058965789914171764,NOR_K,0,0,0,0,0,44.9392216218255,77812.71156143826,61.4,1.88764,93.9243011474609,71.22271377595989,11.262060084499325,2.05267,1,0,0,0,0,0,0,0,0,0,0,0,0
NOR,K,2022,169384,60258,11636,50,8.127900600307626,0.06869598073017523,NOR_K,0,0,0,0,0,45.6644653158508,79620.16354550788,61.4,1.55081,97.6419830322266,82.60947983613892,11.285022650627907,2.05267,1,0,0,0,0,0,1,0,0,0,0,0,0
NOR,M_N,2010,157484,110562,16366,236,6.503247339760288,0.10392166823296335,NOR_M_N,0,0,0,NA,NA,35.2484740738801,72804.39561883984,56,1.6412,72.1170806884766,68.2395193584281,11.195531611741684,0.9246918833333334,1,0,0,0,0,0,0,0,0,0,0,0,0
NOR,M_N,2011,167551,121292,16758,244,6.531874836222095,0.10001730816288772,NOR_M_N,0,0,0,NA,NA,36.0526456056247,72660.67541249437,56,1.61714,71.0614166259766,69.59873363348326,11.193555601252143,0.9246918833333334,1,0,0,0,0,0,0,0,0,0,0,0,0
NOR,M_N,2012,186711,131603,20276,254,6.599982978826025,0.10859563710761551,NOR_M_N,0,0,0,0,0,37.0178249972402,73661.6785830334,56.9,1.61053,71.7047576904297,68.49855283897661,11.207237977996718,0.9246918833333334,1,0,0,0,0,0,0,0,0,0,0,0,0
NOR,M_N,2013,198600,140384,21447,257,6.649971945697989,0.10799093655589125,NOR_M_N,0,0,0,0,0,37.6116803448105,73515.91449174721,56.6,1.64216,75.8635787963867,67.97279259368321,11.205257185460297,0.9246918833333334,1,0,0,0,0,0,0,0,0,0,0,0,0
NOR,M_N,2014,206716,146398,21749,261,6.674580742221269,0.1052119816559918,NOR_M_N,0,0,0,0,0,38.4850493294753,74180.32387310108,55.8,1.70369,78.109977722168,69.1373772209037,11.214254217077473,0.9246918833333334,1,0,0,0,0,0,0,0,0,0,0,0,0
NOR,M_N,2015,201732,148592,21445,258,6.661735777899442,0.10630440386255031,NOR_M_N,0,0,0,0,0,39.5096431037131,74809.96580498976,56.5,1.92351,79.206428527832,70.431856540017,11.222706387774911,0.9246918833333334,1,0,0,0,0,0,0,0,0,0,0,0,0
NOR,M_N,2016,199161,147835,36705,257,6.652792736936865,0.18429813065811076,NOR_M_N,0,0,0,0,0,40.2402948978253,75017.49447690551,57.7,2.03286,81.8827285766602,69.11684239746985,11.225476625009708,0.9246918833333334,1,0,0,1,1,0,0,0,0,0,0,0,0
NOR,M_N,2017,210723,153970,31876,265,6.678569927791592,0.15126967630491214,NOR_M_N,0,0,0,0,0,41.0328263217001,76247.41164453409,58.9,2.08168,83.7353363037109,69.10878176210608,11.241738748248038,0.9246918833333334,1,0,0,0,0,0,0,0,0,0,0,0,0
NOR,M_N,2018,232552,167001,34656,279,6.725657353094905,0.1490247342529843,NOR_M_N,0,0,0,0,0,41.5279365452303,76373.64746060915,58.9,2.03482,85.3883514404297,70.0031957894984,11.243392987127027,0.9246918833333334,1,0,0,0,0,0,0,0,0,0,0,0,0
NOR,M_N,2019,253926,180425,32638,289,6.778371476858235,0.12853350976268677,NOR_M_N,0,0,0,0,0,42.2722351352817,76712.2871160349,59.8,2.13599,85.7633819580078,70.89582052729865,11.247817171605151,0.9246918833333334,1,0,0,0,0,0,0,0,0,0,0,0,0
NOR,M_N,2020,251576,175589,34917,277,6.811482903564062,0.13879304862149014,NOR_M_N,0,0,0,0,0,44.3863056613216,75287.20595275977,60.9,2.24436,87.1685333251953,65.35397904133234,11.22906549168617,0.9246918833333334,1,0,0,0,0,0,0,1,0,0,0,0,0
NOR,M_N,2021,263168,188981,36951,281,6.842193221160927,0.14040840831712062,NOR_M_N,0,0,0,0,0,44.9392216218255,77812.71156143826,61.4,1.88764,93.9243011474609,71.22271377595989,11.262060084499325,0.9246918833333334,1,0,0,0,0,0,0,0,0,0,0,0,0
NOR,M_N,2022,301958,211688,46162,300,6.914260739181598,0.15287556547599335,NOR_M_N,0,0,0,0,0,45.6644653158508,79620.16354550788,61.4,1.55081,97.6419830322266,82.60947983613892,11.285022650627907,0.9246918833333334,1,0,0,1,0,0,1,0,0,0,0,0,0
POL,C,2010,233113,107584,44450,2855.9,4.4021362846836585,0.19068005645330804,POL_C,68.41666666666501,293.49142547461963,5.68524988713168,NA,NA,15.378511671936,10808.39756742376,9.5,0.72252,76.5571212768555,82.22585232199216,9.288078663514181,-0.4842254202898551,0,0,0,0,0,0,1,0,5.68524988713168,0,293.49142547461963,14645.398412698076,54.532631188558256
POL,C,2011,252402,115526,51078,2892.4,4.468936447247273,0.2023676516033946,POL_C,91.91666666666501,364.16774299199295,5.900356817853692,NA,NA,18.2475205937044,11370.313427172998,10.4,0.74726,75.8021011352539,86.9236892837618,9.33876115251882,-0.4842254202898551,0,0,0,1,0,5.900356817853692,1,0,5.900356817853692,0,293.49142547461963,15640.47857142827,54.90633292757103
POL,C,2012,268586,120533,51159,2878.8,4.535797619964551,0.19047530399946386,POL_C,149.369047619043,556.1311744433551,6.322800713894749,293.49142547461963,5.68524988713168,18.0079998184474,11542.235336801396,10.9,0.88476,75.0382919311523,88.82990330665832,9.353768224666355,-0.4842254202898551,0,0,0,0,0,0,1,0,6.322800713894749,0,293.49142547461963,16390.30238095215,55.172542383128096
POL,C,2013,254807,123967,53415,2941,4.46175673627626,0.20962924880399675,POL_C,108.583333333333,426.1395225929154,6.057110710660287,364.16774299199295,5.900356817853692,18.3773931656078,11628.22868095249,11.4,0.8807,73.317268371582,90.41750724156292,9.361190927889968,-0.4842254202898551,0,0,0,1,0,6.057110710660287,1,0,6.057110710660287,0,293.49142547461963,15502.649999999798,54.85601398387762
POL,C,2014,289160,132758,62983,3004.8,4.56676915810029,0.21781366717388298,POL_C,122.366666666666,423.17978512472683,6.050157386880819,556.1311744433551,6.322800713894749,18.904567196757,12093.162278739426,11.6,0.9454,70.2389678955078,92.03401971131778,9.400395470924497,-0.4842254202898551,0,0,0,1,0,6.050157386880819,1,0,6.050157386880819,0,293.49142547461963,16292.06428571408,55.13836642326189
POL,C,2015,319738,140624,71654,3093.7,4.638134124846827,0.22410223370384502,POL_C,116.083333333324,363.05767013405983,5.897312289521562,426.1395225929154,6.057110710660287,18.9867934497166,12637.522032440616,11.9,0.99807,69.3731994628906,92.25542727419422,9.444425606744863,-0.4842254202898551,0,0,0,1,0,5.897312289521562,1,0,5.897312289521562,0,293.49142547461963,16177.414285714069,55.0982193996667
POL,C,2016,341008,154912,76857,3260.3,4.650086721734388,0.22538180922441703,POL_C,128.48611111110603,376.78327520499823,5.9343206851753845,423.17978512472683,6.050157386880819,19.1513139299534,13026.185898871834,11.3,0.9616,69.8503799438477,96.8659028060623,9.474716910374989,-0.4842254202898551,0,0,0,1,0,5.9343206851753845,1,0,5.9343206851753845,0,293.49142547461963,17299.572222222014,55.47948178074054
POL,C,2017,337183,168336,76871,3405.2,4.595322134645181,0.22798005830661688,POL_C,112.116666666665,332.50984381378953,5.809672381603097,363.05767013405983,5.897312289521562,19.9531726069815,13695.645284872391,11.1,1.03055,70.6174621582031,100.5658952462796,9.524833198869176,-0.4842254202898551,0,0,0,1,1,5.809672381603097,1,0,5.809672381603097,0,293.49142547461963,17135.146666666526,55.425190460007606
POL,C,2018,354032,180307,84496,3456.5,4.6291307881253925,0.23866769105617572,POL_C,109.78333333333201,310.09437941579296,5.740096336931619,376.78327520499823,5.9343206851753845,20.5313862679212,14551.085027708908,15.1,1.19426,71.0217437744141,102.4424621680053,9.585420842170386,-0.4842254202898551,0,0,0,1,1,5.740096336931619,1,0,5.740096336931619,0,293.49142547461963,16392.988095237903,55.17347383480367
POL,C,2019,385535,197966,94845,3450.7,4.716054871049534,0.2460087929759944,POL_C,147.583333333332,382.8013885466482,5.9501252014582695,332.50984381378953,5.809672381603097,20.5043205670712,15221.309062445382,15.6,1.3088,70.9065017700195,101.58103381737295,9.630451637076176,-0.4842254202898551,0,0,0,1,1,5.9501252014582695,1,0,5.9501252014582695,0,293.49142547461963,16328.783333332995,55.15116463462139
POL,C,2020,382989,201578,87258,3343.8,4.74089838332016,0.22783421978176918,POL_C,110.66666666666,288.9552093314952,5.669726460470749,310.09437941579296,5.740096336931619,21.9255858346119,15090.22284401132,16.1,1.37128,70.9730377197266,99.2590912303436,9.621802319314307,-0.4842254202898551,0,0,0,1,1,5.669726460470749,1,0,5.669726460470749,0,293.49142547461963,15944.633333333135,55.01582373997336
POL,C,2021,460459,221421,88505,3311.7,4.934762165362285,0.19221038138031835,POL_C,71.66666666666501,155.64179800300354,5.053961657285037,382.8013885466482,5.9501252014582695,22.8165643900514,16368.6239689025,15.2,1.41558,72.2060623168945,110.87428302194462,9.70312160873207,-0.4842254202898551,0,0,0,1,0,5.053961657285037,1,0,5.053961657285037,0,293.49142547461963,10724.666666666528,52.761364068715096
POL,C,2022,547341,250613,109414,3372.3,5.0894770044005995,0.19990097580849964,POL_C,71.16666666666501,130.02253927015337,4.875369363898656,288.9552093314952,5.669726460470749,23.8373449056172,17303.644943229963,15.2,1.44162,75.2911071777344,123.02133286034471,9.758672448653886,-0.4842254202898551,0,0,0,1,0,4.875369363898656,1,0,4.875369363898656,0,293.49142547461963,6469.849999999924,49.88842453428479
POL,D_E,2010,55997,20702,29962,326.8,5.1437050338678665,0.5350643784488455,POL_D_E,394.79999999999694,7050.377698805239,8.860978294984898,NA,NA,15.378511671936,10808.39756742376,9.5,0.72252,76.5571212768555,82.22585232199216,9.288078663514181,-0.4190017,0,0,0,1,1,8.860978294984898,1,0,8.860978294984898,0,7050.377698805239,72309.61666666571,99.14306035433832
POL,D_E,2011,57596,21236,31157,324.8,5.177998791540638,0.540957705396208,POL_D_E,525.249999999992,9119.556913674422,9.118286146299859,NA,NA,18.2475205937044,11370.313427172998,10.4,0.74726,75.8021011352539,86.9236892837618,9.33876115251882,-0.4190017,0,0,0,1,1,9.118286146299859,1,0,9.118286146299859,0,7050.377698805239,76485.20936507841,99.64051119745648
POL,D_E,2012,65033,22310,30747,328.6,5.287808906750162,0.47279073701044083,POL_D_E,613.604761904754,9435.283039453108,9.152317435780661,7050.377698805239,8.860978294984898,18.0079998184474,11542.235336801396,10.9,0.88476,75.0382919311523,88.82990330665832,9.353768224666355,-0.4190017,0,0,0,1,0,9.152317435780661,1,0,9.152317435780661,0,7050.377698805239,75731.91904761824,99.55280942551391
POL,D_E,2013,68307,21739,30860,330.1,5.332371890467127,0.4517838581697337,POL_D_E,630.499999999993,9230.386344005636,9.130364516001965,9119.556913674422,9.118286146299859,18.3773931656078,11628.22868095249,11.4,0.8807,73.317268371582,90.41750724156292,9.361190927889968,-0.4190017,0,0,0,1,0,9.130364516001965,1,0,9.130364516001965,0,7050.377698805239,70379.05238095179,98.9032726755347
POL,D_E,2014,68499,22022,34599,351.5,5.272364714352891,0.5051022642666316,POL_D_E,504.0666666666509,7358.7448965189415,8.903780550323166,9435.283039453108,9.152317435780661,18.904567196757,12093.162278739426,11.6,0.9454,70.2389678955078,92.03401971131778,9.400395470924497,-0.4190017,0,0,0,1,1,8.903780550323166,1,0,8.903780550323166,0,7050.377698805239,68357.33333333283,98.64500706722558
POL,D_E,2015,71646,21795,43767,353,5.313024547828143,0.610878485888954,POL_D_E,617.785714285711,8622.752341871297,9.062275575420948,9230.386344005636,9.130364516001965,18.9867934497166,12637.522032440616,11.9,0.99807,69.3731994628906,92.25542727419422,9.444425606744863,-0.4190017,0,0,0,1,1,9.062275575420948,1,0,9.062275575420948,0,7050.377698805239,63356.754761904274,97.97187251427529
POL,D_E,2016,72325,21825,29947,345.7,5.343353782916757,0.41406152782578637,POL_D_E,552.766666666666,7642.815992625869,8.941652232938802,7358.7448965189415,8.903780550323166,19.1513139299534,13026.185898871834,11.3,0.9616,69.8503799438477,96.8659028060623,9.474716910374989,-0.4190017,0,0,0,1,0,8.941652232938802,1,0,8.941652232938802,0,7050.377698805239,65742.33333333286,98.29938278813434
POL,D_E,2017,72064,23219,27797,324.2,5.403949282757732,0.38572657637655416,POL_D_E,551.349999999996,7650.838143872058,8.94270117820262,8622.752341871297,9.062275575420948,19.9531726069815,13695.645284872391,11.1,1.03055,70.6174621582031,100.5658952462796,9.524833198869176,-0.4190017,0,0,0,1,0,8.94270117820262,1,0,8.94270117820262,0,7050.377698805239,63137.37777777735,97.94113803086309
POL,D_E,2018,74987,23984,31982,314.8,5.473132527617907,0.4265005934361956,POL_D_E,542.533333333332,7235.031849965088,8.88682824810377,7642.815992625869,8.941652232938802,20.5313862679212,14551.085027708908,15.1,1.19426,71.0217437744141,102.4424621680053,9.585420842170386,-0.4190017,0,0,0,1,0,8.88682824810377,1,0,8.88682824810377,0,7050.377698805239,59102.972857142435,97.35604191377628
POL,D_E,2019,78871,26404,37079,352.8,5.409667561271198,0.47012209810957134,POL_D_E,518.766666666662,6577.4069894722015,8.791547896144294,7650.838143872058,8.94270117820262,20.5043205670712,15221.309062445382,15.6,1.3088,70.9065017700195,101.58103381737295,9.630451637076176,-0.4190017,0,0,0,1,0,8.791547896144294,1,0,8.791547896144294,0,7050.377698805239,57859.797619047094,97.16767470554619
POL,D_E,2020,93236,27557,34475,372,5.523995337913414,0.36976060749066886,POL_D_E,513.4999999999919,5507.529280535329,8.614052948284796,7235.031849965088,8.88682824810377,21.9255858346119,15090.22284401132,16.1,1.37128,70.9730377197266,99.2590912303436,9.621802319314307,-0.4190017,0,0,0,1,0,8.614052948284796,1,0,8.614052948284796,0,7050.377698805239,62126.04761904707,97.7980567413582
POL,D_E,2021,98693,28498,35279,373.2,5.577654831947486,0.3574620287153091,POL_D_E,327.599999999995,3319.384353500198,8.107835824336371,6577.4069894722015,8.791547896144294,22.8165643900514,16368.6239689025,15.2,1.41558,72.2060623168945,110.87428302194462,9.70312160873207,-0.4190017,0,0,0,1,0,8.107835824336371,1,0,8.107835824336371,0,7050.377698805239,57872.53333333291,97.16962487689784
POL,D_E,2022,122126,32311,39361,389.8,5.747174790569726,0.32229828210209127,POL_D_E,417.166666666656,3415.871040291633,8.13648051078022,5507.529280535329,8.614052948284796,23.8373449056172,17303.644943229963,15.2,1.44162,75.2911071777344,123.02133286034471,9.758672448653886,-0.4190017,0,0,0,1,0,8.13648051078022,1,0,8.13648051078022,0,7050.377698805239,48032.499999999476,95.51827979470833
POL,G,2010,228530,68283,23190,2283.4,4.606001932484704,0.10147464227891305,POL_G,0,0,0,NA,NA,15.378511671936,10808.39756742376,9.5,0.72252,76.5571212768555,82.22585232199216,9.288078663514181,0.06857736764705884,1,0,0,0,0,0,1,0,0,0,0,0,0
POL,G,2011,241479,72197,25709,2269.5,4.667222969875567,0.10646474434629927,POL_G,0,0,0,NA,NA,18.2475205937044,11370.313427172998,10.4,0.74726,75.8021011352539,86.9236892837618,9.33876115251882,0.06857736764705884,1,0,0,0,1,0,1,0,0,0,0,0,0
POL,G,2012,260914,74853,26553,2267.5,4.745512948102146,0.10176916531884068,POL_G,0,0,0,0,0,18.0079998184474,11542.235336801396,10.9,0.88476,75.0382919311523,88.82990330665832,9.353768224666355,0.06857736764705884,1,0,0,0,0,0,1,0,0,0,0,0,0
POL,G,2013,266081,75786,25254,2220.6,4.786023344067717,0.09491094816991819,POL_G,0,0,0,0,0,18.3773931656078,11628.22868095249,11.4,0.8807,73.317268371582,90.41750724156292,9.361190927889968,0.06857736764705884,1,0,0,0,0,0,1,0,0,0,0,0,0
POL,G,2014,245913,80263,27504,2296.2,4.673722232166274,0.11184443278720523,POL_G,0,0,0,0,0,18.904567196757,12093.162278739426,11.6,0.9454,70.2389678955078,92.03401971131778,9.400395470924497,0.06857736764705884,1,0,0,0,1,0,1,0,0,0,0,0,0
POL,G,2015,262145,85390,30934,2337.7,4.719730245769013,0.11800339506761526,POL_G,0,0,0,0,0,18.9867934497166,12637.522032440616,11.9,0.99807,69.3731994628906,92.25542727419422,9.444425606744863,0.06857736764705884,1,0,0,0,1,0,1,0,0,0,0,0,0
POL,G,2016,264270,91967,30969,2359.9,4.718352062531407,0.11718696787376547,POL_G,0,0,0,0,0,19.1513139299534,13026.185898871834,11.3,0.9616,69.8503799438477,96.8659028060623,9.474716910374989,0.06857736764705884,1,0,0,0,1,0,1,0,0,0,0,0,0
POL,G,2017,288782,99201,32197,2336.2,4.817146400467006,0.11149240603638731,POL_G,0,0,0,0,0,19.9531726069815,13695.645284872391,11.1,1.03055,70.6174621582031,100.5658952462796,9.524833198869176,0.06857736764705884,1,0,0,0,1,0,1,0,0,0,0,0,0
POL,G,2018,301524,113658,36285,2301.5,4.8752885307140605,0.12033867950809886,POL_G,0,0,0,0,0,20.5313862679212,14551.085027708908,15.1,1.19426,71.0217437744141,102.4424621680053,9.585420842170386,0.06857736764705884,1,0,0,0,1,0,1,0,0,0,0,0,0
POL,G,2019,320475,123642,37920,2371.4,4.906323772156365,0.11832436227474842,POL_G,0,0,0,0,0,20.5043205670712,15221.309062445382,15.6,1.3088,70.9065017700195,101.58103381737295,9.630451637076176,0.06857736764705884,1,0,0,0,1,0,1,0,0,0,0,0,0
POL,G,2020,326279,129922,35640,2296.1,4.956540812059568,0.10923166982858229,POL_G,0,0,0,0,0,21.9255858346119,15090.22284401132,16.1,1.37128,70.9730377197266,99.2590912303436,9.621802319314307,0.06857736764705884,1,0,0,0,1,0,1,0,0,0,0,0,0
POL,G,2021,369961,139045,36563,2378.2,5.0470536956559835,0.09882933606515282,POL_G,0,0,0,0,0,22.8165643900514,16368.6239689025,15.2,1.41558,72.2060623168945,110.87428302194462,9.70312160873207,0.06857736764705884,1,0,0,0,0,0,1,0,0,0,0,0,0
POL,G,2022,428506,152498,43703,2368.9,5.197879027891581,0.10198923702351892,POL_G,0,0,0,0,0,23.8373449056172,17303.644943229963,15.2,1.44162,75.2911071777344,123.02133286034471,9.758672448653886,0.06857736764705884,1,0,0,0,0,0,1,0,0,0,0,0,0
POL,H,2010,76460,30846,43995,850.5,4.498698595414488,0.5753989013863458,POL_H,42.629999999999,557.5464295056108,6.325337747561748,NA,NA,15.378511671936,10808.39756742376,9.5,0.72252,76.5571212768555,82.22585232199216,9.288078663514181,-0.3927636321428572,0,0,0,1,1,6.325337747561748,1,0,6.325337747561748,0,557.5464295056108,28111.699999999844,64.79661257216566
POL,H,2011,79036,30743,54395,861.5,4.518983667885724,0.6882306796902677,POL_H,57.666666666661,729.6253184202262,6.593900768045196,NA,NA,18.2475205937044,11370.313427172998,10.4,0.74726,75.8021011352539,86.9236892837618,9.33876115251882,-0.3927636321428572,0,0,0,1,1,6.593900768045196,1,0,6.593900768045196,0,557.5464295056108,33244.43333333316,65.85734630214496
POL,H,2012,89849,34498,50735,882.6,4.623013665653778,0.5646696123496088,POL_H,90.444444444439,1006.6271682983561,6.915353507491643,557.5464295056108,6.325337747561748,18.0079998184474,11542.235336801396,10.9,0.88476,75.0382919311523,88.82990330665832,9.353768224666355,-0.3927636321428572,0,0,0,1,1,6.915353507491643,1,0,6.915353507491643,0,557.5464295056108,31868.09444444425,65.58990659236308
POL,H,2013,92483,34497,42902,909.6,4.621775180390097,0.46389066098634346,POL_H,76.833333333329,830.783315131743,6.723571968357623,729.6253184202262,6.593900768045196,18.3773931656078,11628.22868095249,11.4,0.8807,73.317268371582,90.41750724156292,9.361190927889968,-0.3927636321428572,0,0,0,1,1,6.723571968357623,1,0,6.723571968357623,0,557.5464295056108,30707.96666666654,65.35535023962264
POL,H,2014,98825,37197,44436,908.9,4.688870811040162,0.4496433088793321,POL_H,66.166666666663,669.5336874946927,6.508073943808164,1006.6271682983561,6.915353507491643,18.904567196757,12093.162278739426,11.6,0.9454,70.2389678955078,92.03401971131778,9.400395470924497,-0.3927636321428572,0,0,0,1,1,6.508073943808164,1,0,6.508073943808164,0,557.5464295056108,31003.916666666493,65.41601723886079
POL,H,2015,106649,38845,50907,929.9,4.742221293906313,0.47733218314283304,POL_H,79.329999999997,743.8419488227456,6.613172046641514,830.783315131743,6.723571968357623,18.9867934497166,12637.522032440616,11.9,0.99807,69.3731994628906,92.25542727419422,9.444425606744863,-0.3927636321428572,0,0,0,1,1,6.613172046641514,1,0,6.613172046641514,0,557.5464295056108,30028.99999999981,65.21392957938596
POL,H,2016,109823,41352,43741,960.9,4.738754912605047,0.3982863334638464,POL_H,54.833333333331005,499.2882486667729,6.215184429644989,669.5336874946927,6.508073943808164,19.1513139299534,13026.185898871834,11.3,0.9616,69.8503799438477,96.8659028060623,9.474716910374989,-0.3927636321428572,0,0,0,1,1,6.215184429644989,1,0,6.215184429644989,0,557.5464295056108,32513.429999999862,65.71671238913342
POL,H,2017,122007,46363,44574,1008,4.79611025048726,0.3653396936241363,POL_H,94.74999999999801,776.5947855450754,6.656205547291795,743.8419488227456,6.613172046641514,19.9531726069815,13695.645284872391,11.1,1.03055,70.6174621582031,100.5658952462796,9.524833198869176,-0.3927636321428572,0,0,0,1,1,6.656205547291795,1,0,6.656205547291795,0,557.5464295056108,32596.183333333203,65.73279072103497
POL,H,2018,139465,52779,60462,1034.8,4.9036055023946545,0.43352812533610585,POL_H,129.99999999998403,932.1335101995771,6.838548288358581,499.2882486667729,6.215184429644989,20.5313862679212,14551.085027708908,15.1,1.19426,71.0217437744141,102.4424621680053,9.585420842170386,-0.3927636321428572,0,0,0,1,1,6.838548288358581,1,0,6.838548288358581,0,557.5464295056108,32113.096666666486,65.63834835814194
POL,H,2019,146511,58010,62306,1062.9,4.9260994894051935,0.4252649971674482,POL_H,83.33333333333101,568.7855064352233,6.345259985508682,776.5947855450754,6.656205547291795,20.5043205670712,15221.309062445382,15.6,1.3088,70.9065017700195,101.58103381737295,9.630451637076176,-0.3927636321428572,0,0,0,1,1,6.345259985508682,1,0,6.345259985508682,0,557.5464295056108,31364.716666666398,65.48919935020196
POL,H,2020,140302,62031,61441,1121.3,4.829308515689611,0.43791963051132554,POL_H,111.499999999997,794.7142592407592,6.6792401505958745,932.1335101995771,6.838548288358581,21.9255858346119,15090.22284401132,16.1,1.37128,70.9730377197266,99.2590912303436,9.621802319314307,-0.3927636321428572,0,0,0,1,1,6.6792401505958745,1,0,6.6792401505958745,0,557.5464295056108,27342.666666666515,64.62116986956859
POL,H,2021,144422,64280,66456,1187,4.801310453797053,0.46015150046391823,POL_H,82.83333333332901,573.5506594101245,6.3535882734013995,568.7855064352233,6.345259985508682,22.8165643900514,16368.6239689025,15.2,1.41558,72.2060623168945,110.87428302194462,9.70312160873207,-0.3927636321428572,0,0,0,1,1,6.3535882734013995,1,0,6.3535882734013995,0,557.5464295056108,17167.61666666655,61.6773460992066
POL,H,2022,180265,78710,75354,1165.4,5.041363614728937,0.4180179180650709,POL_H,36.333333333333,201.55511792823344,5.311012036810269,794.7142592407592,6.6792401505958745,23.8373449056172,17303.644943229963,15.2,1.44162,75.2911071777344,123.02133286034471,9.758672448653886,-0.3927636321428572,0,0,0,1,1,5.311012036810269,1,0,5.311012036810269,0,557.5464295056108,11055.049999999921,58.893531335202056
POL,J,2010,44453,17080,10405,299.7,4.999405755905535,0.23406744201741164,POL_J,2.5,56.239173959012895,4.047238523399859,NA,NA,15.378511671936,10808.39756742376,9.5,0.72252,76.5571212768555,82.22585232199216,9.288078663514181,1.2675550444444446,1,56.239173959012895,4.047238523399859,1,0,4.047238523399859,1,0,4.047238523399859,0,56.239173959012895,3644.399999999883,33.1922990991254
POL,J,2011,46339,18642,11519,298.9,5.043630148834802,0.24858110878525647,POL_J,2,43.160189041628,3.7878236827936447,NA,NA,18.2475205937044,11370.313427172998,10.4,0.74726,75.8021011352539,86.9236892837618,9.33876115251882,1.2675550444444446,1,43.160189041628,3.7878236827936447,1,0,3.7878236827936447,1,0,3.7878236827936447,0,56.239173959012895,4131.014285714128,33.699413673723704
POL,J,2012,51186,19590,11555,315.4,5.089379661607812,0.22574532098620717,POL_J,6.166666666665,120.47565089409213,4.799713838533155,56.239173959012895,4.047238523399859,18.0079998184474,11542.235336801396,10.9,0.88476,75.0382919311523,88.82990330665832,9.353768224666355,1.2675550444444446,1,120.47565089409213,4.799713838533155,1,0,4.799713838533155,1,0,4.799713838533155,0,56.239173959012895,5132.526984126728,34.57777749546999
POL,J,2013,51884,20816,11986,332.8,5.04922402751351,0.23101534191658316,POL_J,6.833333333331,131.70405776985197,4.888121519392517,43.160189041628,3.7878236827936447,18.3773931656078,11628.22868095249,11.4,0.8807,73.317268371582,90.41750724156292,9.361190927889968,1.2675550444444446,1,131.70405776985197,4.888121519392517,1,0,4.888121519392517,1,0,4.888121519392517,0,56.239173959012895,4931.909325396643,34.41643836534635
POL,J,2014,56071,20736,12373,360.1,5.047992253153145,0.2206666547769792,POL_J,6.833333333332,121.86929666551337,4.811121161646554,120.47565089409213,4.799713838533155,18.904567196757,12093.162278739426,11.6,0.9454,70.2389678955078,92.03401971131778,9.400395470924497,1.2675550444444446,1,121.86929666551337,4.811121161646554,1,0,4.811121161646554,1,0,4.811121161646554,0,56.239173959012895,4852.95476190465,34.3511355511334
POL,J,2015,61414,23819,11873,374.6,5.099534311163541,0.1933272543719673,POL_J,8.833333333333,143.83256803551308,4.975578372033824,131.70405776985197,4.888121519392517,18.9867934497166,12637.522032440616,11.9,0.99807,69.3731994628906,92.25542727419422,9.444425606744863,1.2675550444444446,1,143.83256803551308,4.975578372033824,1,0,4.975578372033824,1,0,4.975578372033824,0,56.239173959012895,4650.9476190475325,34.17909629366418
POL,J,2016,64505,26693,11431,366.2,5.171318386918826,0.17721106890938687,POL_J,10.027777777777,155.45737195220528,5.052783589185053,121.86929666551337,4.811121161646554,19.1513139299534,13026.185898871834,11.3,0.9616,69.8503799438477,96.8659028060623,9.474716910374989,1.2675550444444446,1,155.45737195220528,5.052783589185053,0,0,0,1,0,5.052783589185053,0,56.239173959012895,4578.5686507935425,34.11563089042788
POL,J,2017,69507,30072,15504,385.9,5.1936044773619106,0.2230566705511675,POL_J,6.285714285711,90.43282382653547,4.515604536819551,143.83256803551308,4.975578372033824,19.9531726069815,13695.645284872391,11.1,1.03055,70.6174621582031,100.5658952462796,9.524833198869176,1.2675550444444446,1,90.43282382653547,4.515604536819551,1,0,4.515604536819551,1,0,4.515604536819551,0,56.239173959012895,4536.226190476059,34.07803625946979
POL,J,2018,75720,33832,15263,419.1,5.1966880503922335,0.2015715795034337,POL_J,5.333333333331,70.43493572809034,4.2687870455909565,155.45737195220528,5.052783589185053,20.5313862679212,14551.085027708908,15.1,1.19426,71.0217437744141,102.4424621680053,9.585420842170386,1.2675550444444446,1,70.43493572809034,4.2687870455909565,1,0,4.2687870455909565,1,0,4.2687870455909565,0,56.239173959012895,4336.385714285628,33.895732214951934
POL,J,2019,83313,36730,16423,473.8,5.1695745866787455,0.19712409827998031,POL_J,4.666666666665,56.013667334809696,4.043291016896126,90.43282382653547,4.515604536819551,20.5043205670712,15221.309062445382,15.6,1.3088,70.9065017700195,101.58103381737295,9.630451637076176,1.2675550444444446,1,56.013667334809696,4.043291016896126,1,0,4.043291016896126,1,0,4.043291016896126,0,56.239173959012895,4402.619047618906,33.95706777899767
POL,J,2020,92063,39378,16447,490.9,5.2339879632192385,0.17864940312612015,POL_J,4.833333333331,52.500280604922715,3.9796868988400327,70.43493572809034,4.2687870455909565,21.9255858346119,15090.22284401132,16.1,1.37128,70.9730377197266,99.2590912303436,9.621802319314307,1.2675550444444446,1,52.500280604922715,3.9796868988400327,0,0,0,1,0,3.9796868988400327,0,56.239173959012895,4491.799999999847,34.038212490087794
POL,J,2021,114748,44188,20255,534.4,5.369349076354566,0.17651723777320738,POL_J,4.249999999999,37.0376825739795,3.6385773150532925,56.013667334809696,4.043291016896126,22.8165643900514,16368.6239689025,15.2,1.41558,72.2060623168945,110.87428302194462,9.70312160873207,1.2675550444444446,1,37.0376825739795,3.6385773150532925,0,0,0,1,0,3.6385773150532925,0,56.239173959012895,4175.183333333195,33.742446919544385
POL,J,2022,138648,57107,24930,555,5.520725512382777,0.17980785875021638,POL_J,2.666666666666,19.233358336694362,3.007332645147536,52.500280604922715,3.9796868988400327,23.8373449056172,17303.644943229963,15.2,1.44162,75.2911071777344,123.02133286034471,9.758672448653886,1.2675550444444446,1,19.233358336694362,3.007332645147536,0,0,0,1,0,3.007332645147536,0,56.239173959012895,2174.3666666665868,31.102835855809523
POL,K,2010,51754,22044,5679,352.7,4.9886391655845195,0.10973064883873711,POL_K,0,0,0,NA,NA,15.378511671936,10808.39756742376,9.5,0.72252,76.5571212768555,82.22585232199216,9.288078663514181,2.05267,1,0,0,0,1,0,1,0,0,0,0,0,0
POL,K,2011,59874,22766,5904,370.6,5.084874319261108,0.09860707485720012,POL_K,0,0,0,NA,NA,18.2475205937044,11370.313427172998,10.4,0.74726,75.8021011352539,86.9236892837618,9.33876115251882,2.05267,1,0,0,0,0,0,1,0,0,0,0,0,0
POL,K,2012,56412,24900,6086,392.6,4.96764589896977,0.10788484719563214,POL_K,0,0,0,0,0,18.0079998184474,11542.235336801396,10.9,0.88476,75.0382919311523,88.82990330665832,9.353768224666355,2.05267,1,0,0,0,0,0,1,0,0,0,0,0,0
POL,K,2013,59731,25368,6331,383.1,5.049310375885295,0.10599186352145452,POL_K,0,0,0,0,0,18.3773931656078,11628.22868095249,11.4,0.8807,73.317268371582,90.41750724156292,9.361190927889968,2.05267,1,0,0,0,0,0,1,0,0,0,0,0,0
POL,K,2014,66079,26225,7036,378.4,5.162654437730716,0.10647860893778659,POL_K,0,0,0,0,0,18.904567196757,12093.162278739426,11.6,0.9454,70.2389678955078,92.03401971131778,9.400395470924497,2.05267,1,0,0,0,0,0,1,0,0,0,0,0,0
POL,K,2015,63577,25734,6733,396.5,5.0773310076274,0.10590307815719521,POL_K,0,0,0,0,0,18.9867934497166,12637.522032440616,11.9,0.99807,69.3731994628906,92.25542727419422,9.444425606744863,2.05267,1,0,0,0,0,0,1,0,0,0,0,0,0
POL,K,2016,66568,27540,6993,386.5,5.148847392552789,0.10505047470255979,POL_K,0,0,0,0,0,19.1513139299534,13026.185898871834,11.3,0.9616,69.8503799438477,96.8659028060623,9.474716910374989,2.05267,1,0,0,0,0,0,1,0,0,0,0,0,0
POL,K,2017,74695,29557,9426,396.4,5.238744632020585,0.12619318562152754,POL_K,0,0,0,0,0,19.9531726069815,13695.645284872391,11.1,1.03055,70.6174621582031,100.5658952462796,9.524833198869176,2.05267,1,0,0,0,1,0,1,0,0,0,0,0,0
POL,K,2018,81703,30698,9889,412.6,5.288367399243033,0.12103594727243798,POL_K,0,0,0,0,0,20.5313862679212,14551.085027708908,15.1,1.19426,71.0217437744141,102.4424621680053,9.585420842170386,2.05267,1,0,0,0,1,0,1,0,0,0,0,0,0
POL,K,2019,86685,32227,8954,424.2,5.319831095289406,0.10329353406010267,POL_K,0,0,0,0,0,20.5043205670712,15221.309062445382,15.6,1.3088,70.9065017700195,101.58103381737295,9.630451637076176,2.05267,1,0,0,0,0,0,1,0,0,0,0,0,0
POL,K,2020,86849,32493,10317,434.6,5.297500189675856,0.11879238678626121,POL_K,0,0,0,0,0,21.9255858346119,15090.22284401132,16.1,1.37128,70.9730377197266,99.2590912303436,9.621802319314307,2.05267,1,0,0,0,1,0,1,0,0,0,0,0,0
POL,K,2021,88256,34761,7922,427.6,5.329808782002083,0.08976160261058738,POL_K,0,0,0,0,0,22.8165643900514,16368.6239689025,15.2,1.41558,72.2060623168945,110.87428302194462,9.70312160873207,2.05267,1,0,0,0,0,0,1,0,0,0,0,0,0
POL,K,2022,144705,39041,9886,421.5,5.838632688830853,0.06831830275387858,POL_K,0,0,0,0,0,23.8373449056172,17303.644943229963,15.2,1.44162,75.2911071777344,123.02133286034471,9.758672448653886,2.05267,1,0,0,0,0,0,1,0,0,0,0,0,0
POL,M_N,2010,88654,37048,9752,872,4.621707007838836,0.11000067678841338,POL_M_N,0,0,0,NA,NA,15.378511671936,10808.39756742376,9.5,0.72252,76.5571212768555,82.22585232199216,9.288078663514181,0.9246918833333334,1,0,0,0,0,0,1,0,0,0,0,0,0
POL,M_N,2011,94370,40105,11042,919.7,4.630930975106727,0.11700752357740807,POL_M_N,0,0,0,NA,NA,18.2475205937044,11370.313427172998,10.4,0.74726,75.8021011352539,86.9236892837618,9.33876115251882,0.9246918833333334,1,0,0,0,0,0,1,0,0,0,0,0,0
POL,M_N,2012,103471,42738,10915,938.7,4.702550719846441,0.10548849436073876,POL_M_N,0,0,0,0,0,18.0079998184474,11542.235336801396,10.9,0.88476,75.0382919311523,88.82990330665832,9.353768224666355,0.9246918833333334,1,0,0,0,0,0,1,0,0,0,0,0,0
POL,M_N,2013,110863,46163,11063,940.7,4.769426204787961,0.09978983069193509,POL_M_N,0,0,0,0,0,18.3773931656078,11628.22868095249,11.4,0.8807,73.317268371582,90.41750724156292,9.361190927889968,0.9246918833333334,1,0,0,0,0,0,1,0,0,0,0,0,0
POL,M_N,2014,117788,49550,13483,1012.3,4.756661428833907,0.11446836689645805,POL_M_N,0,0,0,0,0,18.904567196757,12093.162278739426,11.6,0.9454,70.2389678955078,92.03401971131778,9.400395470924497,0.9246918833333334,1,0,0,0,0,0,1,0,0,0,0,0,0
POL,M_N,2015,131953,53344,14756,1003.3,4.879151231626252,0.11182769622517108,POL_M_N,0,0,0,0,0,18.9867934497166,12637.522032440616,11.9,0.99807,69.3731994628906,92.25542727419422,9.444425606744863,0.9246918833333334,1,0,0,0,0,0,1,0,0,0,0,0,0
POL,M_N,2016,133156,58375,14719,1038.9,4.853358912110528,0.1105395175583526,POL_M_N,0,0,0,0,0,19.1513139299534,13026.185898871834,11.3,0.9616,69.8503799438477,96.8659028060623,9.474716910374989,0.9246918833333334,1,0,0,0,0,0,1,0,0,0,0,0,0
POL,M_N,2017,152405,64172,16219,1081.4,4.948284953147545,0.10642039303172468,POL_M_N,0,0,0,0,0,19.9531726069815,13695.645284872391,11.1,1.03055,70.6174621582031,100.5658952462796,9.524833198869176,0.9246918833333334,1,0,0,0,0,0,1,0,0,0,0,0,0
POL,M_N,2018,166627,70576,19036,1065.2,5.052595206469947,0.11424318987919124,POL_M_N,0,0,0,0,0,20.5313862679212,14551.085027708908,15.1,1.19426,71.0217437744141,102.4424621680053,9.585420842170386,0.9246918833333334,1,0,0,0,0,0,1,0,0,0,0,0,0
POL,M_N,2019,181308,76552,21984,1127.8,5.07992841015476,0.12125223376795287,POL_M_N,0,0,0,0,0,20.5043205670712,15221.309062445382,15.6,1.3088,70.9065017700195,101.58103381737295,9.630451637076176,0.9246918833333334,1,0,0,0,0,0,1,0,0,0,0,0,0
POL,M_N,2020,185467,81064,19776,1145,5.0874723316415125,0.10662813330673382,POL_M_N,0,0,0,0,0,21.9255858346119,15090.22284401132,16.1,1.37128,70.9730377197266,99.2590912303436,9.621802319314307,0.9246918833333334,1,0,0,0,0,0,1,0,0,0,0,0,0
POL,M_N,2021,203545,87824,21960,1231.1,5.107979031986664,0.10788769068265003,POL_M_N,0,0,0,0,0,22.8165643900514,16368.6239689025,15.2,1.41558,72.2060623168945,110.87428302194462,9.70312160873207,0.9246918833333334,1,0,0,0,0,0,1,0,0,0,0,0,0
POL,M_N,2022,223586,101104,27019,1289.4,5.155619133619562,0.120843881101679,POL_M_N,0,0,0,0,0,23.8373449056172,17303.644943229963,15.2,1.44162,75.2911071777344,123.02133286034471,9.758672448653886,0.9246918833333334,1,0,0,0,0,0,1,0,0,0,0,0,0
PRT,C,2010,20837.124,11529.603,4496.126,727.377,3.3550465699187364,0.21577478734589287,PRT_C,12.083333333333,579.8944870382784,6.364569134573488,NA,NA,20.1035764454099,19698.68367913974,27.8,1.53317,61.7960205078125,67.68924019279825,9.888307094175858,-0.4842254202898551,0,0,0,1,0,6.364569134573488,0,0,0,0,579.8944870382784,14701.731746031408,61.07305987267561
PRT,C,2011,19974.695,11418.418,4362.958,712.761,3.333075340576513,0.21842426129660553,PRT_C,14.757936507932,738.8316321191387,6.60642263614734,NA,NA,21.2468026111835,19389.639589616218,27.2,1.45558,61.7960205078125,73.00757567005311,9.872494160627962,-0.4842254202898551,0,0,0,1,0,6.60642263614734,0,0,0,0,579.8944870382784,15717.637301587001,61.49830084561266
PRT,C,2012,19171.822,10933.746,3800.714,685.161,3.331543028721552,0.1982447990597868,PRT_C,13.616666666666,710.2437455692004,6.56701519182606,579.8944870382784,6.364569134573488,22.7408340982484,18679.76267895936,25.5,1.37661,61.7960205078125,75.9411067187813,9.835196007149634,-0.4842254202898551,0,0,0,0,0,0,0,0,0,0,579.8944870382784,16526.05476190453,61.81749431766488
PRT,C,2013,19738.979,10833.786,3612.504,672.355,3.379564114413552,0.18301372122641196,PRT_C,3.699999999999,187.44637197288677,5.2388134675930225,738.8316321191387,6.60642263614734,24.5102597000009,18597.72146239644,30.2,1.32325,61.7960205078125,78.0305056874282,9.83079435017561,-0.4842254202898551,0,0,0,0,0,0,0,0,0,0,579.8944870382784,15607.533333333131,61.45356222484248
PRT,C,2014,20507.877,11180.168,4134.703,686.915,3.3963537770049754,0.20161535979565318,PRT_C,5.5,268.1896326957686,5.595416085497664,710.2437455692004,6.56701519182606,27.4622463014594,18836.89679789059,30.5,1.28892,61.7960205078125,80.220669072079,9.843572821075837,-0.4842254202898551,0,0,0,0,0,0,1,0,5.595416085497664,0,579.8944870382784,16408.930952380746,61.772229354345086
PRT,C,2015,21978.036,11632.186,4256.518,708.573,3.43454578160403,0.1936714454376178,PRT_C,37.166666666664,1691.0822544227337,7.4337151527095795,187.44637197288677,5.2388134675930225,30.2999720257926,19215.781301434683,27.2,1.24552,61.7960205078125,80.63467562664434,9.863487163188944,-0.4842254202898551,0,0,0,0,0,0,1,0,7.4337151527095795,0,579.8944870382784,16256.33095238073,61.71276674511677
PRT,C,2016,22819.558,11982.506,5160.705,714.95,3.4631606440750455,0.22615271514023189,PRT_C,22.583333333331,989.6481488962669,6.898359424763614,268.1896326957686,5.595416085497664,32.6259001706105,19662.82312461998,29,1.2815,63.2387504577637,79.52234648440006,9.88648498077861,-0.4842254202898551,0,0,0,1,1,6.898359424763614,0,0,0,0,579.8944870382784,17405.474999999788,62.147456130002674
PRT,C,2017,24303.603,12746.704,6115.122,735.6,3.497693397212264,0.251613803928578,PRT_C,23.399999999998997,962.8202040659978,6.870904766910354,1691.0822544227337,7.4337151527095795,34.6016066063915,20364.196273594596,24.4,1.32224,64.2040176391602,84.80779230695387,9.921533553239115,-0.4842254202898551,0,0,0,1,1,6.870904766910354,1,0,6.870904766910354,0,579.8944870382784,17223.863333333193,62.080702105473975
PRT,C,2018,25260.083,13722.387,6588.428,756.417,3.5083878703137175,0.26082368771314013,PRT_C,18.249999999998,722.4837701443024,6.5840781134001665,989.6481488962669,6.898359424763614,36.6542819407724,20997.77459870127,27.5,1.35078,65.1127395629883,86.73569549183993,9.95217173959977,-0.4842254202898551,0,0,0,1,1,6.5840781134001665,1,0,6.5840781134001665,0,579.8944870382784,16484.52142857124,61.801479698912715
PRT,C,2019,25605.289,14267.673,6396.991,748.961,3.5318672979553316,0.24983084549446014,PRT_C,17.5,683.4525476357638,6.528619318199491,962.8202040659978,6.870904766910354,38.3605751907072,21569.1874752919,28.2,1.39487,66.0920562744141,86.77098890835859,9.979021069470727,-0.4842254202898551,0,0,0,1,1,6.528619318199491,1,0,6.528619318199491,0,579.8944870382784,16458.866666666327,61.79156744422587
PRT,C,2020,24304.947,14026.242,6291.875,725.158,3.5120456267102678,0.25887219585379057,PRT_C,30.75,1265.1745342213665,7.143755455936025,722.4837701443024,6.5840781134001665,40.1215406866329,19778.7139525722,31.3,1.60979,68.1568908691406,76.5086407209215,9.892361585498369,-0.4842254202898551,0,0,0,1,1,7.143755455936025,0,0,0,0,579.8944870382784,16024.549999999796,61.621373957339216
PRT,C,2021,26938.165,14918.469,7607.47,728.928,3.6097243716173995,0.28240490768394955,PRT_C,3.499999999999,129.92718694829435,4.874641343851091,683.4525476357638,6.528619318199491,41.5145728650954,20747.69907341633,32.3,1.66711,72.5122375488281,85.87354521489755,9.940190631482183,-0.4842254202898551,0,0,0,1,1,4.874641343851091,1,0,4.874641343851091,0,579.8944870382784,10792.833333333194,59.10603678906887
PRT,C,2022,30402.575,16181.943,8899.371,736.591,3.7202498021184827,0.2927176727629156,PRT_C,2.5,82.22987691009725,4.421606380844225,1265.1745342213665,7.143755455936025,42.937003513367,22042.868028364705,32.3,1.69051,75.0714797973633,101.36414647943452,10.000744383129602,-0.4842254202898551,0,0,0,1,1,4.421606380844225,1,0,4.421606380844225,0,579.8944870382784,6538.516666666589,55.91667657216869
PRT,D_E,2010,5056.493,1249.711,3295.408,48.448,4.647937381169515,0.6517180978990774,PRT_D_E,108.616666666664,21480.63226166119,9.97495353557097,NA,NA,20.1035764454099,19698.68367913974,27.8,1.53317,61.7960205078125,67.68924019279825,9.888307094175858,-0.4190017,0,0,0,1,1,9.97495353557097,0,0,0,0,21480.63226166119,72595.79999999904,111.6464242626916
PRT,D_E,2011,4976.631,1249.283,2955.737,49.506,4.610414560710885,0.5939232786196124,PRT_D_E,81.182539682521,16312.750469649243,9.699763618270289,NA,NA,21.2468026111835,19389.639589616218,27.2,1.45558,61.7960205078125,73.00757567005311,9.872494160627962,-0.4190017,0,0,0,1,1,9.699763618270289,0,0,0,0,21480.63226166119,76929.27682539588,112.22475882340538
PRT,D_E,2012,5187.108,1179.185,2558.71,49.247,4.657083143361421,0.4932825767267618,PRT_D_E,88,16965.13741375734,9.738974719695799,21480.63226166119,9.97495353557097,22.7408340982484,18679.76267895936,25.5,1.37661,61.7960205078125,75.9411067187813,9.835196007149634,-0.4190017,0,0,0,1,1,9.738974719695799,0,0,0,0,21480.63226166119,76257.523809523,112.13727529923699
PRT,D_E,2013,5146.988,1203.357,2503.29,48.32,4.66832141456826,0.4863601780303354,PRT_D_E,53.58333333333,10410.619440599046,9.25067771536956,16312.750469649243,9.699763618270289,24.5102597000009,18597.72146239644,30.2,1.32325,61.7960205078125,78.0305056874282,9.83079435017561,-0.4190017,0,0,0,1,1,9.25067771536956,0,0,0,0,21480.63226166119,70955.96904761846,111.41852430308514
PRT,D_E,2014,5537.54,1148.048,2227.193,47.469,4.759228771398644,0.4021989908876505,PRT_D_E,33.599999999999994,6067.6762605778,8.710895781288624,16965.13741375734,9.738974719695799,27.4622463014594,18836.89679789059,30.5,1.28892,61.7960205078125,80.220669072079,9.843572821075837,-0.4190017,0,0,0,1,0,8.710895781288624,1,0,8.710895781288624,0,21480.63226166119,68827.79999999948,111.11477338647933
PRT,D_E,2015,6273.267,1169.488,2040.809,48.71,4.858168202739308,0.32531837079467524,PRT_D_E,75.933333333332,12104.272515952533,9.401396381795541,10410.619440599046,9.25067771536956,30.2999720257926,19215.781301434683,27.2,1.24552,61.7960205078125,80.63467562664434,9.863487163188944,-0.4190017,0,0,0,1,0,9.401396381795541,1,0,9.401396381795541,0,21480.63226166119,63898.60714285665,110.37354407907777
PRT,D_E,2016,6370.881,1181.65,1742.145,49.491,4.857702208693709,0.27345433072757125,PRT_D_E,72.333333333331,11353.741081230522,9.337390652098314,6067.6762605778,8.710895781288624,32.6259001706105,19662.82312461998,29,1.2815,63.2387504577637,79.52234648440006,9.88648498077861,-0.4190017,0,0,0,1,0,9.337390652098314,0,0,0,0,21480.63226166119,66222.7666666662,110.72991124651779
PRT,D_E,2017,5806.458,1242.688,1829.671,50.867,4.737511642145873,0.31510965893493076,PRT_D_E,63.33333333333201,10907.395409272229,9.297287992783385,12104.272515952533,9.401396381795541,34.6016066063915,20364.196273594596,24.4,1.32224,64.2040176391602,84.80779230695387,9.921533553239115,-0.4190017,0,0,0,1,0,9.297287992783385,1,0,9.297287992783385,0,21480.63226166119,63625.39444444402,110.33080317749398
PRT,D_E,2018,6338.452,1265.333,1908.151,51.081,4.820977245473909,0.30104369331817926,PRT_D_E,43.916666666665,6928.61075017449,8.843558921800433,11353.741081230522,9.337390652098314,36.6542819407724,20997.77459870127,27.5,1.35078,65.1127395629883,86.73569549183993,9.95217173959977,-0.4190017,0,0,0,1,0,8.843558921800433,1,0,8.843558921800433,0,21480.63226166119,59601.5895238091,109.67914574993807
PRT,D_E,2019,6190.16,1348.202,2170.778,51.518,4.788784952319938,0.35068205022164206,PRT_D_E,68.999999999999,11146.723186476442,9.318990557514615,10907.395409272229,9.297287992783385,38.3605751907072,21569.1874752919,28.2,1.39487,66.0920562744141,86.77098890835859,9.979021069470727,-0.4190017,0,0,0,1,0,9.318990557514615,1,0,9.318990557514615,0,21480.63226166119,58309.56428571376,109.46053727185547
PRT,D_E,2020,5807.385,1400.888,2193.086,52.92,4.69810432322155,0.3776374392260888,PRT_D_E,95.49999999999599,16444.578756186474,9.707811951447876,6928.61075017449,8.843558921800433,40.1215406866329,19778.7139525722,31.3,1.60979,68.1568908691406,76.5086407209215,9.892361585498369,-0.4190017,0,0,0,1,0,9.707811951447876,0,0,0,0,21480.63226166119,62544.04761904707,110.1598191850655
PRT,D_E,2021,5424.52,1461.686,2330.125,54.48,4.60085103339021,0.42955413566545975,PRT_D_E,50.666666666661996,9340.304149797952,9.142201152074795,11146.723186476442,9.318990557514615,41.5145728650954,20747.69907341633,32.3,1.66711,72.5122375488281,85.87354521489755,9.940190631482183,-0.4190017,0,0,0,1,0,9.142201152074795,1,0,9.142201152074795,0,21480.63226166119,58149.466666666245,109.43311235033346
PRT,D_E,2022,3766.427,1555.593,2426.656,56.289,4.203382951516024,0.6442859505839353,PRT_D_E,35.833333333326,9513.879688449026,9.160612135241378,16444.578756186474,9.707811951447876,42.937003513367,22042.868028364705,32.3,1.69051,75.0714797973633,101.36414647943452,10.000744383129602,-0.4190017,0,0,0,1,1,9.160612135241378,1,0,9.160612135241378,0,21480.63226166119,48413.833333332805,107.60542491992787
PRT,G,2010,20985.191,11418.77,2163.292,713.482,3.3814150686174678,0.1030866004507655,PRT_G,0,0,0,NA,NA,20.1035764454099,19698.68367913974,27.8,1.53317,61.7960205078125,67.68924019279825,9.888307094175858,0.06857736764705884,1,0,0,0,1,0,0,0,0,0,0,0,0
PRT,G,2011,21664.18,11332.948,1768.482,713.948,3.4126053538366414,0.08163161495150059,PRT_G,0,0,0,NA,NA,21.2468026111835,19389.639589616218,27.2,1.45558,61.7960205078125,73.00757567005311,9.872494160627962,0.06857736764705884,1,0,0,0,0,0,0,0,0,0,0,0,0
PRT,G,2012,21635.348,10562.427,1518.939,685.134,3.4524692980080007,0.0702063585942782,PRT_G,0,0,0,0,0,22.7408340982484,18679.76267895936,25.5,1.37661,61.7960205078125,75.9411067187813,9.835196007149634,0.06857736764705884,1,0,0,0,0,0,0,0,0,0,0,0,0
PRT,G,2013,22266.171,10248.411,1566.167,661.929,3.5156655106998698,0.070338407084002,PRT_G,0,0,0,0,0,24.5102597000009,18597.72146239644,30.2,1.32325,61.7960205078125,78.0305056874282,9.83079435017561,0.06857736764705884,1,0,0,0,0,0,0,0,0,0,0,0,0
PRT,G,2014,22431.054,10600.242,1930.378,696.329,3.4723793672519156,0.08605828330670506,PRT_G,0,0,0,0,0,27.4622463014594,18836.89679789059,30.5,1.28892,61.7960205078125,80.220669072079,9.843572821075837,0.06857736764705884,1,0,0,0,0,0,1,0,0,0,0,0,0
PRT,G,2015,23004.38,11120.023,2019.599,715.08,3.471045487016606,0.08779193353613529,PRT_G,0,0,0,0,0,30.2999720257926,19215.781301434683,27.2,1.24552,61.7960205078125,80.63467562664434,9.863487163188944,0.06857736764705884,1,0,0,0,0,0,1,0,0,0,0,0,0
PRT,G,2016,23554.886,11463.365,2294.055,726.282,3.479150182228088,0.09739189567718562,PRT_G,0,0,0,0,0,32.6259001706105,19662.82312461998,29,1.2815,63.2387504577637,79.52234648440006,9.88648498077861,0.06857736764705884,1,0,0,0,0,0,0,0,0,0,0,0,0
PRT,G,2017,23541.301,12022.989,2424.141,736.275,3.4649079566699403,0.10297396053004887,PRT_G,0,0,0,0,0,34.6016066063915,20364.196273594596,24.4,1.32224,64.2040176391602,84.80779230695387,9.921533553239115,0.06857736764705884,1,0,0,0,1,0,1,0,0,0,0,0,0
PRT,G,2018,23863.813,12681.16,2576.101,747.126,3.463884644485178,0.10795010001125974,PRT_G,0,0,0,0,0,36.6542819407724,20997.77459870127,27.5,1.35078,65.1127395629883,86.73569549183993,9.95217173959977,0.06857736764705884,1,0,0,0,1,0,1,0,0,0,0,0,0
PRT,G,2019,24675.083,13442.201,3196.303,754.138,3.4879738528906854,0.12953565343630252,PRT_G,0,0,0,0,0,38.3605751907072,21569.1874752919,28.2,1.39487,66.0920562744141,86.77098890835859,9.979021069470727,0.06857736764705884,1,0,0,0,1,0,1,0,0,0,0,0,0
PRT,G,2020,23154.739,13398.005,3007.44,719.897,3.4708466007666727,0.12988442668258968,PRT_G,0,0,0,0,0,40.1215406866329,19778.7139525722,31.3,1.60979,68.1568908691406,76.5086407209215,9.892361585498369,0.06857736764705884,1,0,0,0,1,0,0,0,0,0,0,0,0
PRT,G,2021,23942.481,14115.002,3101.322,711.152,3.516523417469054,0.12953219008506262,PRT_G,0,0,0,0,0,41.5145728650954,20747.69907341633,32.3,1.66711,72.5122375488281,85.87354521489755,9.940190631482183,0.06857736764705884,1,0,0,0,1,0,1,0,0,0,0,0,0
PRT,G,2022,26047.077,15306.828,3335.155,720.11,3.588256855473595,0.1280433501233171,PRT_G,0,0,0,0,0,42.937003513367,22042.868028364705,32.3,1.69051,75.0714797973633,101.36414647943452,10.000744383129602,0.06857736764705884,1,0,0,0,1,0,1,0,0,0,0,0,0
PRT,H,2010,7446.799,4213.137,1341.05,169.901,3.780323640136115,0.18008408713596272,PRT_H,6,805.7153147278449,6.692970836178055,NA,NA,20.1035764454099,19698.68367913974,27.8,1.53317,61.7960205078125,67.68924019279825,9.888307094175858,-0.3927636321428572,0,0,0,0,0,0,0,0,0,0,805.7153147278449,28148.32999999984,68.5713524325532
PRT,H,2011,7173.037,3969.504,2243.274,167.191,3.758947542894751,0.31273698992490906,PRT_H,5,697.0548179244022,6.548297635386918,NA,NA,21.2468026111835,19389.639589616218,27.2,1.45558,61.7960205078125,73.00757567005311,9.872494160627962,-0.3927636321428572,0,0,0,1,0,6.548297635386918,0,0,0,0,805.7153147278449,33297.099999999824,69.69561615614683
PRT,H,2012,6951.11,3750.47,1446.945,160.184,3.770333483546065,0.20816027943738483,PRT_H,1.833333333332,263.74684522788453,5.578774068368534,805.7153147278449,6.692970836178055,22.7408340982484,18679.76267895936,25.5,1.37661,61.7960205078125,75.9411067187813,9.835196007149634,-0.3927636321428572,0,0,0,1,0,5.578774068368534,0,0,0,0,805.7153147278449,31956.705555555356,69.42062198905286
PRT,H,2013,7211.15,3839.113,1430.715,157.327,3.8250572763836588,0.1984031673172795,PRT_H,5.333333333332,739.5953950939864,6.6074544506556805,697.0548179244022,6.548297635386918,24.5102597000009,18597.72146239644,30.2,1.32325,61.7960205078125,78.0305056874282,9.83079435017561,-0.3927636321428572,0,0,0,0,0,0,0,0,0,0,805.7153147278449,30779.466666666536,69.16941446342337
PRT,H,2014,7152.158,3912.981,1343.108,159.627,3.8023295646920143,0.1877905941115954,PRT_H,13,1817.633223427111,7.505840521808056,263.74684522788453,5.578774068368534,27.4622463014594,18836.89679789059,30.5,1.28892,61.7960205078125,80.220669072079,9.843572821075837,-0.3927636321428572,0,0,0,0,0,0,1,0,7.505840521808056,0,805.7153147278449,31057.083333333157,69.22950942802696
PRT,H,2015,7666.561,4076.382,1868.029,164.239,3.843300739498113,0.24365931478272984,PRT_H,15,1956.5487054756366,7.579448309024455,739.5953950939864,6.6074544506556805,30.2999720257926,19215.781301434683,27.2,1.24552,61.7960205078125,80.63467562664434,9.863487163188944,-0.3927636321428572,0,0,0,1,0,7.579448309024455,1,0,7.579448309024455,0,805.7153147278449,30093.32999999981,69.01853142358486
PRT,H,2016,7768.903,4206.707,1633.855,168.723,3.8296259324018305,0.2103070407752549,PRT_H,5,643.5915083506642,6.468616795777136,1817.633223427111,7.505840521808056,32.6259001706105,19662.82312461998,29,1.2815,63.2387504577637,79.52234648440006,9.88648498077861,-0.3927636321428572,0,0,0,1,0,6.468616795777136,0,0,0,0,805.7153147278449,32563.263333333194,69.54646418464955
PRT,H,2017,8454.13,4494.176,1997.791,174.559,3.8801475649656014,0.23630947241170885,PRT_H,23,2720.563795446723,7.9089619188806894,1956.5487054756366,7.579448309024455,34.6016066063915,20364.196273594596,24.4,1.32224,64.2040176391602,84.80779230695387,9.921533553239115,-0.3927636321428572,0,0,0,1,0,7.9089619188806894,1,0,7.9089619188806894,0,805.7153147278449,32667.9333333332,69.56794263103673
PRT,H,2018,8786.009,4890.24,1931.019,182.228,3.8756571985957002,0.21978340791592632,PRT_H,10,1138.1732024176165,7.038058017222344,643.5915083506642,6.468616795777136,36.6542819407724,20997.77459870127,27.5,1.35078,65.1127395629883,86.73569549183993,9.95217173959977,-0.3927636321428572,0,0,0,1,0,7.038058017222344,1,0,7.038058017222344,0,805.7153147278449,32233.09666666647,69.47825829193985
PRT,H,2019,9451.987,5269.527,2184.545,190.583,3.903892467718488,0.23112018668667236,PRT_H,23,2433.3507864536846,7.797435382495114,2720.563795446723,7.9089619188806894,38.3605751907072,21569.1874752919,28.2,1.39487,66.0920562744141,86.77098890835859,9.979021069470727,-0.3927636321428572,0,0,0,1,0,7.797435382495114,1,0,7.797435382495114,0,805.7153147278449,31425.04999999973,69.30833963683808
PRT,H,2020,6989.403,5011.51,2113.249,186.454,3.6239658639875985,0.30235042964327563,PRT_H,7,1001.5161523809687,6.910268271151643,1138.1732024176165,7.038058017222344,40.1215406866329,19778.7139525722,31.3,1.60979,68.1568908691406,76.5086407209215,9.892361585498369,-0.3927636321428572,0,0,0,1,0,6.910268271151643,0,0,0,0,805.7153147278449,27447.16666666651,68.40252776082087
PRT,H,2021,7775.369,5224.729,2416.848,187.86,3.723019191161958,0.31083386524806733,PRT_H,12,1543.3351137418688,7.342348749613319,2433.3507864536846,7.797435382495114,41.5145728650954,20747.69907341633,32.3,1.66711,72.5122375488281,85.87354521489755,9.940190631482183,-0.3927636321428572,0,0,0,1,0,7.342348749613319,1,0,7.342348749613319,0,805.7153147278449,17238.449999999877,65.28963361447155
PRT,H,2022,9767.728,5726.458,3240.39,191.236,3.9333309019621625,0.3317444957517245,PRT_H,1,102.37795319443785,4.638391720717549,1001.5161523809687,6.910268271151643,42.937003513367,22042.868028364705,32.3,1.69051,75.0714797973633,101.36414647943452,10.000744383129602,-0.3927636321428572,0,0,0,1,1,4.638391720717549,1,0,4.638391720717549,0,805.7153147278449,11090.383333333253,62.33782042780759
PRT,J,2010,5646.81,2552.66,2602.007,71.171,4.373760630846381,0.4607923765807597,PRT_J,1,177.09113641153144,5.182295421575598,NA,NA,20.1035764454099,19698.68367913974,27.8,1.53317,61.7960205078125,67.68924019279825,9.888307094175858,1.2675550444444446,1,177.09113641153144,5.182295421575598,1,1,5.182295421575598,0,0,0,0,177.09113641153144,3645.899999999883,42.50328395670939
PRT,J,2011,5629.335,2585.78,2175.235,72.309,4.354797994182855,0.38641065063635405,PRT_J,1.5,266.46131381415387,5.588974934621899,NA,NA,21.2468026111835,19389.639589616218,27.2,1.45558,61.7960205078125,73.00757567005311,9.872494160627962,1.2675550444444446,1,266.46131381415387,5.588974934621899,1,1,5.588974934621899,0,0,0,0,177.09113641153144,4131.514285714128,43.15111501668748
PRT,J,2012,5374.469,2488.071,2054.291,73.745,4.2888018611066014,0.3822314353287739,PRT_J,1,186.0648931085099,5.23145557862703,177.09113641153144,5.182295421575598,22.7408340982484,18679.76267895936,25.5,1.37661,61.7960205078125,75.9411067187813,9.835196007149634,1.2675550444444446,1,186.0648931085099,5.23145557862703,1,1,5.23145557862703,0,0,0,0,177.09113641153144,5137.693650793393,44.28040396809342
PRT,J,2013,5197.771,2623.35,2076.946,74.6,4.243844651615327,0.39958397551565855,PRT_J,1,192.3901610902058,5.264709708354913,266.46131381415387,5.588974934621899,24.5102597000009,18597.72146239644,30.2,1.32325,61.7960205078125,78.0305056874282,9.83079435017561,1.2675550444444446,1,192.3901610902058,5.264709708354913,1,1,5.264709708354913,0,0,0,0,177.09113641153144,4937.742658729974,44.074728419294445
PRT,J,2014,5160.75,2608.307,2161.64,78.245,4.188992267135563,0.41886159957370533,PRT_J,1.25,242.21285665843143,5.493937013244202,186.0648931085099,5.23145557862703,27.4622463014594,18836.89679789059,30.5,1.28892,61.7960205078125,80.220669072079,9.843572821075837,1.2675550444444446,1,242.21285665843143,5.493937013244202,1,1,5.493937013244202,1,0,5.493937013244202,0,177.09113641153144,4858.538095237982,43.99094425394888
PRT,J,2015,5317.12,2734.408,2267.691,83.974,4.148179855246175,0.42648858780693305,PRT_J,1,188.07173808377468,5.242126509623289,192.3901610902058,5.264709708354913,30.2999720257926,19215.781301434683,27.2,1.24552,61.7960205078125,80.63467562664434,9.863487163188944,1.2675550444444446,1,188.07173808377468,5.242126509623289,1,1,5.242126509623289,1,0,5.242126509623289,0,177.09113641153144,4658.7809523808655,43.77341766192618
PRT,J,2016,5660.294,2804.178,2043.631,86.885,4.176645708136894,0.3610467936824483,PRT_J,7.5,1325.0195131206965,7.189936886414829,242.21285665843143,5.493937013244202,32.6259001706105,19662.82312461998,29,1.2815,63.2387504577637,79.52234648440006,9.88648498077861,1.2675550444444446,1,1325.0195131206965,7.189936886414829,1,1,7.189936886414829,0,0,0,0,177.09113641153144,4581.09642857132,43.686293884467354
PRT,J,2017,5946.943,3044.851,2449.996,94.046,4.146848560722381,0.4119756991112913,PRT_J,1.111111111111,186.8373567917163,5.23557646494637,188.07173808377468,5.242126509623289,34.6016066063915,20364.196273594596,24.4,1.32224,64.2040176391602,84.80779230695387,9.921533553239115,1.2675550444444446,1,186.8373567917163,5.23557646494637,1,1,5.23557646494637,1,0,5.23557646494637,0,177.09113641153144,4541.400793650659,43.64120300440656
PRT,J,2018,6375.709,3458.154,2450.648,102.962,4.125890591410262,0.3843726242838248,PRT_J,3.2361111111109997,507.5688227161873,6.23160055090497,1325.0195131206965,7.189936886414829,36.6542819407724,20997.77459870127,27.5,1.35078,65.1127395629883,86.73569549183993,9.95217173959977,1.2675550444444446,1,507.5688227161873,6.23160055090497,1,1,6.23160055090497,1,0,6.23160055090497,0,177.09113641153144,4338.482936507848,43.404369618751105
PRT,J,2019,7140.61,3945.323,2572.873,110.722,4.166530930567978,0.3603155752799831,PRT_J,0,0,0,186.8373567917163,5.23557646494637,38.3605751907072,21569.1874752919,28.2,1.39487,66.0920562744141,86.77098890835859,9.979021069470727,1.2675550444444446,1,0,0,1,1,0,1,0,0,0,177.09113641153144,0,0
PRT,J,2020,7782.438,4385.056,2727.235,116.875,4.198519948083467,0.3504345296422535,PRT_J,0.333333333333,42.8314794583651,3.7803522683297937,507.5688227161873,6.23160055090497,40.1215406866329,19778.7139525722,31.3,1.60979,68.1568908691406,76.5086407209215,9.892361585498369,1.2675550444444446,1,42.8314794583651,3.7803522683297937,1,1,3.7803522683297937,0,0,0,0,177.09113641153144,4496.299999999846,43.58949165220323
PRT,J,2021,8499.814,5334.664,3093.391,129.752,4.182174623700656,0.36393631672410715,PRT_J,0,0,0,0,0,41.5145728650954,20747.69907341633,32.3,1.66711,72.5122375488281,85.87354521489755,9.940190631482183,1.2675550444444446,1,0,0,1,1,0,1,0,0,0,177.09113641153144,0,0
PRT,J,2022,10019.781,6192.382,3273.63,141.687,4.258696118743867,0.3267167216528984,PRT_J,0,0,0,42.8314794583651,3.7803522683297937,42.937003513367,22042.868028364705,32.3,1.69051,75.0714797973633,101.36414647943452,10.000744383129602,1.2675550444444446,1,0,0,1,1,0,1,0,0,0,177.09113641153144,0,0
PRT,K,2010,10367.911,4225.002,827.059,93.79,4.7054125939294265,0.07977103584318962,PRT_K,0,0,0,NA,NA,20.1035764454099,19698.68367913974,27.8,1.53317,61.7960205078125,67.68924019279825,9.888307094175858,2.05267,1,0,0,0,0,0,0,0,0,0,0,0,0
PRT,K,2011,10755.425,4019.088,903.705,95.105,4.728184013020221,0.08402317900036495,PRT_K,0,0,0,NA,NA,21.2468026111835,19389.639589616218,27.2,1.45558,61.7960205078125,73.00757567005311,9.872494160627962,2.05267,1,0,0,0,0,0,0,0,0,0,0,0,0
PRT,K,2012,9214.233,4033.12,539.455,92.09,4.6057382730486776,0.05854583881262825,PRT_K,0,0,0,0,0,22.7408340982484,18679.76267895936,25.5,1.37661,61.7960205078125,75.9411067187813,9.835196007149634,2.05267,1,0,0,0,0,0,0,0,0,0,0,0,0
PRT,K,2013,8203.251,4151.873,814.586,89.47,4.518382444536621,0.0993003871270061,PRT_K,0,0,0,0,0,24.5102597000009,18597.72146239644,30.2,1.32325,61.7960205078125,78.0305056874282,9.83079435017561,2.05267,1,0,0,0,0,0,0,0,0,0,0,0,0
PRT,K,2014,7948.173,3797.532,119.05,86.693,4.518324227567585,0.01497828494674185,PRT_K,0,0,0,0,0,27.4622463014594,18836.89679789059,30.5,1.28892,61.7960205078125,80.220669072079,9.843572821075837,2.05267,1,0,0,0,0,0,1,0,0,0,0,0,0
PRT,K,2015,7861.244,3841.992,-136.658,84.74,4.53011239742161,-0.01738376267165858,PRT_K,0,0,0,0,0,30.2999720257926,19215.781301434683,27.2,1.24552,61.7960205078125,80.63467562664434,9.863487163188944,2.05267,1,0,0,0,0,0,1,0,0,0,0,0,0
PRT,K,2016,8084.48,3670.334,381.43,84.212,4.564364024398749,0.047180523670044335,PRT_K,0,0,0,0,0,32.6259001706105,19662.82312461998,29,1.2815,63.2387504577637,79.52234648440006,9.88648498077861,2.05267,1,0,0,0,0,0,0,0,0,0,0,0,0
PRT,K,2017,7967.986,3831.06,223.032,82.737,4.567520140016941,0.02799101303641849,PRT_K,0,0,0,0,0,34.6016066063915,20364.196273594596,24.4,1.32224,64.2040176391602,84.80779230695387,9.921533553239115,2.05267,1,0,0,0,0,0,1,0,0,0,0,0,0
PRT,K,2018,8363.723,3876.613,207.868,83.165,4.61083235563231,0.02485352515859265,PRT_K,0,0,0,0,0,36.6542819407724,20997.77459870127,27.5,1.35078,65.1127395629883,86.73569549183993,9.95217173959977,2.05267,1,0,0,0,0,0,1,0,0,0,0,0,0
PRT,K,2019,8909.713,3946.81,322.853,84.205,4.661643007039174,0.0362360718016394,PRT_K,0,0,0,0,0,38.3605751907072,21569.1874752919,28.2,1.39487,66.0920562744141,86.77098890835859,9.979021069470727,2.05267,1,0,0,0,0,0,1,0,0,0,0,0,0
PRT,K,2020,9255.787,3847.959,797.183,83.031,4.713790224467481,0.08612806236790022,PRT_K,0,0,0,0,0,40.1215406866329,19778.7139525722,31.3,1.60979,68.1568908691406,76.5086407209215,9.892361585498369,2.05267,1,0,0,0,0,0,0,0,0,0,0,0,0
PRT,K,2021,9604.217,4018.565,411.098,83.295,4.747569028476392,0.04280390582595125,PRT_K,0,0,0,0,0,41.5145728650954,20747.69907341633,32.3,1.66711,72.5122375488281,85.87354521489755,9.940190631482183,2.05267,1,0,0,0,0,0,1,0,0,0,0,0,0
PRT,K,2022,11430.868,4090.017,441.702,84.133,4.911673814386994,0.03864116005888617,PRT_K,0,0,0,0,0,42.937003513367,22042.868028364705,32.3,1.69051,75.0714797973633,101.36414647943452,10.000744383129602,2.05267,1,0,0,0,0,0,1,0,0,0,0,0,0
PRT,M_N,2010,11353.834,7191.785,1927.769,475.815,3.172281640002569,0.16979013432819257,PRT_M_N,0,0,0,NA,NA,20.1035764454099,19698.68367913974,27.8,1.53317,61.7960205078125,67.68924019279825,9.888307094175858,0.9246918833333334,1,0,0,0,1,0,0,0,0,0,0,0,0
PRT,M_N,2011,10906.818,7106.745,1821.634,475.43,3.1329237195689723,0.1670179148492255,PRT_M_N,0,0,0,NA,NA,21.2468026111835,19389.639589616218,27.2,1.45558,61.7960205078125,73.00757567005311,9.872494160627962,0.9246918833333334,1,0,0,0,1,0,0,0,0,0,0,0,0
PRT,M_N,2012,10173.592,6752.51,1410.559,459.483,3.097448677981483,0.138649063182404,PRT_M_N,0,0,0,0,0,22.7408340982484,18679.76267895936,25.5,1.37661,61.7960205078125,75.9411067187813,9.835196007149634,0.9246918833333334,1,0,0,0,0,0,0,0,0,0,0,0,0
PRT,M_N,2013,10315.681,6790.122,1502.672,458.688,3.1130502033133514,0.14566871542460455,PRT_M_N,0,0,0,0,0,24.5102597000009,18597.72146239644,30.2,1.32325,61.7960205078125,78.0305056874282,9.83079435017561,0.9246918833333334,1,0,0,0,0,0,0,0,0,0,0,0,0
PRT,M_N,2014,11073.129,7170.885,1876.897,501.544,3.0945853012466342,0.16950014760958712,PRT_M_N,0,0,0,0,0,27.4622463014594,18836.89679789059,30.5,1.28892,61.7960205078125,80.220669072079,9.843572821075837,0.9246918833333334,1,0,0,0,1,0,1,0,0,0,0,0,0
PRT,M_N,2015,11203.447,7489.546,1962.858,526.099,3.0584873698338813,0.17520125725591418,PRT_M_N,0,0,0,0,0,30.2999720257926,19215.781301434683,27.2,1.24552,61.7960205078125,80.63467562664434,9.863487163188944,0.9246918833333334,1,0,0,0,1,0,1,0,0,0,0,0,0
PRT,M_N,2016,11947.201,7803.581,2401.424,553.547,3.0719056412568926,0.20100306339535093,PRT_M_N,0,0,0,0,0,32.6259001706105,19662.82312461998,29,1.2815,63.2387504577637,79.52234648440006,9.88648498077861,0.9246918833333334,1,0,0,0,1,0,0,0,0,0,0,0,0
PRT,M_N,2017,13084.989,8474.974,2692.055,599.871,3.082506342206319,0.20573613015647166,PRT_M_N,0,0,0,0,0,34.6016066063915,20364.196273594596,24.4,1.32224,64.2040176391602,84.80779230695387,9.921533553239115,0.9246918833333334,1,0,0,0,1,0,1,0,0,0,0,0,0
PRT,M_N,2018,14405.076,9351.535,2984.211,621.619,3.1430085585836984,0.2071638497429656,PRT_M_N,0,0,0,0,0,36.6542819407724,20997.77459870127,27.5,1.35078,65.1127395629883,86.73569549183993,9.95217173959977,0.9246918833333334,1,0,0,0,1,0,1,0,0,0,0,0,0
PRT,M_N,2019,15425.576,10021.065,3287,625.97,3.204479743424648,0.21308766687221276,PRT_M_N,0,0,0,0,0,38.3605751907072,21569.1874752919,28.2,1.39487,66.0920562744141,86.77098890835859,9.979021069470727,0.9246918833333334,1,0,0,1,1,0,1,0,0,0,0,0,0
PRT,M_N,2020,14787.083,10060.721,2866.384,606.371,3.1940172984306163,0.19384377567908423,PRT_M_N,0,0,0,0,0,40.1215406866329,19778.7139525722,31.3,1.60979,68.1568908691406,76.5086407209215,9.892361585498369,0.9246918833333334,1,0,0,0,1,0,0,0,0,0,0,0,0
PRT,M_N,2021,16535.788,11190.852,3306.869,630.891,3.2661491748268228,0.19998254694605422,PRT_M_N,0,0,0,0,0,41.5145728650954,20747.69907341633,32.3,1.66711,72.5122375488281,85.87354521489755,9.940190631482183,0.9246918833333334,1,0,0,0,1,0,1,0,0,0,0,0,0
PRT,M_N,2022,20097.665,12921.636,4029.868,665.438,3.4079134476848703,0.20051423884316907,PRT_M_N,0,0,0,0,0,42.937003513367,22042.868028364705,32.3,1.69051,75.0714797973633,101.36414647943452,10.000744383129602,0.9246918833333334,1,0,0,0,1,0,1,0,0,0,0,0,0
SVK,C,2010,11777.196,5323.179,2893.59,461.467,3.239509852884132,0.2456943061828979,SVK_C,6.111111111111001,518.8935559118656,6.253624090452044,NA,NA,16.2644145767381,14596.147777688731,10.3,0.60583,58.0442390441895,155.10849768158593,9.588512922038433,-0.4842254202898551,0,0,0,1,1,6.253624090452044,1,0,6.253624090452044,0,518.8935559118656,14707.703968253629,60.01099437900823
SVK,C,2011,12469.872,5739.66,4714.818,479.852,3.2575930509621682,0.37809674389600795,SVK_C,7.311111111111,586.3020174634512,6.375539197672329,NA,NA,17.6561458836789,14950.873517859864,10.4,0.65398,57.1524887084961,169.17807631106572,9.612525006400194,-0.4842254202898551,0,0,0,1,1,6.375539197672329,1,0,6.375539197672329,0,518.8935559118656,15725.084126983824,60.429244999578025
SVK,C,2012,12736.145,6030.788,3821.592,476.229,3.2863004620890752,0.30005876974547635,SVK_C,5,392.58347011595737,5.9752931676396015,518.8935559118656,6.253624090452044,19.3434773928924,15159.657042000448,10.5,0.79377,57.0384407043457,176.96895818143128,9.626393036381131,-0.4842254202898551,0,0,0,1,1,5.9752931676396015,1,0,5.9752931676396015,0,518.8935559118656,16534.671428571193,60.743171982380204
SVK,C,2013,12441.412,6147.447,3553.328,468.732,3.278754688127815,0.2856048815038036,SVK_C,7.166666666664,576.0332240957858,6.357899845605653,586.3020174634512,6.375539197672329,20.4985858774048,15249.882451378477,10.7,0.8184,55.253978729248,180.90313649145807,9.632327073899521,-0.4842254202898551,0,0,0,1,1,6.357899845605653,1,0,6.357899845605653,0,518.8935559118656,15604.066666666466,60.38093515779719
SVK,C,2014,14190.191,6523.567,3503.351,477.892,3.3909214647064756,0.2468854013311026,SVK_C,15.166666666666,1068.8134265892545,6.975239544578548,392.58347011595737,5.9752931676396015,21.9975144176702,15647.649176351691,12.2,0.87462,53.8843002319336,176.75631609813186,9.658075972311597,-0.4842254202898551,0,0,0,1,1,6.975239544578548,1,0,6.975239544578548,0,518.8935559118656,16399.26428571408,60.69175154308686
SVK,C,2015,15133.865,7032.536,4082.421,489.538,3.4312281377103724,0.2697540251614508,SVK_C,14.333333333329,947.1032900933767,6.854463452114471,576.0332240957858,6.357899845605653,23.5008610259474,16442.07608600175,13.4,1.15366,52.7206687927246,179.42602289503048,9.707598943240708,-0.4842254202898551,0,0,0,1,1,6.854463452114471,1,0,6.854463452114471,0,518.8935559118656,16279.164285714065,60.645787419158914
SVK,C,2016,14502.074,7502.229,4042.102,507.604,3.352345336633138,0.2787257877735281,SVK_C,9.441666666666,651.0563017859376,6.480130910630916,1068.8134265892545,6.975239544578548,24.626445872585,16740.741399642804,13.1,0.78513,50.3014488220215,182.75737959620065,9.725600632169233,-0.4842254202898551,0,0,0,1,1,6.480130910630916,1,0,6.480130910630916,0,518.8935559118656,17418.616666666454,61.06884204987209
SVK,C,2017,14545.101,8387.473,4703.747,526.843,3.31810692342911,0.32339046665953025,SVK_C,6.066666666666,417.09347131147456,6.03570502310421,947.1032900933767,6.854463452114471,25.8590797873319,17195.28887219626,12.4,0.88153,49.1256103515625,186.64468739954876,9.75239072250404,-0.4842254202898551,0,0,0,1,1,6.03570502310421,1,0,6.03570502310421,0,518.8935559118656,17241.196666666525,61.00482187496495
SVK,C,2018,16346.291,9297.724,4493.508,536.041,3.4175456497553958,0.27489465347215464,SVK_C,9.666666666666,591.3675870976481,6.384127366341799,651.0563017859376,6.480130910630916,27.6953839189658,17869.0149173679,12.4,0.83184,47.8138313293457,188.7329646994964,9.790823481696595,-0.4842254202898551,0,0,0,1,1,6.384127366341799,1,0,6.384127366341799,0,518.8935559118656,16493.10476190457,60.727432097026295
SVK,C,2019,17682.291,9752.157,4537.21,537.41,3.4935576051232484,0.256596274770051,SVK_C,11,622.0913342055054,6.4346931119033215,417.09347131147456,6.03570502310421,29.181106904051,18250.980247563653,17.6,0.82138,48.1902389526367,183.72260863123552,9.811974069763458,-0.4842254202898551,0,0,0,1,1,6.4346931119033215,1,0,6.4346931119033215,0,518.8935559118656,16465.366666666327,60.71690653995524
SVK,C,2020,16544.431,9419.506,3344.268,514.958,3.4697194847696085,0.20213859273854748,SVK_C,6,362.6597977289155,5.896218808981765,591.3675870976481,6.384127366341799,31.192548373756,17763.856384735176,17.6,0.88944,48.3790016174316,167.53417332036636,9.784921131755082,-0.4842254202898551,0,0,0,0,0,0,1,0,5.896218808981765,0,518.8935559118656,16049.299999999796,60.55686144245695
SVK,C,2021,16941.869,10016.838,3533.174,510.352,3.502442608977558,0.20854688464419127,SVK_C,0,0,0,622.0913342055054,6.4346931119033215,32.6060735005904,18808.454049659547,17.9,0.90093,50.7342491149902,181.97948448511968,9.84206173123325,-0.4842254202898551,0,0,0,1,0,0,1,0,0,0,518.8935559118656,0,0
SVK,C,2022,19078.725,10804.023,4013.446,516.922,3.608437126149935,0.21036238008567135,SVK_C,1,52.414404002363895,3.978080447465413,362.6597977289155,5.896218808981765,33.9988127597088,18964.829840062357,17.9,0.97686,52.4959106445312,204.05631853115133,9.85034148176861,-0.4842254202898551,0,0,0,1,0,3.978080447465413,1,0,3.978080447465413,0,518.8935559118656,6540.016666666589,54.943389994863765
SVK,D_E,2010,2981.024,753.668,1775.981,42.953,4.239915649983069,0.5957620602853247,SVK_D_E,37.16666666666501,12467.751573507965,9.430980919268393,NA,NA,16.2644145767381,14596.147777688731,10.3,0.60583,58.0442390441895,155.10849768158593,9.588512922038433,-0.4190017,0,0,0,1,1,9.430980919268393,1,0,9.430980919268393,0,12467.751573507965,72667.24999999904,105.56719238533
SVK,D_E,2011,3272.195,789.674,2220.266,42.23,4.3500854235779975,0.678524965657609,SVK_D_E,46.666666666666,14261.5787465802,9.565394515387705,NA,NA,17.6561458836789,14950.873517859864,10.4,0.65398,57.1524887084961,169.17807631106572,9.612525006400194,-0.4190017,0,0,0,1,1,9.565394515387705,1,0,9.565394515387705,0,12467.751573507965,76963.79269841172,106.10894109555838
SVK,D_E,2012,3357.775,793.443,2122.788,41.032,4.404681581136491,0.6322007877240137,SVK_D_E,32.499999999999,9679.028523352219,9.177820126893577,12467.751573507965,9.430980919268393,19.3434773928924,15159.657042000448,10.5,0.79377,57.0384407043457,176.96895818143128,9.626393036381131,-0.4190017,0,0,0,1,1,9.177820126893577,1,0,9.177820126893577,0,12467.751573507965,76313.023809523,106.02885924222917
SVK,D_E,2013,3113.701,818.165,1563.811,41.479,4.318380054733754,0.5022354426452637,SVK_D_E,48,15415.738376934714,9.64320910573849,14261.5787465802,9.565394515387705,20.4985858774048,15249.882451378477,10.7,0.8184,55.253978729248,180.90313649145807,9.632327073899521,-0.4190017,0,0,0,1,1,9.64320910573849,1,0,9.64320910573849,0,12467.751573507965,70961.55238095179,105.3431853100533
SVK,D_E,2014,3110.156,827.806,1871.767,41.137,4.325520204851758,0.6018241528720746,SVK_D_E,27.999999999998,9002.763848500847,9.10539797428384,9679.028523352219,9.177820126893577,21.9975144176702,15647.649176351691,12.2,0.87462,53.8843002319336,176.75631609813186,9.658075972311597,-0.4190017,0,0,0,1,1,9.10539797428384,1,0,9.10539797428384,0,12467.751573507965,68833.39999999948,105.0560243270953
SVK,D_E,2015,2888.952,830.095,2050.145,40.613,4.264560873182734,0.7096500737983877,SVK_D_E,75.49999999999801,26134.04445625888,10.171032392169447,15415.738376934714,9.64320910573849,23.5008610259474,16442.07608600175,13.4,1.15366,52.7206687927246,179.42602289503048,9.707598943240708,-0.4190017,0,0,0,1,1,10.171032392169447,1,0,10.171032392169447,0,12467.751573507965,63899.040476189984,104.35451377743506
SVK,D_E,2016,2864.262,855.805,1601.874,40.842,4.250355040649514,0.5592623859130205,SVK_D_E,40.999999999999,14314.332976522048,9.569086477933856,9002.763848500847,9.10539797428384,24.626445872585,16740.741399642804,13.1,0.78513,50.3014488220215,182.75737959620065,9.725600632169233,-0.4190017,0,0,0,1,1,9.569086477933856,1,0,9.569086477933856,0,12467.751573507965,66254.09999999953,104.69584406603848
SVK,D_E,2017,2714.251,879.507,1279.252,41.36,4.18395708933762,0.47130939622017265,SVK_D_E,33.388888888886,12301.326918139112,9.417543703804679,26134.04445625888,10.171032392169447,25.8590797873319,17195.28887219626,12.4,0.88153,49.1256103515625,186.64468739954876,9.75239072250404,-0.4190017,0,0,0,1,0,9.417543703804679,1,0,9.417543703804679,0,12467.751573507965,63655.338888888466,104.31847719772455
SVK,D_E,2018,2618.948,950.738,1181.547,41.964,4.133715881534909,0.45115328750322653,SVK_D_E,52.499999999999005,20046.21703065468,9.905845621637294,14314.332976522048,9.569086477933856,27.6953839189658,17869.0149173679,12.4,0.83184,47.8138313293457,188.7329646994964,9.790823481696595,-0.4190017,0,0,0,1,0,9.905845621637294,1,0,9.905845621637294,0,12467.751573507965,59593.00619047577,103.69656145892776
SVK,D_E,2019,3470.172,1000.525,1521.568,42.456,4.403491193910215,0.43847048503647656,SVK_D_E,31,8933.27477715802,9.09765025778094,12301.326918139112,9.417543703804679,29.181106904051,18250.980247563653,17.6,0.82138,48.1902389526367,183.72260863123552,9.811974069763458,-0.4190017,0,0,0,1,0,9.09765025778094,1,0,9.09765025778094,0,12467.751573507965,58347.56428571376,103.49737679807664
SVK,D_E,2020,3615.28,1035.45,1344.387,42.104,4.452781838590309,0.3718624836803788,SVK_D_E,31.999999999997,8851.319953087175,9.088434845240643,20046.21703065468,9.905845621637294,31.192548373756,17763.856384735176,17.6,0.88944,48.3790016174316,167.53417332036636,9.784921131755082,-0.4190017,0,0,0,1,0,9.088434845240643,1,0,9.088434845240643,0,12467.751573507965,62607.547619047065,104.16195028699067
SVK,D_E,2021,2893.62,1077.229,1404.333,41.94,4.2340235669455915,0.48532046364069925,SVK_D_E,32.833333333331005,11346.802044957876,9.336779351729877,8933.27477715802,9.09765025778094,32.6060735005904,18808.454049659547,17.9,0.90093,50.7342491149902,181.97948448511968,9.84206173123325,-0.4190017,0,0,0,1,1,9.336779351729877,1,0,9.336779351729877,0,12467.751573507965,58167.29999999958,103.46819526447088
SVK,D_E,2022,1558.417,1161.035,1551.95,43.223,3.585053080474069,0.9958502762739371,SVK_D_E,7,4491.737448962634,8.410217471787982,8851.319953087175,9.088434845240643,33.9988127597088,18964.829840062357,17.9,0.97686,52.4959106445312,204.05631853115133,9.85034148176861,-0.4190017,0,0,0,1,1,8.410217471787982,1,0,8.410217471787982,0,12467.751573507965,48442.66666666613,101.74290178196803
SVK,G,2010,8599.332,3956.568,981.278,379.453,3.120709062807515,0.11411095652546034,SVK_G,0,0,0,NA,NA,16.2644145767381,14596.147777688731,10.3,0.60583,58.0442390441895,155.10849768158593,9.588512922038433,0.06857736764705884,1,0,0,0,1,0,1,0,0,0,0,0,0
SVK,G,2011,9356.577,4198.21,1037.581,384.856,3.1909655591084074,0.11089322516129563,SVK_G,0,0,0,NA,NA,17.6561458836789,14950.873517859864,10.4,0.65398,57.1524887084961,169.17807631106572,9.612525006400194,0.06857736764705884,1,0,0,0,1,0,1,0,0,0,0,0,0
SVK,G,2012,8688.876,4285.377,936.601,383.157,3.1213540389633945,0.10779311386190803,SVK_G,0,0,0,0,0,19.3434773928924,15159.657042000448,10.5,0.79377,57.0384407043457,176.96895818143128,9.626393036381131,0.06857736764705884,1,0,0,0,1,0,1,0,0,0,0,0,0
SVK,G,2013,7850.191,4157.881,875.884,369.71,3.0555742271552613,0.1115748648663453,SVK_G,0,0,0,0,0,20.4985858774048,15249.882451378477,10.7,0.8184,55.253978729248,180.90313649145807,9.632327073899521,0.06857736764705884,1,0,0,0,1,0,1,0,0,0,0,0,0
SVK,G,2014,7724.17,4407.449,1197.737,373.687,3.0286911040039612,0.15506352138805854,SVK_G,0,0,0,0,0,21.9975144176702,15647.649176351691,12.2,0.87462,53.8843002319336,176.75631609813186,9.658075972311597,0.06857736764705884,1,0,0,0,1,0,1,0,0,0,0,0,0
SVK,G,2015,7605.787,4638.063,1316.245,375.564,3.008235787793718,0.17305835674861783,SVK_G,0,0,0,0,0,23.5008610259474,16442.07608600175,13.4,1.15366,52.7206687927246,179.42602289503048,9.707598943240708,0.06857736764705884,1,0,0,0,1,0,1,0,0,0,0,0,0
SVK,G,2016,7200.13,4645.237,1459.698,381.115,2.938753193543365,0.2027321728913228,SVK_G,0,0,0,0,0,24.626445872585,16740.741399642804,13.1,0.78513,50.3014488220215,182.75737959620065,9.725600632169233,0.06857736764705884,1,0,0,0,1,0,1,0,0,0,0,0,0
SVK,G,2017,7756.45,5089.247,1469.419,385.028,3.00296397536119,0.18944478466308687,SVK_G,0,0,0,0,0,25.8590797873319,17195.28887219626,12.4,0.88153,49.1256103515625,186.64468739954876,9.75239072250404,0.06857736764705884,1,0,0,0,1,0,1,0,0,0,0,0,0
SVK,G,2018,7744.616,5479.111,1509.701,386.844,2.996731660259756,0.19493555264715515,SVK_G,0,0,0,0,0,27.6953839189658,17869.0149173679,12.4,0.83184,47.8138313293457,188.7329646994964,9.790823481696595,0.06857736764705884,1,0,0,0,1,0,1,0,0,0,0,0,0
SVK,G,2019,9134.009,5824.077,1523.593,384.193,3.168614948582772,0.1668044119509845,SVK_G,0,0,0,0,0,29.181106904051,18250.980247563653,17.6,0.82138,48.1902389526367,183.72260863123552,9.811974069763458,0.06857736764705884,1,0,0,0,1,0,1,0,0,0,0,0,0
SVK,G,2020,9914.513,5859.276,1197.212,376.3,3.2713682246494615,0.12075348531995468,SVK_G,0,0,0,0,0,31.192548373756,17763.856384735176,17.6,0.88944,48.3790016174316,167.53417332036636,9.784921131755082,0.06857736764705884,1,0,0,0,1,0,1,0,0,0,0,0,0
SVK,G,2021,9632.396,6171.969,1161.736,375.544,3.2445116382236052,0.1206071677285693,SVK_G,0,0,0,0,0,32.6060735005904,18808.454049659547,17.9,0.90093,50.7342491149902,181.97948448511968,9.84206173123325,0.06857736764705884,1,0,0,0,1,0,1,0,0,0,0,0,0
SVK,G,2022,11080.374,6660.78,1521.892,379.636,3.373717815335,0.1373502374558837,SVK_G,0,0,0,0,0,33.9988127597088,18964.829840062357,17.9,0.97686,52.4959106445312,204.05631853115133,9.85034148176861,0.06857736764705884,1,0,0,0,1,0,1,0,0,0,0,0,0
SVK,H,2010,2766.031,1660.552,1247.247,134.416,3.0242292510592925,0.4509157706475452,SVK_H,4.833333333333,1747.3894303183877,7.466450317625649,NA,NA,16.2644145767381,14596.147777688731,10.3,0.60583,58.0442390441895,155.10849768158593,9.588512922038433,-0.3927636321428572,0,0,0,1,1,7.466450317625649,1,0,7.466450317625649,0,1747.3894303183877,28149.49666666651,76.49617483629554
SVK,H,2011,3175.474,1703.032,795.775,133.258,3.1709250927553057,0.25060038280899166,SVK_H,12.999999999999,4093.877008597456,8.317491961305588,NA,NA,17.6561458836789,14950.873517859864,10.4,0.65398,57.1524887084961,169.17807631106572,9.612525006400194,-0.3927636321428572,0,0,0,1,0,8.317491961305588,1,0,8.317491961305588,0,1747.3894303183877,33289.099999999824,77.74826165149153
SVK,H,2012,3430.013,1690.695,1213.938,131.342,3.262514721939961,0.35391644288228646,SVK_H,5,1457.7204226339668,7.28531490756588,1747.3894303183877,7.466450317625649,19.3434773928924,15159.657042000448,10.5,0.79377,57.0384407043457,176.96895818143128,9.626393036381131,-0.3927636321428572,0,0,0,1,1,7.28531490756588,1,0,7.28531490756588,0,1747.3894303183877,31953.53888888869,77.44254170205261
SVK,H,2013,3728.963,1747.794,1411.099,135.722,3.313276781869349,0.37841592957613146,SVK_H,5.5,1474.9408883917592,7.297050955843386,4093.877008597456,8.317491961305588,20.4985858774048,15249.882451378477,10.7,0.8184,55.253978729248,180.90313649145807,9.632327073899521,-0.3927636321428572,0,0,0,1,1,7.297050955843386,1,0,7.297050955843386,0,1747.3894303183877,30779.29999999987,77.1630025953846
SVK,H,2014,4767.123,1797.442,1749.505,134.693,3.5665001425322393,0.3669938870887116,SVK_H,6.5,1363.505829406961,7.218547612331983,1457.7204226339668,7.28531490756588,21.9975144176702,15647.649176351691,12.2,0.87462,53.8843002319336,176.75631609813186,9.658075972311597,-0.3927636321428572,0,0,0,1,1,7.218547612331983,1,0,7.218547612331983,0,1747.3894303183877,31063.583333333157,77.2316453745505
SVK,H,2015,5079.386,1936.099,2266.967,137.591,3.608660150742525,0.4463072898968497,SVK_H,2,393.748378248867,5.978248544828052,1474.9408883917592,7.297050955843386,23.5008610259474,16442.07608600175,13.4,1.15366,52.7206687927246,179.42602289503048,9.707598943240708,-0.3927636321428572,0,0,0,1,1,5.978248544828052,1,0,5.978248544828052,0,1747.3894303183877,30106.32999999981,76.9979476673831
SVK,H,2016,4689.887,1992.455,1575.759,138.411,3.5229362475394272,0.335990824512403,SVK_H,7.499999999999,1599.185652020827,7.377874934009638,1363.505829406961,7.218547612331983,24.626445872585,16740.741399642804,13.1,0.78513,50.3014488220215,182.75737959620065,9.725600632169233,-0.3927636321428572,0,0,0,1,1,7.377874934009638,1,0,7.377874934009638,0,1747.3894303183877,32560.763333333194,77.5830936206447
SVK,H,2017,4979.862,2162.942,1343.047,141.062,3.5639579487480346,0.26969562610369524,SVK_H,22.333333333332,4484.729362647399,8.408656383935122,393.748378248867,5.978248544828052,25.8590797873319,17195.28887219626,12.4,0.88153,49.1256103515625,186.64468739954876,9.75239072250404,-0.3927636321428572,0,0,0,1,0,8.408656383935122,1,0,8.408656383935122,0,1747.3894303183877,32668.599999999868,77.60777983924899
SVK,H,2018,5188.157,2402.639,1517.563,147.586,3.559722750402626,0.29250521909803423,SVK_H,25.6,4934.314825091068,8.504171744177503,1599.185652020827,7.377874934009638,27.6953839189658,17869.0149173679,12.4,0.83184,47.8138313293457,188.7329646994964,9.790823481696595,-0.3927636321428572,0,0,0,1,0,8.504171744177503,1,0,8.504171744177503,0,1747.3894303183877,32217.496666666473,77.50396434573186
SVK,H,2019,5561.219,2543.72,1501.632,149.027,3.6194451102354046,0.2700184977430308,SVK_H,17.8,3200.737104580848,8.071448786682188,4484.729362647399,8.408656383935122,29.181106904051,18250.980247563653,17.6,0.82138,48.1902389526367,183.72260863123552,9.811974069763458,-0.3927636321428572,0,0,0,1,0,8.071448786682188,1,0,8.071448786682188,0,1747.3894303183877,31430.24999999973,77.31925857105047
SVK,H,2020,5507.247,2531.526,1303.423,145.501,3.6336371808230346,0.23667414953424096,SVK_H,7.33333333333,1331.5787966891623,7.194871288767545,4934.314825091068,8.504171744177503,31.192548373756,17763.856384735176,17.6,0.88944,48.3790016174316,167.53417332036636,9.784921131755082,-0.3927636321428572,0,0,0,1,0,7.194871288767545,1,0,7.194871288767545,0,1747.3894303183877,27446.833333333183,76.30743966309568
SVK,H,2021,5632.79,2577.928,1486.002,143.554,3.669648886853035,0.2638127819428738,SVK_H,1,177.53191580016298,5.184767385237792,3200.737104580848,8.071448786682188,32.6060735005904,18808.454049659547,17.9,0.90093,50.7342491149902,181.97948448511968,9.84206173123325,-0.3927636321428572,0,0,0,1,0,5.184767385237792,1,0,5.184767385237792,0,1747.3894303183877,17249.449999999877,72.83965425446544
SVK,H,2022,6599.194,2790.644,1709.892,144.522,3.821271054246282,0.25910618781626965,SVK_H,3.999999999998,606.1346279557775,6.408750558816104,1331.5787966891623,7.194871288767545,33.9988127597088,18964.829840062357,17.9,0.97686,52.4959106445312,204.05631853115133,9.85034148176861,-0.3927636321428572,0,0,0,1,0,6.408750558816104,1,0,6.408750558816104,0,1747.3894303183877,11087.383333333255,69.53992958584611
SVK,J,2010,3279.756,952.801,1592.239,50.444,4.1746604982735676,0.4854748341035126,SVK_J,1,304.9007304201898,5.7232606389284095,NA,NA,16.2644145767381,14596.147777688731,10.3,0.60583,58.0442390441895,155.10849768158593,9.588512922038433,1.2675550444444446,1,304.9007304201898,5.7232606389284095,1,1,5.7232606389284095,1,0,5.7232606389284095,0,304.9007304201898,3645.899999999883,46.940082011124225
SVK,J,2011,3252.976,1107.57,746.245,55.889,4.0639579678079185,0.22940378287451244,SVK_J,0,0,0,NA,NA,17.6561458836789,14950.873517859864,10.4,0.65398,57.1524887084961,169.17807631106572,9.612525006400194,1.2675550444444446,1,0,0,1,0,0,1,0,0,0,304.9007304201898,0,0
SVK,J,2012,3686.584,1131.38,748.593,55.059,4.204050225465895,0.20305871234725698,SVK_J,0,0,0,304.9007304201898,5.7232606389284095,19.3434773928924,15159.657042000448,10.5,0.79377,57.0384407043457,176.96895818143128,9.626393036381131,1.2675550444444446,1,0,0,0,0,0,1,0,0,0,304.9007304201898,0,0
SVK,J,2013,3468.425,1184.2,687.193,57.341,4.102439979275793,0.1981282570619229,SVK_J,1,288.3153016138449,5.667517102439033,0,0,20.4985858774048,15249.882451378477,10.7,0.8184,55.253978729248,180.90313649145807,9.632327073899521,1.2675550444444446,1,288.3153016138449,5.667517102439033,0,0,0,1,0,5.667517102439033,0,304.9007304201898,4937.742658729974,48.67556513343543
SVK,J,2014,3362.802,1231.717,658.577,59.416,4.035966283636446,0.19584174150009426,SVK_J,2,594.7421227892692,6.389807893548623,0,0,21.9975144176702,15647.649176351691,12.2,0.87462,53.8843002319336,176.75631609813186,9.658075972311597,1.2675550444444446,1,594.7421227892692,6.389807893548623,0,0,0,1,0,6.389807893548623,0,304.9007304201898,4857.788095237982,48.58215160378582
SVK,J,2015,3576.975,1334.898,755.687,61.065,4.070333879514534,0.21126426659397957,SVK_J,0,0,0,288.3153016138449,5.667517102439033,23.5008610259474,16442.07608600175,13.4,1.15366,52.7206687927246,179.42602289503048,9.707598943240708,1.2675550444444446,1,0,0,1,0,0,1,0,0,0,304.9007304201898,0,0
SVK,J,2016,3933.603,1419.496,797.332,64.394,4.112290617689533,0.20269762861173332,SVK_J,0.666666666666,169.47990599610588,5.138617436383041,594.7421227892692,6.389807893548623,24.626445872585,16740.741399642804,13.1,0.78513,50.3014488220215,182.75737959620065,9.725600632169233,1.2675550444444446,1,169.47990599610588,5.138617436383041,0,0,0,1,0,5.138617436383041,0,304.9007304201898,4587.929761904654,48.25511181870386
SVK,J,2017,4093.018,1561.946,969.998,67.251,4.1086059859751245,0.23698845204198957,SVK_J,0,0,0,0,0,25.8590797873319,17195.28887219626,12.4,0.88153,49.1256103515625,186.64468739954876,9.75239072250404,1.2675550444444446,1,0,0,1,0,0,1,0,0,0,304.9007304201898,0,0
SVK,J,2018,4105.353,1690.111,737.233,71.228,4.05416101134214,0.17957846743020636,SVK_J,0,0,0,169.47990599610588,5.138617436383041,27.6953839189658,17869.0149173679,12.4,0.83184,47.8138313293457,188.7329646994964,9.790823481696595,1.2675550444444446,1,0,0,0,0,0,1,0,0,0,304.9007304201898,0,0
SVK,J,2019,4240.169,1828.059,1025.725,73.243,4.058575725731444,0.24190663155171407,SVK_J,0,0,0,0,0,29.181106904051,18250.980247563653,17.6,0.82138,48.1902389526367,183.72260863123552,9.811974069763458,1.2675550444444446,1,0,0,1,0,0,1,0,0,0,304.9007304201898,0,0
SVK,J,2020,4199.017,1957.667,997.269,75.085,4.02398492412675,0.2375005864467803,SVK_J,1.5,357.2264651464855,5.8811653706117095,0,0,31.192548373756,17763.856384735176,17.6,0.88944,48.3790016174316,167.53417332036636,9.784921131755082,1.2675550444444446,1,357.2264651464855,5.8811653706117095,1,0,5.8811653706117095,1,0,5.8811653706117095,0,304.9007304201898,4495.133333333179,48.138190975694094
SVK,J,2021,4650.209,2128.197,1071.183,77.331,4.096572533678699,0.23035158204717252,SVK_J,0,0,0,0,0,32.6060735005904,18808.454049659547,17.9,0.90093,50.7342491149902,181.97948448511968,9.84206173123325,1.2675550444444446,1,0,0,1,0,0,1,0,0,0,304.9007304201898,0,0
SVK,J,2022,5167.299,2297.954,1293.368,80.03,4.1677038294683575,0.25029865699662435,SVK_J,0,0,0,357.2264651464855,5.8811653706117095,33.9988127597088,18964.829840062357,17.9,0.97686,52.4959106445312,204.05631853115133,9.85034148176861,1.2675550444444446,1,0,0,1,0,0,1,0,0,0,304.9007304201898,0,0
SVK,K,2010,2072.224,791.975,169.144,40.136,3.9441040184622698,0.0816243803758667,SVK_K,0,0,0,NA,NA,16.2644145767381,14596.147777688731,10.3,0.60583,58.0442390441895,155.10849768158593,9.588512922038433,2.05267,1,0,0,0,0,0,1,0,0,0,0,0,0
SVK,K,2011,2262.774,845.463,294.536,40.609,4.020357056295553,0.13016589372160012,SVK_K,0,0,0,NA,NA,17.6561458836789,14950.873517859864,10.4,0.65398,57.1524887084961,169.17807631106572,9.612525006400194,2.05267,1,0,0,0,1,0,1,0,0,0,0,0,0
SVK,K,2012,2260.02,912.251,246.395,41.76,3.9911899982103134,0.10902337147458872,SVK_K,0,0,0,0,0,19.3434773928924,15159.657042000448,10.5,0.79377,57.0384407043457,176.96895818143128,9.626393036381131,2.05267,1,0,0,0,1,0,1,0,0,0,0,0,0
SVK,K,2013,2336.918,862.712,252.929,42.321,4.011304829443496,0.10823186778483455,SVK_K,0,0,0,0,0,20.4985858774048,15249.882451378477,10.7,0.8184,55.253978729248,180.90313649145807,9.632327073899521,2.05267,1,0,0,0,1,0,1,0,0,0,0,0,0
SVK,K,2014,2471.725,930.39,252.702,43.97,4.0291639832418795,0.10223710161931444,SVK_K,0,0,0,0,0,21.9975144176702,15647.649176351691,12.2,0.87462,53.8843002319336,176.75631609813186,9.658075972311597,2.05267,1,0,0,0,0,0,1,0,0,0,0,0,0
SVK,K,2015,2498.857,970.248,300.826,45.779,3.9997632356224844,0.1203854402232701,SVK_K,0,0,0,0,0,23.5008610259474,16442.07608600175,13.4,1.15366,52.7206687927246,179.42602289503048,9.707598943240708,2.05267,1,0,0,0,1,0,1,0,0,0,0,0,0
SVK,K,2016,2284.234,1020.309,315.547,46.46,3.8951942900246856,0.13814127624402756,SVK_K,0,0,0,0,0,24.626445872585,16740.741399642804,13.1,0.78513,50.3014488220215,182.75737959620065,9.725600632169233,2.05267,1,0,0,0,1,0,1,0,0,0,0,0,0
SVK,K,2017,2073.816,1006.414,343.605,45.93,3.8100271690619496,0.1656873126641901,SVK_K,0,0,0,0,0,25.8590797873319,17195.28887219626,12.4,0.88153,49.1256103515625,186.64468739954876,9.75239072250404,2.05267,1,0,0,0,1,0,1,0,0,0,0,0,0
SVK,K,2018,2426.017,1079.177,300.153,46.598,3.9524484751434232,0.12372254604975977,SVK_K,0,0,0,0,0,27.6953839189658,17869.0149173679,12.4,0.83184,47.8138313293457,188.7329646994964,9.790823481696595,2.05267,1,0,0,0,1,0,1,0,0,0,0,0,0
SVK,K,2019,2640.745,1132.506,419.166,46.96,4.029520177780142,0.15873020681663697,SVK_K,0,0,0,0,0,29.181106904051,18250.980247563653,17.6,0.82138,48.1902389526367,183.72260863123552,9.811974069763458,2.05267,1,0,0,0,1,0,1,0,0,0,0,0,0
SVK,K,2020,2554.386,1144.858,343.587,45.708,4.023293823361969,0.13450864513037575,SVK_K,0,0,0,0,0,31.192548373756,17763.856384735176,17.6,0.88944,48.3790016174316,167.53417332036636,9.784921131755082,2.05267,1,0,0,0,1,0,1,0,0,0,0,0,0
SVK,K,2021,2917.299,1138.292,262.364,45.126,4.168954890113506,0.08993387376473923,SVK_K,0,0,0,0,0,32.6060735005904,18808.454049659547,17.9,0.90093,50.7342491149902,181.97948448511968,9.84206173123325,2.05267,1,0,0,0,0,0,1,0,0,0,0,0,0
SVK,K,2022,2680.685,1200.921,282.879,44.624,4.095555806975343,0.10552489382378012,SVK_K,0,0,0,0,0,33.9988127597088,18964.829840062357,17.9,0.97686,52.4959106445312,204.05631853115133,9.85034148176861,2.05267,1,0,0,0,0,0,1,0,0,0,0,0,0
SVK,M_N,2010,5780.323,2009.789,425.834,191.882,3.4053342426973066,0.07366958559236222,SVK_M_N,0,0,0,NA,NA,16.2644145767381,14596.147777688731,10.3,0.60583,58.0442390441895,155.10849768158593,9.588512922038433,0.9246918833333334,1,0,0,0,0,0,1,0,0,0,0,0,0
SVK,M_N,2011,5700.775,2139.385,369.824,200.28,3.348641022030787,0.06487258311369946,SVK_M_N,0,0,0,NA,NA,17.6561458836789,14950.873517859864,10.4,0.65398,57.1524887084961,169.17807631106572,9.612525006400194,0.9246918833333334,1,0,0,0,0,0,1,0,0,0,0,0,0
SVK,M_N,2012,6096.262,2269.361,317.092,215.767,3.3412319536846473,0.05201416868238275,SVK_M_N,0,0,0,0,0,19.3434773928924,15159.657042000448,10.5,0.79377,57.0384407043457,176.96895818143128,9.626393036381131,0.9246918833333334,1,0,0,0,0,0,1,0,0,0,0,0,0
SVK,M_N,2013,6444.012,2419.445,529.954,211.714,3.415670299220381,0.08223975995078842,SVK_M_N,0,0,0,0,0,20.4985858774048,15249.882451378477,10.7,0.8184,55.253978729248,180.90313649145807,9.632327073899521,0.9246918833333334,1,0,0,0,0,0,1,0,0,0,0,0,0
SVK,M_N,2014,6910.29,2358.787,1050.072,212.205,3.4832140954641533,0.1519577325987766,SVK_M_N,0,0,0,0,0,21.9975144176702,15647.649176351691,12.2,0.87462,53.8843002319336,176.75631609813186,9.658075972311597,0.9246918833333334,1,0,0,0,0,0,1,0,0,0,0,0,0
SVK,M_N,2015,7812.534,2568.424,1314.587,231.123,3.5205346096914605,0.16826640370461107,SVK_M_N,0,0,0,0,0,23.5008610259474,16442.07608600175,13.4,1.15366,52.7206687927246,179.42602289503048,9.707598943240708,0.9246918833333334,1,0,0,0,1,0,1,0,0,0,0,0,0
SVK,M_N,2016,8069.566,2740.586,1027.452,241.885,3.5073925737891707,0.127324319548288,SVK_M_N,0,0,0,0,0,24.626445872585,16740.741399642804,13.1,0.78513,50.3014488220215,182.75737959620065,9.725600632169233,0.9246918833333334,1,0,0,0,0,0,1,0,0,0,0,0,0
SVK,M_N,2017,8539.735,2945.884,1267.293,244.271,3.554206991147068,0.1483995697758771,SVK_M_N,0,0,0,0,0,25.8590797873319,17195.28887219626,12.4,0.88153,49.1256103515625,186.64468739954876,9.75239072250404,0.9246918833333334,1,0,0,0,0,0,1,0,0,0,0,0,0
SVK,M_N,2018,9051.68,3201.414,1195.514,256.188,3.5647941048667895,0.13207647641100878,SVK_M_N,0,0,0,0,0,27.6953839189658,17869.0149173679,12.4,0.83184,47.8138313293457,188.7329646994964,9.790823481696595,0.9246918833333334,1,0,0,0,0,0,1,0,0,0,0,0,0
SVK,M_N,2019,7775.746,3309.13,1437.286,257.882,3.4062625650401612,0.18484220034965135,SVK_M_N,0,0,0,0,0,29.181106904051,18250.980247563653,17.6,0.82138,48.1902389526367,183.72260863123552,9.811974069763458,0.9246918833333334,1,0,0,0,1,0,1,0,0,0,0,0,0
SVK,M_N,2020,7441.558,3470.284,1244.521,255.249,3.3725959751969845,0.16723930660756792,SVK_M_N,0,0,0,0,0,31.192548373756,17763.856384735176,17.6,0.88944,48.3790016174316,167.53417332036636,9.784921131755082,0.9246918833333334,1,0,0,0,1,0,1,0,0,0,0,0,0
SVK,M_N,2021,8622.668,3557.014,1440.622,253.57,3.52650990949405,0.167073810565361,SVK_M_N,0,0,0,0,0,32.6060735005904,18808.454049659547,17.9,0.90093,50.7342491149902,181.97948448511968,9.84206173123325,0.9246918833333334,1,0,0,0,1,0,1,0,0,0,0,0,0
SVK,M_N,2022,9397.963,3929.1,1487.003,258.87,3.591922237458811,0.15822609644238864,SVK_M_N,0,0,0,0,0,33.9988127597088,18964.829840062357,17.9,0.97686,52.4959106445312,204.05631853115133,9.85034148176861,0.9246918833333334,1,0,0,0,1,0,1,0,0,0,0,0,0
SWE,C,2010,529889,246577,123804,575,6.826052788834335,0.23364138527125491,SWE_C,115.91111111110301,218.74602248981014,5.3924724362413405,NA,NA,31.9840349438999,48205.54925127422,44.7,3.18756,73.0818328857422,85.09148492727327,10.783229423106263,-0.4842254202898551,0,0,0,0,1,0,1,1,5.3924724362413405,5.3924724362413405,218.74602248981014,14597.903968253637,51.706809801071955
SWE,C,2011,547046,259636,127223,583,6.84410098658182,0.23256362353440113,SWE_C,149.39444444443902,273.09302041224873,5.613467539329843,NA,NA,32.0391154481002,49356.590525704654,45.4,3.20686,71.9184112548828,86.39074480601876,10.806826582565227,-0.4842254202898551,0,0,0,0,1,0,1,1,5.613467539329843,5.613467539329843,218.74602248981014,15583.000793650495,52.05892931366744
SWE,C,2012,524252,262902,121567,571,6.822338554074651,0.23188657363252788,SWE_C,166.119047619044,316.86869600696616,5.761638391872699,218.74602248981014,5.3924724362413405,32.2829791143157,48789.790688363704,48.3,3.24636,68.742301940918,85.29806054243595,10.795276362748696,-0.4842254202898551,0,0,0,0,1,0,1,1,5.761638391872699,5.761638391872699,218.74602248981014,16373.55238095215,52.325768520505314
SWE,C,2013,508423,261501,127130,559,6.812919584087569,0.2500476965046821,SWE_C,125.06666666666301,245.98939596883503,5.509345404406139,273.09302041224873,5.613467539329843,32.7855388506159,48928.49941412906,47.3,3.27557,65.7820892333984,81.64025213299637,10.7981153158,-0.4842254202898551,0,0,0,1,1,5.509345404406139,1,1,5.509345404406139,5.509345404406139,218.74602248981014,15486.166666666466,52.02531763480729
SWE,C,2014,517018,265750,144471,552,6.842284922854981,0.2794312770541838,SWE_C,195.666666666664,378.45232983506185,5.938728975862859,316.86869600696616,5.761638391872699,33.841393015349,49557.61836479587,48.6,3.12457,64.9541931152344,83.8229810483527,10.810891278995069,-0.4842254202898551,0,0,0,1,1,5.938728975862859,1,1,5.938728975862859,5.938728975862859,218.74602248981014,16218.764285714082,52.27455119814887
SWE,C,2015,582071,268643,149231,542,6.97908171096052,0.2563793763990991,SWE_C,169.23333333332403,290.7434545499158,5.675874835781886,245.98939596883503,5.509345404406139,35.6778078349251,51188.165212049265,51.9,3.24088,66.4283218383789,84.1730765958171,10.843263636106574,-0.4842254202898551,0,0,0,1,1,5.675874835781886,1,1,5.675874835781886,5.675874835781886,218.74602248981014,16124.264285714069,52.24304155863584
SWE,C,2016,593561,274532,152863,533,7.015373843702445,0.2575354512847037,SWE_C,157.499999999996,265.347622232586,5.584802306094273,378.45232983506185,5.938728975862859,37.0821744423215,51626.323531236936,50.9,3.25643,68.306037902832,83.4519478574149,10.85178696734365,-0.4842254202898551,0,0,0,1,1,5.584802306094273,1,1,5.584802306094273,5.584802306094273,218.74602248981014,17270.558333333123,52.61336350578684
SWE,C,2017,610777,286055,160512,546,7.019868220338996,0.2627996797521845,SWE_C,179.149999999996,293.3149087146307,5.68465031217799,290.7434545499158,5.675874835781886,38.3266046004608,51894.37481778076,51.8,3.39374,70.4342498779297,86.0693088740521,10.856965678266041,-0.4842254202898551,0,0,0,1,1,5.68465031217799,1,1,5.68465031217799,5.68465031217799,218.74602248981014,17068.113333333196,52.54978340230415
SWE,C,2018,641564,300461,160532,559,7.045514751079447,0.2502197754238081,SWE_C,165.166666666664,257.44378840873867,5.5546782173379,265.347622232586,5.584802306094273,38.7413375683818,52203.08725897606,51.6,3.34602,73.4083786010742,90.40871423617006,10.86289691501412,-0.4842254202898551,0,0,0,1,1,5.5546782173379,1,1,5.5546782173379,5.5546782173379,218.74602248981014,16337.604761904571,52.31391722641953
SWE,C,2019,662052,307490,160744,556,7.082331087432627,0.2427966383305239,SWE_C,191.49999999999602,289.25220375438187,5.670750213156866,293.3149087146307,5.68465031217799,39.2905524546107,53024.40994943172,52.9,3.39847,75.1148529052734,92.75113902905612,10.878507651590333,-0.4842254202898551,0,0,0,0,1,0,1,1,5.670750213156866,5.670750213156866,218.74602248981014,16284.86666666633,52.29648313721134
SWE,C,2020,634384,305716,154900,546,7.057790752558865,0.24417387575979219,SWE_C,142.333333333331,224.36463298779762,5.417719681520617,257.44378840873867,5.5546782173379,40.3679810262741,51624.58117895726,57.8,3.50181,79.1196365356445,84.47459581416179,10.85175321747415,-0.4842254202898551,0,0,0,0,1,0,1,1,5.417719681520617,5.417719681520617,218.74602248981014,15912.966666666465,52.17191418933162
SWE,C,2021,698849,328930,183030,551,7.145455165836885,0.2619020704043363,SWE_C,140.19999999999902,200.61558362392879,5.306362832931613,289.25220375438187,5.670750213156866,40.8351431063991,53997.133706879926,57.9,3.41565,85.9426193237305,91.11023744130416,10.896686244635422,-0.4842254202898551,0,0,0,1,1,5.306362832931613,1,1,5.306362832931613,5.306362832931613,218.74602248981014,10656.133333333193,50.00970710334443
SWE,C,2022,796047,333565,196928.931955596,568,7.245292089588399,0.24738354890552441,SWE_C,72.699999999997,91.32626591143111,4.525328672114228,224.36463298779762,5.417719681520617,40.6093424279832,54304.18775010333,57.9,3.47239,83.8976135253906,107.11175182651168,10.902356625417916,-0.4842254202898551,0,0,0,0,1,0,1,1,4.525328672114228,4.525328672114228,218.74602248981014,6468.316666666592,47.31800607735135
SWE,D_E,2010,118462,25676,48259,50,7.770324507596436,0.4073795816379936,SWE_D_E,602.3999999999861,5085.174992824586,8.534281352158665,NA,NA,31.9840349438999,48205.54925127422,44.7,3.18756,73.0818328857422,85.09148492727327,10.783229423106263,-0.4190017,0,0,0,1,0,8.534281352158665,1,1,8.534281352158665,8.534281352158665,5085.174992824586,72102.01666666573,95.46320098358915
SWE,D_E,2011,117110,27151,45645,51,7.739043310311858,0.389761762445564,SWE_D_E,498.6666666666539,4258.104915606301,8.356814303478998,NA,NA,32.0391154481002,49356.590525704654,45.4,3.20686,71.9184112548828,86.39074480601876,10.806826582565227,-0.4190017,0,0,0,1,0,8.356814303478998,1,1,8.356814303478998,8.356814303478998,5085.174992824586,76511.79269841174,95.96981357538381
SWE,D_E,2012,120383,28000,53733,51,7.766607973150148,0.44635039831205403,SWE_D_E,421.654761904749,3502.6105173051765,8.16154929214114,5085.174992824586,8.534281352158665,32.2829791143157,48789.790688363704,48.3,3.24636,68.742301940918,85.29806054243595,10.795276362748696,-0.4190017,0,0,0,1,0,8.16154929214114,1,1,8.16154929214114,8.16154929214114,5085.174992824586,75923.86904761825,95.90398298377416
SWE,D_E,2013,116014,29289,56412,53,7.6911742389091415,0.4862516592825004,SWE_D_E,435.99999999998994,3758.1671177615626,8.231952700613077,4258.104915606301,8.356814303478998,32.7855388506159,48928.49941412906,47.3,3.27557,65.7820892333984,81.64025213299637,10.7981153158,-0.4190017,0,0,0,1,1,8.231952700613077,1,1,8.231952700613077,8.231952700613077,5085.174992824586,70573.5523809518,95.28034332247209
SWE,D_E,2014,115693,30465,62898,54,7.66971136349076,0.5436629701019077,SWE_D_E,410.499999999988,3548.1835547525607,8.174472871442209,3502.6105173051765,8.16154929214114,33.841393015349,49557.61836479587,48.6,3.12457,64.9541931152344,83.8229810483527,10.810891278995069,-0.4190017,0,0,0,1,1,8.174472871442209,1,1,8.174472871442209,8.174472871442209,5085.174992824586,68450.8999999995,95.01972068346952
SWE,D_E,2015,114304,29331,59905,54,7.657632798231842,0.5240848964165733,SWE_D_E,361.499999999993,3162.6189809629846,8.059471898425906,3758.1671177615626,8.231952700613077,35.6778078349251,51188.165212049265,51.9,3.24088,66.4283218383789,84.1730765958171,10.843263636106574,-0.4190017,0,0,0,1,1,8.059471898425906,1,1,8.059471898425906,8.059471898425906,5085.174992824586,63613.04047618999,94.39418260422063
SWE,D_E,2016,111711,30109,53911,54,7.63468641171062,0.48259347781328604,SWE_D_E,342.149999999993,3062.813867926999,8.027415780949642,3548.1835547525607,8.174472871442209,37.0821744423215,51626.323531236936,50.9,3.25643,68.306037902832,83.4519478574149,10.85178696734365,-0.4190017,0,0,0,1,1,8.027415780949642,1,1,8.027415780949642,8.027415780949642,5085.174992824586,65952.94999999953,94.702462720389
SWE,D_E,2017,115946,31056,59519,56,7.635528153725184,0.5133337933175789,SWE_D_E,421.74999999999704,3637.469166681016,8.199318313567098,3162.6189809629846,8.059471898425906,38.3266046004608,51894.37481778076,51.8,3.39374,70.4342498779297,86.0693088740521,10.856965678266041,-0.4190017,0,0,0,1,1,8.199318313567098,1,1,8.199318313567098,8.199318313567098,5085.174992824586,63266.97777777735,94.34762906105087
SWE,D_E,2018,116661,32904,70924,56,7.641675881454136,0.6079495289771217,SWE_D_E,503.8357142857089,4318.80160709842,8.37096475590083,3062.813867926999,8.027415780949642,38.7413375683818,52203.08725897606,51.6,3.34602,73.4083786010742,90.40871423617006,10.86289691501412,-0.4190017,0,0,0,1,1,8.37096475590083,1,1,8.37096475590083,8.37096475590083,5085.174992824586,59141.67047619006,93.77219103971994
SWE,D_E,2019,134803,34317,84394,57,7.768518464571029,0.6260543162985986,SWE_D_E,454.369047619041,3370.6152505436894,8.123147211349451,3637.469166681016,8.199318313567098,39.2905524546107,53024.40994943172,52.9,3.39847,75.1148529052734,92.75113902905612,10.878507651590333,-0.4190017,0,0,0,1,1,8.123147211349451,1,1,8.123147211349451,8.123147211349451,5085.174992824586,57924.19523809472,93.59467604416781
SWE,D_E,2020,132142,35857,91534,59,7.7140949370260055,0.6926942228814457,SWE_D_E,656.733333333324,4969.906111102632,8.511357418590341,4318.80160709842,8.37096475590083,40.3679810262741,51624.58117895726,57.8,3.50181,79.1196365356445,84.47459581416179,10.85175321747415,-0.4190017,0,0,0,1,1,8.511357418590341,1,1,8.511357418590341,8.511357418590341,5085.174992824586,61982.81428571374,94.17262483326671
SWE,D_E,2021,153866,38869,79767,60,7.849492810520798,0.5184186239975043,SWE_D_E,581.7333333333249,3780.7789461825546,8.237949798589668,3370.6152505436894,8.123147211349451,40.8351431063991,53997.133706879926,57.9,3.41565,85.9426193237305,91.11023744130416,10.896686244635422,-0.4190017,0,0,0,1,1,8.237949798589668,1,1,8.237949798589668,8.237949798589668,5085.174992824586,57618.39999999959,93.54950303220984
SWE,D_E,2022,197130,38814,93242.0235762848,60,8.097274126337922,0.472997633928295,SWE_D_E,645.999999999994,3277.025313245036,8.094996481435349,4969.906111102632,8.511357418590341,40.6093424279832,54304.18775010333,57.9,3.47239,83.8976135253906,107.11175182651168,10.902356625417916,-0.4190017,0,0,0,1,0,8.094996481435349,1,1,8.094996481435349,8.094996481435349,5085.174992824586,47803.66666666614,91.95584501894308
SWE,G,2010,363725,198580,46328,570,6.458517005754993,0.12737095333012577,SWE_G,0,0,0,NA,NA,31.9840349438999,48205.54925127422,44.7,3.18756,73.0818328857422,85.09148492727327,10.783229423106263,0.06857736764705884,1,0,0,0,1,0,1,1,0,0,0,0,0
SWE,G,2011,375741,210259,47474,579,6.475352877659561,0.12634767033674793,SWE_G,0,0,0,NA,NA,32.0391154481002,49356.590525704654,45.4,3.20686,71.9184112548828,86.39074480601876,10.806826582565227,0.06857736764705884,1,0,0,0,1,0,1,1,0,0,0,0,0
SWE,G,2012,371207,219799,48742,578,6.464941268802621,0.1313067910896077,SWE_G,0,0,0,0,0,32.2829791143157,48789.790688363704,48.3,3.24636,68.742301940918,85.29806054243595,10.795276362748696,0.06857736764705884,1,0,0,0,1,0,1,1,0,0,0,0,0
SWE,G,2013,383195,227403,50264,581,6.491548520125104,0.13117081381542034,SWE_G,0,0,0,0,0,32.7855388506159,48928.49941412906,47.3,3.27557,65.7820892333984,81.64025213299637,10.7981153158,0.06857736764705884,1,0,0,0,1,0,1,1,0,0,0,0,0
SWE,G,2014,408377,237408,49149,590,6.539823509451057,0.12035202766071547,SWE_G,0,0,0,0,0,33.841393015349,49557.61836479587,48.6,3.12457,64.9541931152344,83.8229810483527,10.810891278995069,0.06857736764705884,1,0,0,0,1,0,1,1,0,0,0,0,0
SWE,G,2015,424776,244923,56214,592,6.575810615254694,0.1323379851969038,SWE_G,0,0,0,0,0,35.6778078349251,51188.165212049265,51.9,3.24088,66.4283218383789,84.1730765958171,10.843263636106574,0.06857736764705884,1,0,0,0,1,0,1,1,0,0,0,0,0
SWE,G,2016,434931,255428,60254,594,6.596063357436929,0.1385369173501084,SWE_G,0,0,0,0,0,37.0821744423215,51626.323531236936,50.9,3.25643,68.306037902832,83.4519478574149,10.85178696734365,0.06857736764705884,1,0,0,0,1,0,1,1,0,0,0,0,0
SWE,G,2017,458240,263257,64372,605,6.629919885283521,0.1404766061452514,SWE_G,0,0,0,0,0,38.3266046004608,51894.37481778076,51.8,3.39374,70.4342498779297,86.0693088740521,10.856965678266041,0.06857736764705884,1,0,0,0,1,0,1,1,0,0,0,0,0
SWE,G,2018,456733,276867,66509,615,6.610231986255577,0.14561899402933443,SWE_G,0,0,0,0,0,38.7413375683818,52203.08725897606,51.6,3.34602,73.4083786010742,90.40871423617006,10.86289691501412,0.06857736764705884,1,0,0,0,1,0,1,1,0,0,0,0,0
SWE,G,2019,484892,286893,70854,616,6.668434501176765,0.14612326043737575,SWE_G,0,0,0,0,0,39.2905524546107,53024.40994943172,52.9,3.39847,75.1148529052734,92.75113902905612,10.878507651590333,0.06857736764705884,1,0,0,0,1,0,1,1,0,0,0,0,0
SWE,G,2020,499013,287841,67833,603,6.718470229771328,0.13593433437605834,SWE_G,0,0,0,0,0,40.3679810262741,51624.58117895726,57.8,3.50181,79.1196365356445,84.47459581416179,10.85175321747415,0.06857736764705884,1,0,0,0,1,0,1,1,0,0,0,0,0
SWE,G,2021,545032,302126,73019,611,6.793502828346423,0.1339719502708098,SWE_G,0,0,0,0,0,40.8351431063991,53997.133706879926,57.9,3.41565,85.9426193237305,91.11023744130416,10.896686244635422,0.06857736764705884,1,0,0,0,1,0,1,1,0,0,0,0,0
SWE,G,2022,525018,322598,77221.9948764292,627,6.730241286067384,0.1470844711541875,SWE_G,0,0,0,0,0,40.6093424279832,54304.18775010333,57.9,3.47239,83.8976135253906,107.11175182651168,10.902356625417916,0.06857736764705884,1,0,0,0,1,0,1,1,0,0,0,0,0
SWE,H,2010,171345,91205,70943,247,6.54204601020818,0.41403600922116196,SWE_H,407.799999999998,2379.993580203671,7.775273150222695,NA,NA,31.9840349438999,48205.54925127422,44.7,3.18756,73.0818328857422,85.09148492727327,10.783229423106263,-0.3927636321428572,0,0,0,1,1,7.775273150222695,1,1,7.775273150222695,7.775273150222695,2379.993580203671,27746.529999999842,79.548058448925
SWE,H,2011,182047,96929,74237,252,6.582591086967088,0.407790295912594,SWE_H,417.666666666663,2294.279316147275,7.73860982147128,NA,NA,32.0391154481002,49356.590525704654,45.4,3.20686,71.9184112548828,86.39074480601876,10.806826582565227,-0.3927636321428572,0,0,0,1,1,7.73860982147128,1,1,7.73860982147128,7.73860982147128,2379.993580203671,32884.43333333316,80.86894499617242
SWE,H,2012,184488,98755,81346,249,6.60788680323237,0.44092840726768134,SWE_H,443.999999999998,2406.660595811099,7.786410847911096,2379.993580203671,7.775273150222695,32.2829791143157,48789.790688363704,48.3,3.24636,68.742301940918,85.29806054243595,10.795276362748696,-0.3927636321428572,0,0,0,1,1,7.786410847911096,1,1,7.786410847911096,7.786410847911096,2379.993580203671,31514.538888888692,80.53811426412852
SWE,H,2013,185899,99396,72027,251,6.607505855327135,0.38745232626318593,SWE_H,742.833333333331,3995.897413828643,8.293273692589768,2294.279316147275,7.73860982147128,32.7855388506159,48928.49941412906,47.3,3.27557,65.7820892333984,81.64025213299637,10.7981153158,-0.3927636321428572,0,0,0,1,1,8.293273692589768,1,1,8.293273692589768,8.293273692589768,2379.993580203671,30041.966666666536,80.16605078126469
SWE,H,2014,191345,101157,77239,247,6.652445023756436,0.40366353967963625,SWE_H,638.666666666665,3337.775571175965,8.113359423301906,2406.660595811099,7.786410847911096,33.841393015349,49557.61836479587,48.6,3.12457,64.9541931152344,83.8229810483527,10.810891278995069,-0.3927636321428572,0,0,0,1,1,8.113359423301906,1,1,8.113359423301906,8.113359423301906,2379.993580203671,30431.416666666493,80.26619473478156
SWE,H,2015,196855,103446,83816,244,6.6930544708069055,0.4257753168575855,SWE_H,562.6666666666661,2858.2797829197434,7.958325047946936,3995.897413828643,8.293273692589768,35.6778078349251,51188.165212049265,51.9,3.24088,66.4283218383789,84.1730765958171,10.843263636106574,-0.3927636321428572,0,0,0,1,1,7.958325047946936,1,1,7.958325047946936,7.958325047946936,2379.993580203671,29545.66333333314,80.03653216494169
SWE,H,2016,203948,106824,84461,249,6.708167441907835,0.41413007237138877,SWE_H,474.666666666663,2327.3906420590693,7.7529325963459845,3337.775571175965,8.113359423301906,37.0821744423215,51626.323531236936,50.9,3.25643,68.306037902832,83.4519478574149,10.85178696734365,-0.3927636321428572,0,0,0,1,1,7.7529325963459845,1,1,7.7529325963459845,7.7529325963459845,2379.993580203671,32093.59666666653,80.67967839464019
SWE,H,2017,214221,111165,94791,254,6.737429204387405,0.4424916324730068,SWE_H,456.99999999999795,2133.3109265664802,7.665899122544678,2858.2797829197434,7.958325047946936,38.3266046004608,51894.37481778076,51.8,3.39374,70.4342498779297,86.0693088740521,10.856965678266041,-0.3927636321428572,0,0,0,1,1,7.665899122544678,1,1,7.665899122544678,7.665899122544678,2379.993580203671,32233.933333333203,80.71360239959687
SWE,H,2018,220760,116910,105342,262,6.736486913792341,0.47717883674578726,SWE_H,605.5,2742.7976082623663,7.917098228203648,2327.3906420590693,7.7529325963459845,38.7413375683818,52203.08725897606,51.6,3.34602,73.4083786010742,90.40871423617006,10.86289691501412,-0.3927636321428572,0,0,0,1,1,7.917098228203648,1,1,7.917098228203648,7.917098228203648,2379.993580203671,31637.59666666647,80.56841502077715
SWE,H,2019,231142,121221,113289,267,6.763538860856306,0.49012728106531916,SWE_H,457.66666666665594,1980.0238237388962,7.591369072743802,2133.3109265664802,7.665899122544678,39.2905524546107,53024.40994943172,52.9,3.39847,75.1148529052734,92.75113902905612,10.878507651590333,-0.3927636321428572,0,0,0,1,1,7.591369072743802,1,1,7.591369072743802,7.591369072743802,2379.993580203671,30990.383333333073,80.40771116629026
SWE,H,2020,211038,118872,110719,257,6.710717406134594,0.5246401122072802,SWE_H,517.749999999998,2453.349633715245,7.805617090148841,2742.7976082623663,7.917098228203648,40.3679810262741,51624.58117895726,57.8,3.50181,79.1196365356445,84.47459581416179,10.85175321747415,-0.3927636321428572,0,0,0,1,1,7.805617090148841,1,1,7.805617090148841,7.805617090148841,2379.993580203671,26936.416666666515,79.31767280619688
SWE,H,2021,231299,122137,111248,257,6.802390439925428,0.48097051867928525,SWE_H,439.66666666666606,1900.858484760704,7.550586836951727,1980.0238237388962,7.591369072743802,40.8351431063991,53997.133706879926,57.9,3.41565,85.9426193237305,91.11023744130416,10.896686244635422,-0.3927636321428572,0,0,0,1,1,7.550586836951727,1,1,7.550586836951727,7.550586836951727,2379.993580203671,16810.78333333321,75.65212722966234
SWE,H,2022,267363,130058,126022.764620278,264,6.920413461445804,0.47135454277621813,SWE_H,309.25,1156.6671528969978,7.054162184084801,2453.349633715245,7.805617090148841,40.6093424279832,54304.18775010333,57.9,3.47239,83.8976135253906,107.11175182651168,10.902356625417916,-0.3927636321428572,0,0,0,1,1,7.054162184084801,1,1,7.054162184084801,7.054162184084801,2379.993580203671,10782.133333333253,72.19915295872718
SWE,J,2010,207841,95187,68757,183,7.035042490444811,0.33081538291289975,SWE_J,92.583333333333,445.45269380600075,6.101333445780839,NA,NA,31.9840349438999,48205.54925127422,44.7,3.18756,73.0818328857422,85.09148492727327,10.783229423106263,1.2675550444444446,1,445.45269380600075,6.101333445780839,1,1,6.101333445780839,1,1,6.101333445780839,6.101333445780839,445.45269380600075,3554.31666666655,49.88571894821224
SWE,J,2011,217478,101396,79739,185,7.0694971498913155,0.3666531787123295,SWE_J,119.41666666666501,549.0976865092791,6.310095874290455,NA,NA,32.0391154481002,49356.590525704654,45.4,3.20686,71.9184112548828,86.39074480601876,10.806826582565227,1.2675550444444446,1,549.0976865092791,6.310095874290455,1,1,6.310095874290455,1,1,6.310095874290455,6.310095874290455,445.45269380600075,4013.597619047463,50.6269881747778
SWE,J,2012,218853,106090,84667,189,7.054408535484637,0.386866983774497,SWE_J,205.096825396812,937.1442264753601,6.843903696755048,445.45269380600075,6.101333445780839,32.2829791143157,48789.790688363704,48.3,3.24636,68.742301940918,85.29806054243595,10.795276362748696,1.2675550444444446,1,937.1442264753601,6.843903696755048,1,1,6.843903696755048,1,1,6.843903696755048,6.843903696755048,445.45269380600075,4933.596825396581,51.88589979237271
SWE,J,2013,230827,108599,85421,190,7.1023997190155335,0.3700650270548939,SWE_J,197.267857142852,854.613442720531,6.751818688539398,549.0976865092791,6.310095874290455,32.7855388506159,48928.49941412906,47.3,3.27557,65.7820892333984,81.64025213299637,10.7981153158,1.2675550444444446,1,854.613442720531,6.751818688539398,1,1,6.751818688539398,1,1,6.751818688539398,6.751818688539398,445.45269380600075,4741.474801587122,51.64360447401613
SWE,J,2014,243471,115591,92000,193,7.140062928998104,0.37786841143298383,SWE_J,163.499999999995,671.5378833618583,6.511058442025991,937.1442264753601,6.843903696755048,33.841393015349,49557.61836479587,48.6,3.12457,64.9541931152344,83.8229810483527,10.810891278995069,1.2675550444444446,1,671.5378833618583,6.511058442025991,1,1,6.511058442025991,1,1,6.511058442025991,6.511058442025991,445.45269380600075,4696.288095237987,51.58519172115848
SWE,J,2015,278218,122696,108927,200,7.237842891483868,0.39151672429533674,SWE_J,184.961904761902,664.8092674158465,6.501003244262807,854.613442720531,6.751818688539398,35.6778078349251,51188.165212049265,51.9,3.24088,66.4283218383789,84.1730765958171,10.843263636106574,1.2675550444444446,1,664.8092674158465,6.501003244262807,1,1,6.501003244262807,1,1,6.501003244262807,6.501003244262807,445.45269380600075,4474.819047618964,51.29052185044934
SWE,J,2016,267739,124800,98825,199,7.204463079641663,0.3691094685495949,SWE_J,197.738095238092,738.5479711140027,6.606039149707494,671.5378833618583,6.511058442025991,37.0821744423215,51626.323531236936,50.9,3.25643,68.306037902832,83.4519478574149,10.85178696734365,1.2675550444444446,1,738.5479711140027,6.606039149707494,1,1,6.606039149707494,1,1,6.606039149707494,6.606039149707494,445.45269380600075,4390.858333333228,51.17498142181277
SWE,J,2017,250021,131490,118482,208,7.091762113615263,0.4738881933917551,SWE_J,166.766666666662,667.010637773075,6.50430409821984,664.8092674158465,6.501003244262807,38.3266046004608,51894.37481778076,51.8,3.39374,70.4342498779297,86.0693088740521,10.856965678266041,1.2675550444444446,1,667.010637773075,6.50430409821984,1,1,6.50430409821984,1,1,6.50430409821984,6.50430409821984,445.45269380600075,4375.745238095108,51.15394953822916
SWE,J,2018,287861,140549,121735,213,7.208940838012132,0.42289507783270397,SWE_J,212.083333333331,736.7560500843497,6.60361321451372,738.5479711140027,6.606039149707494,38.7413375683818,52203.08725897606,51.6,3.34602,73.4083786010742,90.40871423617006,10.86289691501412,1.2675550444444446,1,736.7560500843497,6.60361321451372,1,1,6.60361321451372,1,1,6.60361321451372,6.60361321451372,445.45269380600075,4129.635714285628,50.800840778922094
SWE,J,2019,332044,149144,114103,220,7.319395222885405,0.34363819252870104,SWE_J,188.983333333328,569.1514779165653,6.3459020762539415,667.010637773075,6.50430409821984,39.2905524546107,53024.40994943172,52.9,3.39847,75.1148529052734,92.75113902905612,10.878507651590333,1.2675550444444446,1,569.1514779165653,6.3459020762539415,1,1,6.3459020762539415,1,1,6.3459020762539415,6.3459020762539415,445.45269380600075,4218.302380952243,50.930423831597466
SWE,J,2020,354717,157566,129870,223,7.371903795979425,0.3661228528658057,SWE_J,157.833333333331,444.955650091005,6.100219507817817,736.7560500843497,6.60361321451372,40.3679810262741,51624.58117895726,57.8,3.50181,79.1196365356445,84.47459581416179,10.85175321747415,1.2675550444444446,1,444.955650091005,6.100219507817817,1,1,6.100219507817817,1,1,6.100219507817817,6.100219507817817,445.45269380600075,4338.799999999847,51.10222799934545
SWE,J,2021,395409,172490,157613,231,7.445258240698058,0.3986075177853817,SWE_J,125.499999999993,317.3928767427979,5.763286081681019,569.1514779165653,6.3459020762539415,40.8351431063991,53997.133706879926,57.9,3.41565,85.9426193237305,91.11023744130416,10.896686244635422,1.2675550444444446,1,317.3928767427979,5.763286081681019,1,1,5.763286081681019,1,1,5.763286081681019,5.763286081681019,445.45269380600075,4053.933333333201,50.68798396096349
SWE,J,2022,403531,189954,161415.428893995,245,7.406750380953437,0.4000075059759845,SWE_J,47.733333333331,118.28913598541622,4.781550260291819,444.955650091005,6.100219507817817,40.6093424279832,54304.18775010333,57.9,3.47239,83.8976135253906,107.11175182651168,10.902356625417916,1.2675550444444446,1,118.28913598541622,4.781550260291819,1,1,4.781550260291819,1,1,4.781550260291819,4.781550260291819,445.45269380600075,2129.299999999922,46.760729925113864
SWE,K,2010,127749,54363,23450,88,7.2804858657684575,0.18356308072861627,SWE_K,0,0,0,NA,NA,31.9840349438999,48205.54925127422,44.7,3.18756,73.0818328857422,85.09148492727327,10.783229423106263,2.05267,1,0,0,0,1,0,1,1,0,0,0,0,0
SWE,K,2011,137958,55929,28147,90,7.3348948996597905,0.2040258629437945,SWE_K,0,0,0,NA,NA,32.0391154481002,49356.590525704654,45.4,3.20686,71.9184112548828,86.39074480601876,10.806826582565227,2.05267,1,0,0,0,1,0,1,1,0,0,0,0,0
SWE,K,2012,146411,56673,22815,90,7.394363343968491,0.15582845551222244,SWE_K,0,0,0,0,0,32.2829791143157,48789.790688363704,48.3,3.24636,68.742301940918,85.29806054243595,10.795276362748696,2.05267,1,0,0,0,1,0,1,1,0,0,0,0,0
SWE,K,2013,154282,58673,19707,90,7.446727705350965,0.12773363062444096,SWE_K,0,0,0,0,0,32.7855388506159,48928.49941412906,47.3,3.27557,65.7820892333984,81.64025213299637,10.7981153158,2.05267,1,0,0,0,1,0,1,1,0,0,0,0,0
SWE,K,2014,164176,57966,18796,90,7.508884631771725,0.11448689211577819,SWE_K,0,0,0,0,0,33.841393015349,49557.61836479587,48.6,3.12457,64.9541931152344,83.8229810483527,10.810891278995069,2.05267,1,0,0,0,1,0,1,1,0,0,0,0,0
SWE,K,2015,178437,65074,21992,89,7.603354506994824,0.12324798108015714,SWE_K,0,0,0,0,0,35.6778078349251,51188.165212049265,51.9,3.24088,66.4283218383789,84.1730765958171,10.843263636106574,2.05267,1,0,0,0,1,0,1,1,0,0,0,0,0
SWE,K,2016,171408,68469,20663,88,7.574465144024133,0.12054863250256698,SWE_K,0,0,0,0,0,37.0821744423215,51626.323531236936,50.9,3.25643,68.306037902832,83.4519478574149,10.85178696734365,2.05267,1,0,0,0,1,0,1,1,0,0,0,0,0
SWE,K,2017,163908,69952,23016,86,7.552713277537384,0.1404202357420016,SWE_K,0,0,0,0,0,38.3266046004608,51894.37481778076,51.8,3.39374,70.4342498779297,86.0693088740521,10.856965678266041,2.05267,1,0,0,0,1,0,1,1,0,0,0,0,0
SWE,K,2018,164220,74775,25166,88,7.531625456784574,0.15324564608452076,SWE_K,0,0,0,0,0,38.7413375683818,52203.08725897606,51.6,3.34602,73.4083786010742,90.40871423617006,10.86289691501412,2.05267,1,0,0,0,1,0,1,1,0,0,0,0,0
SWE,K,2019,166097,76963,26875,92,7.498538656980447,0.1618030428002914,SWE_K,0,0,0,0,0,39.2905524546107,53024.40994943172,52.9,3.39847,75.1148529052734,92.75113902905612,10.878507651590333,2.05267,1,0,0,0,1,0,1,1,0,0,0,0,0
SWE,K,2020,190018,80673,31280,99,7.559754233362887,0.16461598374890798,SWE_K,0,0,0,0,0,40.3679810262741,51624.58117895726,57.8,3.50181,79.1196365356445,84.47459581416179,10.85175321747415,2.05267,1,0,0,0,1,0,1,1,0,0,0,0,0
SWE,K,2021,207587,94362,34500,102,7.618332994604967,0.16619537832330541,SWE_K,0,0,0,0,0,40.8351431063991,53997.133706879926,57.9,3.41565,85.9426193237305,91.11023744130416,10.896686244635422,2.05267,1,0,0,0,1,0,1,1,0,0,0,0,0
SWE,K,2022,223501,93918,41067.3948949957,107,7.644342332836776,0.1837459111815862,SWE_K,0,0,0,0,0,40.6093424279832,54304.18775010333,57.9,3.47239,83.8976135253906,107.11175182651168,10.902356625417916,2.05267,1,0,0,0,1,0,1,1,0,0,0,0,0
SWE,M_N,2010,311549,193752,72400,464.9,6.507489579513014,0.23238720072925928,SWE_M_N,0,0,0,NA,NA,31.9840349438999,48205.54925127422,44.7,3.18756,73.0818328857422,85.09148492727327,10.783229423106263,0.9246918833333334,1,0,0,0,1,0,1,1,0,0,0,0,0
SWE,M_N,2011,335191,213143,75909,488.9,6.530297828003002,0.22646491105071437,SWE_M_N,0,0,0,NA,NA,32.0391154481002,49356.590525704654,45.4,3.20686,71.9184112548828,86.39074480601876,10.806826582565227,0.9246918833333334,1,0,0,0,1,0,1,1,0,0,0,0,0
SWE,M_N,2012,344114,226154,74631,503.2,6.527740571418832,0.2168787087999907,SWE_M_N,0,0,0,0,0,32.2829791143157,48789.790688363704,48.3,3.24636,68.742301940918,85.29806054243595,10.795276362748696,0.9246918833333334,1,0,0,0,1,0,1,1,0,0,0,0,0
SWE,M_N,2013,363536,235378,71228,510.7,6.567851274537186,0.1959310769772457,SWE_M_N,0,0,0,0,0,32.7855388506159,48928.49941412906,47.3,3.27557,65.7820892333984,81.64025213299637,10.7981153158,0.9246918833333334,1,0,0,0,1,0,1,1,0,0,0,0,0
SWE,M_N,2014,381689,244603,78708,521,6.59661137812089,0.20620976763805088,SWE_M_N,0,0,0,0,0,33.841393015349,49557.61836479587,48.6,3.12457,64.9541931152344,83.8229810483527,10.810891278995069,0.9246918833333334,1,0,0,0,1,0,1,1,0,0,0,0,0
SWE,M_N,2015,408800,258990,81322,538.9,6.631451292932181,0.19892857142857143,SWE_M_N,0,0,0,0,0,35.6778078349251,51188.165212049265,51.9,3.24088,66.4283218383789,84.1730765958171,10.843263636106574,0.9246918833333334,1,0,0,0,1,0,1,1,0,0,0,0,0
SWE,M_N,2016,436638,275833,94195,555.6,6.666811144619094,0.21572790274781398,SWE_M_N,0,0,0,0,0,37.0821744423215,51626.323531236936,50.9,3.25643,68.306037902832,83.4519478574149,10.85178696734365,0.9246918833333334,1,0,0,0,1,0,1,1,0,0,0,0,0
SWE,M_N,2017,467532,294549,94348,583.7,6.685835922356455,0.20180009068897958,SWE_M_N,0,0,0,0,0,38.3266046004608,51894.37481778076,51.8,3.39374,70.4342498779297,86.0693088740521,10.856965678266041,0.9246918833333334,1,0,0,0,1,0,1,1,0,0,0,0,0
SWE,M_N,2018,490116,318100,101821,600.3,6.704967846505654,0.207748777840348,SWE_M_N,0,0,0,0,0,38.7413375683818,52203.08725897606,51.6,3.34602,73.4083786010742,90.40871423617006,10.86289691501412,0.9246918833333334,1,0,0,0,1,0,1,1,0,0,0,0,0
SWE,M_N,2019,508641,332478,96284,609.6,6.726694737797313,0.18929657656382398,SWE_M_N,0,0,0,0,0,39.2905524546107,53024.40994943172,52.9,3.39847,75.1148529052734,92.75113902905612,10.878507651590333,0.9246918833333334,1,0,0,0,1,0,1,1,0,0,0,0,0
SWE,M_N,2020,507425,331175,108797,590.5,6.756134560088411,0.2144100113317239,SWE_M_N,0,0,0,0,0,40.3679810262741,51624.58117895726,57.8,3.50181,79.1196365356445,84.47459581416179,10.85175321747415,0.9246918833333334,1,0,0,0,1,0,1,1,0,0,0,0,0
SWE,M_N,2021,536527,353081,121699,601.7,6.793113183748521,0.2268273544481452,SWE_M_N,0,0,0,0,0,40.8351431063991,53997.133706879926,57.9,3.41565,85.9426193237305,91.11023744130416,10.896686244635422,0.9246918833333334,1,0,0,0,1,0,1,1,0,0,0,0,0
SWE,M_N,2022,606584,394262,134860.36684471,639.7,6.854599180907766,0.222327603175669,SWE_M_N,0,0,0,0,0,40.6093424279832,54304.18775010333,57.9,3.47239,83.8976135253906,107.11175182651168,10.902356625417916,0.9246918833333334,1,0,0,0,1,0,1,1,0,0,0,0,0
USA,C,2010,1791742.513,863216.313,365002,11851,5.018531644062643,0.20371342274446552,USA_C,4074.196825396736,2273.874061611182,7.72967997231922,NA,NA,27.1720060120338,52555.76951340227,7.4,2.71443,88.7264175415039,28.219895234673064,10.8696301612091,-0.4842254202898551,0,0,0,1,0,7.72967997231922,0,1,0,7.72967997231922,2273.874061611182,10639.618253968005,71.6729463624602
USA,C,2011,1863738.024,899696.115,405517,12042,5.04193890126152,0.21758261878977472,USA_C,4036.4285714284997,2165.7703601310973,7.680993024592481,NA,NA,28.117023946999,52956.66303409616,8.4,2.73803,88.7264175415039,30.842486241194344,10.877229179450806,-0.4842254202898551,0,0,0,1,0,7.680993024592481,0,1,0,7.680993024592481,2273.874061611182,11695.966666666434,72.40456799333494
USA,C,2012,1927324.612,936818.169,435313,12284,5.05559050624154,0.22586387227643623,USA_C,4169.0253968253355,2163.1153210351554,7.679766929228154,2273.874061611182,7.72967997231922,29.1736109719443,53738.147671459286,8.5,2.67272,88.7264175415039,30.681835365729548,10.891878413236382,-0.4842254202898551,0,0,0,1,0,7.679766929228154,0,1,0,7.679766929228154,2273.874061611182,12370.646031745859,72.83803062966797
USA,C,2013,1987179.289,952244.26,458315,12339,5.081706491566358,0.2306359584849719,USA_C,4614.183333333274,2321.9763606006836,7.750604556481301,2165.7703601310973,7.680993024592481,29.9996164764959,54462.62524124069,8.9,2.69591,88.7264175415039,30.007953968464506,10.905269970009755,-0.4842254202898551,0,0,0,1,1,7.750604556481301,0,1,0,7.750604556481301,2273.874061611182,10997.049999999856,71.92833031657999
USA,C,2014,2045615.226,995122.341,468015,12512,5.096765683439242,0.22878936080034828,USA_C,4635.142857142797,2265.8918442870436,7.726164940629706,2163.1153210351554,7.679766929228154,30.270920842,55394.45104353294,9,2.70882,88.6268692016602,30.004478161485533,10.92223470604978,-0.4842254202898551,0,0,0,1,1,7.726164940629706,0,1,0,7.726164940629706,2273.874061611182,11779.28809523795,72.45943392108525
USA,C,2015,2123243.202,1028403.376,501375,12660,5.12225259424345,0.2361363971530568,USA_C,4827.3095238094675,2273.554682413375,7.729539568230574,2321.9763606006836,7.750604556481301,31.3412129772455,56572.91889960634,8.9,2.77328,88.8894119262695,27.823564918787213,10.943285685019262,-0.4842254202898551,0,0,0,1,1,7.729539568230574,0,1,0,7.729539568230574,2273.874061611182,11466.188095237925,72.25121268219158
USA,C,2016,2098271.549,1035471.943,506269,12646,5.111528253260674,0.2412790662110817,USA_C,4491.7277777777135,2140.6799229196017,7.6693458107662416,2265.8918442870436,7.726164940629706,32.1144006365866,57151.47084483721,9.3,2.83677,88.8350524902344,26.607962060458373,10.953460405459357,-0.4842254202898551,0,0,0,1,1,7.6693458107662416,0,1,0,7.6693458107662416,2273.874061611182,12936.330555555407,73.18362253268853
USA,C,2017,2192925.367,1075248.134,521160,12759,5.146754810523427,0.23765514679278182,USA_C,5403.733333333289,2464.1665487803575,7.810014649622486,2273.554682413375,7.729539568230574,32.5702836317829,58151.70213918542,9.7,2.88315,88.1673889160156,27.31302088772056,10.970810429043523,-0.4842254202898551,0,0,0,1,1,7.810014649622486,0,1,0,7.810014649622486,2273.874061611182,11843.5299999999,72.50147196654754
USA,C,2018,2330106.524,1123988.074,555874,12965,5.191415844978998,0.23856162551991547,USA_C,5229.792857142797,2244.4436781220725,7.716658410103266,2140.6799229196017,7.6693458107662416,33.0559177307939,59526.66569871201,9.9,2.98956,88.2991790771484,27.6103792720958,10.99417965414224,-0.4842254202898551,0,0,0,1,1,7.716658410103266,0,1,0,7.716658410103266,2273.874061611182,11272.978571428437,72.1198664110289
USA,C,2019,2364316.202,1149865.206,576116,13104,5.195326599661781,0.24367129892044787,USA_C,4567.078571428468,1931.6699549599705,7.566657722240107,2464.1665487803575,7.810014649622486,33.835216356436,60750.989862163726,10.2,3.14297,87.8887100219727,26.453759494047542,11.014538655097436,-0.4842254202898551,0,0,0,1,1,7.566657722240107,0,1,0,7.566657722240107,2273.874061611182,11909.288095237858,72.54426668112504
USA,C,2020,2238531.37,1140095.429,572792,12461,5.190971524470656,0.25587847803982305,USA_C,4389.333333333284,1960.8093914418914,7.581622485274375,2244.4436781220725,7.716658410103266,35.7156999293054,59194.666517203106,11,3.41788,87.5676574707031,23.401562996939425,10.9885867241987,-0.4842254202898551,0,0,0,1,1,7.581622485274375,0,1,0,7.581622485274375,2273.874061611182,11665.96666666651,72.38471769473131
USA,C,2021,2497131.582,1210523.225,609399,12652,5.285082679483226,0.24403960303602457,USA_C,2520.3166666666207,1009.2846868117583,6.9179874382484,1931.6699549599705,7.566657722240107,37.0074278936277,62680.2503585805,10.9,3.4689,84.8550872802734,25.60955766219321,11.045801690695875,-0.4842254202898551,0,0,0,1,1,6.9179874382484,0,1,0,6.9179874382484,2273.874061611182,8276.016666666572,69.73128173947387
USA,C,2022,2745868.59642552,NA,672352,13157,5.340898796077285,0.24485949578040458,USA_C,1537.1166666666466,559.7925074301129,6.3293509751284764,1960.8093914418914,7.581622485274375,37.4887954801437,63886.13170698412,10.9,3.48736,79.361930847168,27.313939735536323,11.064857585621343,-0.4842254202898551,0,0,0,1,1,6.3293509751284764,0,1,0,6.3293509751284764,2273.874061611182,5003.899999999942,65.84274900906742
USA,D_E,2010,295806.249,95430.8,105600,929,5.763351215982501,0.3569904299080578,USA_D_E,16063.121428571238,54302.846822452484,10.902350347288454,NA,NA,27.1720060120338,52555.76951340227,7.4,2.71443,88.7264175415039,28.219895234673064,10.8696301612091,-0.4190017,0,0,0,1,0,10.902350347288454,0,1,0,10.902350347288454,54302.846822452484,56641.29523809448,119.32089603625799
USA,D_E,2011,298942.292,94587.4,114716,938,5.764255881394575,0.3837396148685446,USA_D_E,16187.942063491824,54150.725731011065,10.899545121376738,NA,NA,28.117023946999,52956.66303409616,8.4,2.73803,88.7264175415039,30.842486241194344,10.877229179450806,-0.4190017,0,0,0,1,0,10.899545121376738,0,1,0,10.899545121376738,54302.846822452484,60822.51730158657,120.09736731605442
USA,D_E,2012,291151.92,93896.994,132420,947,5.728301378596341,0.45481410529595684,USA_D_E,15830.090476190286,54370.55155325882,10.903596346669687,54302.846822452484,10.902350347288454,29.1736109719443,53738.147671459286,8.5,2.67272,88.7264175415039,30.681835365729548,10.891878413236382,-0.4190017,0,0,0,1,0,10.903596346669687,0,1,0,10.903596346669687,54302.846822452484,60515.433333332716,120.04218443295467
USA,D_E,2013,297853.477,97275.087,126582,953,5.744742052995734,0.42498076999114565,USA_D_E,16267.55476190461,54615.96394896074,10.9080998085132,54150.725731011065,10.899545121376738,29.9996164764959,54462.62524124069,8.9,2.69591,88.7264175415039,30.007953968464506,10.905269970009755,-0.4190017,0,0,0,1,0,10.9080998085132,0,1,0,10.9080998085132,54302.846822452484,54741.99761904718,118.94905492942056
USA,D_E,2014,312120.042,101091.768,139611,962,5.7821286921286115,0.4472990555345369,USA_D_E,14085.616666666545,45128.84394225009,10.717299034854733,54370.55155325882,10.903596346669687,30.270920842,55394.45104353294,9,2.70882,88.6268692016602,30.004478161485533,10.92223470604978,-0.4190017,0,0,0,1,0,10.717299034854733,0,1,0,10.717299034854733,54302.846822452484,54775.78333333294,118.95578145320208
USA,D_E,2015,316184.978,104236.278,160884,974,5.782671391080049,0.5088287274672486,USA_D_E,14100.67857142845,44596.29505683996,10.705428487219157,54615.96394896074,10.9080998085132,31.3412129772455,56572.91889960634,8.9,2.77328,88.8894119262695,27.823564918787213,10.943285685019262,-0.4190017,0,0,0,1,1,10.705428487219157,0,1,0,10.705428487219157,54302.846822452484,49873.861904761536,117.93369334725969
USA,D_E,2016,319155.703,108586.066,173242,987,5.7787643204315025,0.5428134242050502,USA_D_E,14159.049999999888,44364.08269351805,10.700208013203643,45128.84394225009,10.717299034854733,32.1144006365866,57151.47084483721,9.3,2.83677,88.8350524902344,26.607962060458373,10.953460405459357,-0.4190017,0,0,0,1,1,10.700208013203643,0,1,0,10.700208013203643,54302.846822452484,52136.04999999964,118.41730767636346
USA,D_E,2017,334499,111773.593,157493,996,5.816641911424732,0.4708324987518647,USA_D_E,13792.638888888781,41233.722339644606,10.62703595563607,44596.29505683996,10.705428487219157,32.5702836317829,58151.70213918542,9.7,2.88315,88.1673889160156,27.31302088772056,10.970810429043523,-0.4190017,0,0,0,1,0,10.62703595563607,0,1,0,10.62703595563607,54302.846822452484,49896.08888888857,117.93855095243227
USA,D_E,2018,344486.988,117196.089,175174,1003,5.839060810078436,0.5085068699314703,USA_D_E,13420.233333333208,38957.15600536183,10.570243426178491,44364.08269351805,10.700208013203643,33.0559177307939,59526.66569871201,9.9,2.98956,88.2991790771484,27.6103792720958,10.99417965414224,-0.4190017,0,0,0,1,1,10.570243426178491,0,1,0,10.570243426178491,54302.846822452484,46225.27285714256,117.1054549465296
USA,D_E,2019,357984.739,122218.35,194599,1018,5.862650438872129,0.5435957983672595,USA_D_E,13250.09166666652,37013.00704515932,10.519051688775367,41233.722339644606,10.62703595563607,33.835216356436,60750.989862163726,10.2,3.14297,87.8887100219727,26.453759494047542,11.014538655097436,-0.4190017,0,0,0,1,1,10.519051688775367,0,1,0,10.519051688775367,54302.846822452484,45128.472619047236,116.8436591509799
USA,D_E,2020,364899.352286171,127970.304,201629,1025,5.874928955805705,0.5525605861911018,USA_D_E,12642.970238095097,34647.82866531342,10.453019199293797,38957.15600536183,10.570243426178491,35.7156999293054,59194.666517203106,11,3.41788,87.5676574707031,23.401562996939425,10.9885867241987,-0.4190017,0,0,0,1,1,10.453019199293797,0,1,0,10.453019199293797,54302.846822452484,49996.57738095197,117.96048527899437
USA,D_E,2021,413142.570016796,130674.447,218527,1025,5.999100126652636,0.5289384727192745,USA_D_E,10450.816666666566,25295.908543730307,10.13843747530215,37013.00704515932,10.519051688775367,37.0074278936277,62680.2503585805,10.9,3.4689,84.8550872802734,25.60955766219321,11.045801690695875,-0.4190017,0,0,0,1,1,10.13843747530215,0,1,0,10.13843747530215,54302.846822452484,47749.316666666346,117.45909868927323
USA,D_E,2022,473873.446669955,NA,240209,1050,6.112150131729655,0.5069053809366567,USA_D_E,9043.049999999868,19083.25959926217,9.85661916952305,34647.82866531342,10.453019199293797,37.4887954801437,63886.13170698412,10.9,3.48736,79.361930847168,27.313939735536323,11.064857585621343,-0.4190017,0,0,0,1,1,9.85661916952305,0,1,0,9.85661916952305,54302.846822452484,39406.61666666626,115.36555758760156
USA,G,2010,1484135.422,938074.913,124714,22033,4.210046344798797,0.08403141529493122,USA_G,0,0,0,NA,NA,27.1720060120338,52555.76951340227,7.4,2.71443,88.7264175415039,28.219895234673064,10.8696301612091,0.06857736764705884,1,0,0,0,0,0,0,1,0,0,0,0,0
USA,G,2011,1530810.349,981610.72,146523,22292,4.2293246443387815,0.09571597167194223,USA_G,0,0,0,NA,NA,28.117023946999,52956.66303409616,8.4,2.73803,88.7264175415039,30.842486241194344,10.877229179450806,0.06857736764705884,1,0,0,0,0,0,0,1,0,0,0,0,0
USA,G,2012,1617584.222,1018733.168,156548,22531,4.273796955538909,0.0967788866081064,USA_G,0,0,0,0,0,29.1736109719443,53738.147671459286,8.5,2.67272,88.7264175415039,30.681835365729548,10.891878413236382,0.06857736764705884,1,0,0,0,0,0,0,1,0,0,0,0,0
USA,G,2013,1681365.903,1046662.523,148516,22773,4.301786155858614,0.08833056489072862,USA_G,0,0,0,0,0,29.9996164764959,54462.62524124069,8.9,2.69591,88.7264175415039,30.007953968464506,10.905269970009755,0.06857736764705884,1,0,0,0,0,0,0,1,0,0,0,0,0
USA,G,2014,1742361.274,1090621.374,175903,23135,4.321649903906991,0.10095667449964225,USA_G,0,0,0,0,0,30.270920842,55394.45104353294,9,2.70882,88.6268692016602,30.004478161485533,10.92223470604978,0.06857736764705884,1,0,0,0,0,0,0,1,0,0,0,0,0
USA,G,2015,1841060.218,1143298.56,189942,23573,4.3579949008053935,0.10316990076855813,USA_G,0,0,0,0,0,31.3412129772455,56572.91889960634,8.9,2.77328,88.8894119262695,27.823564918787213,10.943285685019262,0.06857736764705884,1,0,0,0,1,0,0,1,0,0,0,0,0
USA,G,2016,1861144.855,1161153.666,204385,23782,4.3600180987820165,0.10981681487656156,USA_G,0,0,0,0,0,32.1144006365866,57151.47084483721,9.3,2.83677,88.8350524902344,26.607962060458373,10.953460405459357,0.06857736764705884,1,0,0,0,1,0,0,1,0,0,0,0,0
USA,G,2017,1905881.291,1206802.619,215252,23837,4.381460805180099,0.11294092712723942,USA_G,0,0,0,0,0,32.5702836317829,58151.70213918542,9.7,2.88315,88.1673889160156,27.31302088772056,10.970810429043523,0.06857736764705884,1,0,0,0,1,0,0,1,0,0,0,0,0
USA,G,2018,1970925.974,1246579.926,220097,23762,4.418171082826339,0.1116718755059646,USA_G,0,0,0,0,0,33.0559177307939,59526.66569871201,9.9,2.98956,88.2991790771484,27.6103792720958,10.99417965414224,0.06857736764705884,1,0,0,0,1,0,0,1,0,0,0,0,0
USA,G,2019,2041626.642,1289278.472,229626,23590,4.460679249214707,0.11247208244454325,USA_G,0,0,0,0,0,33.835216356436,60750.989862163726,10.2,3.14297,87.8887100219727,26.453759494047542,11.014538655097436,0.06857736764705884,1,0,0,0,1,0,0,1,0,0,0,0,0
USA,G,2020,2073024.73272912,1311477.503,234442,23191,4.492999770878713,0.11309175249991303,USA_G,0,0,0,0,0,35.7156999293054,59194.666517203106,11,3.41788,87.5676574707031,23.401562996939425,10.9885867241987,0.06857736764705884,1,0,0,0,1,0,0,1,0,0,0,0,0
USA,G,2021,2336210.5056517,1433449.177,266874,23191,4.61252118123581,0.11423371282441601,USA_G,0,0,0,0,0,37.0074278936277,62680.2503585805,10.9,3.4689,84.8550872802734,25.60955766219321,11.045801690695875,0.06857736764705884,1,0,0,0,1,0,0,1,0,0,0,0,0
USA,G,2022,2566026.9166416302,NA,316684,23529,4.691880331949763,0.123414137999172,USA_G,0,0,0,0,0,37.4887954801437,63886.13170698412,10.9,3.48736,79.361930847168,27.313939735536323,11.064857585621343,0.06857736764705884,1,0,0,0,1,0,0,1,0,0,0,0,0
USA,H,2010,465421.133,291951.118,67050,5193,4.495631093226053,0.14406307588100004,USA_H,5815.433333333289,12494.991999714997,9.433163231851589,NA,NA,27.1720060120338,52555.76951340227,7.4,2.71443,88.7264175415039,28.219895234673064,10.8696301612091,-0.3927636321428572,0,0,0,0,0,0,0,1,0,9.433163231851589,12494.991999714997,22338.89666666655,94.46491769964597
USA,H,2011,480544.698,306291.667,74211,5289,4.509291055933449,0.1544310036274711,USA_H,6288.299999999967,13085.775425619133,9.479357489796618,NA,NA,28.117023946999,52956.66303409616,8.4,2.73803,88.7264175415039,30.842486241194344,10.877229179450806,-0.3927636321428572,0,0,0,0,0,0,0,1,0,9.479357489796618,12494.991999714997,27013.799999999857,96.2573196091961
USA,H,2012,494160.02,315429.798,88281,5385,4.519242081252012,0.17864860860253323,USA_H,6998.594444444405,14162.60757890613,9.558431107320322,12494.991999714997,9.433163231851589,29.1736109719443,53738.147671459286,8.5,2.67272,88.7264175415039,30.681835365729548,10.891878413236382,-0.3927636321428572,0,0,0,0,0,0,0,1,0,9.558431107320322,12494.991999714997,24959.944444444285,95.51141597113846
USA,H,2013,509223.704,325402.474,96518,5442,4.538740776691972,0.1895394877375936,USA_H,7553.733333333296,14833.821116334553,9.604732474434126,13085.775425619133,9.479357489796618,29.9996164764959,54462.62524124069,8.9,2.69591,88.7264175415039,30.007953968464506,10.905269970009755,-0.3927636321428572,0,0,0,0,0,0,0,1,0,9.604732474434126,12494.991999714997,23231.06666666657,94.83431414684185
USA,H,2014,541311.234,340159.328,124095,5636,4.564819813292137,0.22924889085157982,USA_H,7118.3333333332885,13150.167382879936,9.484265808029193,14162.60757890613,9.558431107320322,30.270920842,55394.45104353294,9,2.70882,88.6268692016602,30.004478161485533,10.92223470604978,-0.3927636321428572,0,0,0,1,0,9.484265808029193,0,1,0,9.484265808029193,12494.991999714997,23951.74999999987,95.12249380810404
USA,H,2015,588705.226,366194.706,131192,5885,4.605518852469596,0.22284836995824459,USA_H,7076.949999999963,12021.211444112378,9.394511171542291,14833.821116334553,9.604732474434126,31.3412129772455,56572.91889960634,8.9,2.77328,88.8894119262695,27.823564918787213,10.943285685019262,-0.3927636321428572,0,0,0,1,0,9.394511171542291,0,1,0,9.394511171542291,12494.991999714997,23031.379999999845,94.7528827776104
USA,H,2016,603871.003,377626.948,120617,6047,4.6037983226421115,0.19973967850878907,USA_H,8100.54999999997,13414.371545838192,9.504156458774228,13150.167382879936,9.484265808029193,32.1144006365866,57151.47084483721,9.3,2.83677,88.8350524902344,26.607962060458373,10.953460405459357,-0.3927636321428572,0,0,0,1,0,9.504156458774228,0,1,0,9.504156458774228,12494.991999714997,24467.713333333224,95.32353484379314
USA,H,2017,628913.514,396993.308,129081,6265,4.609015161283483,0.20524443683682714,USA_H,7838.766666666631,12463.981918293826,9.430678545358438,12021.211444112378,9.394511171542291,32.5702836317829,58151.70213918542,9.7,2.88315,88.1673889160156,27.31302088772056,10.970810429043523,-0.3927636321428572,0,0,0,1,0,9.430678545358438,0,1,0,9.430678545358438,12494.991999714997,24852.16666666657,95.47059673601437
USA,H,2018,667470.735,425773.239,144513,6500,4.631693369715065,0.21650836871522167,USA_H,7108.633333333298,10650.104881876654,9.273418910533605,13414.371545838192,9.504156458774228,33.0559177307939,59526.66569871201,9.9,2.98956,88.2991790771484,27.6103792720958,10.99417965414224,-0.3927636321428572,0,0,0,1,0,9.273418910533605,0,1,0,9.273418910533605,12494.991999714997,25134.463333333173,95.57714011778442
USA,H,2019,699265.941,455586.765,136645,6899,4.618654655541047,0.19541206283347354,USA_H,6691.149999999918,9568.820112175203,9.16636968721445,12463.981918293826,9.430678545358438,33.835216356436,60750.989862163726,10.2,3.14297,87.8887100219727,26.453759494047542,11.014538655097436,-0.3927636321428572,0,0,0,1,0,9.16636968721445,0,1,0,9.16636968721445,12494.991999714997,24756.899999999812,95.4343682417611
USA,H,2020,635944.851815775,457153.77,114519,7415,4.451606873009126,0.1800769354025287,USA_H,5866.166666666626,9224.33234567009,9.12970849489069,10650.104881876654,9.273418910533605,35.7156999293054,59194.666517203106,11,3.41788,87.5676574707031,23.401562996939425,10.9885867241987,-0.3927636321428572,0,0,0,0,0,0,0,1,0,9.12970849489069,12494.991999714997,21587.999999999884,94.14239556185677
USA,H,2021,768364.821713213,505882.286,117614,7415,4.640759673039978,0.1530705163437306,USA_H,4710.149999999968,6130.095843661619,8.7211287802716555,9568.820112175203,9.16636968721445,37.0074278936277,62680.2503585805,10.9,3.4689,84.8550872802734,25.60955766219321,11.045801690695875,-0.3927636321428572,0,0,0,0,0,0,0,1,0,8.7211287802716555,12494.991999714997,12540.299999999908,89.01870948972794
USA,H,2022,886494.040461222,NA,141123,7943,4.7149833652926985,0.1591922715313202,USA_H,3362.7666666666414,3793.3325134561237,8.2412637885777,9224.33234567009,9.12970849489069,37.4887954801437,63886.13170698412,10.9,3.48736,79.361930847168,27.313939735536323,11.064857585621343,-0.3927636321428572,0,0,0,0,0,0,0,1,0,8.2412637885777,12494.991999714997,7728.616666666612,84.45336103475115
USA,J,2010,922889.896,405024.803,277680,4444,5.335955066335831,0.30088096229411965,USA_J,1490.683333333286,1615.2342113552472,7.3878541613486375,NA,NA,27.1720060120338,52555.76951340227,7.4,2.71443,88.7264175415039,28.219895234673064,10.8696301612091,1.2675550444444446,1,1615.2342113552472,7.3878541613486375,1,1,7.3878541613486375,0,1,0,7.3878541613486375,1615.2342113552472,2156.216666666597,56.71340983199779
USA,J,2011,951642.7,432359.425,287109,4481,5.3583434134129595,0.3016983159751029,USA_J,1915.85238095233,2013.2055664928969,7.6079801368349385,NA,NA,28.117023946999,52956.66303409616,8.4,2.73803,88.7264175415039,30.842486241194344,10.877229179450806,1.2675550444444446,1,2013.2055664928969,7.6079801368349385,1,1,7.6079801368349385,0,1,0,7.6079801368349385,1615.2342113552472,2217.1619047617983,56.919235977779906
USA,J,2012,978659.282,464136.97,285203,4597,5.36077963857341,0.29142215809485367,USA_J,2458.1896825395797,2511.7931518679243,7.829150222921426,1615.2342113552472,7.3878541613486375,29.1736109719443,53738.147671459286,8.5,2.67272,88.7264175415039,30.681835365729548,10.891878413236382,1.2675550444444446,1,2511.7931518679243,7.829150222921426,1,1,7.829150222921426,0,1,0,7.829150222921426,1615.2342113552472,2680.5039682538136,58.32070406040725
USA,J,2013,1048557.566,483856.458,314131,4686,5.410591411944286,0.2995839333822517,USA_J,2672.84662698405,2549.0699925806935,7.843876085846641,2013.2055664928969,7.6079801368349385,29.9996164764959,54462.62524124069,8.9,2.69591,88.7264175415039,30.007953968464506,10.905269970009755,1.2675550444444446,1,2549.0699925806935,7.843876085846641,1,1,7.843876085846641,0,1,0,7.843876085846641,1615.2342113552472,2265.896031745924,57.07979345491209
USA,J,2014,1071023.053,518071.42,335183,4787,5.410465684548954,0.3129559154316354,USA_J,2345.62063492059,2190.074833917314,7.692147494154737,2511.7931518679243,7.829150222921426,30.270920842,55394.45104353294,9,2.70882,88.6268692016602,30.004478161485533,10.92223470604978,1.2675550444444446,1,2190.074833917314,7.692147494154737,1,1,7.692147494154737,0,1,0,7.692147494154737,1615.2342113552472,2514.167460317392,57.84759745410432
USA,J,2015,1147158.284,553304.461,365992,4963,5.443032709259504,0.3190422848395697,USA_J,2221.51190476187,1936.534770960927,7.569171707368883,2549.0699925806935,7.843876085846641,31.3412129772455,56572.91889960634,8.9,2.77328,88.8894119262695,27.823564918787213,10.943285685019262,1.2675550444444446,1,1936.534770960927,7.569171707368883,1,1,7.569171707368883,0,1,0,7.569171707368883,1615.2342113552472,2438.2690476189955,57.621226494174444
USA,J,2016,1229416.26,575347.546,401445,5065,5.491940612648685,0.32653301657162076,USA_J,2251.39087301583,1831.2681768303846,7.513309919253619,2190.074833917314,7.692147494154737,32.1144006365866,57151.47084483721,9.3,2.83677,88.8350524902344,26.607962060458373,10.953460405459357,1.2675550444444446,1,1831.2681768303846,7.513309919253619,1,1,7.513309919253619,0,1,0,7.513309919253619,1615.2342113552472,2337.20555555549,57.30861206660344
USA,J,2017,1279542.966,613529.211,440917,5136,5.5179836689531845,0.34458944460330065,USA_J,2298.01349206344,1795.9643037601911,7.493854022234669,1936.534770960927,7.569171707368883,32.5702836317829,58151.70213918542,9.7,2.88315,88.1673889160156,27.31302088772056,10.970810429043523,1.2675550444444446,1,1795.9643037601911,7.493854022234669,1,1,7.493854022234669,0,1,0,7.493854022234669,1615.2342113552472,2244.49841269833,57.009727029744944
USA,J,2018,1370152.905,662728.818,478460,5229,5.568457566877353,0.3492019016665881,USA_J,2050.745634920595,1496.7275750297338,7.31170428841311,1831.2681768303846,7.513309919253619,33.0559177307939,59526.66569871201,9.9,2.98956,88.2991790771484,27.6103792720958,10.99417965414224,1.2675550444444446,1,1496.7275750297338,7.31170428841311,1,1,7.31170428841311,0,1,0,7.31170428841311,1615.2342113552472,2290.973412698364,57.16107233520141
USA,J,2019,1450201.277,709307.159,475129,5329,5.606294034190657,0.3276296935711497,USA_J,1994.642857142813,1375.42483845352,7.227244719716268,1795.9643037601911,7.493854022234669,33.835216356436,60750.989862163726,10.2,3.14297,87.8887100219727,26.453759494047542,11.014538655097436,1.2675550444444446,1,1375.42483845352,7.227244719716268,1,1,7.227244719716268,0,1,0,7.227244719716268,1615.2342113552472,2412.6428571427577,57.54320145625179
USA,J,2020,1508372.081,754504.773,492607,5196,5.670897157388379,0.32658188666115995,USA_J,2249.099999999937,1491.0777177132975,7.307924869027262,1496.7275750297338,7.31170428841311,35.7156999293054,59194.666517203106,11,3.41788,87.5676574707031,23.401562996939425,10.9885867241987,1.2675550444444446,1,1491.0777177132975,7.307924869027262,1,1,7.307924869027262,0,1,0,7.307924869027262,1615.2342113552472,2247.5333333332414,57.019705399154695
USA,J,2021,1686177.609,882815.783,561501,5455,5.7336868571449084,0.3330022869494764,USA_J,1622.0166666666191,961.94888249558,6.870000328868566,1375.42483845352,7.227244719716268,37.0074278936277,62680.2503585805,10.9,3.4689,84.8550872802734,25.60955766219321,11.045801690695875,1.2675550444444446,1,961.94888249558,6.870000328868566,1,1,6.870000328868566,0,1,0,6.870000328868566,1615.2342113552472,2557.416666666575,57.97355439528961
USA,J,2022,1780672.69297286,NA,656102,5832,5.721386494587462,0.3684573827572027,USA_J,938.799999999975,527.2164860531635,6.269506211138855,1491.0777177132975,7.307924869027262,37.4887954801437,63886.13170698412,10.9,3.48736,79.361930847168,27.313939735536323,11.064857585621343,1.2675550444444446,1,527.2164860531635,6.269506211138855,1,1,6.269506211138855,0,1,0,6.269506211138855,1615.2342113552472,1238.2333333332779,52.61813091251062
USA,K,2010,987933.757,573340.184,123394,5940,5.113906514554675,0.12490108686507814,USA_K,0,0,0,NA,NA,27.1720060120338,52555.76951340227,7.4,2.71443,88.7264175415039,28.219895234673064,10.8696301612091,2.05267,1,0,0,0,1,0,0,1,0,0,0,0,0
USA,K,2011,1013784.534,606486.992,134316,5998,5.130019590120614,0.13248969134500527,USA_K,0,0,0,NA,NA,28.117023946999,52956.66303409616,8.4,2.73803,88.7264175415039,30.842486241194344,10.877229179450806,2.05267,1,0,0,0,1,0,0,1,0,0,0,0,0
USA,K,2012,1152417.695,630088.959,154589,6087,5.24346200849219,0.13414320230478585,USA_K,0,0,0,0,0,29.1736109719443,53738.147671459286,8.5,2.67272,88.7264175415039,30.681835365729548,10.891878413236382,2.05267,1,0,0,0,1,0,0,1,0,0,0,0,0
USA,K,2013,1134148.159,641323.444,165632,6116,5.22272883936218,0.14604088424041609,USA_K,0,0,0,0,0,29.9996164764959,54462.62524124069,8.9,2.69591,88.7264175415039,30.007953968464506,10.905269970009755,2.05267,1,0,0,0,1,0,0,1,0,0,0,0,0
USA,K,2014,1264136.161,681084.536,181316,6168,5.32276965495427,0.14343075183971418,USA_K,0,0,0,0,0,30.270920842,55394.45104353294,9,2.70882,88.6268692016602,30.004478161485533,10.92223470604978,2.05267,1,0,0,0,1,0,0,1,0,0,0,0,0
USA,K,2015,1347389.994,715704.912,205700,6300,5.365375028947424,0.15266552439604952,USA_K,0,0,0,0,0,31.3412129772455,56572.91889960634,8.9,2.77328,88.8894119262695,27.823564918787213,10.943285685019262,2.05267,1,0,0,0,1,0,0,1,0,0,0,0,0
USA,K,2016,1436575.86,734147.831,218252,6406,5.412782634748583,0.15192514789995148,USA_K,0,0,0,0,0,32.1144006365866,57151.47084483721,9.3,2.83677,88.8350524902344,26.607962060458373,10.953460405459357,2.05267,1,0,0,0,1,0,0,1,0,0,0,0,0
USA,K,2017,1483522.387,787647.805,220924,6508,5.429142340924193,0.14891854813647648,USA_K,0,0,0,0,0,32.5702836317829,58151.70213918542,9.7,2.88315,88.1673889160156,27.31302088772056,10.970810429043523,2.05267,1,0,0,0,1,0,0,1,0,0,0,0,0
USA,K,2018,1582651.451,819116.765,241824,6572,5.4840386528975005,0.15279675120330713,USA_K,0,0,0,0,0,33.0559177307939,59526.66569871201,9.9,2.98956,88.2991790771484,27.6103792720958,10.99417965414224,2.05267,1,0,0,0,1,0,0,1,0,0,0,0,0
USA,K,2019,1681644.718,851709.297,277730,6673,5.529458058378565,0.1651537908258693,USA_K,0,0,0,0,0,33.835216356436,60750.989862163726,10.2,3.14297,87.8887100219727,26.453759494047542,11.014538655097436,2.05267,1,0,0,0,1,0,0,1,0,0,0,0,0
USA,K,2020,1745672.001,910470.215,263027,6745,5.556093371704103,0.15067378055518232,USA_K,0,0,0,0,0,35.7156999293054,59194.666517203106,11,3.41788,87.5676574707031,23.401562996939425,10.9885867241987,2.05267,1,0,0,0,1,0,0,1,0,0,0,0,0
USA,K,2021,1923270.397,991936.8,276345,6828,5.640750542836118,0.1436849443692654,USA_K,0,0,0,0,0,37.0074278936277,62680.2503585805,10.9,3.4689,84.8550872802734,25.60955766219321,11.045801690695875,2.05267,1,0,0,0,1,0,0,1,0,0,0,0,0
USA,K,2022,2050179.30349555,NA,290858,6909,5.692857623920726,0.14186954258297696,USA_K,0,0,0,0,0,37.4887954801437,63886.13170698412,10.9,3.48736,79.361930847168,27.313939735536323,11.064857585621343,2.05267,1,0,0,0,1,0,0,1,0,0,0,0,0
USA,M_N,2010,1653978.964,1059609.603,198715,17465,4.550740278985197,0.1201436078240231,USA_M_N,0,0,0,NA,NA,27.1720060120338,52555.76951340227,7.4,2.71443,88.7264175415039,28.219895234673064,10.8696301612091,0.9246918833333334,1,0,0,0,0,0,0,1,0,0,0,0,0
USA,M_N,2011,1729412.59,1119768.658,216824,17970,4.56683338568586,0.12537436193869733,USA_M_N,0,0,0,NA,NA,28.117023946999,52956.66303409616,8.4,2.73803,88.7264175415039,30.842486241194344,10.877229179450806,0.9246918833333334,1,0,0,0,0,0,0,1,0,0,0,0,0
USA,M_N,2012,1817486.029,1191180.922,251412,18592,4.582478141776029,0.1383295365072652,USA_M_N,0,0,0,0,0,29.1736109719443,53738.147671459286,8.5,2.67272,88.7264175415039,30.681835365729548,10.891878413236382,0.9246918833333334,1,0,0,0,0,0,0,1,0,0,0,0,0
USA,M_N,2013,1871490.341,1239283.166,251060,19003,4.589893504791223,0.134149770639933,USA_M_N,0,0,0,0,0,29.9996164764959,54462.62524124069,8.9,2.69591,88.7264175415039,30.007953968464506,10.905269970009755,0.9246918833333334,1,0,0,0,0,0,0,1,0,0,0,0,0
USA,M_N,2014,1962861.684,1306609.42,258906,19453,4.614157430439788,0.13190231492643473,USA_M_N,0,0,0,0,0,30.270920842,55394.45104353294,9,2.70882,88.6268692016602,30.004478161485533,10.92223470604978,0.9246918833333334,1,0,0,0,0,0,0,1,0,0,0,0,0
USA,M_N,2015,2073392.151,1383183.96,273383,19853,4.648586136097308,0.13185301191969256,USA_M_N,0,0,0,0,0,31.3412129772455,56572.91889960634,8.9,2.77328,88.8894119262695,27.823564918787213,10.943285685019262,0.9246918833333334,1,0,0,0,0,0,0,1,0,0,0,0,0
USA,M_N,2016,2134781.803,1414683.509,274811,20305,4.655252559301688,0.12873025225051538,USA_M_N,0,0,0,0,0,32.1144006365866,57151.47084483721,9.3,2.83677,88.8350524902344,26.607962060458373,10.953460405459357,0.9246918833333334,1,0,0,0,0,0,0,1,0,0,0,0,0
USA,M_N,2017,2245637.025,1495864.588,284194,20600,4.691453436914577,0.1265538450052942,USA_M_N,0,0,0,0,0,32.5702836317829,58151.70213918542,9.7,2.88315,88.1673889160156,27.31302088772056,10.970810429043523,0.9246918833333334,1,0,0,0,0,0,0,1,0,0,0,0,0
USA,M_N,2018,2377355.9,1586502.946,308593,20986,4.7298886339626405,0.12980513350987963,USA_M_N,0,0,0,0,0,33.0559177307939,59526.66569871201,9.9,2.98956,88.2991790771484,27.6103792720958,10.99417965414224,0.9246918833333334,1,0,0,0,0,0,0,1,0,0,0,0,0
USA,M_N,2019,2505817.945,1676777.358,337185,21210,4.771897716594804,0.13456085294336897,USA_M_N,0,0,0,0,0,33.835216356436,60750.989862163726,10.2,3.14297,87.8887100219727,26.453759494047542,11.014538655097436,0.9246918833333334,1,0,0,0,0,0,0,1,0,0,0,0,0
USA,M_N,2020,2456769.862,1696253.916,290838,20118,4.804987765162409,0.11838227279588795,USA_M_N,0,0,0,0,0,35.7156999293054,59194.666517203106,11,3.41788,87.5676574707031,23.401562996939425,10.9885867241987,0.9246918833333334,1,0,0,0,0,0,0,1,0,0,0,0,0
USA,M_N,2021,2749103.343,1869765.528,321048,21122,4.868714929077254,0.11678280513443762,USA_M_N,0,0,0,0,0,37.0074278936277,62680.2503585805,10.9,3.4689,84.8550872802734,25.60955766219321,11.045801690695875,0.9246918833333334,1,0,0,0,0,0,0,1,0,0,0,0,0
