country_name,industry,year,VA_em,country,AIPI_alt,AIPI_alt_bartik,broadband,gdppc_raw,renew,rd,trade,ln_gdppc,wgi,co2_kt,ln_co2int_em,pair_id_em,ASEAN
Albania,C,2012,522636546.99000007,ALB,0,2.0585134098209066,5.50129828000236,3771.847818620151,39.9,0.18998,76.9683583166821,8.235320297928903,-0.34580338333333316,1618.460818693658,-5.777410697964977,ALB_C,0
Albania,C,2013,534328045.45000005,ALB,0,2.186721572941767,6.27863857588442,3895.899756219416,41.1,0.18998,75.75061856197482,8.267679934508259,-0.32864704999999966,1649.1460130159642,-5.780752381607755,ALB_C,0
Albania,C,2014,621833522.9500002,ALB,0,2.3801603017175794,7.16191378800303,4045.119348849334,38.6,0.18998,75.02120230841288,8.305266334335277,-0.07605621666666652,1799.4750851111585,-5.845177405934482,ALB_C,0
Albania,C,2015,508537320.80999994,ALB,0,2.4882383333893796,8.37878005900715,4199.539129253976,38.5,0.18998,71.27944766060136,8.342730067120554,-0.06395351666666667,1600.043131080079,-5.761508020911262,ALB_C,0
Albania,C,2016,573567471.8899999,ALB,0,2.537391793410016,9.19224381243169,4431.556358141677,39.4,0.18998,74.01445045468154,8.396506123719536,-0.03514431666666669,1346.603769256593,-6.054289882761359,ALB_C,0
Albania,C,2017,698748950.4399999,ALB,0,2.670432161562471,10.4757297699778,4648.230786606584,36.9,0.18998,76.78738178989887,8.44424195018346,-0.02249168333333334,1957.3213789362762,-5.877714627280744,ALB_C,0
Albania,C,2018,797218846.97,ALB,0,2.670432161562471,12.5058089696365,4893.823755387173,37.8,0.18998,75.6940783717425,8.495729230969026,-0.015559349999999842,2092.3667028450677,-5.9428334105084275,ALB_C,0
Albania,C,2019,813202762.1,ALB,0,2.734143110652236,15.1192543526712,5072.436483547388,40.1,0.18998,75.38212893268896,8.53157654989607,-0.10173253333333318,1720.7901375192537,-6.1581969107095675,ALB_C,0
Albania,C,2020,798766682,ALB,0,2.5277524880565583,17.720931463387,4980.616995246958,44.4,0.18998,59.52069943918749,8.513309056972297,-0.1444223999999998,1822.5786128200216,-6.082816572029946,ALB_C,0
Albania,C,2021,999043663.06,ALB,0,2.4865575373112585,19.6303737145283,5511.757434028622,41.9,0.18998,75.59040409050093,8.614638804836305,-0.11222479999999999,1940.3206246497641,-6.243945254602602,ALB_C,0
Albania,C,2022,1219463446.97,ALB,0,2.241928551263,20.6989441252111,5867.650962305566,41.9,0.19997,84.69804359448655,8.677209655950756,-0.06452656666666667,1946.4820709283013,-6.44014256632464,ALB_C,0
Albania,D_E,2012,194483170.58,ALB,0,0.18842947600817259,5.50129828000236,3771.847818620151,39.9,0.18998,76.9683583166821,8.235320297928903,-0.34580338333333316,95.720302419663,-7.6166704892610415,ALB_D_E,0
Albania,D_E,2013,305453337.15,ALB,0,0.21500306512388162,6.27863857588442,3895.899756219416,41.1,0.18998,75.75061856197482,8.267679934508259,-0.32864704999999966,47.65287781372,-8.765609280266267,ALB_D_E,0
Albania,D_E,2014,303953356.09,ALB,0,0.26046370525289664,7.16191378800303,4045.119348849334,38.6,0.18998,75.02120230841288,8.305266334335277,-0.07605621666666652,119.65100715027,-7.840050302912871,ALB_D_E,0
Albania,D_E,2015,385823737.60999995,ALB,0,0.28889617667683326,8.37878005900715,4199.539129253976,38.5,0.18998,71.27944766060136,8.342730067120554,-0.06395351666666667,79.277690698241,-8.490179144670225,ALB_D_E,0
Albania,D_E,2016,448806829.21999997,ALB,0,0.3025882757462982,9.19224381243169,4431.556358141677,39.4,0.18998,74.01445045468154,8.396506123719536,-0.03514431666666669,120.07586872635,-8.226224067307779,ALB_D_E,0
Albania,D_E,2017,299395465.99,ALB,0,0.3421388123484751,10.4757297699778,4648.230786606584,36.9,0.18998,76.78738178989887,8.44424195018346,-0.02249168333333334,227.37860170288,-7.182904130121687,ALB_D_E,0
Albania,D_E,2018,458999739.67,ALB,0,0.3421388123484751,12.5058089696365,4893.823755387173,37.8,0.18998,75.6940783717425,8.495729230969026,-0.015559349999999842,138.93529553604,-8.102796596863433,ALB_D_E,0
Albania,D_E,2019,403010147.43,ALB,0,0.36241054454222965,15.1192543526712,5072.436483547388,40.1,0.18998,75.38212893268896,8.53157654989607,-0.10173253333333318,193.88924950561,-7.639429903125964,ALB_D_E,0
Albania,D_E,2020,400211688.92,ALB,0,0.29986481275777627,17.720931463387,4980.616995246958,44.4,0.18998,59.52069943918749,8.513309056972297,-0.1444223999999998,134.14424072876,-8.00083326402972,ALB_D_E,0
Albania,D_E,2021,462132921.17,ALB,0,0.28843652888349725,19.6303737145283,5511.757434028622,41.9,0.18998,75.59040409050093,8.614638804836305,-0.11222479999999999,140.79931625017,-8.096272249309612,ALB_D_E,0
Albania,D_E,2022,511828983.68,ALB,0,0.22729681752362504,20.6989441252111,5867.650962305566,41.9,0.19997,84.69804359448655,8.677209655950756,-0.06452656666666667,143.052432434,-8.182534608541753,ALB_D_E,0
United Arab Emirates,C,2012,28778488767.86,ARE,0.6783145041327373,2.0559291373172575,12.7380681483205,43958.568112085646,0.1,0.54009,156.6376945014814,10.691002835468536,0.6161811500000002,87873.62375138652,-5.791483780686294,ARE_C,0
United Arab Emirates,C,2013,29431177671.910004,ARE,1.0787860898410706,2.1821704869779497,13.303809433458,44312.63371626142,0.1,0.60766,157.39808398964087,10.699025100844237,0.6460001833333335,92709.50574028025,-5.760338846102171,ARE_C,0
United Arab Emirates,C,2014,31352756977.529995,ARE,1.9203463665170188,2.3688704485391825,13.2545793464851,44257.65147610817,0.1,0.67523,159.51561505776388,10.697783550202358,0.6811018333333334,92269.43045618656,-5.828344595068427,ARE_C,0
United Arab Emirates,C,2015,31689584751.520004,ARE,1.7669146875429325,2.479805958983304,14.230538629127,44910.33499552302,0.1,0.86569,164.28618273790346,10.712423225317446,0.6699689833333333,101081.61460862518,-5.747815093180303,ARE_C,0
United Arab Emirates,C,2016,32078420694.359993,ARE,2.537391793410016,2.5180193613895865,14.3683229738697,45168.49824732428,0.1,0.9318,165.39501917458,10.718155181412865,0.67628515,102927.01175932083,-5.741918717201641,ARE_C,0
United Arab Emirates,C,2017,34261674608.560005,ARE,1.7669146875429325,2.6634092298625895,29.9082975943997,43293.02038248013,0.2,1.097845,165.47654246981486,10.675746708907212,0.6640241833333334,90008.58864980211,-5.941877554873364,ARE_C,0
United Arab Emirates,C,2018,36141320626.270004,ARE,2.3707609644015446,2.65633662755416,32.3591212887309,43377.78586972253,0.3,1.26389,154.74700501929283,10.677702742730695,0.6629364000000002,73361.5654424651,-6.1997919385304945,ARE_C,0
United Arab Emirates,C,2019,37064624581.579994,ARE,1.363962019132244,2.7301955101789606,32.480344369022,43468.4586811918,0.7,1.31065,163.82215294485297,10.679790866284788,0.6797116166666666,87583.99856690512,-6.047819961893566,ARE_C,0
United Arab Emirates,C,2020,35966994023.689995,ARE,2.170701322122868,2.5147538194415944,34.345290333178,39878.47442769504,0.9,1.48831,181.29188817063957,10.593591969274236,0.5901551333333334,92756.26347182588,-5.960381734313834,ARE_C,0
United Arab Emirates,C,2021,41525151135.520004,ARE,2.6113334375305657,2.464446150134414,36.5005361093336,40935.8936567784,1,1.49469,182.9093550665972,10.619762552689352,0.5854870666666668,101401.26352067968,-6.014969022266427,ARE_C,0
United Arab Emirates,C,2022,43696160850.51,ARE,2.2757258047372404,2.2224033040856663,36.8485872897377,41828.5553298104,1,1.49469,185.74166098281856,10.641334527139154,0.6132792,101482.28123417082,-6.065131310711949,ARE_C,0
Armenia,C,2015,854787822.7900001,ARM,1.363962019132244,2.483187446112699,9.80149439763493,3512.3935027670905,10.7,0.25002,71.68207434275752,8.164052993685441,-0.240307083333333,619.7871645953986,-7.229232420449035,ARM_C,0
Armenia,C,2016,783124292.3599999,ARM,0.6783145041327373,2.5357916812188424,10.2497847569184,3533.8850360700676,13.2,0.23305,76.07796745935478,8.170153121527093,-0.2551469666666665,543.8908532414531,-7.272298111719764,ARM_C,0
Armenia,C,2017,1067399986.0100001,ARM,0,2.670432161562471,10.8172556564183,3815.374742603702,12.6,0.22788,87.20237653983696,8.246794167624104,-0.21188006666666664,631.9592410134512,-7.431911429775536,ARM_C,0
Armenia,C,2018,898893459.6400002,ARM,0,2.670432161562471,11.9399374219278,4027.833930109786,11.1,0.18876,92.47310702121204,8.30098402411806,-0.007100249999999669,735.526894565309,-7.108332690832319,ARM_C,0
Armenia,C,2019,978626611.9100001,ARM,0,2.734143110652236,13.2819462446608,4343.458395830194,10.3,0.17854,97.84700486532697,8.376426175164449,-0.004348716666666483,718.8036474750514,-7.216317222034562,ARM_C,0
Armenia,C,2020,936597541.9300001,ARM,0,2.5277524880565583,14.8883804721864,4032.090434549551,8.4,0.2092,70.12135713687886,8.302040238703432,-0.030291850000000002,782.3732598822415,-7.087677010172885,ARM_C,0
Armenia,C,2021,947413339.35,ARM,0,2.4865575373112585,16.2565945813558,4264.799615051871,9.1,0.20557,79.24890576471122,8.35815047524684,-0.10038971666666667,824.5666304947358,-7.046632797380145,ARM_C,0
Armenia,C,2022,1735367677.4599998,ARM,0,2.241928551263,17.7300708049016,4791.004817121827,9.1,0.20955,103.878629213508,8.474495442334886,-0.12206183333333333,766.8575555513212,-7.724428798996954,ARM_C,0
Armenia,D_E,2015,370565426.17,ARM,0.0846529425965782,0.2875165989825674,9.80149439763493,3512.3935027670905,10.7,0.25002,71.68207434275752,8.164052993685441,-0.240307083333333,1286.2669462097092,-5.6632858350239434,ARM_D_E,0
Armenia,D_E,2016,312644540.5,ARM,0.029021209524969224,0.3021348800233772,10.2497847569184,3533.8850360700676,13.2,0.23305,76.07796745935478,8.170153121527093,-0.2551469666666665,1185.734588017257,-5.574704403817768,ARM_D_E,0
Armenia,D_E,2017,383840296.58,ARM,0,0.3421388123484751,10.8172556564183,3815.374742603702,12.6,0.22788,87.20237653983696,8.246794167624104,-0.21188006666666664,1255.021226179525,-5.723074086025602,ARM_D_E,0
Armenia,D_E,2018,368245222.59000003,ARM,0,0.3421388123484751,11.9399374219278,4027.833930109786,11.1,0.18876,92.47310702121204,8.30098402411806,-0.007100249999999669,1495.538028735305,-5.506263054438471,ARM_D_E,0
Armenia,D_E,2019,368229361.97,ARM,0,0.36241054454222965,13.2819462446608,4343.458395830194,10.3,0.17854,97.84700486532697,8.376426175164449,-0.004348716666666483,1361.7741649383222,-5.5999176276151195,ARM_D_E,0
Armenia,D_E,2020,344525452.1999999,ARM,0,0.29986481275777627,14.8883804721864,4032.090434549551,8.4,0.2092,70.12135713687886,8.302040238703432,-0.030291850000000002,1436.244364004433,-5.480136343223798,ARM_D_E,0
Armenia,D_E,2021,339627836.34000003,ARM,0,0.28843652888349725,16.2565945813558,4264.799615051871,9.1,0.20557,79.24890576471122,8.35815047524684,-0.10038971666666667,1436.244364004433,-5.465818793030904,ARM_D_E,0
Armenia,D_E,2022,502669273.08,ARM,0,0.22729681752362504,17.7300708049016,4791.004817121827,9.1,0.20955,103.878629213508,8.474495442334886,-0.12206183333333333,1231.0665977181282,-6.012051498817691,ARM_D_E,0
Azerbaijan,C,2012,2949365146.23,AZE,0,2.0585134098209066,14.6071625537092,5193.175011195519,2.8,0.21427,78.26306954042201,8.555100544642803,-0.8221271666666663,3163.4247313065925,-6.837690005038404,AZE_C,0
Azerbaijan,C,2013,3126401297.069999,AZE,0,2.186721572941767,18.0145551396199,5425.995597805777,2.5,0.20969,74.67584476298511,8.598956681903726,-0.7206253499999997,3349.3733794353516,-6.8388645992989625,AZE_C,0
Azerbaijan,C,2014,3541475611.4399996,AZE,0,2.3801603017175794,19.7076399486748,5508.602656126762,2.1,0.20978,69.48322519533467,8.61406626855578,-0.6774843166666666,3721.2376393816307,-6.858242446952649,AZE_C,0
Azerbaijan,C,2015,2648694761.88,AZE,0,2.4882383333893796,19.4759070425568,5500.503646284862,2.3,0.22232,72.60150790731886,8.61259493907989,-0.656523699999998,3658.3990619839874,-6.584796617993422,AZE_C,0
Azerbaijan,C,2016,1852694575.46,AZE,0,2.537391793410016,18.2770953995915,5272.718171418611,1.9,0.20637,90.0773187345677,8.570301290618433,-0.5822915999999997,3931.7148121904024,-6.155320715948318,AZE_C,0
Azerbaijan,C,2017,1920504407.7899997,AZE,0,2.670432161562471,18.1091657629876,5229.252599934125,1.9,0.18468,90.4023156823216,8.56202364052454,-0.5970913333333312,3157.0204290619527,-6.410714462318265,AZE_C,0
Azerbaijan,C,2018,2176531837.8,AZE,0,2.670432161562471,18.8342000186458,5261.929382344318,1.9,0.18416,91.67257653698248,8.568253041203137,-0.59035045,2996.8495068376037,-6.587926416394404,AZE_C,0
Azerbaijan,C,2019,2410458933.640001,AZE,0,2.734143110652236,19.2178211211639,5346.9531860411425,1.7,0.20013,85.81814540845608,8.584282179728273,-0.5641423999999984,4054.2232614666045,-6.387813318842224,AZE_C,0
Azerbaijan,C,2020,2604973759.63,AZE,0.6783145041327373,2.5261368647911433,19.5985750948022,5087.5002278362745,1.3,0.2239,72.0178676487811,8.534541874534392,-0.5838567,4850.892659904919,-6.286015139455787,AZE_C,0
Azerbaijan,C,2021,3519292418.4500003,AZE,0,2.4865575373112585,20.0856994533421,5349.582260714248,1.3,0.20836,76.28686568701504,8.584773754732,-0.5705071499999996,5165.746644232304,-6.523965580356939,AZE_C,0
Azerbaijan,C,2022,4163729595.81,AZE,0,2.241928551263,20.3655958095069,5599.585249710247,1.3,0.1513,86.98227325417788,8.630447811428732,-0.5776936666666664,5099.029022161772,-6.705116355267174,AZE_C,0
Azerbaijan,D_E,2012,1461880365.8100002,AZE,0,0.18842947600817259,14.6071625537092,5193.175011195519,2.8,0.21427,78.26306954042201,8.555100544642803,-0.8221271666666663,13877.1134352115,-4.657237840142291,AZE_D_E,0
Azerbaijan,D_E,2013,1527781212.2,AZE,0,0.21500306512388162,18.0145551396199,5425.995597805777,2.5,0.20969,74.67584476298511,8.598956681903726,-0.7206253499999997,13647.183361065,-4.71803862057769,AZE_D_E,0
Azerbaijan,D_E,2014,1384122863.8300002,AZE,0,0.26046370525289664,19.7076399486748,5508.602656126762,2.1,0.20978,69.48322519533467,8.61406626855578,-0.6774843166666666,14125.355647696,-4.584850451367563,AZE_D_E,0
Azerbaijan,D_E,2015,808283328.32,AZE,0,0.28889617667683326,19.4759070425568,5500.503646284862,2.3,0.22232,72.60150790731886,8.61259493907989,-0.656523699999998,14336.3607267743,-4.032113632698881,AZE_D_E,0
Azerbaijan,D_E,2016,540277692.47,AZE,0,0.3025882757462982,18.2770953995915,5272.718171418611,1.9,0.20637,90.0773187345677,8.570301290618433,-0.5822915999999997,14239.9514307185,-3.6360317574804633,AZE_D_E,0
Azerbaijan,D_E,2017,501800244.59999996,AZE,0,0.3421388123484751,18.1091657629876,5229.252599934125,1.9,0.18468,90.4023156823216,8.56202364052454,-0.5970913333333312,14191.1912114383,-3.5655806864815847,AZE_D_E,0
Azerbaijan,D_E,2018,543298684.66,AZE,0,0.3421388123484751,18.8342000186458,5261.929382344318,1.9,0.18416,91.67257653698248,8.568253041203137,-0.59035045,14058.8135080305,-3.654409737477726,AZE_D_E,0
Azerbaijan,D_E,2019,553686470.6,AZE,0,0.36241054454222965,19.2178211211639,5346.9531860411425,1.7,0.20013,85.81814540845608,8.584282179728273,-0.5641423999999984,14188.5303732883,-3.664164670964524,AZE_D_E,0
Azerbaijan,D_E,2020,621138235.29,AZE,0.029021209524969224,0.29941018026426564,19.5985750948022,5087.5002278362745,1.3,0.2239,72.0178676487811,8.534541874534392,-0.5838567,13651.7086380217,-3.817688969528755,AZE_D_E,0
Azerbaijan,D_E,2021,778753974.71,AZE,0,0.28843652888349725,20.0856994533421,5349.582260714248,1.3,0.20836,76.28686568701504,8.584773754732,-0.5705071499999996,14070.465300729102,-4.013617233056338,AZE_D_E,0
Azerbaijan,D_E,2022,888910447.06,AZE,0,0.22729681752362504,20.3655958095069,5599.585249710247,1.3,0.1513,86.98227325417788,8.630447811428732,-0.5776936666666664,13604.1060662479,-4.17962483216393,AZE_D_E,0
Bangladesh,C,2012,19094975625.980007,BGD,0,2.0585134098209066,0.387219068103915,1050.3914040406614,37.3,NA,48.11092274904673,6.956918139444688,-0.9948911166666647,18191.725867861405,-6.956213655132383,BGD_C,0
Bangladesh,C,2018,54325489611.36,BGD,0,2.670432161562471,4.92461851093909,1462.2505025571324,27,NA,32.51463172408839,7.287731968010634,-0.8997522999999982,35764.294175879964,-7.325798791404327,BGD_C,0
Bangladesh,D_E,2013,2050555896.6000001,BGD,0,0.21500306512388162,0.974448436120221,1103.1569590712293,37,NA,46.29640272281737,7.005931311098014,-1.0512543499999996,33305.017647399865,-4.120158138708547,BGD_D_E,0
Bangladesh,D_E,2014,2619219423.55,BGD,0.029021209524969224,0.25999079783747353,1.95813780918421,1159.407534759807,35.4,NA,44.51408019680959,7.055664407728578,-0.909626483333333,35546.26984558121,-4.299796398666294,BGD_D_E,0
Bangladesh,D_E,2015,3127901754.3,BGD,0,0.28889617667683326,3.06992245398744,1224.3864766816523,33.1,NA,42.085996307038194,7.110195162156989,-0.9294847499999996,38076.47908707343,-4.408520948000393,BGD_D_E,0
Bulgaria,C,2012,6012941584.03,BGR,1.0787860898410706,2.0533381690418,18.2006758494654,6693.427732512701,15.6,0.60039,123.9713227141743,8.808881388501156,0.049715916666666686,8024.068874552404,-6.6192237218552865,BGR_C,0
Bulgaria,C,2013,6341753078.940001,BGR,1.7669146875429325,2.175304785067106,19.5682074718498,6792.735499647352,18.2,0.63424,129.6886829864819,8.823609011240142,-0.010758433333333326,7880.342808240171,-6.69053911357569,BGR_C,0
Bulgaria,C,2014,7000485861.129998,BGR,2.3707609644015446,2.361272440586698,20.5011345688189,6941.018539467182,17.1,0.79007,130.2483771152453,8.845203806344111,0.0017120000000000006,8069.033318227893,-6.765701146339345,BGR_C,0
Bulgaria,C,2015,6556906070.47,BGR,1.7669146875429325,2.479805958983304,22.4944225140811,7268.654454738727,17.9,0.94947,126.73664221294958,8.89132647151867,0.014306666666666818,8883.488214133175,-6.604079838305393,BGR_C,0
Bulgaria,C,2016,7339196392.630001,BGR,1.585598864237056,2.5309759248947685,23.8176881048635,7586.504110508195,17.7,0.77009,122.8055143565134,8.934126172783932,0.06424650000000003,9219.217522859362,-6.679694465723681,BGR_C,0
Bulgaria,C,2017,8229524038.52,BGR,1.0787860898410706,2.667628904689131,25.3925159519229,7898.706930136523,17.1,0.74037,129.63442904800365,8.97445434532857,0.07990125000000017,9815.82761415927,-6.731487313963458,BGR_C,0
Bulgaria,C,2018,9192888400.07,BGR,1.0787860898410706,2.667628904689131,27.103417988838,8194.37434587757,19.6,0.75505,129.16650293063154,9.011203142427876,0.1321784666666667,9987.114843253292,-6.8248897176569265,BGR_C,0
Bulgaria,C,2019,9311743572.9,BGR,0,2.734143110652236,28.8836779290396,8626.134186803722,19.3,0.83576,125.26041834641084,9.062551733173477,0.15764503333333335,9354.270614663657,-6.90319864306421,BGR_C,0
Bulgaria,C,2020,9085650789.119999,BGR,1.585598864237056,2.521274274273604,30.5042854761098,8440.08304721192,21.1,0.84549,110.4238998462493,9.040747427258646,0.07586201666666684,8720.209349346107,-6.948808366044375,BGR_C,0
Bulgaria,C,2021,9746183651.81,BGR,1.0787860898410706,2.483187446112699,32.7688420838347,9161.477379907265,20.4,0.76933,121.2140882638226,9.122762730679062,0.10683360000000001,9501.674319745256,-6.933163039778757,BGR_C,0
Bulgaria,C,2022,10343301837.41,BGR,1.585598864237056,2.2332976949574146,34.9667968772891,9597.867964065475,20.4,0.75174,138.84487724123846,9.169296265714427,0.07705133333333335,9460.652240502224,-6.996953095837913,BGR_C,0
Bulgaria,D_E,2012,2382312737.41,BGR,0.057223887399433127,0.18741273986038337,18.2006758494654,6693.427732512701,15.6,0.60039,123.9713227141743,8.808881388501156,0.049715916666666686,30632.120339528563,-4.353777890517642,BGR_D_E,0
Bulgaria,D_E,2013,2713143798.3599997,BGR,0.1373522078753459,0.2125260736719078,19.5682074718498,6792.735499647352,18.2,0.63424,129.6886829864819,8.823609011240142,-0.010758433333333326,26559.09654409296,-4.626491006333817,BGR_D_E,0
Bulgaria,D_E,2014,2183581783.06,BGR,0.25809692858364264,0.2557245369906888,20.5011345688189,6941.018539467182,17.1,0.79007,130.2483771152453,8.845203806344111,0.0017120000000000006,28253.02171629662,-4.347521411974105,BGR_D_E,0
Bulgaria,D_E,2015,2197348502.37,BGR,0.1373522078753459,0.28659582203132816,22.4944225140811,7268.654454738727,17.9,0.94947,126.73664221294958,8.89132647151867,0.014306666666666818,29302.8612880958,-4.317321520142865,BGR_D_E,0
Bulgaria,D_E,2016,2354583428.92,BGR,0.11134968664210926,0.3007734581421315,23.8176881048635,7586.504110508195,17.7,0.77009,122.8055143565134,8.934126172783932,0.06424650000000003,26038.6499652353,-4.504537131528577,BGR_D_E,0
Bulgaria,D_E,2017,2499050956.4699993,BGR,0.057223887399433127,0.3412670026777997,25.3925159519229,7898.706930136523,17.1,0.74037,129.63442904800365,8.97445434532857,0.07990125000000017,27446.7395313034,-4.511418938929435,BGR_D_E,0
Bulgaria,D_E,2018,2704820180.31,BGR,0.057223887399433127,0.3412670026777997,27.103417988838,8194.37434587757,19.6,0.75505,129.16650293063154,9.011203142427876,0.1321784666666667,23984.3051444224,-4.725391048178737,BGR_D_E,0
Bulgaria,D_E,2019,2863698861.9,BGR,0,0.36241054454222965,28.8836779290396,8626.134186803722,19.3,0.83576,125.26041834641084,9.062551733173477,0.15764503333333335,22508.4465247109,-4.8459787367043985,BGR_D_E,0
Bulgaria,D_E,2020,2826957652.4100003,BGR,0.11134968664210926,0.2980450413223917,30.5042854761098,8440.08304721192,21.1,0.84549,110.4238998462493,9.040747427258646,0.07586201666666684,18279.817264663092,-5.041158808375733,BGR_D_E,0
Bulgaria,D_E,2021,2912729039.37,BGR,0.057223887399433127,0.2875165989825674,32.7688420838347,9161.477379907265,20.4,0.76933,121.2140882638226,9.122762730679062,0.10683360000000001,22949.104363615297,-4.843566824714516,BGR_D_E,0
Bulgaria,D_E,2022,4812000765.45,BGR,0.11134968664210926,0.22533994522559503,34.9667968772891,9597.867964065475,20.4,0.75174,138.84487724123846,9.169296265714427,0.07705133333333335,26218.6032015505,-5.212399031501171,BGR_D_E,0
Bosnia and Herzegovina,C,2012,1814850755.79,BIH,0,2.0585134098209066,12.789715194055301,4139.917327736571,15.3,0.26533,88.14510886285292,8.328431097474217,-0.3445521166666662,2865.4787342858067,-6.4510230814137195,BIH_C,0
Bosnia and Herzegovina,C,2013,1907437975.61,BIH,0,2.186721572941767,14.2931086481084,4306.731750722136,19.5,0.32132,87.93123802805619,8.367934600951072,-0.3064904833333332,3312.2631782953135,-6.3558845511552855,BIH_C,0
Bosnia and Herzegovina,C,2014,2067126728.8,BIH,0,2.3801603017175794,15.2154563374569,4412.676178177339,23.6,0.25725,90.55227803956625,8.392236627510174,-0.1813286166666665,3165.262471012581,-6.481678886913079,BIH_C,0
Bosnia and Herzegovina,C,2015,1894438644.5499997,BIH,0,2.4882383333893796,18.0468836372803,4662.258692194478,25.2,0.21603,88.29199258758803,8.44725530758742,-0.31733828333333314,3209.858206381099,-6.380451080143552,BIH_C,0
Bosnia and Herzegovina,C,2016,2089421636.31,BIH,0,2.537391793410016,19.0747891666088,4876.5347149563295,23,0.21337,88.24403400227379,8.492190147213005,-0.32727256666666615,3137.8059010304096,-6.5011187795823995,BIH_C,0
Bosnia and Herzegovina,C,2017,2210027224.44,BIH,0,2.670432161562471,20.4261287573476,5099.81602856447,18.5,0.1978,96.64588035668616,8.53695974523128,-0.3732770333333332,3356.3978859812514,-6.489891772020559,BIH_C,0
Bosnia and Herzegovina,C,2018,2453466204.5699997,BIH,0,2.670432161562471,21.1504576321228,5360.252010176329,35.4,0.19199,98.43206941826314,8.586766269783533,-0.44522053333333333,3709.4223183599415,-6.494380925901265,BIH_C,0
Bosnia and Herzegovina,C,2019,2394200395.41,BIH,0,2.734143110652236,22.2950124838105,5583.297212764579,36.8,0.19001,94.516125154246,8.62753477920858,-0.4934115166666665,3554.7266151761823,-6.512526431169968,BIH_C,0
Bosnia and Herzegovina,C,2020,2467903807.2899995,BIH,0,2.5277524880565583,23.3507882918721,5490.753666351392,37.7,0.20325,82.52164679940071,8.610820804926988,-0.45446329999999985,2971.727248785136,-6.721981059270599,BIH_C,0
Bosnia and Herzegovina,C,2021,3391836165.31,BIH,0,2.4865575373112585,24.5890868366952,5995.541975904936,36.6,0.19035,96.73911444087436,8.698771468030062,-0.4972106499999998,3066.7277612602484,-7.0085155780854285,BIH_C,0
Bosnia and Herzegovina,C,2022,3556314804.950001,BIH,0.6783145041327373,2.2397778107305504,27.3190356221695,6327.162068491737,36.6,0.18743,110.20528437738682,8.752607084196047,-0.4695432499999995,3177.598213672767,-7.020354487835487,BIH_C,0
Bosnia and Herzegovina,D_E,2012,853662406.63,BIH,0,0.18842947600817259,12.789715194055301,4139.917327736571,15.3,0.26533,88.14510886285292,8.328431097474217,-0.3445521166666662,15055.581429641748,-4.037787025681774,BIH_D_E,0
Bosnia and Herzegovina,D_E,2013,1000319963.1200001,BIH,0,0.21500306512388162,14.2931086481084,4306.731750722136,19.5,0.32132,87.93123802805619,8.367934600951072,-0.3064904833333332,15121.594561916709,-4.191951365289802,BIH_D_E,0
Bosnia and Herzegovina,D_E,2014,884268150.4,BIH,0,0.26046370525289664,15.2154563374569,4412.676178177339,23.6,0.25725,90.55227803956625,8.392236627510174,-0.1813286166666665,12869.44420965576,-4.229904518474064,BIH_D_E,0
Bosnia and Herzegovina,D_E,2015,793537121.22,BIH,0,0.28889617667683326,18.0468836372803,4662.258692194478,25.2,0.21603,88.29199258758803,8.44725530758742,-0.31733828333333314,12710.255951575102,-4.13409109768856,BIH_D_E,0
Bosnia and Herzegovina,D_E,2016,828950100.6400001,BIH,0,0.3025882757462982,19.0747891666088,4876.5347149563295,23,0.21337,88.24403400227379,8.492190147213005,-0.32727256666666615,14846.10297296291,-4.022422556346205,BIH_D_E,0
Bosnia and Herzegovina,D_E,2017,807418785.6899999,BIH,0,0.3421388123484751,20.4261287573476,5099.81602856447,18.5,0.1978,96.64588035668616,8.53695974523128,-0.3732770333333332,15205.73043170322,-3.9721701161513647,BIH_D_E,0
Bosnia and Herzegovina,D_E,2018,985714193.55,BIH,0,0.3421388123484751,21.1504576321228,5360.252010176329,35.4,0.19199,98.43206941826314,8.586766269783533,-0.44522053333333333,15054.81954195963,-4.181668272753388,BIH_D_E,0
Bosnia and Herzegovina,D_E,2019,948536453.85,BIH,0,0.36241054454222965,22.2950124838105,5583.297212764579,36.8,0.19001,94.516125154246,8.62753477920858,-0.4934115166666665,13580.2601677316,-4.246302941693096,BIH_D_E,0
Bosnia and Herzegovina,D_E,2020,924621403.3899999,BIH,0,0.29986481275777627,23.3507882918721,5490.753666351392,37.7,0.20325,82.52164679940071,8.610820804926988,-0.45446329999999985,14569.82855575761,-4.150431506893571,BIH_D_E,0
Bosnia and Herzegovina,D_E,2021,1228598840.36,BIH,0,0.28843652888349725,24.5890868366952,5995.541975904936,36.6,0.19035,96.73911444087436,8.698771468030062,-0.4972106499999998,13846.395614464449,-4.485604690537423,BIH_D_E,0
Bosnia and Herzegovina,D_E,2022,1086994152.18,BIH,0.029021209524969224,0.2268079583335033,27.3190356221695,6327.162068491737,36.6,0.18743,110.20528437738682,8.752607084196047,-0.4695432499999995,13604.23293142846,-4.380790518054212,BIH_D_E,0
Belarus,C,2014,16619738363.299997,BLR,0,2.3801603017175794,28.3376939308168,6212.916674186595,6.7,0.50548,110.65142436758238,8.734385738447378,-0.554364116666665,11432.376258397468,-7.2818969731832315,BLR_C,0
Belarus,C,2015,11654690038.109999,BLR,0.6783145041327373,2.4865575373112585,30.6040616643757,5967.0559505877745,6.8,0.49999,115.91482620194616,8.694008944147766,-0.564728149999998,10155.970270709311,-7.0454022197850605,BLR_C,0
Belarus,C,2016,9617348633.829998,BLR,1.9203463665170188,2.5277524880565583,32.2929606538076,5811.201591825471,6.7,0.50063,125.20932289966194,8.667542642890593,-0.5019674499999999,9886.135548794724,-6.880190569905638,BLR_C,0
Belarus,C,2017,11836605528.449999,BLR,1.0787860898410706,2.667628904689131,33.3125100702522,5964.896688345611,7.3,0.58411,133.36775472301184,8.69364701474173,-0.5178462999999982,10029.787491596428,-7.07339275762993,BLR_C,0
Belarus,C,2018,12761362833.28,BLR,1.585598864237056,2.664817767470887,33.771187035147904,6165.913200192767,7.2,0.60443,139.39373625017066,8.726791531180739,-0.45199128333333155,10181.036696853125,-7.133650513748084,BLR_C,0
Belarus,C,2019,13938314347.140001,BLR,1.9203463665170188,2.726232264374273,34.0723501521236,6267.735087435055,7.8,0.57733,130.8504061021835,8.743170338293513,-0.39363574999999984,9847.884588228228,-7.255140085487166,BLR_C,0
Belarus,C,2020,13186791961.71,BLR,1.7669146875429325,2.519648142138246,34.8152229336418,6251.9889896864515,8.4,0.53901,118.93417614653409,8.740654930453196,-0.7425874166666665,9514.757319787346,-7.234127003261371,BLR_C,0
Belarus,C,2021,11588740583.190002,BLR,1.363962019132244,2.481498131854221,35.0097634241001,6457.730537063426,8.2,0.45981,136.01416787747556,8.773033225000713,-0.8203647333333315,9671.775189731195,-7.088577396707226,BLR_C,0
Belarus,D_E,2016,2146199944.4100003,BLR,0.16269569827115157,0.29986481275777627,32.2929606538076,5811.201591825471,6.7,0.50063,125.20932289966194,8.667542642890593,-0.5019674499999999,30786.5296532395,-4.244376844197633,BLR_D_E,0
Belarus,D_E,2017,2179738369.2999997,BLR,0.057223887399433127,0.3412670026777997,33.3125100702522,5964.896688345611,7.3,0.58411,133.36775472301184,8.69364701474173,-0.5178462999999982,30921.7582235648,-4.2555000487617045,BLR_D_E,0
Belarus,D_E,2018,2354231039.53,BLR,0.11134968664210926,0.34039443229177524,33.771187035147904,6165.913200192767,7.2,0.60443,139.39373625017066,8.726791531180739,-0.45199128333333155,33162.3496239661,-4.26255424570473,BLR_D_E,0
Belarus,D_E,2019,2359709396.24,BLR,0.16269569827115157,0.3598454308052383,34.0723501521236,6267.735087435055,7.8,0.57733,130.8504061021835,8.743170338293513,-0.39363574999999984,31952.9042375509,-4.302030677104908,BLR_D_E,0
Belarus,D_E,2020,2143406126.06,BLR,0.1373522078753459,0.29758958055981805,34.8152229336418,6251.9889896864515,8.4,0.53901,118.93417614653409,8.740654930453196,-0.7425874166666665,30522.6310294459,-4.251683080946573,BLR_D_E,0
Belarus,D_E,2021,456884398.34999996,BLR,0.0846529425965782,0.2870563164857182,35.0097634241001,6457.730537063426,8.2,0.45981,136.01416787747556,8.773033225000713,-0.8203647333333315,31993.3318355288,-2.6589029002905327,BLR_D_E,0
Brazil,C,2012,311848707342.13,BRA,3.3384528062538115,1.983502955993742,9.71151141846763,9167.498184504328,43.5,1.12684,25.114273610332155,9.123419701909391,0.09691435000000001,158907.9280412774,-7.581948471246343,BRA_C,0
Brazil,C,2013,310721310205.6401,BRA,3.9596570596436345,2.0585134098209066,10.7622017659472,9366.738246702393,42.3,1.19567,25.785957328145216,9.144920208621224,0.022233350000000186,151323.406394484,-7.627232370042971,BRA_C,0
Brazil,C,2014,295898326867.7101,BRA,3.3384528062538115,2.326348376047592,11.9790772854396,9338.341708409847,41.7,1.26971,24.68540581329201,9.141883968180045,-0.0417266,149546.11607206165,-7.590166370014605,BRA_C,0
Brazil,C,2015,200938228154.49002,BRA,3.882740940151937,2.402364673781421,12.6353840484725,8936.195588944402,43.7,1.28464,26.953625937236943,9.097865228260668,-0.13487949999999982,141626.80739681024,-7.257557336078109,BRA_C,0
Brazil,C,2016,202494512522.94,BRA,3.9025316766209737,2.4540736229913818,13.217709027651,8577.842779696673,45.4,1.19584,24.53368207707561,9.056937736591848,-0.12976436666666633,131950.22692801105,-7.336043283758514,BRA_C,0
Brazil,C,2017,225282840481.06998,BRA,3.497363796782094,2.6231424543332023,14.1218273097456,8628.252096457234,45.3,1.1175,24.319734374168437,9.062797225494023,-0.18906936666666632,137703.30024804897,-7.400010588151457,BRA_C,0
Brazil,C,2018,221632019869.56995,BRA,3.882740940151937,2.599383299689809,15.1537620986579,8722.335299709883,46.9,1.15016,28.876203376152983,9.073642290648193,-0.26861871666666615,132999.43428630996,-7.418428842686952,BRA_C,0
Brazil,C,2019,220392789552.77002,BRA,3.8625506088512798,2.6690315154066164,15.8621991239093,8771.439503726033,47.5,1.15115,28.89025786973537,9.079256211432275,-0.22216118333333318,128448.05259410951,-7.447642077815762,BRA_C,0
Brazil,C,2020,194355772903.31003,BRA,3.6844231110371446,2.461000581642502,17.418059685583,8435.010462091848,50,1.21907,32.30207854434918,9.040146235298428,-0.20489081666666614,122375.35730306101,-7.370352618898313,BRA_C,0
Brazil,C,2021,268769137852.36002,BRA,3.5818488941726017,2.4240867024519974,19.8363162401481,8799.228445799441,46.5,1.13371,37.65633075925755,9.082419320008778,-0.22488999999999998,135786.36168703198,-7.59052528582416,BRA_C,0
Brazil,C,2022,320688070031.38007,BRA,3.0625319085748495,2.195762075105264,20.9534469027015,9032.08377657776,46.5,1.18873,38.816065976432135,9.108538381315462,-0.2859370499999998,126324.6754095259,-7.83936880352445,BRA_C,0
Chile,C,2013,24519181006.46,CHL,0.6783145041327373,2.184448619005555,12.9765829219485,13182.732961985574,30.2,0.39031,65.14328795238785,9.486663143312619,1.1581075833333334,15674.834001034409,-7.355154492033464,CHL_C,0
Chile,C,2014,16219463260.54,CHL,0.6783145041327373,2.3782874887733327,13.9369112350151,13285.954036119225,27,0.37668,65.63462812188874,9.494462668646662,1.1236611333333333,16432.56213388014,-6.894702373603269,CHL_C,0
Chile,C,2015,15959023546.279997,CHL,1.363962019132244,2.483187446112699,15.0681266925704,13433.920298703231,25.1,0.38296,59.34911047753091,9.505538153004627,1.0376254333333332,17578.48638150773,-6.811103898161407,CHL_C,0
Chile,C,2016,16183031551.44,CHL,1.0787860898410706,2.534189004564668,15.9005028734256,13505.097711132956,24.6,0.37103,56.05786108777225,9.510822501382545,1.0083828666666665,17911.187272836356,-6.806293032247912,CHL_C,0
Chile,C,2017,25433744990.379997,CHL,1.363962019132244,2.666224323891241,16.5009633130641,13473.345853293376,24.1,0.35679,56.02615896757065,9.508468631529054,0.9968675833333334,17274.901858972615,-7.294577425666522,CHL_C,0
Chile,C,2018,28371102327.420002,CHL,1.363962019132244,2.666224323891241,17.2066645597348,13763.006884479451,25.5,0.36916,58.177050633437034,9.52973961119589,1.0121072,17600.806298281663,-7.385181669041129,CHL_C,0
Chile,C,2019,24950194208.29,CHL,0.6783145041327373,2.732828974573085,17.8649532986793,13630.593543557825,25.3,0.34243,57.61175456808293,9.520072070591878,0.9070391,17804.514040795562,-7.245184862103712,CHL_C,0
Chile,C,2020,22839777726.57,CHL,1.7669146875429325,2.519648142138246,19.4305872645094,12679.024004021963,26.7,0.33525,58.18286356297483,9.447704253737133,0.81827375,16898.511086872553,-7.209033415281823,CHL_C,0
Chile,C,2021,26910255646.25,CHL,1.585598864237056,2.479805958983304,22.0140443723879,14051.471363067683,24.2,0.36063,64.87740632378343,9.550482392628798,0.79798085,18688.786800285943,-7.272339036063858,CHL_C,0
Chile,C,2022,28542632511.7,CHL,1.9203463665170188,2.228954170732899,22.7901897178525,14283.148950152385,24.2,0.39205,75.20161774253033,9.566835726300333,0.7662795,19403.21372028225,-7.293715418115301,CHL_C,0
Cameroon,C,2017,457862303.06999993,CMR,0,2.670432161562471,1.58466709279995,1444.9068291657331,79.2,NA,39.19902160526295,7.275800120381733,-0.9978375333333316,1557.0557220263918,-5.683771810309257,CMR_C,0
Cameroon,C,2018,727487817.64,CMR,0,2.670432161562471,1.59560948486525,1461.0196999931686,78.7,NA,40.58760287702803,7.286889895570243,-1.0668816166666648,1660.6591296600186,-6.082382663774575,CMR_C,0
Cameroon,C,2019,2377152681.74,CMR,0,2.734143110652236,1.57189487453881,1470.3178527618725,78.9,NA,43.37851324804155,7.293233882767851,-1.1173251499999968,1610.6982477703546,-7.2969909190093585,CMR_C,0
Cameroon,C,2020,2582238017.68,CMR,0,2.5277524880565583,2.75682417749367,1434.5191372340912,78.9,NA,33.73883136238705,7.268584976032392,-1.11337225,1882.1333152487234,-7.224005874950452,CMR_C,0
Cameroon,C,2021,2992620660.91,CMR,0,2.4865575373112585,2.23385126289217,1443.576002376632,79.2,NA,36.73083471885579,7.274878649172878,-1.1271902499999964,2060.960900293528,-7.2807324272276865,CMR_C,0
Cameroon,C,2022,3013340009.41,CMR,0,2.241928551263,2.12862474053,1458.661804316926,79.2,NA,41.28660255946786,7.285274722007397,-1.1334383166666664,2048.156890784578,-7.293864069156311,CMR_C,0
Colombia,C,2012,40972765928.97,COL,0,2.0585134098209066,8.61552491359116,5675.756179783048,29.6,0.22116,38.835151018668974,8.643959081011802,-0.3541133499999996,18328.402813873683,-7.712210956373558,COL_C,0
Colombia,C,2013,41807036993.039986,COL,1.585598864237056,2.177598593899638,9.83199406546913,5910.8059230116605,32,0.25761,37.98664879784566,8.684537467094968,-0.3581469666666647,21091.732806298685,-7.591938799883162,COL_C,0
Colombia,C,2014,40176557511.21,COL,1.0787860898410706,2.3764111618186483,10.7989878070274,6121.839820198248,32.1,0.30317,37.48746564111034,8.719617954543367,-0.29765713333333316,20880.660183667955,-7.562215577517396,COL_C,0
Colombia,C,2015,31273408377.710003,COL,0.6783145041327373,2.4865575373112585,11.7644668057911,6248.514905345122,31.1,0.36542,38.36076411844532,8.740099099350715,-0.24668411666666668,18767.362030706965,-7.418404143902688,COL_C,0
Colombia,C,2016,28919183824.34999,COL,0,2.537391793410016,12.4647515240681,6316.070677825417,30.5,0.27051,36.20265298420203,8.750852565595604,-0.23330571666666633,19769.357698127107,-7.288127306092269,COL_C,0
Colombia,C,2017,29690723110.01,COL,1.585598864237056,2.664817767470887,13.1537299039926,6309.677452925182,32.2,0.26109,35.2829149424588,8.749839837418161,-0.25266554999999985,20602.45553232691,-7.273179653509952,COL_C,0
Colombia,C,2018,31932858165.800007,COL,2.8051077713294736,2.6477829421965446,13.622877883522,6353.546428539201,30.4,0.31233,36.534752796897315,8.75676842867108,-0.2215884666666662,21030.447049004342,-7.325419548026369,COL_C,0
Colombia,C,2019,29362919020.530006,COL,2.0533381690418,2.7249076842222015,13.9253307862459,6439.9635981264655,31.5,0.32201,37.558533980838966,8.77027816661759,-0.23188079999999986,20282.591753550096,-7.277724930410646,COL_C,0
Colombia,C,2020,24999575529.12,COL,2.2757258047372404,2.5131170408306844,15.3363074463544,5891.955232154031,32,0.2894,34.05557096801009,8.681343179480681,-0.21337126666666634,21093.754515052136,-7.077637122751299,COL_C,0
Colombia,C,2021,31239556303.020004,COL,2.0533381690418,2.4747121915394006,16.4767904492313,6457.169218070858,29.7,0.2894,40.05914639361279,8.772946299201278,-0.26609799999999983,18802.65428369839,-7.415442355831187,COL_C,0
Colombia,C,2022,35054626619.76,COL,3.0625319085748495,2.195762075105264,17.007465545983,6856.725905053739,29.7,0.2894,48.28265511233591,8.832985333472989,-0.2297286499999998,18664.99158986089,-7.538013222532146,COL_C,0
Colombia,D_E,2012,11383129803.419998,COL,0,0.18842947600817259,8.61552491359116,5675.756179783048,29.6,0.22116,38.835151018668974,8.643959081011802,-0.3541133499999996,15324.943194899,-6.6104059214095905,COL_D_E,0
Colombia,D_E,2013,11646989388.34,COL,0.11134968664210926,0.2130219630444056,9.83199406546913,5910.8059230116605,32,0.25761,37.98664879784566,8.684537467094968,-0.3581469666666647,18990.2255536215,-6.4188786017473065,COL_D_E,0
Colombia,D_E,2014,11467164277.060001,COL,0.057223887399433127,0.2595176666748108,10.7989878070274,6121.839820198248,32.1,0.30317,37.48746564111034,8.719617954543367,-0.29765713333333316,19793.8738674659,-6.36187046081382,COL_D_E,0
Colombia,D_E,2015,8971903000.77,COL,0.029021209524969224,0.28843652888349725,11.7644668057911,6248.514905345122,31.1,0.36542,38.36076411844532,8.740099099350715,-0.24668411666666668,21852.035786615903,-6.017558996040574,COL_D_E,0
Colombia,D_E,2016,9041471051.79,COL,0,0.3025882757462982,12.4647515240681,6316.070677825417,30.5,0.27051,36.20265298420203,8.750852565595604,-0.23330571666666633,22794.6464849497,-5.983051462017439,COL_D_E,0
Colombia,D_E,2017,10092878675.01,COL,0.11134968664210926,0.34039443229177524,13.1537299039926,6309.677452925182,32.2,0.26109,35.2829149424588,8.749839837418161,-0.25266554999999985,16002.6860796277,-6.446828784333934,COL_D_E,0
Colombia,D_E,2018,11034934261.990002,COL,0.38603954976139865,0.3351429603006771,13.622877883522,6353.546428539201,30.4,0.31233,36.534752796897315,8.75676842867108,-0.2215884666666662,18155.4911038612,-6.409848306332725,COL_D_E,0
Colombia,D_E,2019,11007970152.509998,COL,0.18741273986038337,0.3594172714154152,13.9253307862459,6439.9635981264655,31.5,0.32201,37.558533980838966,8.77027816661759,-0.23188079999999986,19183.0469970255,-6.352347928651066,COL_D_E,0
Colombia,D_E,2020,10519116646.55,COL,0.23508623656194466,0.29576566022563017,15.3363074463544,5891.955232154031,32,0.2894,34.05557096801009,8.681343179480681,-0.21337126666666634,21939.144903463002,-6.172677034037423,COL_D_E,0
Colombia,D_E,2021,11970373022.300001,COL,0.18741273986038337,0.2852130649685562,16.4767904492313,6457.169218070858,29.7,0.2894,40.05914639361279,8.772946299201278,-0.26609799999999983,19052.9481949142,-6.442968110679511,COL_D_E,0
Colombia,D_E,2022,12921168385.17,COL,0.48142255604737333,0.21698025019661982,17.007465545983,6856.725905053739,29.7,0.2894,48.28265511233591,8.832985333472989,-0.2297286499999998,18933.3996208025,-6.525694667384949,COL_D_E,0
Costa Rica,C,2012,6554758865.37,CRI,0,2.0585134098209066,9.61836080870784,11001.51928565757,38.1,0.54713,67.04853929509761,9.30578865912121,0.6649787666666667,1691.553821447048,-8.262299081654035,CRI_C,0
Costa Rica,C,2013,6543279527.84,CRI,0.6783145041327373,2.184448619005555,10.2813377106354,11151.14378697677,37.8,0.54253,64.06641058794423,9.31929735341875,0.6572077833333334,1684.8518879729172,-8.264516115991983,CRI_C,0
Costa Rica,C,2014,6391733429.570001,CRI,0.6783145041327373,2.3782874887733327,10.8312169257784,11422.673579317625,37.6,0.55627,65.19124205323678,9.343355569585272,0.6735219,1687.3810539950605,-8.239583128058287,CRI_C,0
Costa Rica,C,2015,6551260426.630001,CRI,0.6783145041327373,2.4865575373112585,11.5950932724067,11714.710598073205,38.3,0.43665,60.75356193952099,9.368600647100541,0.6953436666666667,1711.4026679495223,-8.250099433734603,CRI_C,0
Costa Rica,C,2016,6829293326.8,CRI,0.6783145041327373,2.5357916812188424,13.131030668186,12084.435132563423,34.1,0.44335,62.17847817682954,9.399673550842317,0.69331505,1730.7490540683339,-8.28042218711888,CRI_C,0
Costa Rica,C,2017,7100953654.069999,CRI,0,2.670432161562471,15.1437857826005,12468.565453170932,33.3,0.42587,65.07195374388154,9.430965992214546,0.6538709,1843.41656547741,-8.256363692575619,CRI_C,0
Costa Rica,C,2018,7443187130.749999,CRI,0,2.670432161562471,16.8377298238862,12679.525364301557,33.1,0.37144,66.94534201663602,9.447743795453212,0.6689861500000001,1771.2632533350602,-8.3433614194181,CRI_C,0
Costa Rica,C,2019,7760039294.119999,CRI,0,2.734143110652236,18.0962978090241,12877.650101079042,33.4,0.35073,65.76053001766219,9.46324853744473,0.6837541500000001,1484.5318295214972,-8.561643220607401,CRI_C,0
Costa Rica,C,2020,7980926718.64,CRI,0,2.5277524880565583,19.7191477697087,12242.209890853288,36.4,0.33002,60.13988625095327,9.412645086408075,0.7133595500000001,1537.6349770343813,-8.554564307070374,CRI_C,0
Costa Rica,C,2021,8921314085.62,CRI,0.6783145041327373,2.484873911400643,20.9242986347003,13146.692791846468,34.2,0.27385,70.78164230270846,9.483925507255904,0.6962303666666667,1735.8606231302595,-8.54469520693961,CRI_C,0
Costa Rica,C,2022,9749545015.930002,CRI,0,2.241928551263,21.7575979999075,13686.161409082211,34.2,0.33789,82.22753253531432,9.524140485179725,0.7008714,1815.156186278021,-8.588804380810021,CRI_C,0
Cyprus,C,2012,1252541954.7699997,CYP,1.363962019132244,2.050740470207298,25.5626376173369,24285.49609375,8.6,0.43765,112.3442732972728,10.097634582561726,1.0641090666666666,986.3417107643833,-7.146682750997469,CYP_C,0
Cyprus,C,2013,1121305008.99,CYP,1.363962019132244,2.179887153212308,26.6505813953488,22711.71875,9.7,0.48485,120.92620063938908,10.030636314754542,0.9840634666666667,1299.499121568769,-6.760269573461442,CYP_C,0
Cyprus,C,2014,1124273309.8899999,CYP,2.0533381690418,2.366976351855928,28.3005343866171,22373.578125,9.5,0.51205,130.8443630793902,10.015635993637796,0.9033991,1661.2845309157535,-6.517301042227,CYP_C,0
Cyprus,C,2015,1009117981.2199999,CYP,0.6783145041327373,2.4865575373112585,30.1736513081732,23088.44140625,10.4,0.47529,137.27642647719287,10.047087399258219,0.8804279666666667,1487.6995197330716,-6.51960096202233,CYP_C,0
Cyprus,C,2016,1090521473.3700001,CYP,2.0533381690418,2.5261368647911433,32.0132199103345,24477.986328125,10.3,0.5197,139.02209845724812,10.10552947540487,0.89589495,1483.434295025547,-6.6000514074986,CYP_C,0
Cyprus,C,2017,1244397349.29,CYP,2.170701322122868,2.6591716739011875,33.6542226269064,25666.00390625,10.9,0.54259,148.01335555813526,10.152922589999907,0.9238227333333333,1541.1230100125965,-6.693895256960895,CYP_C,0
Cyprus,C,2018,1448429508.25,CYP,2.862167207143866,2.6463501875179958,35.2355650415637,26962.40625,12,0.61032,147.62356741005382,10.202198813639907,0.8378151333333334,1408.8475329687078,-6.9354631330108205,CYP_C,0
Cyprus,C,2019,1504482377.2199998,CYP,2.68018213567412,2.7155861690065777,36.1884973404255,28167.16015625,12,0.70269,150.50616956116215,10.245912044863912,0.9016352833333333,1370.6052565032871,-7.000951747275335,CYP_C,0
Cyprus,C,2020,1506194132.2800002,CYP,2.6113334375305657,2.506543003666782,36.3127392017496,26895.68359375,15,0.82581,160.66871645996954,10.19972109151577,0.7710480333333333,1494.164397564065,-6.915774186761608,CYP_C,0
Cyprus,C,2021,1679331846.22,CYP,2.45754310014947,2.4678798874376,36.6502473650247,29517.072265625,15.6,0.77686,176.82773681986995,10.292724095802214,0.7261719833333333,1539.9553614439671,-6.994397852776054,CYP_C,0
Cyprus,C,2022,1550652679.3799996,CYP,1.7669146875429325,2.231128291118639,36.7656727425982,31370.55078125,15.6,0.70468,205.75354374552353,10.35362485860949,0.71438715,1560.8502595004652,-6.901200493830064,CYP_C,0
Cyprus,D_E,2012,182848582.5,CYP,0.0846529425965782,0.18690398386639395,25.5626376173369,24285.49609375,8.6,0.43765,112.3442732972728,10.097634582561726,1.0641090666666666,3520.3045473702,-3.9501108873026918,CYP_D_E,0
Cyprus,D_E,2013,193672844.61999997,CYP,0.0846529425965782,0.21351760663251046,26.6505813953488,22711.71875,9.7,0.48485,120.92620063938908,10.030636314754542,0.9840634666666667,2805.5238083496,-4.234580105120824,CYP_D_E,0
Cyprus,D_E,2014,185978201.96,CYP,0.18741273986038337,0.2571486472285271,28.3005343866171,22373.578125,9.5,0.51205,130.8443630793902,10.015635993637796,0.9033991,2912.4244934921226,-4.156643579507519,CYP_D_E,0
Cyprus,D_E,2016,491063413.4,CYP,0.18741273986038337,0.29941018026426564,32.0132199103345,24477.986328125,10.3,0.5197,139.02209845724812,10.10552947540487,0.89589495,3260.8790956352,-5.014576450718324,CYP_D_E,0
Cyprus,D_E,2017,490622521.7700001,CYP,0.21153355659783168,0.33864700405533493,33.6542226269064,25666.00390625,10.9,0.54259,148.01335555813526,10.152922589999907,0.9238227333333333,3264.7075891021,-5.012504837870423,CYP_D_E,0
Cyprus,D_E,2018,500699715.27,CYP,0.4058578851786992,0.3347040902496915,35.2355650415637,26962.40625,12,0.61032,147.62356741005382,10.202198813639907,0.8378151333333334,3303.9804113959,-5.020878623784978,CYP_D_E,0
Cyprus,D_E,2019,513685579.82,CYP,0.345184174664469,0.35641501169854073,36.1884973404255,28167.16015625,12,0.70269,150.50616956116215,10.245912044863912,0.9016352833333333,3251.1094079445,-5.062615071486883,CYP_D_E,0
Cyprus,D_E,2020,464165865.23,CYP,0.32411300938675774,0.2939384071264332,36.3127392017496,26895.68359375,15,0.82581,160.66871645996954,10.19972109151577,0.7710480333333333,3008.5891340984,-5.038770713856677,CYP_D_E,0
Cyprus,D_E,2021,510618644.26,CYP,0.2805900167561808,0.28336640960011916,36.6502473650247,29517.072265625,15.6,0.77686,176.82773681986995,10.292724095802214,0.7261719833333333,3342.8768156648784,-5.028791260236182,CYP_D_E,0
Cyprus,D_E,2022,528541822.86,CYP,0.1373522078753459,0.2248501282292937,36.7656727425982,31370.55078125,15.6,0.70468,205.75354374552353,10.35362485860949,0.71438715,3342.8768156648784,-5.063290178883952,CYP_D_E,0
Ecuador,C,2012,11376861701.800001,ECU,0,2.0585134098209066,5.41801624099982,5579.8562428215755,13.2,0.33308,67.0029290916898,8.626918292108286,-0.6636433333333328,5333.778350211402,-7.665277025764294,ECU_C,0
Ecuador,C,2013,9598001603.800001,ECU,0,2.186721572941767,6.69604876989672,5893.321726830364,11.8,0.37423,63.43330033424136,8.681575078092349,-0.5358339499999997,5796.735307089385,-7.412015308526494,ECU_C,0
Ecuador,C,2014,9008347808,ECU,0.6783145041327373,2.3782874887733327,8.22960271464069,6055.041727614853,12.2,0.43839,61.426376621756496,8.708646547394471,-0.4952739166666663,5929.323390912842,-7.325996853486871,ECU_C,0
Ecuador,C,2015,8159977964,ECU,0,2.4882383333893796,9.14528109625927,5976.159680565097,13.1,0.43839,47.82803970778264,8.695533446764424,-0.5895230166666665,5196.685676119847,-7.358975695060475,ECU_C,0
Ecuador,C,2016,6263674646,ECU,0,2.537391793410016,9.75202935279733,5849.135879336722,14.8,0.43839,40.53449179966469,8.674049216381379,-0.548500533333333,4310.030260549642,-7.281577370927746,ECU_C,0
Ecuador,C,2017,6174634123,ECU,0,2.670432161562471,10.6125181754918,6104.272535217513,17,0.43839,43.6177233172817,8.716744220594295,-0.5319221833333329,4343.902526793642,-7.259431764608246,ECU_C,0
Ecuador,C,2018,6065557763,ECU,0,2.670432161562471,11.4584100093686,6063.095617877599,16.3,0.43839,48.00934761548355,8.709975776667743,-0.44188039999999984,5309.298008542692,-7.040922156637256,ECU_C,0
Ecuador,C,2019,5614648179,ECU,0,2.734143110652236,12.0672172196331,5971.389383867231,17.7,0.43839,48.082849493330734,8.69473490692573,-0.40907424999999964,5033.759334480203,-7.016967120302307,ECU_C,0
Ecuador,C,2020,4045967141,ECU,1.0787860898410706,2.524518627062635,13.5146940353863,5355.689341964435,20.2,0.43839,43.9893109378389,8.585914703255185,-0.4126600166666665,4672.693307563423,-6.763740265513341,ECU_C,0
Ecuador,C,2021,7283996185,ECU,0.6783145041327373,2.484873911400643,14.0284374555704,5815.094773909489,18.9,0.43839,53.26127561057301,8.66821236299871,-0.33395176666666665,5497.408130177671,-7.189158184989589,ECU_C,0
Ecuador,C,2022,7608574009,ECU,0,2.241928551263,15.1128846850944,6107.494950065426,18.9,0.43839,61.88079281878595,8.717271976290036,-0.33917311666666666,5755.899106710102,-7.186805788957273,ECU_C,0
Ecuador,D_E,2016,1532240383,ECU,0,0.3025882757462982,9.75202935279733,5849.135879336722,14.8,0.43839,40.53449179966469,8.674049216381379,-0.548500533333333,9340.3122514282,-5.100146562642861,ECU_D_E,0
Ecuador,D_E,2017,1899992221,ECU,0,0.3421388123484751,10.6125181754918,6104.272535217513,17,0.43839,43.6177233172817,8.716744220594295,-0.5319221833333329,6899.6195964577,-5.6181387918003365,ECU_D_E,0
Ecuador,D_E,2018,2154230664,ECU,0,0.3421388123484751,11.4584100093686,6063.095617877599,16.3,0.43839,48.00934761548355,8.709975776667743,-0.44188039999999984,7575.8945125939,-5.650217506439176,ECU_D_E,0
Ecuador,D_E,2019,3062475282,ECU,0,0.36241054454222965,12.0672172196331,5971.389383867231,17.7,0.43839,48.082849493330734,8.69473490692573,-0.40907424999999964,6911.8258586975,-6.093744946506539,ECU_D_E,0
Ecuador,D_E,2020,2494934705,ECU,0.057223887399433127,0.2989553409860365,13.5146940353863,5355.689341964435,20.2,0.43839,43.9893109378389,8.585914703255185,-0.4126600166666665,6106.9190093323,-6.012595445289451,ECU_D_E,0
Ecuador,D_E,2021,2890978216,ECU,0.029021209524969224,0.2879766697169065,14.0284374555704,5815.094773909489,18.9,0.43839,53.26127561057301,8.66821236299871,-0.33395176666666665,7306.5889782058,-5.980573666068645,ECU_D_E,0
Ecuador,D_E,2022,2215901641,ECU,0,0.22729681752362504,15.1128846850944,6107.494950065426,18.9,0.43839,61.88079281878595,8.717271976290036,-0.33917311666666666,7839.7756310383,-5.644204445588983,ECU_D_E,0
Egypt,C,2012,27987343747.379997,EGY,1.9203463665170188,2.0429066383829904,2.45679305227732,3220.991942030666,5.3,0.50899,40.71176927210844,8.077444647630045,-0.7451171499999983,64329.778977072056,-6.075485028298892,EGY_C,0
Egypt,C,2013,28672375178.76,EGY,1.363962019132244,2.179887153212308,2.80726241263661,3216.378390262898,5.3,0.63895,40.37303805633197,8.076011282041456,-0.959503883333333,63880.05704392013,-6.106682184553741,EGY_C,0
Egypt,C,2014,32235194682.270012,EGY,1.363962019132244,2.3745313076418646,3.14561708192958,3235.662462352572,5.4,0.63649,36.92018779342723,8.081988965677631,-0.9196378833333329,60660.77435713087,-6.275516869484781,EGY_C,0
Egypt,C,2015,26006095621.789993,EGY,1.363962019132244,2.483187446112699,3.84187963570353,3306.9815941414076,5.3,0.71858,34.84594296002291,8.103791147239484,-0.9091207333333317,60256.09419898332,-6.0674825207307,EGY_C,0
Egypt,C,2016,15043193583.979996,EGY,0,2.537391793410016,4.39685382563749,3381.2224630620676,5.1,0.70848,30.246549051450504,8.125992598550411,-0.8968763833333331,65464.35120462848,-5.4371751762613565,EGY_C,0
Egypt,C,2017,30206503794.230003,EGY,0,2.670432161562471,5.04732016956055,3452.909612455395,4.9,0.64486,42.832134358160786,8.146972520521286,-0.8498316666666647,79638.13880484288,-5.93831942878374,EGY_C,0
Egypt,C,2018,73178212265.36,EGY,0,2.670432161562471,6.26825297386708,3568.639662861614,5,0.68839,45.911019673395906,8.179939755339424,-0.8586157499999978,88847.46356033796,-6.713732002238286,EGY_C,0
Egypt,C,2019,99162532463.07,EGY,0.6783145041327373,2.732828974573085,7.04130696004296,3701.244634518797,6.2,0.79617,41.12401715511079,8.216424429774438,-0.8318691666666644,64916.1759826408,-7.331418687604091,EGY_C,0
Egypt,C,2020,46895852022.18,EGY,0.6783145041327373,2.5261368647911433,8.5396308016812,3770.869478674215,6.7,0.91564,32.12625556675226,8.235060884798896,-0.859276783333333,62045.28100544273,-6.627820050224218,EGY_C,0
Egypt,C,2021,58891534353.04999,EGY,0.6783145041327373,2.484873911400643,9.76582299335252,3837.3199232444736,6.1,0.91175,29.856973480812233,8.252529465255515,-0.8543066333333315,71320.305278678,-6.716271556765909,EGY_C,0
Egypt,D_E,2016,26432.86,EGY,0,0.3025882757462982,4.39685382563749,3381.2224630620676,5.1,0.70848,30.246549051450504,8.125992598550411,-0.8968763833333331,99181.600364062,8.230099862739511,EGY_D_E,0
Egypt,D_E,2017,19121766,EGY,0,0.3421388123484751,5.04732016956055,3452.909612455395,4.9,0.64486,42.832134358160786,8.146972520521286,-0.8498316666666647,106144.03274384701,1.7139697038750388,EGY_D_E,0
Egypt,D_E,2019,280766344.3,EGY,0.029021209524969224,0.3619834822567886,7.04130696004296,3701.244634518797,6.2,0.79617,41.12401715511079,8.216424429774438,-0.8318691666666644,91183.078318652,-1.1246534733737066,EGY_D_E,0
Egypt,D_E,2020,40432007.44,EGY,0.029021209524969224,0.29941018026426564,8.5396308016812,3770.869478674215,6.7,0.91564,32.12625556675226,8.235060884798896,-0.859276783333333,88405.307882886,0.7823102771065987,EGY_D_E,0
Georgia,C,2012,985625868.2700002,GEO,0,2.0585134098209066,12.0611334421058,3609.780798625996,28.7,0.0771,89.73488009463382,8.19140232888114,0.24675556666666668,2510.7462403733944,-5.972696822771915,GEO_C,0
Georgia,C,2013,1007906213.3400002,GEO,0,2.186721572941767,13.5708594493486,3806.5060064905138,32.4,0.0771,93.81391378955315,8.244466988701285,0.2972041166666668,3386.162981052244,-5.695932985627023,GEO_C,0
Georgia,C,2014,1039403239.69,GEO,0,2.3801603017175794,15.8407410024372,3960.3508009190073,30.7,0.16991,94.95069793833932,8.28408788641567,0.4536033666666667,3349.8883636803707,-5.737474998447032,GEO_C,0
Georgia,C,2015,901194002.49,GEO,0,2.4882383333893796,16.7646515047976,4086.622346596499,27.5,0.29397,97.01631150862568,8.315474075721646,0.427185,3443.2893112120087,-5.567293343867579,GEO_C,0
Georgia,C,2016,872251275.5,GEO,0,2.537391793410016,17.9595929069632,4225.091549048057,27.2,0.28025,94.92625283834433,8.348796207970258,0.4885016833333333,3282.8249703870074,-5.582373219201866,GEO_C,0
Georgia,C,2017,1032056446.9699999,GEO,0.6783145041327373,2.6690315154066164,20.4644306577176,4442.50744127374,27.5,0.26645,102.58427769714562,8.398974235046817,0.45531221666666666,3671.7697971783464,-5.638634861829233,GEO_C,0
Georgia,C,2018,1111271329.5000002,GEO,0.6783145041327373,2.6690315154066164,22.5911406351247,4713.653548453031,27.4,0.27573,109.84774055626568,8.45821858661897,0.4177751,3857.2130008834824,-5.663315078596741,GEO_C,0
Georgia,C,2019,1054684446.6899998,GEO,0,2.734143110652236,24.6806060596483,4975.811481948139,24.7,0.28197,117.81008023971364,8.51234374824076,0.41112051666666666,3921.989930904038,-5.5943977380727405,GEO_C,0
Georgia,C,2020,996182748.4100003,GEO,0,2.5277524880565583,25.5120429077493,4659.609253182341,23.4,0.29765,92.89108417521943,8.446686872355555,0.35956051666666666,3615.7603747374446,-5.618628550807298,GEO_C,0
Georgia,C,2021,1324320189.1799998,GEO,0,2.4865575373112585,26.6463786914494,5175.198651858251,25.2,0.24875,101.60090754890984,8.551633004229327,0.3451324333333333,3832.6234851891077,-5.8451049902109276,GEO_C,0
Georgia,C,2022,1802932720.6799996,GEO,0,2.241928551263,28.3337075311796,5736.304495785975,25.2,0.2347,114.69543768871809,8.654570465909892,0.3212691333333335,3778.9244666567793,-6.167730470785175,GEO_C,0
Georgia,D_E,2015,340419381.48,GEO,0,0.28889617667683326,16.7646515047976,4086.622346596499,27.5,0.29397,97.01631150862568,8.315474075721646,0.427185,1262.7800823184841,-5.596862627502287,GEO_D_E,0
Georgia,D_E,2016,438031456.97,GEO,0,0.3025882757462982,17.9595929069632,4225.091549048057,27.2,0.28025,94.92625283834433,8.348796207970258,0.4885016833333333,1063.8402200957667,-6.020405516803733,GEO_D_E,0
Georgia,D_E,2017,427611890.93,GEO,0.029021209524969224,0.3417030025196472,20.4644306577176,4442.50744127374,27.5,0.26645,102.58427769714562,8.398974235046817,0.45531221666666666,1095.9852172257808,-5.966562286798076,GEO_D_E,0
Georgia,D_E,2018,487203993.83000004,GEO,0.029021209524969224,0.3417030025196472,22.5911406351247,4713.653548453031,27.4,0.27573,109.84774055626568,8.45821858661897,0.4177751,1012.1040219793484,-6.1766515597784695,GEO_D_E,0
Georgia,D_E,2019,436734447.65999997,GEO,0,0.36241054454222965,24.6806060596483,4975.811481948139,24.7,0.28197,117.81008023971364,8.51234374824076,0.41112051666666666,1346.3402100010373,-5.78193538352918,GEO_D_E,0
Georgia,D_E,2020,365965190.93,GEO,0,0.29986481275777627,25.5120429077493,4659.609253182341,23.4,0.29765,92.89108417521943,8.446686872355555,0.35956051666666666,1222.4716355125177,-5.701663482066831,GEO_D_E,0
Georgia,D_E,2021,646906807.21,GEO,0,0.28843652888349725,26.6463786914494,5175.198651858251,25.2,0.24875,101.60090754890984,8.551633004229327,0.3451324333333333,1344.5910943219017,-6.1761122980719785,GEO_D_E,0
Georgia,D_E,2022,812346341.12,GEO,0,0.22729681752362504,28.3337075311796,5736.304495785975,25.2,0.2347,114.69543768871809,8.654570465909892,0.3212691333333335,1344.5767454744962,-6.40384750154739,GEO_D_E,0
Indonesia,C,2012,117900731725.18,IDN,0.6783145041327373,2.0559291373172575,1.18045801810675,2930.5184453229954,30.1,0.0847,49.5828982992627,7.98293463015465,-0.3602454333333328,155481.15005347016,-6.63107379007637,IDN_C,1
Indonesia,C,2013,136362979074.03998,IDN,0,2.186721572941767,1.27096683417948,3055.2424600646877,30.6,0.0847,48.637372675289285,8.024614233453086,-0.3310805833333332,116335.34802943893,-7.066598621449755,IDN_C,1
Indonesia,C,2014,137773400237.56,IDN,1.0787860898410706,2.3764111618186483,1.31336301010966,3170.7210301142886,29.3,0.13825,48.08017558552271,8.061714295302249,-0.18619833333333316,126453.79286433339,-6.993488619631807,IDN_C,1
Indonesia,C,2015,141439862543.93,IDN,0,2.4882383333893796,1.52139473860752,3288.222697255384,26.6,0.1918,41.93764024152938,8.098102484191292,-0.25985423333333335,139433.29940436644,-6.9220435595926,IDN_C,1
Indonesia,C,2016,165732177799.16,IDN,0.6783145041327373,2.5357916812188424,1.9753784545485,3416.810051709715,27.8,0.24535,37.421341802331824,8.136462661371946,-0.16800221666666634,127235.56974143835,-7.172088129529507,IDN_C,1
Indonesia,C,2017,215784078575.74002,IDN,0.6783145041327373,2.6690315154066164,2.32504234259027,3553.519992623214,25.2,0.23805,39.355497070460586,8.175693938429037,-0.15934898333333333,143727.1175732441,-7.314117065565894,IDN_C,1
Indonesia,C,2018,216249499637.88,IDN,1.0787860898410706,2.667628904689131,3.28729591276809,3701.3215546191177,22,0.22632,43.07430895520015,8.21644521178391,-0.10865413333333318,160932.6152636888,-7.20320237234035,IDN_C,1
Indonesia,C,2019,222363779451.76,IDN,0,2.734143110652236,3.77422560918071,3850.903217389789,19.8,0.27129,37.62777753571081,8.25606300168653,-0.1105058166666665,197544.8274672979,-7.02610443281342,IDN_C,1
Indonesia,C,2020,194824365363.03,IDN,0,2.5277524880565583,3.92993769121646,3739.4490656316098,21.9,0.28068,32.97217540024274,8.226693570902942,-0.08164486666666651,178382.3100392466,-6.99592468497802,IDN_C,1
Indonesia,C,2021,215270198459.91,IDN,0,2.4865575373112585,4.4874632789818,3850.688772539029,20.2,0.28068,40.20475827496714,8.256007313238973,-0.11605978333333317,178957.3661704993,-7.092501655446193,IDN_C,1
Indonesia,C,2022,224554635886.82,IDN,0.6783145041327373,2.2397778107305504,4.82151507878823,4024.912252883909,20.2,0.28068,45.46467019594532,8.300258389089292,-0.12032726666666667,228009.078596723,-6.892488876966271,IDN_C,1
India,C,2012,176580710617.63,IND,4.732544538142479,1.7027115233028154,1.17169600055105,1333.0962655766764,34.8,0.74399,55.793721728751144,7.195259534807986,-0.32992161666666503,593522.7068984128,-5.69545786216126,IND_C,0
India,C,2013,169430431604.29,IND,4.6977675989190795,1.893314147178696,1.15197793176359,1399.4537980287023,34.9,0.70642,53.844131946677734,7.243837295212063,-0.314404866666665,636029.8969101856,-5.584952118583209,IND_C,0
India,C,2014,179085975650.6,IND,5.057894922778062,2.021711339105247,1.20020374567342,1484.3164068291328,33.9,0.70158,48.922185747066905,7.302709613149857,-0.2544588499999995,658051.6441284633,-5.606337865644909,IND_C,0
India,C,2015,186622902651.22998,IND,5.354745548820519,2.0350109527666045,1.27578595315943,1583.998159079848,33.4,0.6931,41.92291386586472,7.36770741017663,-0.14673686666666663,668175.2716309467,-5.632294774671421,IND_C,0
India,C,2016,192724624896.45004,IND,5.24326645751476,2.1660765692624393,1.38795276378032,1694.4653497382467,33,0.66984,40.08248571327602,7.435122542173672,-0.11276856666666665,701884.0774336942,-5.615249376481403,IND_C,0
India,C,2017,212431810609.98,IND,5.377419137438345,2.2983160608318483,1.31327377028949,1788.6977031844576,32.5,0.66603,40.74249695452253,7.4892430939286365,-0.07402014999999969,743042.9053090586,-5.6556225355105205,IND_C,0
India,C,2018,210657782023.30002,IND,5.3455301821791705,2.312430441560795,1.3217822859385,1883.357727050616,32.9,0.66001,43.61696933238889,7.540811487804751,-0.05283725,759285.9163934919,-5.6256118017293515,IND_C,0
India,C,2019,196854258479.60995,IND,5.425562086529792,2.3688704485391825,1.37913181839908,1936.0306774106673,33.5,0.65942,39.90540353064419,7.568395113480952,-0.051818333333333175,746965.8330190199,-5.574199484101177,IND_C,0
India,C,2020,204266853485.58002,IND,5.168775962769835,2.184448619005555,1.63622632751685,1806.5011058387809,36.1,0.64558,37.75810532927675,7.499147162731864,-0.136782133333333,682618.4200253272,-5.70124650212069,IND_C,0
India,C,2021,262984114725.14996,IND,4.860688543405967,2.2354624026691323,1.9487996093033,1965.3094343750604,34.9,0.64558,45.423088784044594,7.583404984870203,-0.18534068333333314,762193.5104439943,-5.843648434890605,IND_C,0
India,C,2022,265189862950.34995,IND,4.741053030794911,1.9524231727612589,2.35231555917724,2098.2112447615036,34.9,0.64558,50.0752701498882,7.648840472524996,-0.16719159999999997,797297.98055582,-5.806972825742529,IND_C,0
India,D_E,2012,5894953541.01,IND,1.4851857761721692,0.12768032303374874,1.17169600055105,1333.0962655766764,34.8,0.74399,55.793721728751144,7.195259534807986,-0.32992161666666503,989113.8389884561,-1.7850425017127711,IND_D_E,0
India,D_E,2013,6559115041.85,IND,1.4581497914941828,0.15799246036142006,1.15197793176359,1399.4537980287023,34.9,0.70642,53.844131946677734,7.243837295212063,-0.314404866666665,1006036.145923623,-1.8748376903252295,IND_D_E,0
India,D_E,2014,7622541697.53,IND,1.747611630499497,0.18129051805185592,1.20020374567342,1484.3164068291328,33.9,0.70158,48.922185747066905,7.302709613149857,-0.2544588499999995,1123432.96670152,-1.9147207240312933,IND_D_E,0
India,D_E,2015,8149246420.34,IND,2.0001108124879603,0.18384600040370375,1.27578595315943,1583.998159079848,33.4,0.6931,41.92291386586472,7.36770741017663,-0.14673686666666663,1103116.471449917,-1.9997861293696644,IND_D_E,0
India,D_E,2016,9354724627.22,IND,1.9039874139397814,0.210540053454842,1.38795276378032,1694.4653497382467,33,0.66984,40.08248571327602,7.435122542173672,-0.11276856666666665,1096320.041481871,-2.1439223688487656,IND_D_E,0
India,D_E,2017,10719755243,IND,2.0198384327417602,0.24040648151730776,1.31327377028949,1788.6977031844576,32.5,0.66603,40.74249695452253,7.4892430939286365,-0.07402014999999969,1154897.631515564,-2.2280766142489377,IND_D_E,0
India,D_E,2018,11940671299.89,IND,1.9921094888286044,0.24377741377384252,1.3217822859385,1883.357727050616,32.9,0.66001,43.61696933238889,7.540811487804751,-0.05283725,1255823.600830566,-2.2521587161713095,IND_D_E,0
India,D_E,2019,12903846933.78,IND,2.061916088770633,0.2576229003107716,1.37913181839908,1936.0306774106673,33.5,0.65942,39.90540353064419,7.568395113480952,-0.051818333333333175,1228075.840386193,-2.35207689174215,IND_D_E,0
India,D_E,2020,13071619796.75,IND,1.840606313758801,0.21450815742926843,1.63622632751685,1806.5011058387809,36.1,0.64558,37.75810532927675,7.499147162731864,-0.136782133333333,1115353.8089541008,-2.461271780353546,IND_D_E,0
India,D_E,2021,15470801461.989998,IND,1.5865639951725736,0.2258295224186616,1.9487996093033,1965.3094343750604,34.9,0.64558,45.423088784044594,7.583404984870203,-0.18534068333333314,1226118.013040579,-2.5351013792617563,IND_D_E,0
India,D_E,2022,16163274163.18,IND,1.4918320864231276,0.16841422131306857,2.35231555917724,2098.2112447615036,34.9,0.64558,50.0752701498882,7.648840472524996,-0.16719159999999997,1317530.448694461,-2.5069825295483055,IND_D_E,0
Iran (Islamic Republic of),C,2015,48770689922.62999,IRN,0,2.4882383333893796,7.99892645019457,4952.733555321775,0.9,0.39383,39.42258866117996,8.507694936536325,-0.8523371499999998,135701.42712372626,-5.884427711518382,IRN_C,0
Iran (Islamic Republic of),C,2016,56749269183.810005,IRN,0,2.537391793410016,9.07810254131414,5312.6172495419205,1,0.57683,39.8772417738866,8.57783988349113,-0.8052939166666631,142558.70918905924,-5.986644148270862,IRN_C,0
Iran (Islamic Republic of),C,2017,65194223853.50001,IRN,0.6783145041327373,2.6690315154066164,10.1144035205672,5395.239839859798,1,0.75983,43.15569313839062,8.593272332655868,-0.8121985166666646,149351.06270448203,-6.078826492619008,IRN_C,0
Iran (Islamic Republic of),C,2018,76319402055.54001,IRN,1.585598864237056,2.664817767470887,11.3875742908004,5127.224953670179,1,0.77406,56.61534961428295,8.542319847097774,-0.9639888166666667,153437.3341124511,-6.209390234542026,IRN_C,0
Iran (Islamic Republic of),C,2019,110735721065.15,IRN,1.0787860898410706,2.7315131092676115,9.90926903532027,4952.456690810781,1,0.78829,48.59177121370379,8.507639033619936,-1.07725843333333,154758.36327813068,-6.573036796256043,IRN_C,0
Iran (Islamic Republic of),C,2020,215642680872.43,IRN,0.6783145041327373,2.5261368647911433,10.9026671467968,5132.824307621181,0.9,0.7574700000000001,43.88446749050129,8.543411333963832,-1.1485109999999983,159380.7092913138,-7.210082323379655,IRN_C,0
Iran (Islamic Republic of),C,2021,381437433272.32996,IRN,1.363962019132244,2.481498131854221,12.068102546673,5300.622719618949,0.9,0.72665,42.672379536261005,8.575579586906029,-1.1485728999999967,157062.87333107882,-7.795055922089769,IRN_C,0
Jordan,C,2012,5833107042.25,JOR,0,2.0585134098209066,3.95794086483593,4677.4761397719185,2.9,NA,117.85558768518946,8.450513957070973,-0.0992739333333332,3971.394934445346,-7.292187675872462,JOR_C,0
Jordan,C,2013,6031150704.22,JOR,0,2.186721572941767,4.10898208403129,4556.52023716712,3.1,NA,111.45152799762823,8.424314505310521,-0.13795606666666665,3631.1368944448136,-7.415147308099086,JOR_C,0
Jordan,C,2014,6764297183.100001,JOR,0,2.3801603017175794,4.00130350068417,4282.118728492385,3.1,NA,109.93880553502171,8.362203196110489,-0.09830650000000002,4151.537227733654,-7.395934963075941,JOR_C,0
Jordan,C,2015,7457107042.240002,JOR,0,2.4882383333893796,3.24499522197016,4042.756780975546,3.2,NA,95.35791222667908,8.304682109774202,-0.049653866666666636,3709.239781838752,-7.606095876972417,JOR_C,0
Jordan,C,2016,7919574647.89,JOR,0.6783145041327373,2.5357916812188424,2.97134814263758,3933.14704611068,4.7,0.69547,88.72071789546874,8.27719515950577,-0.045940666666666345,4220.18241214356,-7.537214424551598,JOR_C,0
Jordan,C,2017,8593138028.18,JOR,0.6783145041327373,2.6690315154066164,3.24328385947311,3940.701991811448,5.3,NA,89.7316005071358,8.27911415693202,-0.04021869999999968,3786.0701958462273,-7.727390666532071,JOR_C,0
Jordan,C,2018,8473664788.71,JOR,0,2.670432161562471,3.81938742759006,3928.770268212053,7.2,NA,87.63591519068568,8.276081747045222,-0.09454669999999982,3873.0133534728106,-7.690685524418243,JOR_C,0
Jordan,C,2019,5869467605.629999,JOR,0,2.734143110652236,4.28692534434619,3919.064269160728,8.5,NA,85.68783349642038,8.27360819744274,-0.08810173333333335,3067.612383592863,-7.5566196774013035,JOR_C,0
Jordan,C,2020,5279047887.32,JOR,0,2.5277524880565583,5.80332966781737,3806.879493549135,10.7,NA,66.05994880890592,8.244565101967432,-0.07367816666666652,2883.0150069331994,-7.512664412107496,JOR_C,0
Jordan,C,2021,5123666197.18,JOR,0,2.4865575373112585,6.45876564968631,3874.327140846328,11.5,NA,80.3328699444404,8.262127285638176,-0.12182744999999984,3920.8179842069726,-7.175325214451339,JOR_C,0
Jordan,D_E,2013,2264788.73,JOR,0,0.21500306512388162,4.10898208403129,4556.52023716712,3.1,NA,111.45152799762823,8.424314505310521,-0.13795606666666665,11556.50101972993,1.6297666588269137,JOR_D_E,0
Jordan,D_E,2014,1574647.89,JOR,0,0.26046370525289664,4.00130350068417,4282.118728492385,3.1,NA,109.93880553502171,8.362203196110489,-0.09830650000000002,12554.977836914091,2.076085541949201,JOR_D_E,0
Jordan,D_E,2015,693507042.25,JOR,0,0.28889617667683326,3.24499522197016,4042.756780975546,3.2,NA,95.35791222667908,8.304682109774202,-0.049653866666666636,11738.214270410059,-4.078911697961726,JOR_D_E,0
Jordan,D_E,2016,1287649295.7800002,JOR,0.029021209524969224,0.3021348800233772,2.97134814263758,3933.14704611068,4.7,0.69547,88.72071789546874,8.27719515950577,-0.045940666666666345,10233.34119929804,-4.834922449116881,JOR_D_E,0
Jordan,D_E,2017,1001843661.97,JOR,0.029021209524969224,0.3417030025196472,3.24328385947311,3940.701991811448,5.3,NA,89.7316005071358,8.27911415693202,-0.04021869999999968,10504.718587289712,-4.557772698009397,JOR_D_E,0
Jordan,D_E,2018,1352669014.0799997,JOR,0,0.3421388123484751,3.81938742759006,3928.770268212053,7.2,NA,87.63591519068568,8.276081747045222,-0.09454669999999982,9526.22170292822,-4.9557867915504765,JOR_D_E,0
Jordan,D_E,2019,1226559154.92,JOR,0,0.36241054454222965,4.28692534434619,3919.064269160728,8.5,NA,85.68783349642038,8.27360819744274,-0.08810173333333335,9111.67547786604,-4.902411482505849,JOR_D_E,0
Jordan,D_E,2020,935701408.45,JOR,0,0.29986481275777627,5.80332966781737,3806.879493549135,10.7,NA,66.05994880890592,8.244565101967432,-0.07367816666666652,8665.3808464599,-4.681960543041102,JOR_D_E,0
Jordan,D_E,2021,753805633.81,JOR,0,0.28843652888349725,6.45876564968631,3874.327140846328,11.5,NA,80.3328699444404,8.262127285638176,-0.12182744999999984,8968.666604937911,-4.43139754017159,JOR_D_E,0
Kazakhstan,C,2012,23047904046.88,KAZ,0,2.0585134098209066,9.46082267148947,9531.914776170575,1.3,0.16525,73.72373248916709,9.162400897365673,-0.6320341333333331,73206.74933150895,-5.752042492870202,KAZ_C,0
Kazakhstan,C,2013,25166027990.120003,KAZ,0,2.186721572941767,11.1572510287072,9959.72586930534,1.2,0.17132,65.40760932995377,9.20630482703776,-0.6635597499999999,81861.75221540005,-5.728218392510129,KAZ_C,0
Kazakhstan,C,2014,22846202823.34,KAZ,0.6783145041327373,2.3782874887733327,12.0563854922617,10226.710053968292,1.3,0.16722,64.9720346513507,9.23275820936943,-0.4122532666666665,60208.37362829935,-5.938728764646247,KAZ_C,0
Kazakhstan,C,2015,18946663181.549995,KAZ,0,2.4882383333893796,12.7238359694604,10196.122625598213,1.7,0.16951,53.04972880726522,9.229762792257562,-0.36088818333333317,51919.21373321462,-5.899694181131497,KAZ_C,0
Kazakhstan,C,2016,15553825695.589998,KAZ,0.6783145041327373,2.5357916812188424,12.7965104881396,10151.423313301964,2.1,0.14179,60.31159658641528,9.225369202550443,-0.4086589166666663,50685.68771634439,-5.726418335606374,KAZ_C,0
Kazakhstan,C,2017,18815954700.809998,KAZ,0.6783145041327373,2.6690315154066164,13.8114386119057,10404.271864631695,2,0.12667,56.82538793597095,9.24997175700681,-0.3452656333333334,50465.815854409186,-5.921164249915327,KAZ_C,0
Kazakhstan,C,2018,20496090022.56,KAZ,0.6783145041327373,2.6690315154066164,13.0002402717791,10670.21201482792,1.9,0.11683,63.52795651181881,9.275211214279075,-0.30587444999999996,45218.685936219954,-6.116479009250086,KAZ_C,0
Kazakhstan,C,2019,20830621622.449997,KAZ,0.6783145041327373,2.732828974573085,13.0799490149564,10989.684071838816,1.9,0.11841,64.85861655175647,9.304712300109019,-0.27169154999999967,40945.41508100091,-6.23193953626542,KAZ_C,0
Kazakhstan,C,2020,22364796735.990005,KAZ,0.6783145041327373,2.5261368647911433,13.4502836627046,10565.035981623536,1.8,0.12602,57.026442366093136,9.265305335782505,-0.2943902666666666,43020.737917421284,-6.253561150754079,KAZ_C,0
Kazakhstan,C,2021,26824524155.790005,KAZ,0,2.4865575373112585,13.946795830528,10873.391527527603,2,0.13023,58.66860857792066,9.294073939503082,-0.2991750333333333,44484.527347934905,-6.401930399843902,KAZ_C,0
Kazakhstan,C,2022,30278771619.379997,KAZ,0,2.241928551263,14.4739535470844,11058.348241340698,2,0.11715,68.33431474156123,9.310940918655643,-0.33223228333333316,46755.18747708226,-6.473276927681343,KAZ_C,0
Kazakhstan,D_E,2016,2609571545.49,KAZ,0.029021209524969224,0.3021348800233772,12.7965104881396,10151.423313301964,2.1,0.14179,60.31159658641528,9.225369202550443,-0.4086589166666663,105891.020536967,-3.2045308709205615,KAZ_D_E,0
Kazakhstan,D_E,2017,3140226332.54,KAZ,0.029021209524969224,0.3417030025196472,13.8114386119057,10404.271864631695,2,0.12667,56.82538793597095,9.24997175700681,-0.3452656333333334,115739.85580656999,-3.3007051064256734,KAZ_D_E,0
Kazakhstan,D_E,2018,3340555684.9599996,KAZ,0.029021209524969224,0.3417030025196472,13.0002402717791,10670.21201482792,1.9,0.11683,63.52795651181881,9.275211214279075,-0.30587444999999996,119941.76366038201,-3.3268861227204867,KAZ_D_E,0
Kazakhstan,D_E,2019,3003336697.6300006,KAZ,0.029021209524969224,0.3619834822567886,13.0799490149564,10989.684071838816,1.9,0.11841,64.85861655175647,9.304712300109019,-0.27169154999999967,116018.947690175,-3.253725662197048,KAZ_D_E,0
Kazakhstan,D_E,2020,2656777129.77,KAZ,0.029021209524969224,0.29941018026426564,13.4502836627046,10565.035981623536,1.8,0.12602,57.026442366093136,9.265305335782505,-0.2943902666666666,115877.100397323,-3.132338911710969,KAZ_D_E,0
Kazakhstan,D_E,2021,3592213668.7200003,KAZ,0,0.28843652888349725,13.946795830528,10873.391527527603,2,0.13023,58.66860857792066,9.294073939503082,-0.2991750333333333,122018.44801035301,-3.382351665761888,KAZ_D_E,0
Kazakhstan,D_E,2022,4280890189.9299994,KAZ,0,0.22729681752362504,14.4739535470844,11058.348241340698,2,0.11715,68.33431474156123,9.310940918655643,-0.33223228333333316,122939.12215283401,-3.5502269642492825,KAZ_D_E,0
Kenya,C,2012,5554267380.900001,KEN,0,2.0585134098209066,0.123832539161972,1396.301787097564,76.2,0.6446016666666666,51.62369202324807,7.241582439828132,-0.764957633333333,4314.810030166749,-7.160268510637308,KEN_C,0
Kenya,C,2013,5882443782.659999,KEN,1.0787860898410706,2.1821704869779497,0.164812822501609,1413.9414252258257,74.3,0.6207925,47.46464251273036,7.254136420722831,-0.6725902166666665,4739.115790906363,-7.1238769875439845,KEN_C,0
Kenya,C,2014,6119026193.190001,KEN,0.6783145041327373,2.3782874887733327,0.221085377569084,1450.5933820227672,71.8,0.5969833333333333,46.17048936221598,7.279727980684497,-0.5975918999999982,5665.050932695332,-6.984842358879233,KEN_C,0
Kenya,C,2015,6002640742.249998,KEN,1.0787860898410706,2.484873911400643,0.286921276745847,1489.1195977728398,69.2,0.5731741666666667,40.3273846919019,7.305940350326721,-0.6279224166666666,6304.942900363618,-6.858620861963469,KEN_C,0
Kenya,C,2016,6944518360.680001,KEN,0.6783145041327373,2.5357916812188424,0.275660288360412,1517.97796057742,68.3,0.549365,34.86501957318242,7.325134439126475,-0.587364183333331,6821.545128986238,-6.925621897572298,KEN_C,0
Kenya,C,2017,6856903201.450001,KEN,0,2.670432161562471,0.586008315906052,1542.3377397337213,68.1,0.5255558333333333,35.99505787540744,7.34105455720502,-0.58089015,6372.311344303045,-6.9810489382656815,KEN_C,0
Kenya,C,2018,7265469476.009999,KEN,0,2.670432161562471,0.739931101786048,1596.69045914945,68.7,0.5017466666666667,34.41475317674248,7.375688302972038,-0.6066362166666667,5705.991173452477,-7.149371489627028,KEN_C,0
Kenya,C,2019,7429987152.250001,KEN,0,2.734143110652236,0.959288829892146,1645.7096177786214,68.1,0.47793749999999996,31.759461841481023,7.405926948771306,-0.5964960333333312,5336.037757093345,-7.238796024032704,KEN_C,0
Kenya,C,2020,7098194089.45,KEN,0,2.5277524880565583,1.29112489733773,1609.334140782809,69,0.4541283333333333,30.39913878304108,7.383575795278356,-0.6085281499999997,5933.513453407977,-7.086979151592345,KEN_C,0
Kenya,C,2021,7395506908.989999,KEN,0,2.4865575373112585,1.48254108303764,1698.8957827144363,67.7,0.43031916666666664,35.0020477795269,7.43773377942234,-0.5793338999999977,6437.538048634387,-7.046481743886524,KEN_C,0
Kenya,C,2022,7058016861.4800005,KEN,0,2.241928551263,1.47646942688922,1747.5319880442844,67.7,0.40651,40.2753238373561,7.465959778972925,-0.5187411666666665,6674.057447199108,-6.963691405317113,KEN_C,0
Kenya,D_E,2019,573316089.64,KEN,0,0.36241054454222965,0.959288829892146,1645.7096177786214,68.1,0.47793749999999996,31.759461841481023,7.405926948771306,-0.5964960333333312,1246.1533597229,-6.131375710046884,KEN_D_E,0
Kenya,D_E,2020,569195967.6,KEN,0,0.29986481275777627,1.29112489733773,1609.334140782809,69,0.4541283333333333,30.39913878304108,7.383575795278356,-0.6085281499999997,708.96433000488,-6.688174845866644,KEN_D_E,0
Kenya,D_E,2021,587573646.17,KEN,0,0.28843652888349725,1.48254108303764,1698.8957827144363,67.7,0.43031916666666664,35.0020477795269,7.43773377942234,-0.5793338999999977,772.36764407036,-6.634296212771414,KEN_D_E,0
Kenya,D_E,2022,573755235.52,KEN,0,0.22729681752362504,1.47646942688922,1747.5319880442844,67.7,0.40651,40.2753238373561,7.465959778972925,-0.5187411666666665,789.65945699731,-6.588356379971656,KEN_D_E,0
Lebanon,C,2012,3251975594.79,LBN,0,2.0585134098209066,9.09489046633696,8920.805698467304,5.6,NA,88.54550192305915,9.096141546435284,-0.6634549499999999,3423.4715601997177,-6.85636285364747,LBN_C,0
Lebanon,C,2013,3527453018.45,LBN,0.6783145041327373,2.184448619005555,8.35736656593718,8443.538565287841,5.9,NA,86.17432859205654,9.041156761014575,-0.6984987999999995,3331.6516317370224,-6.964863198446027,LBN_C,0
Lebanon,C,2014,3622804038,LBN,0,2.3801603017175794,17.8374158459364,7830.415111333605,4.2,NA,79.81715659256272,8.965770803075568,-0.7439154833333315,3588.509572953137,-6.917266645547837,LBN_C,0
Lebanon,C,2015,4018582380.04,LBN,0.6783145041327373,2.4865575373112585,15.7195596911698,7714.109999880404,4.2,NA,71.83904263478107,8.950806398438399,-0.73429025,3429.60512458894,-7.066239347115217,LBN_C,0
Lebanon,C,2016,4274078912.05,LBN,1.0787860898410706,2.534189004564668,13.601703536403202,8019.141691342605,4,NA,67.7236177908116,8.989586674103801,-0.755313683333333,3435.795123988771,-7.126075522955249,LBN_C,0
Lebanon,C,2017,4394876672,LBN,0,2.670432161562471,11.483847381636606,8305.57405425721,4,NA,68.45542925932757,9.02468214118266,-0.737768183333333,3465.7093925112335,-7.145277406176344,LBN_C,0
Lebanon,C,2018,4087445703.7799997,LBN,0.6783145041327373,2.6690315154066164,9.365991226870007,8388.723512383496,4.7,NA,68.25730730437184,9.034643643950968,-0.7905312999999996,3255.828610229,-7.135228723019582,LBN_C,0
Lebanon,C,2019,3751226742.8799996,LBN,0,2.734143110652236,7.24813507210341,8064.048734162358,5.1,NA,62.98091601016004,8.995171033715799,-0.8714850166666667,2359.274400285499,-7.371484082646677,LBN_C,0
Lebanon,C,2020,3023112609,LBN,0,2.5277524880565583,7.57698778654173,6440.828430929219,6.3,NA,50.1298042879627,8.770412449168244,-0.9753124333333314,1644.139453078372,-7.516825126319986,LBN_C,0
Sri Lanka,C,2013,9909500683.77,LKA,0,2.186721572941767,1.98679918143445,3728.9358664784822,56.9,0.0973,NA,8.223878181446446,-0.40025543333333335,1780.815168339565,-8.6241780217521,LKA_C,0
Sri Lanka,C,2014,10044725218.140001,LKA,0.6783145041327373,2.3782874887733327,2.63419031926553,3929.9206203218473,54.2,0.09605,NA,8.27637450626793,-0.32094004999999987,1742.953807546795,-8.65922165729439,LKA_C,0
Sri Lanka,C,2015,9402547532.49,LKA,0,2.4882383333893796,2.88043182386208,4057.715834623104,51.3,0.10291,46.91797080888159,8.308375491966135,-0.13448688333333317,2204.13691679345,-8.358399934316811,LKA_C,0
Sri Lanka,C,2016,9720707304.190002,LKA,0,2.537391793410016,4.07189669081491,4214.741179920849,45.1,0.12034,46.47153702521869,8.346343464024132,-0.1392050166666665,1893.1651051949223,-8.543763575500517,LKA_C,0
Sri Lanka,C,2017,10733937342.55,LKA,1.585598864237056,2.664817767470887,5.5257624644358,4436.00789945768,45.8,0.11818,47.14040980046442,8.397510129230097,-0.17075589999999935,1787.527532296605,-8.700332317280859,LKA_C,0
Sri Lanka,C,2018,10061702444.480001,LKA,0,2.670432161562471,6.93976008216017,4493.035754445438,47.9,0.11949,49.809396752136095,8.410283866849634,-0.16598106666666645,1932.3532216300566,-8.557753112399475,LKA_C,0
Sri Lanka,C,2019,8933857233.569998,LKA,0,2.734143110652236,7.43541256815093,4455.781896082671,46.1,0.117825,49.42552388545998,8.401957834287737,-0.14251783333333315,1812.7696591426763,-8.502747647521684,LKA_C,0
Sri Lanka,C,2020,7591050471.4800005,LKA,0,2.5277524880565583,7.8962203692284,4227.23315306594,49.3,0.11616,37.08911885729198,8.349302957092942,-0.16095898333333333,1750.16766286147,-8.37501367215692,LKA_C,0
Sri Lanka,C,2021,8159236107.400001,LKA,0,2.4865575373112585,10.5401488574725,4357.9722577949115,48.8,0.11061,41.22884632919991,8.37976214967313,-0.28927664999999997,1819.39706322331,-8.408400667028026,LKA_C,0
Sri Lanka,D_E,2013,1871520365.8700001,LKA,0,0.21500306512388162,1.98679918143445,3728.9358664784822,56.9,0.0973,NA,8.223878181446446,-0.40025543333333335,4055.544723901375,-6.13442139696606,LKA_D_E,0
Sri Lanka,D_E,2014,1803414440.5900002,LKA,0.029021209524969224,0.25999079783747353,2.63419031926553,3929.9206203218473,54.2,0.09605,NA,8.27637450626793,-0.32094004999999987,6810.3447230469,-5.578994319453985,LKA_D_E,0
Sri Lanka,D_E,2015,1680665316.46,LKA,0,0.28889617667683326,2.88043182386208,4057.715834623104,51.3,0.10291,46.91797080888159,8.308375491966135,-0.13448688333333317,6780.106733349649,-5.51295217149344,LKA_D_E,0
Sri Lanka,D_E,2016,791659908.41,LKA,0,0.3025882757462982,4.07189669081491,4214.741179920849,45.1,0.12034,46.47153702521869,8.346343464024132,-0.1392050166666665,8669.43638212895,-4.5143281101678445,LKA_D_E,0
Sri Lanka,D_E,2017,671283292.0899999,LKA,0.11134968664210926,0.34039443229177524,5.5257624644358,4436.00789945768,45.8,0.11818,47.14040980046442,8.397510129230097,-0.17075589999999935,9477.723899023451,-4.2602470493479565,LKA_D_E,0
Sri Lanka,D_E,2018,448066594.75,LKA,0,0.3421388123484751,6.93976008216017,4493.035754445438,47.9,0.11949,49.809396752136095,8.410283866849634,-0.16598106666666645,8140.679587744125,-4.008068206395934,LKA_D_E,0
Sri Lanka,D_E,2019,342097471.31,LKA,0,0.36241054454222965,7.43541256815093,4455.781896082671,46.1,0.117825,49.42552388545998,8.401957834287737,-0.14251783333333315,9695.81040952155,-3.5634018246247883,LKA_D_E,0
Sri Lanka,D_E,2020,364333630.04,LKA,0,0.29986481275777627,7.8962203692284,4227.23315306594,49.3,0.11616,37.08911885729198,8.349302957092942,-0.16095898333333333,9475.655176611375,-3.649344117385327,LKA_D_E,0
Sri Lanka,D_E,2021,408564157.53000003,LKA,0,0.28843652888349725,10.5401488574725,4357.9722577949115,48.8,0.11061,41.22884632919991,8.37976214967313,-0.28927664999999997,9238.694150607425,-3.789248408370646,LKA_D_E,0
Morocco,C,2019,16640517808.119997,MAR,0,2.734143110652236,4.83650253578356,3364.73950195313,10.7,NA,75.99811587984217,8.121105825100972,-0.3181141999999997,12950.730363593857,-7.158443646879164,MAR_C,0
Morocco,C,2020,18418323470.940002,MAR,0.6783145041327373,2.5261368647911433,5.74683480916137,3090.89428710938,11.1,NA,68.84380339043642,8.036215741323845,-0.3035338499999995,11486.434737191415,-7.379934537851222,MAR_C,0
Morocco,C,2021,20579919822.959995,MAR,1.0787860898410706,2.483187446112699,6.14617858388986,3309.130859375,10.9,NA,75.52341717565055,8.104440853641634,-0.3813346166666667,12920.391763218915,-7.373264293383419,MAR_C,0
Morocco,C,2022,20901774179.71,MAR,0,2.241928551263,6.47150166958379,3334.91162109375,10.9,NA,100.9063102016514,8.112201457576917,-0.3876530833333333,12913.072786453056,-7.3893491308024215,MAR_C,0
Republic of Moldova,C,2013,642016288.8399999,MDA,0.6783145041327373,2.184448619005555,13.7695240878002,2605.850299861424,23.8,0.29783,95.68729683323836,7.86551431162245,-0.3141934,1330.4508679224443,-6.179095792168416,MDA_C,0
Republic of Moldova,C,2014,670459442.7599998,MDA,0.6783145041327373,2.3782874887733327,15.2330041292856,2737.801850566472,24.3,0.31463,94.22829196909277,7.914910633093125,-0.3412354833333328,1477.8305757539194,-6.117388027631525,MDA_C,0
Republic of Moldova,C,2015,481522477.49999994,MDA,0,2.4882383333893796,16.2569619282762,2749.5513705433796,24.7,0.30735,88.96641545653229,7.919193039367943,-0.4202859333333313,1274.1495267743,-5.934673994173987,MDA_C,0
Republic of Moldova,C,2016,485022291.53,MDA,0,2.537391793410016,17.2155177259579,2910.954868723758,25.3,0.28005,89.00468371886707,7.976236439923536,-0.44086748333333287,1241.159409198112,-5.968148901611168,MDA_C,0
Republic of Moldova,C,2017,706566661.9400003,MDA,0,2.670432161562471,18.2974964435539,3085.333058442626,26.1,0.25789,88.62339027543784,8.034414891109448,-0.36461093333333267,1497.2139758717426,-6.156811521183837,MDA_C,0
Republic of Moldova,C,2018,790375415.7099999,MDA,0,2.670432161562471,19.7583973228257,3267.9961042871973,25.3,0.25626,87.44678742756476,8.091932263900603,-0.3470729999999997,1668.76620455601,-6.160423488629525,MDA_C,0
Republic of Moldova,C,2019,784818627.9999999,MDA,0,2.734143110652236,21.54270340639,3438.677326707123,22,0.24145,87.63223711489063,8.14284217837886,-0.3054610666666665,1760.5178157459,-6.099844664683403,MDA_C,0
Republic of Moldova,C,2020,932933382.1100001,MDA,0,2.5277524880565583,23.4268592640718,3188.916916026994,22.3,0.23511,79.26572211915801,8.067436613370882,-0.29502794999999965,1410.3646072277768,-6.4944855388380835,MDA_C,0
Republic of Moldova,C,2021,1063652970.2800002,MDA,0,2.4865575373112585,25.2112754309344,3688.1672944214374,21.4,0.23154,88.47088653992667,8.212884945475606,-0.1864283166666665,1503.066514696244,-6.561957096536138,MDA_C,0
Republic of Moldova,C,2022,1235351136.9700003,MDA,0,2.241928551263,26.317794331222,3611.9548473328614,21.4,0.22959,112.11767157976556,8.19200441372033,-0.15883686666666652,1419.4749624631777,-6.768823471587111,MDA_C,0
Republic of Moldova,D_E,2013,116420466.08,MDA,0.029021209524969224,0.21450815742926843,13.7695240878002,2605.850299861424,23.8,0.29783,95.68729683323836,7.86551431162245,-0.3141934,2810.7153631527,-3.7237693166907317,MDA_D_E,0
Republic of Moldova,D_E,2014,90916688.46,MDA,0.029021209524969224,0.25999079783747353,15.2330041292856,2737.801850566472,24.3,0.31463,94.22829196909277,7.914910633093125,-0.3412354833333328,3280.6146064269,-3.32191279090092,MDA_D_E,0
Republic of Moldova,D_E,2015,73915124.69,MDA,0,0.28889617667683326,16.2569619282762,2749.5513705433796,24.7,0.30735,88.96641545653229,7.919193039367943,-0.4202859333333313,3625.0911963929,-3.015038025673511,MDA_D_E,0
Republic of Moldova,D_E,2016,157482136.46,MDA,0,0.3025882757462982,17.2155177259579,2910.954868723758,25.3,0.28005,89.00468371886707,7.976236439923536,-0.44086748333333287,3573.5107626159,-3.7857635130726677,MDA_D_E,0
Republic of Moldova,D_E,2017,171866577.27,MDA,0,0.3421388123484751,18.2974964435539,3085.333058442626,26.1,0.25789,88.62339027543784,8.034414891109448,-0.36461093333333267,3011.03010656415,-4.044436213936998,MDA_D_E,0
Republic of Moldova,D_E,2018,238789821.62,MDA,0,0.3421388123484751,19.7583973228257,3267.9961042871973,25.3,0.25626,87.44678742756476,8.091932263900603,-0.3470729999999997,3261.201269443525,-4.2934881425151215,MDA_D_E,0
Republic of Moldova,D_E,2019,230320219.09000003,MDA,0,0.36241054454222965,21.54270340639,3438.677326707123,22,0.24145,87.63223711489063,8.14284217837886,-0.3054610666666665,3345.558498194525,-4.23183695282157,MDA_D_E,0
Republic of Moldova,D_E,2020,256831319.72000003,MDA,0,0.29986481275777627,23.4268592640718,3188.916916026994,22.3,0.23511,79.26572211915801,8.067436613370882,-0.29502794999999965,3601.87773237435,-4.266964224099306,MDA_D_E,0
Republic of Moldova,D_E,2021,346045724.13,MDA,0,0.28843652888349725,25.2112754309344,3688.1672944214374,21.4,0.23154,88.47088653992667,8.212884945475606,-0.1864283166666665,3602.22760412785,-4.565018483969609,MDA_D_E,0
Republic of Moldova,D_E,2022,282867044.24,MDA,0,0.22729681752362504,26.317794331222,3611.9548473328614,21.4,0.22959,112.11767157976556,8.19200441372033,-0.15883686666666652,3088.248431669429,-4.5173728993128,MDA_D_E,0
Mexico,C,2012,137798527471.66,MEX,2.170701322122868,2.037649780909346,11.1945528217656,9782.51776305354,9,0.40284,64.25793189001133,9.1883521698819,-0.20130829999999997,94790.63021758365,-7.281877384513471,MEX_C,0
Mexico,C,2013,157225456765.08,MEX,2.6113334375305657,2.1567623996751153,10.7719183026526,9738.710598036583,9.2,0.40806,62.69167477358071,9.183864005741526,-0.22229768333333316,96052.12287732626,-7.4005450938112904,MEX_C,0
Mexico,C,2014,160995500378.03003,MEX,2.537391793410016,2.357451677729916,10.8799928230972,9862.481254441987,9.8,0.41962,64.09840903512153,9.19649306446203,-0.3161214666666665,90453.53075085116,-7.4842954491459865,MEX_C,0
Mexico,C,2015,155359443780.2,MEX,2.170701322122868,2.4747121915394006,12.1891508368561,10021.238611882723,9.2,0.41477,70.41297467626399,9.212461980959631,-0.3664148999999997,98850.58881688105,-7.3598871970498,MEX_C,0
Mexico,C,2016,142779440194.62994,MEX,3.4675378500039526,2.484873911400643,13.0255992017626,10100.502121401492,9.2,0.37601,75.69030340885506,9.220340416583849,-0.355570483333333,98797.66920028297,-7.275982328908673,MEX_C,0
Mexico,C,2017,156171135934.36,MEX,3.2670712546507206,2.6333621731748473,13.7767213511093,10193.77271934566,10.1,0.31955,76.95212604072537,9.229532295119327,-0.44857016666666666,109893.41967493226,-7.259196726111831,MEX_C,0
Mexico,C,2018,168212726888.75998,MEX,2.862167207143866,2.6463501875179958,14.7373951154108,10296.86909285339,10.3,0.29816,80.21266165689752,9.239595156441373,-0.4589651333333331,97664.51100793565,-7.451446440356847,MEX_C,0
Mexico,C,2019,169243051985.21997,MEX,3.016077470972267,2.7075265523654544,15.3885155172291,10159.444836431863,10.3,0.27629,77.4619722571128,9.226159077556062,-0.4629111333333333,102204.37733249483,-7.412116630251472,MEX_C,0
Mexico,C,2020,145750155266.73,MEX,2.45754310014947,2.509835424484584,17.7520559419946,9234.643623179232,12.3,0.29185,76.85455570560157,9.130717302086811,-0.4792135499999998,105249.56414144416,-7.233314838127071,MEX_C,0
Mexico,C,2021,186556056537.54,MEX,2.2757258047372404,2.4713018745245683,19.2796725887476,9728.056800325565,13,0.27305,83.06929763578948,9.182769443038158,-0.5075275499999996,111298.39214932053,-7.424272232070979,MEX_C,0
Mexico,C,2022,223623018231.42004,MEX,2.862167207143866,2.2047215783138903,20.6070256426489,10013.247923614295,13,0.25727,88.79848558671856,9.211664287574479,-0.5052221333333332,115188.97174822338,-7.571142946427601,MEX_C,0
Mexico,D_E,2013,20668892272.88,MEX,0.32411300938675774,0.20855008111116868,10.7719183026526,9738.710598036583,9.2,0.40806,62.69167477358071,9.183864005741526,-0.22229768333333316,201551.66484555698,-4.630339310443918,MEX_D_E,0
North Macedonia,C,2012,997781427.2400001,MKD,0.6783145041327373,2.0559291373172575,15.4034279276413,4708.051685359227,18.3,0.32676,112.21483470215534,8.457029446518554,-0.10356963333333313,2150.0234423018487,-6.140055496067199,MKD_C,0
North Macedonia,C,2013,1070969535.2200003,MKD,0,2.186721572941767,16.8126639116268,4863.680886669677,21.2,0.43894,104.85722995630526,8.48955081431236,-0.12415834999999979,2147.8724629894623,-6.211841824758706,MKD_C,0
North Macedonia,C,2014,1244327492.0499997,MKD,0,2.3801603017175794,17.7239038498213,5053.750012363666,21.2,0.51646,112.53792896929862,8.527885823401414,0.021462050000000166,1994.7055197698508,-6.4358540656193215,MKD_C,0
North Macedonia,C,2015,1183623711.1200001,MKD,0,2.4882383333893796,18.4016994838328,5262.686719286744,23.9,0.44412,113.69844387910275,8.568396958460816,-0.14339051666666666,1813.3500202750326,-6.481159978862148,MKD_C,0
North Macedonia,C,2016,1311524500.1999996,MKD,0,2.537391793410016,19.4533715332855,5429.946783583586,21.4,0.43585,116.18540841802638,8.599684612434945,-0.18560929999999967,1649.7429387078232,-6.67832599913197,MKD_C,0
North Macedonia,C,2017,1424978056.4800003,MKD,0,2.670432161562471,20.4183259234605,5510.81862920922,19,0.35439,124.13728389628965,8.614468462655624,-0.14261398333333314,1375.632108893017,-6.942998352582514,MKD_C,0
North Macedonia,C,2018,1692840063.21,MKD,0,2.670432161562471,22.2929498345599,5698.393344844888,20.9,0.36367,133.21520764800766,8.647939544764558,-0.06189004999999983,1496.3630906424132,-7.031125350461808,MKD_C,0
North Macedonia,C,2019,1688519851.8,MKD,0,2.734143110652236,23.9402500262168,5961.5847539919105,17,0.36783,138.5762318405389,8.693091623035492,-0.12492634999999985,1747.803835564552,-6.873247548100106,MKD_C,0
North Macedonia,C,2020,1643686972.6100001,MKD,0,2.5277524880565583,25.4041233643961,5743.726494245812,20,0.37264,128.24124432225676,8.655863493690106,-0.07036374999999985,1810.9666714697294,-6.81083637618471,MKD_C,0
North Macedonia,C,2021,1887695251.01,MKD,0,2.4865575373112585,26.9448892231031,6064.923151200224,19.5,0.37252,146.7214114840735,8.710277150432288,-0.04709246666666666,1996.7283689656183,-6.851601894381232,MKD_C,0
North Macedonia,C,2022,1837009934.2999995,MKD,0,2.241928551263,28.0035734605346,6250.627209520625,19.5,0.37372,166.14735737987755,8.74043709121867,0.006330599999999992,1994.4942286682924,-6.825503994357987,MKD_C,0
North Macedonia,D_E,2012,363664853.02,MKD,0.029021209524969224,0.18792123715332168,15.4034279276413,4708.051685359227,18.3,0.32676,112.21483470215534,8.457029446518554,-0.10356963333333313,5682.920644494699,-4.158767411486784,MKD_D_E,0
North Macedonia,D_E,2013,402949916.69,MKD,0,0.21500306512388162,16.8126639116268,4863.680886669677,21.2,0.43894,104.85722995630526,8.48955081431236,-0.12415834999999979,4770.7668828492,-4.436305213956692,MKD_D_E,0
North Macedonia,D_E,2014,417338435.11,MKD,0,0.26046370525289664,17.7239038498213,5053.750012363666,21.2,0.51646,112.53792896929862,8.527885823401414,0.021462050000000166,4434.8308501328,-4.544408012354608,MKD_D_E,0
North Macedonia,D_E,2015,379656285.82,MKD,0,0.28889617667683326,18.4016994838328,5262.686719286744,23.9,0.44412,113.69844387910275,8.568396958460816,-0.14339051666666666,3990.059409375,-4.555460212044924,MKD_D_E,0
North Macedonia,D_E,2016,396363119.87,MKD,0,0.3025882757462982,19.4533715332855,5429.946783583586,21.4,0.43585,116.18540841802638,8.599684612434945,-0.18560929999999967,3573.9353024658867,-4.70866344616611,MKD_D_E,0
North Macedonia,D_E,2017,406124847.83,MKD,0,0.3421388123484751,20.4183259234605,5510.81862920922,19,0.35439,124.13728389628965,8.614468462655624,-0.14261398333333314,4139.709490810754,-4.586035005228246,MKD_D_E,0
North Macedonia,D_E,2018,458210039.21999997,MKD,0,0.3421388123484751,22.2929498345599,5698.393344844888,20.9,0.36367,133.21520764800766,8.647939544764558,-0.06189004999999983,3607.38717602066,-4.844343943567481,MKD_D_E,0
North Macedonia,D_E,2019,400981305.68999994,MKD,0,0.36241054454222965,23.9402500262168,5961.5847539919105,17,0.36783,138.5762318405389,8.693091623035492,-0.12492634999999985,4315.18433401266,-4.531774764015946,MKD_D_E,0
North Macedonia,D_E,2020,357117765.47,MKD,0,0.29986481275777627,25.4041233643961,5743.726494245812,20,0.37264,128.24124432225676,8.655863493690106,-0.07036374999999985,3541.5977113472,-4.613487646433291,MKD_D_E,0
North Macedonia,D_E,2021,301078112.68999994,MKD,0,0.28843652888349725,26.9448892231031,6064.923151200224,19.5,0.37252,146.7214114840735,8.710277150432288,-0.04709246666666666,3563.006552041,-4.436765016146513,MKD_D_E,0
North Macedonia,D_E,2022,357456890.03999996,MKD,0,0.22729681752362504,28.0035734605346,6250.627209520625,19.5,0.37372,166.14735737987755,8.74043709121867,0.006330599999999992,3563.006552041,-4.608410042028811,MKD_D_E,0
Malta,C,2012,192655375.93000004,MLT,1.7669146875429325,2.0455247403503436,31.8224330830663,21529.398216756606,2.7,0.79196,199.21386514283932,9.977174639050757,1.1067672,36.5999764945429,-8.568610656648259,MLT_C,0
Malta,C,2013,193542689.02,MLT,2.0533381690418,2.170701322122868,33.3783014199957,22626.498139134284,3.2,0.72644,187.43225285004465,10.026876982470272,1.1173346,64.05058683017926,-8.013580191846023,MLT_C,0
Malta,C,2014,243636479.59000003,MLT,3.554472678711801,2.312430441560795,34.8819867199098,23866.06678513013,4.5,0.67653,181.30112711295897,10.080212929263494,0.9997863833333334,75.07170946855958,-8.084988772631442,MLT_C,0
Malta,C,2015,277489304.29999995,MLT,2.537391793410016,2.4678798874376,36.6768468766082,25529.681333771685,6,0.69942,207.19601985524423,10.147597028127533,1.01361115,74.28862534574453,-8.225579819263844,MLT_C,0
Malta,C,2016,331757840.4599999,MLT,3.1902000043673127,2.4982642118726526,37.6179796999137,25969.51203520273,9.2,0.54032,213.35947324267676,10.164678514923192,1.0172447333333334,72.1707401094522,-8.433125883438821,MLT_C,0
Malta,C,2017,786681292.2699999,MLT,3.0625319085748495,2.6405985522828526,38.7512769768028,28546.65973659115,7.3,0.52592,213.04759102575628,10.259295211272443,1.06408345,66.36005820811462,-9.380483137551002,MLT_C,0
Malta,C,2018,919347924.41,MLT,2.7445944880829876,2.6492136470257055,39.5892751744889,29536.805237471617,7.6,0.54557,228.09855073711145,10.293392399846432,1.0560086,56.99615037368709,-9.68843619165819,MLT_C,0
Malta,C,2019,869578943.1300001,MLT,2.9673594376716714,2.708874340820862,40.1799549616579,29522.661886008013,7.4,0.54851,233.07044191053717,10.292913446939377,0.88132025,60.61622790880557,-9.571201755563365,MLT_C,0
Malta,C,2020,922404872.16,MLT,3.016077470972267,2.4949334085986368,41.1094408219109,27861.820284453763,9.2,0.60002,242.36119073585692,10.235012582042717,0.9792769666666666,71.20236009392092,-9.469213564714773,MLT_C,0
Malta,C,2021,1149358836.37,MLT,2.2757258047372404,2.4713018745245683,42.1830899964911,31436.349303093823,8.6,0.59682,220.165634087757,10.355720123487313,0.836533,70.25361445413184,-9.702603053073833,MLT_C,0
Malta,C,2022,1139029763.39,MLT,2.0533381690418,2.226775313246811,43.4449972737186,31430.618707023565,8.6,0.5745,245.16037509200447,10.355537814835646,0.7883474833333334,73.40699044846363,-9.649668204443683,MLT_C,0
Malta,D_E,2012,15786200.85,MLT,0.1373522078753459,0.1858856947213968,31.8224330830663,21529.398216756606,2.7,0.79196,199.21386514283932,9.977174639050757,1.1067672,2018.9919,-2.056537867068816,MLT_D_E,0
Malta,D_E,2013,13796492.440000001,MLT,0.18741273986038337,0.21153355659783168,33.3783014199957,22626.498139134284,3.2,0.72644,187.43225285004465,10.026876982470272,1.1173346,1639.9254,-2.129763635845112,MLT_D_E,0
Malta,D_E,2014,17467132.89,MLT,0.7083436229923308,0.24377741377384252,34.8819867199098,23866.06678513013,4.5,0.67653,181.30112711295897,10.080212929263494,0.9997863833333334,1602.4122,-2.388810875558111,MLT_D_E,0
Malta,D_E,2015,287363.97,MLT,0.3025882757462982,0.28336640960011916,36.6768468766082,25529.681333771685,6,0.69942,207.19601985524423,10.147597028127533,1.01361115,850.11,1.0846161524345228,MLT_D_E,0
Malta,D_E,2016,17792369.23,MLT,0.5345700481501259,0.29164963545640615,37.6179796999137,25969.51203520273,9.2,0.54032,213.35947324267676,10.164678514923192,1.0172447333333334,557.5509,-3.4629711498053366,MLT_D_E,0
Malta,D_E,2017,23191211.990000002,MLT,0.48142255604737333,0.33294668143690415,38.7512769768028,28546.65973659115,7.3,0.52592,213.04759102575628,10.259295211272443,1.06408345,709.34816645508,-3.4871822194288935,MLT_D_E,0
Malta,D_E,2018,18636635.79,MLT,0.36582049291289614,0.33558163782923006,39.5892751744889,29536.805237471617,7.6,0.54557,228.09855073711145,10.293392399846432,1.0560086,703.3420343353,-3.2770412797630755,MLT_D_E,0
Malta,D_E,2019,13498627.52,MLT,0.4443538032989077,0.35426500851711257,40.1799549616579,29522.661886008013,7.4,0.54851,233.07044191053717,10.292913446939377,0.88132025,748.1698168945,-2.892713313931721,MLT_D_E,0
Malta,D_E,2020,85793815.22999999,MLT,0.4630599313938217,0.29073265799812203,41.1094408219109,27861.820284453763,9.2,0.60002,242.36119073585692,10.235012582042717,0.9792769666666666,821.0764616272,-4.649085961884751,MLT_D_E,0
Malta,D_E,2021,244264299.92,MLT,0.23508623656194466,0.28429016355128334,42.1830899964911,31436.349303093823,8.6,0.59682,220.165634087757,10.355720123487313,0.836533,893.68640406003,-5.61065117925485,MLT_D_E,0
Malta,D_E,2022,216400385.84,MLT,0.18741273986038337,0.22386977388650195,43.4449972737186,31430.618707023565,8.6,0.5745,245.16037509200447,10.355537814835646,0.7883474833333334,896.85230530332,-5.48599441451092,MLT_D_E,0
Myanmar,C,2012,79679364.1,MMR,0,2.0585134098209066,0.04934223255858085,953.1230819364848,78.1,0.03218,NA,6.859744047399244,-1.4300083666666616,4247.9408900137405,-2.931576263509173,MMR_C,1
Myanmar,C,2013,47276646.29,MMR,0,2.186721572941767,0.0543743077754312,1024.6906047465825,75.6,0.03218,NA,6.932145996979197,-1.3489135499999982,4644.6324855443,-2.3203041889363067,MMR_C,1
Myanmar,C,2014,78563237.07000001,MMR,0,2.3801603017175794,0.05940638299228155,1099.2438775160488,72,0.03218,NA,7.00237783835339,-1.2377513833333333,5667.492867045412,-2.6291570234363495,MMR_C,1
Myanmar,C,2015,72745948.8,MMR,0,2.4882383333893796,0.0644384582091319,1166.7330554793548,70,0.03218,NA,7.0619628618869745,-1.1708512333333316,6008.360424940869,-2.493821314404955,MMR_C,1
Myanmar,C,2016,27877662.54,MMR,0,2.537391793410016,0.174162128034933,1225.3791397266775,68.8,0.03218,NA,7.111005576910716,-0.9826520666666647,5337.771625185778,-1.6530174751244158,MMR_C,1
Myanmar,C,2017,85497492.44000001,MMR,0,2.670432161562471,0.214986286331048,1290.564090274579,59.5,0.03218,NA,7.162834681059614,-1.0428410166666648,10841.24376271235,-2.065129319638334,MMR_C,1
Myanmar,C,2018,44195526.599999994,MMR,0,2.670432161562471,0.246880529164931,1361.568312659854,59.4,0.05881,NA,7.216392485412479,-1.066557116666665,11484.734308291767,-1.3476048737448214,MMR_C,1
Myanmar,C,2019,73154139.64999999,MMR,0,2.734143110652236,0.92296052297012,1440.98988238708,58.5,0.08341,NA,7.273085574730653,-1.075432599999998,12388.193659017941,-1.775824822335753,MMR_C,1
Myanmar,C,2020,80984145.76,MMR,0,2.5277524880565583,1.29924592186564,1301.3138635245014,59.2,0.15568,NA,7.171129697321983,-1.0467064166666666,12256.530018713265,-1.8881945464411707,MMR_C,1
Myanmar,C,2021,47977868.63,MMR,0.6783145041327373,2.484873911400643,1.67276170937317,1136.9956605569778,62.9,0.12402,NA,7.036144677170674,-1.449773249999995,12981.081657213186,-1.3072467939650083,MMR_C,1
Myanmar,C,2022,32255422.5,MMR,0,2.241928551263,2.09694638185872,1174.7669794736432,62.9,0.03519,NA,7.068825091569591,-1.63102683333333,13055.74818155365,-0.9044576581718787,MMR_C,1
Mongolia,C,2012,723095528.4700001,MNG,0,2.0585134098209066,3.94085550888065,3318.1649659708924,3,0.23913,109.58856433841548,8.107167188010818,-0.18622263333333333,2582.009240517746,-5.634973470088499,MNG_C,0
Mongolia,C,2013,771777928.0699999,MNG,0,2.186721572941767,4.89953823458973,3628.907080695749,3,0.23246,100.31198966294296,8.196686802227164,-0.1762553666666667,2382.6765608420055,-5.780472389518634,MNG_C,0
Mongolia,C,2014,828584373.5699999,MNG,0,2.3801603017175794,6.77117608106174,3830.358920495929,3.3,0.2234,109.32231187718692,8.25071379070713,-0.058791566666666344,2123.6525222100527,-5.9665811765811805,MNG_C,0
Mongolia,C,2015,815194262.3899999,MNG,0,2.4882383333893796,6.98959122144406,3838.921269899843,3.5,0.1564,89.65366347781398,8.252946686819639,-0.08405619999999986,1721.453955659522,-6.160257186799755,MNG_C,0
Mongolia,C,2016,745517196.0200001,MNG,0,2.537391793410016,7.43705957487671,3817.9196271670194,3.4,0.18346,101.05523722499714,8.247460953034002,-0.03591509999999982,1671.2742693901237,-6.100491829336008,MNG_C,0
Mongolia,C,2017,791976200.5799998,MNG,0,2.670432161562471,9.18362021979381,3956.204943713404,1.8,0.1342,115.93290186796328,8.283040497192793,-0.045172566666666664,2087.423252620285,-5.938600929735018,MNG_C,0
Mongolia,C,2018,929479612.3300002,MNG,0,2.670432161562471,9.66655365112798,4183.85566447661,2.1,0.10161,126.35587324151278,8.338988508131704,-0.018448783333333028,2369.358792269241,-5.972005506146483,MNG_C,0
Mongolia,C,2019,1004326403.4699998,MNG,0,2.734143110652236,9.83638257697054,4337.8167085432015,2.3,0.0927,124.39651462116488,8.375126437968385,-0.054610933333333306,2964.3863951892245,-5.825402288788139,MNG_C,0
Mongolia,C,2020,1032850793.8799996,MNG,0,2.5277524880565583,9.3475568899214,4066.034108827912,2.9,0.13301,112.83864762931744,8.310423382945018,-0.05155703333333314,2706.351029075311,-5.944476775242674,MNG_C,0
Mongolia,C,2021,1086740947.8100002,MNG,0,2.4865575373112585,11.3929982387502,4063.5366984924535,3,0.10008,119.09807843777104,8.309808981404466,-0.07269479999999999,2849.139184882148,-5.943921631971842,MNG_C,0
Mongolia,C,2022,1220342611.7999997,MNG,0,2.241928551263,12.9008288504333,4205.885545135513,3,0.08365,136.32792994451626,8.344240143608864,-0.08954171666666648,2876.069701235045,-6.050462252603149,MNG_C,0
Mongolia,D_E,2012,225687615.63,MNG,0,0.18842947600817259,3.94085550888065,3318.1649659708924,3,0.23913,109.58856433841548,8.107167188010818,-0.18622263333333333,10088.112506052015,-3.107794060319203,MNG_D_E,0
Mongolia,D_E,2013,228389466.42,MNG,0,0.21500306512388162,4.89953823458973,3628.907080695749,3,0.23246,100.31198966294296,8.196686802227164,-0.1762553666666667,11133.734814003015,-3.0210726859142367,MNG_D_E,0
Mongolia,D_E,2014,209180321.70000002,MNG,0,0.26046370525289664,6.77117608106174,3830.358920495929,3.3,0.2234,109.32231187718692,8.25071379070713,-0.058791566666666344,11666.541070447984,-2.8864716558616896,MNG_D_E,0
Mongolia,D_E,2015,245556900.24,MNG,0,0.28889617667683326,6.98959122144406,3838.921269899843,3.5,0.1564,89.65366347781398,8.252946686819639,-0.08405619999999986,11707.944637868004,-3.0432610530055646,MNG_D_E,0
Mongolia,D_E,2016,276636704.91999996,MNG,0,0.3025882757462982,7.43705957487671,3817.9196271670194,3.4,0.18346,101.05523722499714,8.247460953034002,-0.03591509999999982,11723.751248524999,-3.161088305451909,MNG_D_E,0
Mongolia,D_E,2017,247098569.05000004,MNG,0,0.3421388123484751,9.18362021979381,3956.204943713404,1.8,0.1342,115.93290186796328,8.283040497192793,-0.045172566666666664,12770.759915368804,-2.9626291458688234,MNG_D_E,0
Mongolia,D_E,2021,326206270.36,MNG,0,0.28843652888349725,11.3929982387502,4063.5366984924535,3,0.10008,119.09807843777104,8.309808981404466,-0.07269479999999999,13354.376214616308,-3.195685774974586,MNG_D_E,0
Mongolia,D_E,2022,317503384.6,MNG,0,0.22729681752362504,12.9008288504333,4205.885545135513,3,0.08365,136.32792994451626,8.344240143608864,-0.08954171666666648,13239.674941376537,-3.1772704794814812,MNG_D_E,0
Mauritius,C,2012,1311215864.0100002,MUS,0,2.0585134098209066,10.9217558584205,8702.82242878289,11.4,0.17773,117.44763908302652,9.071402669132308,0.8861079666666667,348.9936129498789,-8.2314117841552,MUS_C,0
Mauritius,C,2013,1383815009.09,MUS,0,2.186721572941767,12.5795517217874,8973.515500995332,11.4,0.21303,136.55211795923606,9.102032795886943,0.8508786500000001,334.5917670581392,-8.327443559348955,MUS_C,0
Mauritius,C,2014,1382487455.9099998,MUS,0,2.3801603017175794,14.0866327916688,9300.078786385826,10.6,0.24833,135.0990647654262,9.137778150759853,0.8755298166666666,349.2094453471318,-8.283723066723693,MUS_C,0
Mauritius,C,2015,1210153836.5100005,MUS,0,2.4882383333893796,15.2753864309067,9630.543783750698,11.5,0.28363,133.13506908367674,9.172694970877131,0.84511225,357.0392956436888,-8.128412199549953,MUS_C,0
Mauritius,C,2016,1559540287.73,MUS,0,2.537391793410016,16.4576177636993,9995.650286420714,10.3,0.31893,126.3100089980416,9.209905305990771,0.8828204,343.11227539924295,-8.421843921314807,MUS_C,0
Mauritius,C,2017,1282256223.3899999,MUS,0,2.670432161562471,19.0600896444054,10379.913870673226,9.4,0.35423,126.96405988488812,9.247627859062451,0.8509342166666667,342.97241361647974,-8.226481741574224,MUS_C,0
Mauritius,C,2018,1324052773.7399998,MUS,0,2.670432161562471,21.3138552473439,10789.924152113232,9.2,0.33387,123.53898438654387,9.286368028766235,0.8133856833333334,342.2027220729501,-8.260804557952712,MUS_C,0
Mauritius,C,2019,1185729658.1299999,MUS,0.6783145041327373,2.732828974573085,23.8830105654334,11098.313706734136,8.9,0.35699,127.94089906413252,9.31454845744743,0.7484075166666666,349.2170407057503,-8.130175266268715,MUS_C,0
Mauritius,C,2020,970749129.81,MUS,0,2.5277524880565583,25.1865809761826,9483.67602630847,9.4,0.40299,121.12522550434969,9.157327286575308,0.7575881666666666,332.808267608076,-7.978256799972694,MUS_C,0
Mauritius,C,2021,1053532114.91,MUS,0,2.4865575373112585,25.7028828022003,9804.003186312102,8.6,0.36784,135.1930046146099,9.190546069649185,0.6850357166666666,357.8051872285668,-7.987670327242942,MUS_C,0
Mauritius,C,2022,1158483115.68,MUS,0,2.241928551263,26.1963906498554,10688.438311272164,8.6,0.30879,147.6637950340117,9.276917904597994,0.6518318,373.7803333851013,-8.038953767483578,MUS_C,0
Malaysia,C,2012,66120316588.84,MYS,2.7445944880829876,2.0190300583020218,9.84700347717991,8710.526713599022,2.5,1.09269,147.84175476601337,9.072287540302792,0.26991055,49413.24351331525,-7.199012864439508,MYS_C,1
Malaysia,C,2014,69249799869.23001,MYS,2.7445944880829876,2.351693021537584,9.97193881432051,9341.730559712778,3,1.26275,138.31223117684328,9.142246798825608,0.33624088333333346,46373.88930400258,-7.308738963747609,MYS_C,1
Malaysia,C,2015,65834899500.710014,MYS,3.2670712546507206,2.4435923778638187,9.80955980953099,9648.679793752302,3.4,1.27945,131.37007244525975,9.17457637603625,0.2596369666666667,47059.96565168528,-7.243482710840922,MYS_C,1
Malaysia,C,2017,68375336389.920006,MYS,3.4050767521844656,2.6275351289045235,8.30705146836206,10293.762920536155,5.2,1.227715,133.15517337195615,9.23929344910779,0.21643888333333333,49517.47375062605,-7.230441847145463,MYS_C,1
Malaysia,C,2018,76157670260.90999,MYS,2.6113334375305657,2.6520689305391207,8.19179819298533,10610.195024047913,5.3,1.04026,130.40262550212626,9.269570612593473,0.3977911833333335,53756.600443717514,-7.256094620514299,MYS_C,1
Malaysia,C,2019,77044854881.25,MYS,1.7669146875429325,2.727555092334428,8.86497357882019,10902.983485585608,5.7,0.995405,123.02856202794288,9.296791745038226,0.41385856666666665,52514.67052420304,-7.291050493037725,MYS_C,1
Malaysia,C,2020,73715315064.95999,MYS,1.9203463665170188,2.5180193613895865,9.91101742902637,10171.4657842762,7,0.95055,116.78818243763848,9.227341606904542,0.3762919,49584.97084617664,-7.304278078689015,MYS_C,1
Malaysia,C,2021,85709500016.65,MYS,2.537391793410016,2.466164492604266,10.8921782282506,10388.266712085682,7.5,0.981325,134.03599469072654,9.248432247470916,0.34679668333333336,53385.46946086047,-7.381180348981489,MYS_C,1
Malaysia,C,2022,94272627875.56999,MYS,2.916145860823268,2.2024892168333565,12.1753566089982,11191.65117569426,7.5,1.0121,146.42460475390752,9.32292334856996,0.36719745000000004,55344.16910396006,-7.44037485235844,MYS_C,1
Malaysia,D_E,2012,6841489626.56,MYS,0.36582049291289614,0.18077863698707952,9.84700347717991,8710.526713599022,2.5,1.09269,147.84175476601337,9.072287540302792,0.26991055,108861.04583009,-4.140688508495649,MYS_D_E,1
Malaysia,D_E,2014,7821293914.19,MYS,0.36582049291289614,0.2533465037690599,9.97193881432051,9341.730559712778,3,1.26275,138.31223117684328,9.142246798825608,0.33624088333333346,119175.985733898,-4.184004009653517,MYS_D_E,1
Malaysia,D_E,2015,6839073102.04,MYS,0.5684946177205388,0.27687612801180667,9.80955980953099,9648.679793752302,3.4,1.27945,131.37007244525975,9.17457637603625,0.2596369666666667,123540.966033026,-4.013834680202154,MYS_D_E,1
Oman,C,2012,9073460018.199999,OMN,0,2.0585134098209066,3.23965295885197,19824.12154859458,0,0.18281,102.07476040430008,9.894654735236053,0.14777425000000005,18921.202541731713,-6.172825828876973,OMN_C,0
Oman,C,2013,7296844501.94,OMN,0,2.186721572941767,4.0982191379848,19299.94005168688,0,0.14854,112.5435217637737,9.86785726875794,0.10345718333333352,19732.81213410219,-5.91291443292713,OMN_C,0
Oman,C,2014,9772800005.179998,OMN,0,2.3801603017175794,4.39661208861608,18726.202694697055,0,0.18588,102.27872108813,9.837679035679121,0.16595096666666678,21977.60671949995,-6.09733423753032,OMN_C,0
Oman,C,2015,8734490478.559998,OMN,0,2.4882383333893796,5.46554909512887,18808.30779218389,0,0.21866,96.37758018523476,9.842053955046863,0.1521826333333333,23207.74741938506,-5.930548726431808,OMN_C,0
Oman,C,2016,6794381466.840001,OMN,0,2.537391793410016,6.3548355193171,18830.605720860796,0,0.22691,82.86426420189012,9.84323878899685,0.15750036666666667,26048.83601925709,-5.56387821011205,OMN_C,0
Oman,C,2017,7756262397.909999,OMN,0,2.670432161562471,7.47816940167101,18277.945563615027,0,0.19925,88.95314801829562,9.813450451581462,0.149295,26052.56751805053,-5.696139522896781,OMN_C,0
Oman,C,2018,16527073927.050001,OMN,0.6783145041327373,2.6690315154066164,9.171272567174,18269.67694355622,0,0.19031,89.27921782628468,9.812997966870684,0.1086117,25409.59956286369,-6.4776281210678075,OMN_C,0
Oman,C,2019,12478046374.510002,OMN,0.6783145041327373,2.732828974573085,10.2442069785858,18089.58666848805,0,0.27255,86.47820103132365,9.803091729509626,0.15556625000000002,26047.13767790182,-6.171818205010931,OMN_C,0
Oman,C,2020,8397932893.779999,OMN,0,2.5277524880565583,11.3829602598706,17743.885880047706,0.1,0.31599,91.8758908014472,9.783796278102363,0.10587338333333349,25095.513904984346,-5.8130517691952,OMN_C,0
Oman,C,2021,12517608273.060001,OMN,0.6783145041327373,2.484873911400643,11.5852955507366,18291.33879838881,0.1,0.29266,95.94948772933049,9.814182937087057,0.06212346666666666,26893.32545399981,-6.143013462468641,OMN_C,0
Oman,C,2022,13419635880.740002,OMN,0,2.241928551263,10.8833264083829,18792.446056530596,0.1,0.28711,105.7450092806546,9.841210262568888,0.15462980000000015,27510.845210339307,-6.18989397936119,OMN_C,0
Pakistan,C,2016,34118875837.239998,PAK,0,2.537391793410016,1.13034740811719,1452.1865826917658,43.7,0.21703499999999998,24.70157804805731,7.280825687605685,-1.0391381,67194.41776811398,-6.230015878585117,PAK_C,0
Peru,C,2012,29165304941.7,PER,0,2.0585134098209066,4.88245729342236,5740.0434627247205,30.8,0.0553,52.61989526322937,8.655222061188207,-0.1829750166666665,11770.00986125074,-7.815180335773424,PER_C,0
Peru,C,2013,29777945067.52,PER,0,2.186721572941767,5.40886840560537,6021.461427652321,28.4,0.08174,49.78714244714436,8.703085270909416,-0.22129774999999968,12733.516111833573,-7.757285718906221,PER_C,0
Peru,C,2014,28029153475.609985,PER,1.0787860898410706,2.3764111618186483,5.86753622497354,6103.918647499693,28.6,0.10805,46.85312109128992,8.716686245139517,-0.20971336666666665,12554.440669766474,-7.710926001826487,PER_C,0
Peru,C,2015,26170072656.429996,PER,0,2.4882383333893796,6.56472932864047,6231.711503388939,27.4,0.11702,45.16276868911478,8.737406293698061,-0.17062484999999966,12795.26241666827,-7.623296793130421,PER_C,0
Peru,C,2016,25606936998.5,PER,0.6783145041327373,2.5357916812188424,6.87075765715407,6392.254749410137,27.2,0.12008,45.38884119641545,8.762842341065296,-0.10218744999999983,11975.847981555033,-7.667726616818224,PER_C,0
Peru,C,2017,27369522599.079994,PER,0.6783145041327373,2.6690315154066164,7.37507987722252,6457.419402547214,27.6,0.12085,47.51355036199706,8.772985043676032,-0.113524433333333,12053.572758113301,-7.727824248953638,PER_C,0
Peru,C,2018,29313853848.460007,PER,1.0787860898410706,2.667628904689131,8.09510839441633,6593.144374595259,27.9,0.12683,48.631470171736005,8.793785657037539,-0.12028254999999985,12462.641104696118,-7.763080053283331,PER_C,0
Peru,C,2019,29338386571.539997,PER,0,2.734143110652236,7.38778580236377,6626.260834949689,27.1,0.15696,46.94350537544095,8.798795947456263,-0.04995553333333318,12889.813815477255,-7.73021468669881,PER_C,0
Peru,C,2020,24677955936.870003,PER,0.6783145041327373,2.5261368647911433,8.41186520281526,5831.830247585214,31.6,0.17229,44.24596719774405,8.671086166197869,-0.12392779999999982,10544.34039931784,-7.758076390996527,PER_C,0
Peru,C,2021,27308471934.670006,PER,0.6783145041327373,2.484873911400643,9.05771410333768,6547.847181817761,30.6,0.13754,55.427249365521966,8.786891600072346,-0.18678671666666652,11942.85974841718,-7.734818671104569,PER_C,0
Peru,C,2022,30498690935.319996,PER,0,2.241928551263,9.45023631953673,6667.516956320359,30.6,0.16206,57.29697596497214,8.805002799183098,-0.27669286666666637,13294.557349396908,-7.738084311897223,PER_C,0
Peru,D_E,2012,2501529807.94,PER,0,0.18842947600817259,4.88245729342236,5740.0434627247205,30.8,0.0553,52.61989526322937,8.655222061188207,-0.1829750166666665,15203.3240518406,-5.103143655318978,PER_D_E,0
Peru,D_E,2013,2690330023.44,PER,0,0.21500306512388162,5.40886840560537,6021.461427652321,28.4,0.08174,49.78714244714436,8.703085270909416,-0.22129774999999968,13189.7921060853,-5.317975945238837,PER_D_E,0
Peru,D_E,2014,2991499955.62,PER,0.057223887399433127,0.2595176666748108,5.86753622497354,6103.918647499693,28.6,0.10805,46.85312109128992,8.716686245139517,-0.20971336666666665,16449.6772027099,-5.203224343911439,PER_D_E,0
Peru,D_E,2015,3204332066.02,PER,0,0.28889617667683326,6.56472932864047,6231.711503388939,27.4,0.11702,45.16276868911478,8.737406293698061,-0.17062484999999966,15664.6303893311,-5.320853614452416,PER_D_E,0
Peru,D_E,2016,3900669084,PER,0.029021209524969224,0.3021348800233772,6.87075765715407,6392.254749410137,27.2,0.12008,45.38884119641545,8.762842341065296,-0.10218744999999983,17635.6644623896,-5.398980135809012,PER_D_E,0
Peru,D_E,2017,4980849486.33,PER,0.029021209524969224,0.3417030025196472,7.37507987722252,6457.419402547214,27.6,0.12085,47.51355036199706,8.772985043676032,-0.113524433333333,14787.3448610721,-5.819583997027342,PER_D_E,0
Peru,D_E,2018,5373937865.329999,PER,0.057223887399433127,0.3412670026777997,8.09510839441633,6593.144374595259,27.9,0.12683,48.631470171736005,8.793785657037539,-0.12028254999999985,13440.753826153701,-5.991024805241304,PER_D_E,0
Peru,D_E,2019,5970156487.37,PER,0,0.36241054454222965,7.38778580236377,6626.260834949689,27.1,0.15696,46.94350537544095,8.798795947456263,-0.04995553333333318,14088.593625744901,-6.049162911048809,PER_D_E,0
Peru,D_E,2020,4700222407.19,PER,0.029021209524969224,0.29941018026426564,8.41186520281526,5831.830247585214,31.6,0.17229,44.24596719774405,8.671086166197869,-0.12392779999999982,11717.9170495681,-5.994246065049649,PER_D_E,0
Peru,D_E,2021,5324497426.139999,PER,0.029021209524969224,0.2879766697169065,9.05771410333768,6547.847181817761,30.6,0.13754,55.427249365521966,8.786891600072346,-0.18678671666666652,13079.629857802902,-6.009017558760406,PER_D_E,0
Peru,D_E,2022,4753882541.66,PER,0,0.22729681752362504,9.45023631953673,6667.516956320359,30.6,0.16206,57.29697596497214,8.805002799183098,-0.27669286666666637,15813.6596311332,-5.70584284019444,PER_D_E,0
Philippines,C,2012,26838928867.42,PHL,1.0787860898410706,2.0533381690418,2.14283906030847,2533.741419649587,34.1,0.122145,57.84200551330817,7.837452311337027,-0.3425087833333333,21418.93692669395,-7.1333332483715655,PHL_C,1
Philippines,C,2013,23664600803.679993,PHL,0,2.186721572941767,2.52046664370868,2654.415069339782,33.1,0.13207,55.82478123202985,7.883979596537222,-0.30800874999999983,22046.552219861303,-6.978579345803993,PHL_C,1
Philippines,C,2014,25501005154.779995,PHL,1.585598864237056,2.372647912956671,2.79471929116667,2776.9200590947853,32.4,0.14445,57.46817208759447,7.929097700106275,-0.19322595000000004,23328.70756217822,-6.996788461811735,PHL_C,1
Philippines,C,2015,25067116689.829998,PHL,2.2757258047372404,2.4730084868140474,2.75369633406674,2909.8581801030064,30.8,0.15683,59.141592105309414,7.97585962361814,-0.23699346666666632,24660.714588407984,-6.924100699211925,PHL_C,1
Philippines,C,2016,26736178607.19,PHL,2.68018213567412,2.5147538194415944,2.79705053563184,3076.3374186758983,28.6,0.21196,61.77606576538708,8.031495018587451,-0.3538303,24930.74580138374,-6.9776711183058024,PHL_C,1
Philippines,C,2017,27544494731.730003,PHL,2.45754310014947,2.6549160846149356,3.14400726239576,3247.450387836204,27.8,0.26709,68.1683697426727,8.085625471395328,-0.3814649666666667,28930.966133714555,-6.858645452367286,PHL_C,1
Philippines,C,2018,35878651419.87,PHL,1.363962019132244,2.666224323891241,3.46090446005956,3410.936479761091,27.6,0.32222,72.1633982990273,8.134742160070255,-0.382943966666665,27381.13388318007,-7.178043497792081,PHL_C,1
Philippines,C,2019,31189294229.01001,PHL,0.6783145041327373,2.732828974573085,5.69730703529922,3575.8817092292174,26.9,0.25926,68.84184225956784,8.181967056671677,-0.3690284666666665,26107.69777765361,-7.085599976374284,PHL_C,1
Philippines,C,2020,25963310606.18,PHL,1.363962019132244,2.52289776639567,7.08108894988907,3198.6669000841307,29.1,0.27625,58.16956030222815,8.070489408264836,-0.3640741,21821.523602619018,-7.081542885954663,PHL_C,1
Philippines,C,2021,29288010642.659996,PHL,2.3707609644015446,2.4695923447298225,8.50897715713263,3350.975875877763,28,0.27625,63.48460981367115,8.117006888629858,-0.4241909666666665,23966.510310233294,-7.108276066054317,PHL_C,1
Philippines,C,2022,31451727056.29,PHL,1.363962019132244,2.2354624026691323,7.63946525096298,3577.7013657324396,28,0.27625,72.42968361075991,8.182475796564232,-0.40206148333333314,24990.25705571356,-7.137723143833256,PHL_C,1
Philippines,D_E,2012,5862607875.43,PHL,0.057223887399433127,0.18741273986038337,2.14283906030847,2533.741419649587,34.1,0.122145,57.84200551330817,7.837452311337027,-0.3425087833333333,36862.7923651372,-5.0691471081668755,PHL_D_E,1
Philippines,D_E,2013,5709064447.35,PHL,0,0.21500306512388162,2.52046664370868,2654.415069339782,33.1,0.13207,55.82478123202985,7.883979596537222,-0.30800874999999983,42479.323802539104,-4.9007929858412,PHL_D_E,1
Philippines,D_E,2014,5161239227.2,PHL,0.11134968664210926,0.25857073226017097,2.79471929116667,2776.9200590947853,32.4,0.14445,57.46817208759447,7.929097700106275,-0.19322595000000004,45635.8201089842,-4.728239053091878,PHL_D_E,1
Philippines,D_E,2015,5517721531.23,PHL,0.23508623656194466,0.28475172072829436,2.75369633406674,2909.8581801030064,30.8,0.15683,59.141592105309414,7.97585962361814,-0.23699346666666632,49470.0083135741,-4.714353694685806,PHL_D_E,1
Philippines,D_E,2016,5499483033.7699995,PHL,0.345184174664469,0.2962219522807275,2.79705053563184,3076.3374186758983,28.6,0.21196,61.77606576538708,8.031495018587451,-0.3538303,53348.732387694756,-4.6355591557830085,PHL_D_E,1
Philippines,D_E,2017,5458148723.940001,PHL,0.2805900167561808,0.33733442609252023,3.14400726239576,3247.450387836204,27.8,0.26709,68.1683697426727,8.085625471395328,-0.3814649666666667,60927.7393652024,-4.495176388286135,PHL_D_E,1
Philippines,D_E,2018,7145299732.830001,PHL,0.0846529425965782,0.3408308126571692,3.46090446005956,3410.936479761091,27.6,0.32222,72.1633982990273,8.134742160070255,-0.382943966666665,66700.889725614,-4.673991747448073,PHL_D_E,1
Philippines,D_E,2019,6899296243.88,PHL,0.029021209524969224,0.3619834822567886,5.69730703529922,3575.8817092292174,26.9,0.25926,68.84184225956784,8.181967056671677,-0.3690284666666665,72710.16792754381,-4.5526934555315215,PHL_D_E,1
Philippines,D_E,2020,7003408968.89,PHL,0.0846529425965782,0.29850029473489526,7.08108894988907,3198.6669000841307,29.1,0.27625,58.16956030222815,8.070489408264836,-0.3640741,73012.02122836103,-4.563528203097148,PHL_D_E,1
Philippines,D_E,2021,7467351090.05,PHL,0.25809692858364264,0.28382839324086767,8.50897715713263,3350.975875877763,28,0.27625,63.48460981367115,8.117006888629858,-0.4241909666666665,77273.89546932536,-4.570939414410083,PHL_D_E,1
Philippines,D_E,2022,6800174360.9800005,PHL,0.0846529425965782,0.2258295224186616,7.63946525096298,3577.7013657324396,28,0.27625,72.42968361075991,8.182475796564232,-0.40206148333333314,81276.68867856704,-4.426844288838749,PHL_D_E,1
Qatar,C,2014,18919340109.88,QAT,0,2.3801603017175794,10.163849886313,71756.02657972484,0,0.50542,99.03431389527589,11.181027124237064,0.5728799000000002,30969.211581110878,-6.414946427926923,QAT_C,0
Qatar,C,2015,14388614010.989998,QAT,1.9203463665170188,2.478110917809011,9.79569741415571,68985.2433380102,0,0.51883,93.70767393708184,11.141647896040569,0.5559653333333335,32345.74725488776,-6.0977099272507225,QAT_C,0
Qatar,C,2016,13091709340.66,QAT,0,2.537391793410016,9.7607422100415,67294.35176881717,0.1,0.5229833333333334,89.54762314300974,11.116831585941686,0.5351780666666669,33103.76637960995,-5.98008737026741,QAT_C,0
Qatar,C,2017,14268939560.440002,QAT,1.363962019132244,2.666224323891241,9.47866948386398,64497.62425437365,0.1,0.5271366666666667,91.49455747858546,11.074383668839978,0.4381908666666667,32566.372750090362,-6.082560149930696,QAT_C,0
Qatar,C,2018,13681759890.119993,QAT,0.6783145041327373,2.6690315154066164,9.7027244524186,64410.71716287209,0,0.53129,91.83834327329396,11.073035313819458,0.39655483333333336,33225.41623068752,-6.02050369768455,QAT_C,0
Qatar,C,2019,13688014285.699999,QAT,0.6783145041327373,2.732828974573085,10.1746618292654,63430.37172854371,0.1,0.5810533333333333,90.04629341175591,11.057698075063927,0.46569245000000165,33119.95509276744,-6.024139885616033,QAT_C,0
Qatar,C,2020,11126900549.449999,QAT,0.6783145041327373,2.5261368647911433,10.5631961475008,57769.58360532838,0,0.6308166666666667,90.0189857283633,10.964217680948199,0.47626425,32746.167370659357,-5.828334999966279,QAT_C,0
Qatar,C,2021,16151412912.100004,QAT,1.0787860898410706,2.483187446112699,11.0795735105944,65488.54600403951,0,0.68058,92.77908976269632,11.089630536164437,0.5587202166666668,33961.11876565078,-6.164546507111582,QAT_C,0
Qatar,C,2022,21890705494.51,QAT,1.363962019132244,2.2354624026691323,12.6414412670206,64315.63556529518,0,0.68058,100.21364084561216,11.071558046533415,0.5913607166666668,32669.989166910993,-6.507360525053638,QAT_C,0
Qatar,D_E,2014,903873626.37,QAT,0,0.26046370525289664,10.163849886313,71756.02657972484,0,0.50542,99.03431389527589,11.181027124237064,0.5728799000000002,49397.920277733996,-2.9067812331149616,QAT_D_E,0
Qatar,D_E,2015,1004133516.48,QAT,0.16269569827115157,0.28613511542409653,9.79569741415571,68985.2433380102,0,0.51883,93.70767393708184,11.141647896040569,0.5559653333333335,51100.249933093,-2.978090887695578,QAT_D_E,0
Qatar,D_E,2016,1694887912.08,QAT,0,0.3025882757462982,9.7607422100415,67294.35176881717,0.1,0.5229833333333334,89.54762314300974,11.116831585941686,0.5351780666666669,51831.366821411,-3.4873763859668823,QAT_D_E,0
Qatar,D_E,2017,2528507142.86,QAT,0.0846529425965782,0.3408308126571692,9.47866948386398,64497.62425437365,0.1,0.5271366666666667,91.49455747858546,11.074383668839978,0.4381908666666667,52954.544121813,-3.86595045798173,QAT_D_E,0
Qatar,D_E,2018,1469616208.79,QAT,0.029021209524969224,0.3417030025196472,9.7027244524186,64410.71716287209,0,0.53129,91.83834327329396,11.073035313819458,0.39655483333333336,53662.815934632,-3.310036242257874,QAT_D_E,0
Qatar,D_E,2019,3464975824.17,QAT,0.029021209524969224,0.3619834822567886,10.1746618292654,63430.37172854371,0.1,0.5810533333333333,90.04629341175591,11.057698075063927,0.46569245000000165,55061.831651757995,-4.142004168818461,QAT_D_E,0
Qatar,D_E,2020,3720222802.2000003,QAT,0.029021209524969224,0.29941018026426564,10.5631961475008,57769.58360532838,0,0.6308166666666667,90.0189857283633,10.964217680948199,0.47626425,54926.596656347,-4.215541150934057,QAT_D_E,0
Qatar,D_E,2021,3513334065.93,QAT,0.057223887399433127,0.2875165989825674,11.0795735105944,65488.54600403951,0,0.68058,92.77908976269632,11.089630536164437,0.5587202166666668,56931.005230879004,-4.122480641825218,QAT_D_E,0
Qatar,D_E,2022,3662043131.87,QAT,0.0846529425965782,0.2258295224186616,12.6414412670206,64315.63556529518,0,0.68058,100.21364084561216,11.071558046533415,0.5913607166666668,52279.616995125994,-4.2491699406941414,QAT_D_E,0
Romania,C,2012,17031313073.06,ROU,2.3707609644015446,2.032365142781953,17.567519569459,8234.285534251936,21.5,0.46244,76.59432399136725,9.016061879194224,0.04680945,20174.702054372447,-6.738379428225009,ROU_C,0
Romania,C,2013,18251597020.010002,ROU,1.585598864237056,2.177598593899638,18.8919150905294,8287.95844089676,23.1,0.39022,81.39761317471827,9.022558950116128,0.11565866666666666,20997.26556676012,-6.767615644989234,ROU_C,0
Romania,C,2014,20626900654.639996,ROU,1.585598864237056,2.372647912956671,20.1139523323465,8661.47397274241,24.3,0.38207,83.37514295752013,9.066640191777969,0.18475428333333335,21628.28669604283,-6.860349332695875,ROU_C,0
Romania,C,2015,16568401716.880001,ROU,2.3707609644015446,2.4713018745245683,21.4489855804576,8977.017481581965,23.7,0.48796,83.5205767017155,9.102422977129413,0.26803135,21243.97264418408,-6.6591794344706425,ROU_C,0
Romania,C,2016,18170651581.869995,ROU,2.0533381690418,2.5261368647911433,22.4982986593906,9286.87678236598,24.4,0.48863,85.8925282906884,9.136357583933709,0.2484391500000002,20369.70155725948,-6.793514442019745,ROU_C,0
Romania,C,2017,20548393432.980007,ROU,1.7669146875429325,2.6634092298625895,24.148941859633,10106.226955725268,23.4,0.50693,87.15606456678009,9.220907043122473,0.21373540000000005,21025.72430756149,-6.884791383334296,ROU_C,0
Romania,C,2018,22942462446.260002,ROU,1.363962019132244,2.666224323891241,25.9702175828069,10714.170115712675,23,0.49698,87.0911701095809,9.27932245420478,0.16724666666666682,22087.607007942497,-6.9457280454657075,ROU_C,0
Romania,C,2019,22679094132.160004,ROU,1.363962019132244,2.7301955101789606,27.060557570268,11197.3162915853,23.5,0.47491,84.90636305847933,9.323429411747748,0.26594113333333336,22317.428744837547,-6.923830884508155,ROU_C,0
Romania,C,2020,21738330326.749996,ROU,1.585598864237056,2.521274274273604,29.314080636148,10854.04943188705,24.1,0.46414,78.36164635627091,9.292293508868282,0.27110755000000014,22822.11861643588,-6.859102175369213,ROU_C,0
Romania,C,2021,26436292323.590004,ROU,2.170701322122868,2.4730084868140474,31.6949603653045,11546.322499807226,23.6,0.47108,87.07119654601449,9.354122266965355,0.3196921833333333,24213.971904652088,-6.9955632363223375,ROU_C,0
Romania,C,2022,26051519950.530003,ROU,1.7669146875429325,2.231128291118639,33.2115600895132,12076.303381189637,23.6,0.46274,93.9496509383447,9.399000413166812,0.36086395,23336.138373472928,-7.017828230746676,ROU_C,0
Romania,D_E,2012,5596563058.650002,ROU,0.25809692858364264,0.18333542610553297,17.567519569459,8234.285534251936,21.5,0.46244,76.59432399136725,9.016061879194224,0.04680945,39753.0825623889,-4.94722056194832,ROU_D_E,0
Romania,D_E,2013,7408478035.960001,ROU,0.11134968664210926,0.2130219630444056,18.8919150905294,8287.95844089676,23.1,0.39022,81.39761317471827,9.022558950116128,0.11565866666666666,32176.0139251711,-5.439159038124787,ROU_D_E,0
Romania,D_E,2014,6555047138.47,ROU,0.11134968664210926,0.25857073226017097,20.1139523323465,8661.47397274241,24.3,0.38207,83.37514295752013,9.066640191777969,0.18475428333333335,31316.1191732057,-5.343857632851655,ROU_D_E,0
Romania,D_E,2015,4761004846.38,ROU,0.25809692858364264,0.28429016355128334,21.4489855804576,8977.017481581965,23.7,0.48796,83.5205767017155,9.102422977129413,0.26803135,32202.392937066197,-4.996173262522334,ROU_D_E,0
Romania,D_E,2016,4597944955.92,ROU,0.18741273986038337,0.29941018026426564,22.4982986593906,9286.87678236598,24.4,0.48863,85.8925282906884,9.136357583933709,0.2484391500000002,30289.376123520102,-5.022567705895628,ROU_D_E,0
Romania,D_E,2017,4269817189.04,ROU,0.1373522078753459,0.3399578614154197,24.148941859633,10106.226955725268,23.4,0.50693,87.15606456678009,9.220907043122473,0.21373540000000005,30739.203968374997,-4.933787450288486,ROU_D_E,0
Romania,D_E,2018,4981432747.0199995,ROU,0.0846529425965782,0.3408308126571692,25.9702175828069,10714.170115712675,23,0.49698,87.0911701095809,9.27932245420478,0.16724666666666682,29759.0844609251,-5.120338383435901,ROU_D_E,0
Romania,D_E,2019,4911389418.16,ROU,0.0846529425965782,0.36112881014956894,27.060557570268,11197.3162915853,23.5,0.47491,84.90636305847933,9.323429411747748,0.26594113333333336,27370.1921000622,-5.1898576163162895,ROU_D_E,0
Romania,D_E,2020,5570839907.330001,ROU,0.11134968664210926,0.2980450413223917,29.314080636148,10854.04943188705,24.1,0.46414,78.36164635627091,9.292293508868282,0.27110755000000014,21889.743119782903,-5.539282936398422,ROU_D_E,0
Romania,D_E,2021,5758485267.23,ROU,0.21153355659783168,0.28475172072829436,31.6949603653045,11546.322499807226,23.6,0.47108,87.07119654601449,9.354122266965355,0.3196921833333333,23827.7962026377,-5.487576937789198,ROU_D_E,0
Romania,D_E,2022,7898453121.75,ROU,0.1373522078753459,0.2248501282292937,33.2115600895132,12076.303381189637,23.6,0.46274,93.9496509383447,9.399000413166812,0.36086395,22746.9119448976,-5.8499928144111175,ROU_D_E,0
Russian Federation,C,2014,217930031993.97,RUS,4.860688543405967,2.0964968599871305,17.2161049931,9493.8125,3.3,1.07241,47.80134126281159,9.158395549600886,-0.6474429333333328,348251.55720091873,-6.439004251945402,RUS_C,0
Russian Federation,C,2015,155702247820.61,RUS,4.911970434379489,2.2224033040856663,18.4996930924804,9277.7138671875,3.2,1.10085,49.35934931168865,9.135370444912384,-0.7099961166666662,350254.7162665401,-6.097040144032012,RUS_C,0
Russian Federation,C,2016,149387568821.48,RUS,4.741053030794911,2.3302896071301893,18.8797858276626,9269.3193359375,3.4,1.10238,46.5181198396096,9.134465229320082,-0.6663048999999999,358451.1644038414,-6.0325069121309864,RUS_C,0
Russian Federation,C,2017,193827583399.69,RUS,5.212018852558994,2.365078660761188,21.2763636749444,9418.9140625,3.2,1.10967,46.87652433713111,9.150475080935776,-0.6110491999999998,366024.40261483815,-6.27202429252493,RUS_C,0
Russian Federation,C,2018,212467606342.57,RUS,4.9261520177315505,2.450592066640902,21.8962972283043,9674.787109375,3.2,0.99001,51.5809003703964,9.17727851345692,-0.5655408166666662,360800.02101918444,-6.378220968539861,RUS_C,0
Russian Federation,C,2019,219583606796.03998,RUS,4.9809488613553246,2.516387923385525,22.4233442134941,9882.0244140625,3.2,1.03531,49.22875366190334,9.198472669961488,-0.5448208499999997,392950.4116903413,-6.325804910536735,RUS_C,0
Russian Federation,C,2020,200114147563.21,RUS,4.70657587401967,2.326348376047592,23.1557041794102,9632.3251953125,3.7,1.09099,45.966908202912734,9.172879928950492,-0.5832692333333334,384994.0104008837,-6.253415443770876,RUS_C,0
Russian Federation,C,2021,232508338407.49,RUS,5.007260917071471,2.1889893722723492,23.7409106485411,10231.318359375,3.5,0.96602,50.586195462175176,9.233208722526568,-0.6117651166666664,410867.9393895614,-6.338409519975152,RUS_C,0
Russian Federation,C,2022,285746513861.49,RUS,4.144965249769553,2.094009026144064,24.6345568628262,10119.0625,3.5,0.91494,42.782786429481114,9.22217630021034,-0.8056978333333312,388879.72271849983,-6.59959028191177,RUS_C,0
Russian Federation,D_E,2017,48609871552.259995,RUS,1.8773144215895297,0.25667416912357444,21.2763636749444,9418.9140625,3.2,1.10967,46.87652433713111,9.150475080935776,-0.6110491999999998,829946.809254242,-4.070220294120859,RUS_D_E,0
Russian Federation,D_E,2018,46768475562.68,RUS,1.6393745835027986,0.27873479650420363,21.8962972283043,9674.787109375,3.2,0.99001,51.5809003703964,9.17727851345692,-0.5655408166666662,853171.0584237439,-4.004004591035914,RUS_D_E,0
Russian Federation,D_E,2019,46968305432.62,RUS,1.6840847628366755,0.29667803622833966,22.4233442134941,9882.0244140625,3.2,1.03531,49.22875366190334,9.198472669961488,-0.5448208499999997,863811.614866114,-3.995873594035997,RUS_D_E,0
Russian Federation,D_E,2020,43116124987.44001,RUS,1.4649776219497819,0.24713702101128335,23.1557041794102,9632.3251953125,3.7,1.09099,45.966908202912734,9.172879928950492,-0.5832692333333334,814862.580890773,-3.968632849141543,RUS_D_E,0
Russian Federation,D_E,2021,48725717252.94,RUS,1.7057119061545192,0.21549772800602307,23.7409106485411,10231.318359375,3.5,0.96602,50.586195462175176,9.233208722526568,-0.6117651166666664,884988.8437959971,-4.008387205648931,RUS_D_E,0
Russian Federation,D_E,2022,56240317579.89001,RUS,1.0593763315766802,0.19551783028791364,24.6345568628262,10119.0625,3.5,0.91494,42.782786429481114,9.22217630021034,-0.8056978333333312,906745.691494617,-4.127527146776748,RUS_D_E,0
Saudi Arabia,C,2012,71788781866.66,SAU,2.68018213567412,2.021711339105247,9.38625903064258,23643.035832464662,0,0.85824,81.74067854615997,10.070823882583976,-0.4093368166666648,169648.09111665757,-6.0477572621422,SAU_C,0
Saudi Arabia,C,2013,74742814400.03,SAU,2.7445944880829876,2.152072578911101,13.302899519935654,23057.349446853543,0,0.79069,80.25150142867832,10.045739845623244,-0.434158066666665,170169.1574894956,-6.085015371826668,SAU_C,0
Saudi Arabia,C,2014,80008476800,SAU,2.537391793410016,2.357451677729916,17.219540009228727,23404.730603982465,0,0.74576,78.00011111773601,10.06069344347705,-0.4135062833333315,188979.2415829096,-6.048250691909744,SAU_C,0
Saudi Arabia,C,2015,79607457066.66,SAU,2.537391793410016,2.4678798874376,21.1361804985218,23256.154955353068,0,0.70083,67.10526923005925,10.054325105243391,-0.3566863833333332,192321.01186814584,-6.025697136475942,SAU_C,0
Saudi Arabia,C,2016,79388092799.98001,SAU,2.916145860823268,2.5081905690794266,20.82681485606,22783.032853868543,0,0.6559,57.92166351103645,10.033771364832358,-0.28499541666666484,180457.87567858672,-6.086606296458946,SAU_C,0
Saudi Arabia,C,2017,93445570666.67,SAU,2.6113334375305657,2.6520689305391207,21.6139435772426,23035.1199977707,0,0.61097,59.53197915782293,10.04477528672353,-0.37262149999999816,172597.64567305156,-6.294171275673351,SAU_C,0
Saudi Arabia,C,2018,96747167999.98999,SAU,2.45754310014947,2.6549160846149356,22.4661479201746,24393.5188306638,0,0.56604,59.10291046971411,10.102072754303496,-0.32341428333333333,170168.44388961946,-6.343067546250175,SAU_C,0
Saudi Arabia,C,2019,104122305694.66,SAU,2.8051077713294736,2.7129068411410144,22.3213703520821,24905.669742855847,0,0.52111,56.79382048865131,10.122850757049271,-0.2661170166666648,169790.588300493,-6.418755659259638,SAU_C,0
Saudi Arabia,C,2020,95672110909.87001,SAU,2.170701322122868,2.5147538194415944,25.4596763527151,22827.671935547995,0.1,0.47618,47.53315922504798,10.03572876041035,-0.2789860333333317,165662.01980128503,-6.358732425374064,SAU_C,0
Saudi Arabia,C,2021,128254506784.82002,SAU,3.0625319085748495,2.450592066640902,33.7973610185654,24922.671694894445,0.1,0.39379,50.88392633987874,10.123533178025278,-0.19031499999999998,169283.05803048372,-6.630199689606331,SAU_C,0
Saudi Arabia,C,2022,159397470709.07007,SAU,2.68018213567412,2.211388916975623,41.8230078726101,26706.91792606596,0.1,0.41439,56.824164774933216,10.19267790918269,-0.08134633333333166,175790.17645634964,-6.809865073038758,SAU_C,0
Saudi Arabia,D_E,2015,9616896000,SAU,0.3025882757462982,0.28336640960011916,21.1361804985218,23256.154955353068,0,0.70083,67.10526923005925,10.054325105243391,-0.3566863833333332,261043.45218131097,-3.606589953551631,SAU_D_E,0
Saudi Arabia,D_E,2016,10853705866.67,SAU,0.4252910747657279,0.2943955335141007,20.82681485606,22783.032853868543,0,0.6559,57.92166351103645,10.033771364832358,-0.28499541666666484,271315.329113486,-3.6889801346696687,SAU_D_E,0
Saudi Arabia,D_E,2018,10778809066.66,SAU,0.2805900167561808,0.33733442609252023,22.4661479201746,24393.5188306638,0,0.56604,59.10291046971411,10.102072754303496,-0.32341428333333333,261867.609394823,-3.7174982937721364,SAU_D_E,0
Serbia,C,2012,6172583648.48,SRB,0,2.0585134098209066,14.8105248871613,5739.307502353201,19.5,0.81922,82.07668143482539,8.655093837846179,-0.19812814999999967,0,-Inf,SRB_C,0
Serbia,C,2013,7800585090.870002,SRB,1.0787860898410706,2.1821704869779497,16.4163582396862,5793.336145255651,20,0.65574,84.33225637666382,8.664463595523248,-0.15794993333333301,0,-Inf,SRB_C,0
Serbia,C,2014,7042226847.440001,SRB,0,2.3801603017175794,16.7418077691238,5716.540471535061,23.2,0.69287,88.38150232704456,8.651119088732186,0.01916773333333334,0,-Inf,SRB_C,0
Serbia,C,2015,5830937313.189999,SRB,0,2.4882383333893796,18.6568767159217,5820.321557688796,21.2,0.77867,93.52814776632373,8.669110789661225,0.010579000000000009,0,-Inf,SRB_C,0
Serbia,C,2016,6027149819.9800005,SRB,1.363962019132244,2.532583755214284,20.6094025912635,6024.957546537837,20.9,0.80779,97.6906940431804,8.703665712116244,-0.017730050000000004,0,-Inf,SRB_C,0
Serbia,C,2017,6665161917.860002,SRB,1.585598864237056,2.664817767470887,21.1492657800305,6200.261185921522,20,0.83834,102.74044516693428,8.732346696907411,-0.047943549999999835,0,-Inf,SRB_C,0
Serbia,C,2018,7356731407.18,SRB,0.6783145041327373,2.6690315154066164,22.2890953800272,6524.080297551915,21,0.88154,105.56371302855916,8.783255271689674,-0.05291483333333299,0,-Inf,SRB_C,0
Serbia,C,2019,8454196384.400002,SRB,1.0787860898410706,2.7315131092676115,23.4424592934158,6870.7581089629575,21.4,0.84798,107.57730954609184,8.83502972977784,-0.07012235,0,-Inf,SRB_C,0
Serbia,C,2020,8295010904.969999,SRB,0.6783145041327373,2.5261368647911433,25.1834994361532,6850.967421688337,26,0.86478,100.32446081012915,8.832145150727884,-0.1092383,0,-Inf,SRB_C,0
Serbia,C,2021,9576107452.86,SRB,1.585598864237056,2.479805958983304,26.4794202826056,7465.676010771475,27.2,0.94784,112.34229832494528,8.918071263243812,-0.1418079,0,-Inf,SRB_C,0
Serbia,C,2022,9910895590.209997,SRB,0.6783145041327373,2.2397778107305504,29.3457941392192,7862.953873648459,27.2,0.91938,131.91329228351623,8.969917625720775,-0.11812739999999984,0,-Inf,SRB_C,0
Serbia,D_E,2012,1674432240.8699996,SRB,0,0.18842947600817259,14.8105248871613,5739.307502353201,19.5,0.81922,82.07668143482539,8.655093837846179,-0.19812814999999967,0,-Inf,SRB_D_E,0
Serbia,D_E,2013,2176145718.66,SRB,0.057223887399433127,0.21401300467974446,16.4163582396862,5793.336145255651,20,0.65574,84.33225637666382,8.664463595523248,-0.15794993333333301,0,-Inf,SRB_D_E,0
Serbia,D_E,2014,1816088127.59,SRB,0,0.26046370525289664,16.7418077691238,5716.540471535061,23.2,0.69287,88.38150232704456,8.651119088732186,0.01916773333333334,0,-Inf,SRB_D_E,0
Serbia,D_E,2015,2029630171.93,SRB,0,0.28889617667683326,18.6568767159217,5820.321557688796,21.2,0.77867,93.52814776632373,8.669110789661225,0.010579000000000009,0,-Inf,SRB_D_E,0
Serbia,D_E,2016,2093763735.4399998,SRB,0.0846529425965782,0.3012274714080819,20.6094025912635,6024.957546537837,20.9,0.80779,97.6906940431804,8.703665712116244,-0.017730050000000004,0,-Inf,SRB_D_E,0
Serbia,D_E,2017,2098485685.38,SRB,0.11134968664210926,0.34039443229177524,21.1492657800305,6200.261185921522,20,0.83834,102.74044516693428,8.732346696907411,-0.047943549999999835,0,-Inf,SRB_D_E,0
Serbia,D_E,2018,2290670854.72,SRB,0.029021209524969224,0.3417030025196472,22.2890953800272,6524.080297551915,21,0.88154,105.56371302855916,8.783255271689674,-0.05291483333333299,0,-Inf,SRB_D_E,0
Serbia,D_E,2019,2203270274.1,SRB,0.057223887399433127,0.3615562375112274,23.4424592934158,6870.7581089629575,21.4,0.84798,107.57730954609184,8.83502972977784,-0.07012235,0,-Inf,SRB_D_E,0
Serbia,D_E,2020,2313727519.91,SRB,0.029021209524969224,0.29941018026426564,25.1834994361532,6850.967421688337,26,0.86478,100.32446081012915,8.832145150727884,-0.1092383,0,-Inf,SRB_D_E,0
Serbia,D_E,2021,1597464580.64,SRB,0.11134968664210926,0.28659582203132816,26.4794202826056,7465.676010771475,27.2,0.94784,112.34229832494528,8.918071263243812,-0.1418079,0,-Inf,SRB_D_E,0
Serbia,D_E,2022,1575258459.92,SRB,0.029021209524969224,0.2268079583335033,29.3457941392192,7862.953873648459,27.2,0.91938,131.91329228351623,8.969917625720775,-0.11812739999999984,0,-Inf,SRB_D_E,0
Thailand,C,2016,75111252748.64998,THA,1.585598864237056,2.5309759248947685,10.187716904417,5857.780529359259,22.4,0.77829,120.5752272891298,8.675526061571343,-0.40896729999999804,79926.13007693696,-6.845622829330806,THA_C,1
Thailand,C,2021,162560966265.51004,THA,2.2757258047372404,2.4713018745245683,17.3168855632327,6121.526965297128,19,1.20822,117.252944620852,8.719566848518909,-0.3100672666666667,85873.91218285172,-7.54592830439547,THA_C,1
Thailand,D_E,2016,249005207.27,THA,0.11134968664210926,0.3007734581421315,10.187716904417,5857.780529359259,22.4,0.77829,120.5752272891298,8.675526061571343,-0.40896729999999804,110647.668633853,-0.8111228124365966,THA_D_E,1
Thailand,D_E,2021,618857417.62,THA,0.23508623656194466,0.28429016355128334,17.3168855632327,6121.526965297128,19,1.20822,117.252944620852,8.719566848518909,-0.3100672666666667,100257.412252033,-1.8201339019202092,THA_D_E,1
Tunisia,C,2012,6032081257.5599985,TUN,1.363962019132244,2.050740470207298,4.78950869178639,3900.046201327017,13,0.64937,101.55072392966808,8.268743678541675,-0.17122581666666634,7723.977574273239,-6.660517919498449,TUN_C,0
Tunisia,C,2013,6069090835.969999,TUN,0.6783145041327373,2.184448619005555,4.66714973152741,3947.587635331742,13.2,0.637,98.9549566862038,8.280859946094077,-0.2563033666666665,7898.3271796538875,-6.6443131052893145,TUN_C,0
Tunisia,C,2014,6018229601.0199995,TUN,0,2.3801603017175794,5.03392320650315,4021.5995470359144,12.9,0.61988,96.10710385587004,8.299434999745555,-0.1611678666666665,9010.03679206218,-6.504209253760106,TUN_C,0
Tunisia,C,2015,5481082305.74,TUN,0.6783145041327373,2.4865575373112585,5.03388625276524,4014.9477368643215,12.5,0.59413,87.24853065960522,8.29777960932586,-0.16676874999999983,9183.46271055735,-6.391653526393209,TUN_C,0
Tunisia,C,2016,6282777312.990001,TUN,0.6783145041327373,2.5357916812188424,5.55369160408213,4015.288938027026,12.4,0.56539,87.09266436414659,8.29786458843089,-0.20930704999999997,8764.461228763266,-6.5748623609882895,TUN_C,0
Tunisia,C,2017,6140845448.820001,TUN,0,2.670432161562471,6.8819804955977,4062.8060653451903,11.8,0.69953,95.8091979825804,8.309629162962034,-0.14116188333333315,8349.736341097028,-6.600487744461914,TUN_C,0
Tunisia,C,2018,6359840520.900002,TUN,0.6783145041327373,2.6690315154066164,8.6185014951323,4127.970056979944,11.9,0.71645,103.8718242606352,8.325541053496512,-0.0907774,8012.527132432233,-6.67675237218554,TUN_C,0
Tunisia,C,2019,6165623656.099999,TUN,1.363962019132244,2.7301955101789606,10.0541966829532,4153.279786155147,12.2,0.74658,102.33261472578928,8.331653611011207,-0.09961998333333329,8125.379552898515,-6.631752129916787,TUN_C,0
Tunisia,C,2020,5935251289.379999,TUN,0,2.5277524880565583,11.1467984493476,3749.268414529278,12.9,0.74658,84.3333297071767,8.229316010473173,-0.08330338333333331,7277.065542281527,-6.703936950300194,TUN_C,0
Tunisia,C,2021,6927987160.97,TUN,0,2.4865575373112585,12.4220429522978,3902.5332299019938,11.6,0.74658,93.6334140664079,8.269381167382672,-0.18332759999999979,8624.66793736957,-6.688698134870679,TUN_C,0
Tunisia,C,2022,7061181316.949998,TUN,0.6783145041327373,2.2397778107305504,13.9309222767522,3986.545583256664,11.6,0.74658,116.09579438414566,8.290680366282462,-0.34616174999999966,8719.0193018033,-6.696860875630336,TUN_C,0
Türkiye,C,2012,74836558520.84998,TUR,2.7445944880829876,2.0190300583020218,10.4644431033188,9588.320665314382,13,0.82595,53.32776129686072,9.16830103943749,-0.03445583333333332,95059.71689559035,-6.668556501825839,TUR_C,0
Türkiye,C,2013,87319450225.53,TUR,2.8051077713294736,2.1497193947511435,11.640102340966,10269.448914077338,13.8,0.81206,53.06835300430433,9.236928641704614,-0.08874084999999997,89787.77748964036,-6.879879656643885,TUR_C,0
Türkiye,C,2014,88555513194.16,TUR,2.537391793410016,2.357451677729916,11.3618631179594,10597.980188171632,11.5,0.8564,54.30677404127998,9.268418713657832,-0.15099209999999996,91611.13378625679,-6.873832089897832,TUR_C,0
Türkiye,C,2015,86073229366.89,TUR,2.6113334375305657,2.466164492604266,11.8786301825878,11064.649450466248,13.3,0.96732,51.87492525968317,9.311510571049386,-0.28809488333333166,94250.41064588462,-6.816998533873574,TUR_C,0
Türkiye,C,2016,90313597511.68999,TUR,2.9673594376716714,2.506543003666782,12.859061240418,11279.616953156876,13.2,1.11979,48.87018380798705,9.330752566421994,-0.46109859999999997,97618.96773673502,-6.829971493491544,TUR_C,0
Türkiye,C,2017,93751163574.88998,TUR,3.841944213169906,2.6023842488378977,14.3528880563786,12005.645982483236,11.4,1.17632,56.135658515868904,9.393132316660674,-0.45689401666666485,117831.08851090795,-6.679147209560887,TUR_C,0
Türkiye,C,2018,92784683536.9,TUR,4.585532188260141,2.519648142138246,15.8823338271459,12255.008214616912,11.8,1.27093,62.825132385116525,9.413689966269366,-0.48606238333333335,121994.92006506148,-6.6340574520032405,TUR_C,0
Türkiye,C,2019,84725544263.92,TUR,4.994191427251593,2.5131170408306844,16.6733436685105,12238.295022012751,14.1,1.3196,62.57845893262392,9.412325250776592,-0.44690135,108977.23320430434,-6.656033429615176,TUR_C,0
Türkiye,C,2020,91976599994.56001,TUR,4.555388343030641,2.357451677729916,19.4384064376386,12338.643833135042,13.7,1.36748,60.38985311729702,9.42049139134983,-0.5202743666666665,124410.2185092959,-6.605705156504786,TUR_C,0
Türkiye,C,2021,126560426578.76,TUR,4.413119454147003,2.3342153658704676,20.9211211378579,13670.938029516012,12,1.40209,69.60889760864374,9.52302754693335,-0.541313983333333,136323.20486325608,-6.833446580902873,TUR_C,0
Türkiye,C,2022,129493716724.73997,TUR,4.364934972509268,2.0533381690418,21.8230372591075,14273.574765487305,12,1.32342,79.89827223143409,9.566165188242875,-0.5828082666666663,135280.24709112974,-6.8640391083395516,TUR_C,0
Türkiye,D_E,2012,13052020888.809998,TUR,0.36582049291289614,0.18077863698707952,10.4644431033188,9588.320665314382,13,0.82595,53.32776129686072,9.16830103943749,-0.03445583333333332,127048.34591054,-4.632130567661114,TUR_D_E,0
Türkiye,D_E,2013,15135535264.199999,TUR,0.38603954976139865,0.20705499879287467,11.640102340966,10269.448914077338,13.8,0.81206,53.06835300430433,9.236928641704614,-0.08874084999999997,121343.778438514,-4.8261729255214325,TUR_D_E,0
Türkiye,D_E,2014,11892020130.54,TUR,0.3025882757462982,0.254774002199354,11.3618631179594,10597.980188171632,11.5,0.8564,54.30677404127998,9.268418713657832,-0.15099209999999996,139017.85236942,-4.4490205177004905,TUR_D_E,0
Türkiye,D_E,2015,13565145012.489998,TUR,0.32411300938675774,0.28290421243183617,11.8786301825878,11064.649450466248,13.3,0.96732,51.87492525968317,9.311510571049386,-0.28809488333333166,134444.40982682,-4.614108111462439,TUR_D_E,0
Türkiye,D_E,2016,16068489915.060001,TUR,0.4443538032989077,0.2939384071264332,12.859061240418,11279.616953156876,13.2,1.11979,48.87018380798705,9.330752566421994,-0.46109859999999997,147748.044425794,-4.68910706462086,TUR_D_E,0
Türkiye,D_E,2017,13902010349.18,TUR,0.8687722536740539,0.3214476191662888,14.3528880563786,12005.645982483236,11.4,1.17632,56.135658515868904,9.393132316660674,-0.45689401666666485,159774.585615614,-4.466024756114974,TUR_D_E,0
Türkiye,D_E,2018,13340111712.440002,TUR,1.3723584131474789,0.29758958055981805,15.8823338271459,12255.008214616912,11.8,1.27093,62.825132385116525,9.413689966269366,-0.48606238333333335,160456.116823923,-4.420510203922441,TUR_D_E,0
Türkiye,D_E,2019,15047481226.85,TUR,1.6949568000221937,0.29576566022563017,16.6733436685105,12238.295022012751,14.1,1.3196,62.57845893262392,9.412325250776592,-0.44690135,150889.21456925,-4.6024200066366125,TUR_D_E,0
Türkiye,D_E,2020,15649476149.68,TUR,1.3497090941871814,0.254774002199354,19.4384064376386,12338.643833135042,13.7,1.36748,60.38985311729702,9.42049139134983,-0.5202743666666665,144915.629014519,-4.682041018340369,TUR_D_E,0
Türkiye,D_E,2021,15695810133.16,TUR,1.2451627249087662,0.24905174109097464,20.9211211378579,13670.938029516012,12,1.40209,69.60889760864374,9.52302754693335,-0.541313983333333,158543.589672512,-4.595119516006069,TUR_D_E,0
Türkiye,D_E,2022,21925556673.559998,TUR,1.210664643462053,0.18741273986038337,21.8230372591075,14273.574765487305,12,1.32342,79.89827223143409,9.566165188242875,-0.5828082666666663,174054.924924369,-4.83603729692906,TUR_D_E,0
Ukraine,C,2012,27682279716.410007,UKR,3.016077470972267,2.005514743247205,8.03755151150735,2426.92944335938,2.9,0.72363,102.6227883566263,7.794382133758643,-0.631781783333333,87428.74601161569,-5.7577236357172215,UKR_C,0
Ukraine,C,2013,23993106468.160007,UKR,3.0625319085748495,2.137869688117432,8.85842948316205,2432.41625976563,3.5,0.733,94.0016694501782,7.7966403878830555,-0.7741823499999997,83760.36819460866,-5.65756187519689,UKR_C,0
Ukraine,C,2014,23207143403.39,UKR,2.8051077713294736,2.3497660764618478,9.3062102695115,2308.6435546875,3.5,0.65034,100.6917824836239,7.744415425280027,-0.8535136166666647,78427.42497007476,-5.690041741100345,UKR_C,0
Ukraine,C,2015,13941410405.380001,UKR,2.3707609644015446,2.4713018745245683,11.6437042355302,2094.47387695313,4.2,0.61477,107.80661629815584,7.647057668097867,-0.8163728999999998,63079.68552943278,-5.398220079236408,UKR_C,0
Ukraine,C,2016,13113577553.319998,UKR,2.9673594376716714,2.506543003666782,12.0342584918375,2156.0830078125,5.5,0.48339,105.52120491312238,7.676048432128427,-0.7432636166666666,58006.24096355391,-5.4208528193155345,UKR_C,0
Ukraine,C,2017,16769165960.49,UKR,2.9673594376716714,2.643478505058209,12.3535432124088,2217.7529296875,6.5,0.44878,104.03498291139856,7.704249768417747,-0.6836793166666664,49459.75564674341,-5.826137797901419,UKR_C,0
Ukraine,C,2018,17528065301.2,UKR,3.0625319085748495,2.6405985522828526,12.8032560497243,2308.6669921875,6.9,0.47113,99.1998150718675,7.744425577293742,-0.6165367166666664,53605.333084934806,-5.789910045824213,UKR_C,0
Ukraine,C,2019,18365208019.269993,UKR,2.2757258047372404,2.7222532487318096,16.1591311845578,2398.07836914063,7.4,0.43384,90.51123429107628,7.782423016096244,-0.4969051999999998,55083.16476209585,-5.809369155366316,UKR_C,0
Ukraine,C,2020,19809371216.72,UKR,1.9203463665170188,2.5180193613895865,18.617022844321,2324.107421875,8.7,0.40318,79.15645237618149,7.751091339741339,-0.493786983333333,55790.787605462385,-5.872301639407186,UKR_C,0
Ukraine,C,2021,26805719435.78,UKR,0.6783145041327373,2.484873911400643,18.2677942438439,2426.6123046875,8.9,0.38478,82.69796136344999,7.794251450357203,-0.5045089666666663,55999.7297151351,-6.171023691304672,UKR_C,0
Ukraine,C,2022,14158723148.4,UKR,1.363962019132244,2.2354624026691323,17.5398140646824,1874.66296386719,8.9,0.32673,87.39651399072439,7.53618416964291,-0.5909324666666645,39054.69905009964,-5.893122986810667,UKR_C,0
Ukraine,D_E,2012,9608399619.130001,UKR,0.4630599313938217,0.17821529393743074,8.03755151150735,2426.92944335938,2.9,0.72363,102.6227883566263,7.794382133758643,-0.631781783333333,140162.33008874347,-4.227591703685812,UKR_D_E,0
Ukraine,D_E,2013,8528712623.539999,UKR,0.48142255604737333,0.20455821690705797,8.85842948316205,2432.41625976563,3.5,0.733,94.0016694501782,7.7966403878830555,-0.7741823499999997,136603.47765684887,-4.1341113002111705,UKR_D_E,0
Ukraine,D_E,2014,8297537600.76,UKR,0.38603954976139865,0.2528702177658314,9.3062102695115,2308.6435546875,3.5,0.65034,100.6917824836239,7.744415425280027,-0.8535136166666647,115848.7030505543,-4.271429019420183,UKR_D_E,0
Ukraine,D_E,2016,6068019775.4,UKR,0.4443538032989077,0.2939384071264332,12.0342584918375,2156.0830078125,5.5,0.48339,105.52120491312238,7.676048432128427,-0.7432636166666666,105284.68189978099,-4.0541196619074,UKR_D_E,0
Ukraine,D_E,2017,5820629895.41,UKR,0.4443538032989077,0.333825771903965,12.3535432124088,2217.7529296875,6.5,0.44878,104.03498291139856,7.704249768417747,-0.6836793166666664,86256.4867424955,-4.211838502628902,UKR_D_E,0
Ukraine,D_E,2018,5489386000.81,UKR,0.48142255604737333,0.33294668143690415,12.8032560497243,2308.6669921875,6.9,0.47113,99.1998150718675,7.744425577293742,-0.6165367166666664,90932.71515384229,-4.100451849571515,UKR_D_E,0
Ukraine,D_E,2019,10423752015.23,UKR,0.23508623656194466,0.358560402281617,16.1591311845578,2398.07836914063,7.4,0.43384,90.51123429107628,7.782423016096244,-0.4969051999999998,83059.997955473,-4.832279115144246,UKR_D_E,0
Ukraine,D_E,2020,7568833102.02,UKR,0.16269569827115157,0.29713391225820884,18.617022844321,2324.107421875,8.7,0.40318,79.15645237618149,7.751091339741339,-0.493786983333333,80680.17146606781,-4.541301348519037,UKR_D_E,0
Ukraine,D_E,2021,12984419076.79,UKR,0.029021209524969224,0.2879766697169065,18.2677942438439,2426.6123046875,8.9,0.38478,82.69796136344999,7.794251450357203,-0.5045089666666663,70914.4313523312,-5.210031427082064,UKR_D_E,0
Ukraine,D_E,2022,9584524935.78,UKR,0.0846529425965782,0.2258295224186616,17.5398140646824,1874.66296386719,8.9,0.32673,87.39651399072439,7.53618416964291,-0.5909324666666645,49464.788601858905,-5.266644015877805,UKR_D_E,0
Uruguay,C,2012,5125928087.920001,URY,0.6783145041327373,2.0559291373172575,17.4092710291806,15949.317698543451,47.9,0.30808,55.06115416337678,9.67717132977722,0.8675452833333333,1000.0079436359949,-8.542058934333145,URY_C,0
Uruguay,C,2013,4628243402.449999,URY,0.6783145041327373,2.184448619005555,22.0329969745948,16639.40547506506,51.9,0.29118,49.71784647462325,9.71952898507496,0.8939975,1047.1633194559035,-8.393847772630128,URY_C,0
Uruguay,C,2014,4782822068.919998,URY,1.0787860898410706,2.3764111618186483,25.0350829208297,17122.03645632247,56.7,0.31707,49.0876240632174,9.748121594509513,0.95504395,1137.3178737183566,-8.344113294253754,URY_C,0
Uruguay,C,2018,5460868829.51,URY,0,2.670432161562471,28.7930537740968,17608.944119503696,60.8,0.50484,47.79131048064754,9.776162240550308,0.9528076,1245.193319476482,-8.386072387813158,URY_C,0
Uruguay,C,2019,4500942932.710001,URY,0,2.734143110652236,29.8012543248776,17758.43843729862,59.3,0.56805,49.744834115963606,9.784616086852678,0.99744665,1158.241263676055,-8.2651394918167,URY_C,0
Uruguay,C,2020,3603637887.72,URY,0.6783145041327373,2.5261368647911433,31.2948224284548,16443.36350008429,61.2,0.67606,47.731873318208784,9.707677240146536,1.0457745833333334,1175.4668800749753,-8.028033725154565,URY_C,0
Uruguay,C,2021,4916933387.619999,URY,0,2.4865575373112585,32.5451063460216,17416.005220886917,57.8,0.61467,58.31504102303376,9.765144902689656,1.0867007499999999,1423.6168058758149,-8.14723964017859,URY_C,0
Uruguay,C,2022,5472511655.78,URY,0,2.241928551263,33.4865565704576,18228.355844376107,57.8,0.62206,61.03079510438214,9.810733674048398,1.1200018166666665,1423.319044301956,-8.254501459886972,URY_C,0
Uruguay,D_E,2012,584929792.25,URY,0.029021209524969224,0.18792123715332168,17.4092710291806,15949.317698543451,47.9,0.30808,55.06115416337678,9.67717132977722,0.8675452833333333,3265.52484707342,-5.188071327485748,URY_D_E,0
Uruguay,D_E,2018,1392154238.38,URY,0,0.3421388123484751,28.7930537740968,17608.944119503696,60.8,0.50484,47.79131048064754,9.776162240550308,0.9528076,760.0688743813,-7.512953863811989,URY_D_E,0
Uruguay,D_E,2019,1200903006.6,URY,0,0.36241054454222965,29.8012543248776,17758.43843729862,59.3,0.56805,49.744834115963606,9.784616086852678,0.99744665,613.27549819192,-7.579770076205407,URY_D_E,0
Uruguay,D_E,2020,904519100.02,URY,0.029021209524969224,0.29941018026426564,31.2948224284548,16443.36350008429,61.2,0.67606,47.731873318208784,9.707677240146536,1.0457745833333334,929.45970794925,-6.880555242124907,URY_D_E,0
Uruguay,D_E,2021,1438401686.35,URY,0,0.28843652888349725,32.5451063460216,17416.005220886917,57.8,0.61467,58.31504102303376,9.765144902689656,1.0867007499999999,1169.11258305736,-7.115042851093852,URY_D_E,0
Uruguay,D_E,2022,1085046646.42,URY,0,0.22729681752362504,33.4865565704576,18228.355844376107,57.8,0.62206,61.03079510438214,9.810733674048398,1.1200018166666665,1169.11258305736,-6.833133272140744,URY_D_E,0
Viet Nam,C,2012,34340005245.18,VNM,0,2.0585134098209066,5.33498939497012,2224.1140425325566,37.9,0.224435,123.2241167459847,7.707113932172952,-0.526296083333333,68992.7356794902,-6.210065068146488,VNM_C,1
Viet Nam,C,2013,39993684597.81999,VNM,0,2.186721572941767,5.68885880294,2320.0843144493388,37.4,0.29932,130.84635486674253,7.749358806435045,-0.5087075499999997,72457.65777070182,-6.3134744750771175,VNM_C,1
Viet Nam,C,2014,54322029023.60999,VNM,0.6783145041327373,2.3782874887733327,6.54510757019409,2439.2865574442344,36.7,0.327805,135.410521454361,7.799460881041576,-0.40645879999999984,79614.36334445955,-6.525490594096062,VNM_C,1
Viet Nam,C,2015,52436022801.100006,VNM,0,2.4882383333893796,8.24967739226207,2577.568853401125,27.8,0.35629,144.9142281952372,7.854601928784032,-0.3196872333333332,63837.51223961666,-6.711008108449788,VNM_C,1
Viet Nam,C,2016,59885673479.240005,VNM,0.6783145041327373,2.5357916812188424,9.679017739946,2715.57887431272,26.8,0.38761999999999996,145.40950797311808,7.906760423016145,-0.2856229833333315,70342.19093165509,-6.746820807232201,VNM_C,1
Viet Nam,C,2017,69493650780.06999,VNM,0,2.670432161562471,11.8410316814328,2868.1368001337887,28.3,0.41895,160.9800836588696,7.961417899373378,-0.318071066666665,75350.53960964059,-6.826839585274935,VNM_C,1
Viet Nam,C,2018,80724099915.32002,VNM,0,2.670432161562471,13.5025072757898,3048.283276021446,24.3,0.41773499999999997,164.66393677589295,8.022333850815285,-0.34877574999999994,99644.17492704093,-6.697186855925791,VNM_C,1
Viet Nam,C,2019,87284185478.68,VNM,0,2.734143110652236,15.2328957557438,3241.0764896652886,20.4,0.41652,164.70421503140798,8.083660803500294,-0.3073480333333315,116066.86585912327,-6.622758119116283,VNM_C,1
Viet Nam,C,2020,89683760497.99,VNM,0.6783145041327373,2.5261368647911433,17.0262915402718,3303.16949807493,18.9,0.42073,163.24586281493492,8.102637740475883,-0.2905967333333315,137042.8286565333,-6.483751494366674,VNM_C,1
Viet Nam,C,2021,101993627439.57999,VNM,1.363962019132244,2.481498131854221,19.5362327330994,3358.217347647143,24.2,0.42494,186.6758328368143,8.119165560869618,-0.3082210999999998,139940.7842179629,-6.591446250971524,VNM_C,1
Viet Nam,C,2022,118012467170.83002,VNM,1.0787860898410706,2.237622434541377,21.3681380805533,3617.663114650119,24.2,0.42494,183.15361914783583,8.193583547924511,-0.33282674999999984,140480.77409866202,-6.733474911601858,VNM_C,1
Viet Nam,D_E,2012,10103030218.910002,VNM,0,0.18842947600817259,5.33498939497012,2224.1140425325566,37.9,0.224435,123.2241167459847,7.707113932172952,-0.526296083333333,41466.207293738,-5.495711866055789,VNM_D_E,1
Viet Nam,D_E,2013,11486181027.710001,VNM,0,0.21500306512388162,5.68885880294,2320.0843144493388,37.4,0.29932,130.84635486674253,7.749358806435045,-0.5087075499999997,44462.823878845,-5.554246520464212,VNM_D_E,1
Viet Nam,D_E,2014,18337723685.38,VNM,0.029021209524969224,0.25999079783747353,6.54510757019409,2439.2865574442344,36.7,0.327805,135.410521454361,7.799460881041576,-0.40645879999999984,53014.22850061,-5.846155280827004,VNM_D_E,1
Viet Nam,D_E,2015,12777374185.289999,VNM,0,0.28889617667683326,8.24967739226207,2577.568853401125,27.8,0.35629,144.9142281952372,7.854601928784032,-0.3196872333333332,84023.129063311,-5.024339137076931,VNM_D_E,1
Viet Nam,D_E,2016,20375858828.300003,VNM,0.029021209524969224,0.3021348800233772,9.679017739946,2715.57887431272,26.8,0.38761999999999996,145.40950797311808,7.906760423016145,-0.2856229833333315,97414.249329358,-5.34313359133882,VNM_D_E,1
Viet Nam,D_E,2017,21507256773.33,VNM,0,0.3421388123484751,11.8410316814328,2868.1368001337887,28.3,0.41895,160.9800836588696,7.961417899373378,-0.318071066666665,93676.266124173,-5.436300820782328,VNM_D_E,1
Viet Nam,D_E,2018,24639197564.810005,VNM,0,0.3421388123484751,13.5025072757898,3048.283276021446,24.3,0.41773499999999997,164.66393677589295,8.022333850815285,-0.34877574999999994,120542.64713903,-5.320090242271258,VNM_D_E,1
Viet Nam,D_E,2019,27575501023.980003,VNM,0,0.36241054454222965,15.2328957557438,3241.0764896652886,20.4,0.41652,164.70421503140798,8.083660803500294,-0.3073480333333315,153919.87754604,-5.188250822109062,VNM_D_E,1
Viet Nam,D_E,2020,30390403205.98,VNM,0.029021209524969224,0.29941018026426564,17.0262915402718,3303.16949807493,18.9,0.42073,163.24586281493492,8.102637740475883,-0.2905967333333315,150880.80732156,-5.305391983918327,VNM_D_E,1
Viet Nam,D_E,2021,29534770925.36,VNM,0.0846529425965782,0.2870563164857182,19.5362327330994,3358.217347647143,24.2,0.42494,186.6758328368143,8.119165560869618,-0.3082210999999998,146491.21538602,-5.306358060247407,VNM_D_E,1
Viet Nam,D_E,2022,32335464179.12,VNM,0.057223887399433127,0.22631886004318252,21.3681380805533,3617.663114650119,24.2,0.42494,183.15361914783583,8.193583547924511,-0.33282674999999984,131444.27776564,-5.505336850506734,VNM_D_E,1
