country_name,industry,year,VA_em,EMP_em,country,AIIE,HighAI_EM,broadband,gdppc_raw,renew,rd,tertiary,trade,ln_gdppc,wgi,GTI_EM,ln_prod_em,ln_GTI_EM,ln_GTI_EM_x_HA,pair_id_em,ln_GTI_EM_lag2
United Arab Emirates,C,2012,28778488767.86,636767,ARE,-0.4842254202898551,0,12.7380681483205,43958.568112085646,0.1,0.54009,53.2113281680102,156.6376945014814,10.691002835468536,0.6161811500000002,7,10.718734936662125,2.0794415416798357,0,ARE_C,NA
United Arab Emirates,C,2013,29431177671.910004,671066,ARE,-0.4842254202898551,0,13.303809433458,44312.63371626142,0.1,0.60766,53.2113281680102,157.39808398964087,10.699025100844237,0.6460001833333335,6,10.688697642653706,1.9459101490553132,0,ARE_C,NA
United Arab Emirates,C,2014,31352756977.529995,687232,ARE,-0.4842254202898551,0,13.2545793464851,44257.65147610817,0.1,0.67523,53.2113281680102,159.51561505776388,10.697783550202358,0.6811018333333334,4,10.72814082768348,1.6094379124341003,0,ARE_C,2.0794415416798357
United Arab Emirates,C,2015,31689584751.520004,707767,ARE,-0.4842254202898551,0,14.230538629127,44910.33499552302,0.1,0.86569,53.2113281680102,164.28618273790346,10.712423225317446,0.6699689833333333,5,10.709383684642,1.791759469228055,0,ARE_C,1.9459101490553132
United Arab Emirates,C,2016,32078420694.359993,730742,ARE,-0.4842254202898551,0,14.3683229738697,45168.49824732428,0.1,0.9318,53.2113281680102,165.39501917458,10.718155181412865,0.67628515,14,10.689633653250143,2.70805020110221,0,ARE_C,1.6094379124341003
United Arab Emirates,C,2017,34261674608.560005,760533,ARE,-0.4842254202898551,0,29.9082975943997,43293.02038248013,0.2,1.097845,53.2113281680102,165.47654246981486,10.675746708907212,0.6640241833333334,18,10.71551842581206,2.9444389791664403,0,ARE_C,1.791759469228055
United Arab Emirates,C,2018,36141320626.270004,737126,ARE,-0.4842254202898551,0,32.3591212887309,43377.78586972253,0.3,1.26389,53.2113281680102,154.74700501929283,10.677702742730695,0.6629364000000002,15,10.800188543474407,2.772588722239781,0,ARE_C,2.70805020110221
United Arab Emirates,C,2019,37064624581.579994,752048,ARE,-0.4842254202898551,0,32.480344369022,43468.4586811918,0.7,1.31065,53.8814655213653,163.82215294485297,10.679790866284788,0.6797116166666666,9,10.805373405671412,2.302585092994046,0,ARE_C,2.9444389791664403
United Arab Emirates,C,2020,35966994023.689995,729988,ARE,-0.4842254202898551,0,34.345290333178,39878.47442769504,0.9,1.48831,54.9746998074699,181.29188817063957,10.593591969274236,0.5901551333333334,13,10.8050841475458,2.6390573296152584,0,ARE_C,2.772588722239781
United Arab Emirates,C,2021,41525151135.520004,758502,ARE,-0.4842254202898551,0,36.5005361093336,40935.8936567784,1,1.49469,56.4520334436146,182.9093550665972,10.619762552689352,0.5854870666666668,8,10.910464417515987,2.1972245773362196,0,ARE_C,2.302585092994046
United Arab Emirates,C,2022,43696160850.51,823534,ARE,-0.4842254202898551,0,36.8485872897377,41828.5553298104,1,1.49469,60.4188226013954,185.74166098281856,10.641334527139154,0.6132792,14,10.879165967861265,2.70805020110221,0,ARE_C,2.6390573296152584
Armenia,C,2015,854787822.7900001,49471,ARM,-0.4842254202898551,0,9.80149439763493,3512.3935027670905,10.7,0.25002,48.7313687040259,71.68207434275752,8.164052993685441,-0.240307083333333,0,9.75722191733587,0,0,ARM_C,NA
Armenia,C,2016,783124292.3599999,47888,ARM,-0.4842254202898551,0,10.2497847569184,3533.8850360700676,13.2,0.23305,54.3432877365993,76.07796745935478,8.170153121527093,-0.2551469666666665,0,9.702181749911183,0,0,ARM_C,NA
Armenia,C,2017,1067399986.0100001,49785,ARM,-0.4842254202898551,0,10.8172556564183,3815.374742603702,12.6,0.22788,55.5065519523494,87.20237653983696,8.246794167624104,-0.21188006666666664,0,9.97302259593532,0,0,ARM_C,0
Armenia,C,2018,898893459.6400002,58680,ARM,-0.4842254202898551,0,11.9399374219278,4027.833930109786,11.1,0.18876,57.4585357681354,92.47310702121204,8.30098402411806,-0.007100249999999669,0,9.636820843300734,0,0,ARM_C,0
Armenia,C,2019,978626611.9100001,67424,ARM,-0.4842254202898551,0,13.2819462446608,4343.458395830194,10.3,0.17854,53.5944174785534,97.84700486532697,8.376426175164449,-0.004348716666666483,0,9.58290441370421,0,0,ARM_C,0
Armenia,C,2020,936597541.9300001,70169,ARM,-0.4842254202898551,0,14.8883804721864,4032.090434549551,8.4,0.2092,52.3331534448642,70.12135713687886,8.302040238703432,-0.030291850000000002,0,9.49910233320913,0,0,ARM_C,0
Armenia,C,2021,947413339.35,71189,ARM,-0.4842254202898551,0,16.2565945813558,4264.799615051871,9.1,0.20557,56.6235144830279,79.24890576471122,8.35815047524684,-0.10038971666666667,1,9.496152437227913,0.6931471805599453,0,ARM_C,0
Armenia,C,2022,1735367677.4599998,71803,ARM,-0.4842254202898551,0,17.7300708049016,4791.004817121827,9.1,0.20955,57.1818422625098,103.878629213508,8.474495442334886,-0.12206183333333333,1,10.092803608844953,0.6931471805599453,0,ARM_C,0
Armenia,D_E,2015,370565426.17,24013,ARM,-0.4190017,0,9.80149439763493,3512.3935027670905,10.7,0.25002,48.7313687040259,71.68207434275752,8.164052993685441,-0.240307083333333,0,9.644189946615027,0,0,ARM_D_E,NA
Armenia,D_E,2016,312644540.5,24283,ARM,-0.4190017,0,10.2497847569184,3533.8850360700676,13.2,0.23305,54.3432877365993,76.07796745935478,8.170153121527093,-0.2551469666666665,0,9.463045653781824,0,0,ARM_D_E,NA
Armenia,D_E,2017,383840296.58,23473,ARM,-0.4190017,0,10.8172556564183,3815.374742603702,12.6,0.22788,55.5065519523494,87.20237653983696,8.246794167624104,-0.21188006666666664,0,9.702131026292166,0,0,ARM_D_E,0
Armenia,D_E,2018,368245222.59000003,23472,ARM,-0.4190017,0,11.9399374219278,4027.833930109786,11.1,0.18876,57.4585357681354,92.47310702121204,8.30098402411806,-0.007100249999999669,0,9.660696139561075,0,0,ARM_D_E,0
Armenia,D_E,2019,368229361.97,23745,ARM,-0.4190017,0,13.2819462446608,4343.458395830194,10.3,0.17854,53.5944174785534,97.84700486532697,8.376426175164449,-0.004348716666666483,0,9.649089307223084,0,0,ARM_D_E,0
Armenia,D_E,2020,344525452.1999999,23474,ARM,-0.4190017,0,14.8883804721864,4032.090434549551,8.4,0.2092,52.3331534448642,70.12135713687886,8.302040238703432,-0.030291850000000002,0,9.594029822596298,0,0,ARM_D_E,0
Armenia,D_E,2021,339627836.34000003,21538,ARM,-0.4190017,0,16.2565945813558,4264.799615051871,9.1,0.20557,56.6235144830279,79.24890576471122,8.35815047524684,-0.10038971666666667,1,9.665786881174647,0.6931471805599453,0,ARM_D_E,0
Armenia,D_E,2022,502669273.08,21697,ARM,-0.4190017,0,17.7300708049016,4791.004817121827,9.1,0.20955,57.1818422625098,103.878629213508,8.474495442334886,-0.12206183333333333,1,10.050513721899664,0.6931471805599453,0,ARM_D_E,0
Azerbaijan,C,2012,2949365146.23,95851,AZE,-0.4842254202898551,0,14.6071625537092,5193.175011195519,2.8,0.21427,20.4384614704139,78.26306954042201,8.555100544642803,-0.8221271666666663,0,10.334305598082949,0,0,AZE_C,0
Azerbaijan,C,2013,3126401297.069999,101535,AZE,-0.4842254202898551,0,18.0145551396199,5425.995597805777,2.5,0.20969,21.4404253568261,74.67584476298511,8.598956681903726,-0.7206253499999997,0,10.334989589078369,0,0,AZE_C,0.6931471805599453
Azerbaijan,C,2014,3541475611.4399996,105153,AZE,-0.4842254202898551,0,19.7076399486748,5508.602656126762,2.1,0.20978,23.1597349800287,69.48322519533467,8.61406626855578,-0.6774843166666666,0,10.424637605234196,0,0,AZE_C,0
Azerbaijan,C,2015,2648694761.88,99684,AZE,-0.4842254202898551,0,19.4759070425568,5500.503646284862,2.3,0.22232,25.4831961094662,72.60150790731886,8.61259493907989,-0.656523699999998,1,10.187572351291683,0.6931471805599453,0,AZE_C,0
Azerbaijan,C,2016,1852694575.46,95682,AZE,-0.4842254202898551,0,18.2770953995915,5272.718171418611,1.9,0.20637,27.2368629930846,90.0773187345677,8.570301290618433,-0.5822915999999997,0,9.87112147162931,0,0,AZE_C,0
Azerbaijan,C,2017,1920504407.7899997,101476,AZE,-0.4842254202898551,0,18.1091657629876,5229.252599934125,1.9,0.18468,28.4670565431322,90.4023156823216,8.56202364052454,-0.5970913333333312,0,9.848276104571326,0,0,AZE_C,0.6931471805599453
Azerbaijan,C,2018,2176531837.8,106100,AZE,-0.4842254202898551,0,18.8342000186458,5261.929382344318,1.9,0.18416,28.9724903670069,91.67257653698248,8.568253041203137,-0.59035045,0,9.928861222228267,0,0,AZE_C,0
Azerbaijan,C,2019,2410458933.640001,119112,AZE,-0.4842254202898551,0,19.2178211211639,5346.9531860411425,1.7,0.20013,32.9221812477847,85.81814540845608,8.584282179728273,-0.5641423999999984,0,9.915263489280573,0,0,AZE_C,0
Azerbaijan,C,2021,3519292418.4500003,127131,AZE,-0.4842254202898551,0,20.0856994533421,5349.582260714248,1.3,0.20836,39.0095977224788,76.28686568701504,8.584773754732,-0.5705071499999996,0,10.228552458986693,0,0,AZE_C,0
Azerbaijan,C,2022,4163729595.81,126411,AZE,-0.4842254202898551,0,20.3655958095069,5599.585249710247,1.3,0.1513,41.0017793895325,86.98227325417788,8.630447811428732,-0.5776936666666664,1,10.402383264799385,0.6931471805599453,0,AZE_C,0
Azerbaijan,D_E,2012,1461880365.8100002,53363,AZE,-0.4190017,0,14.6071625537092,5193.175011195519,2.8,0.21427,20.4384614704139,78.26306954042201,8.555100544642803,-0.8221271666666663,0,10.218116464896315,0,0,AZE_D_E,0
Azerbaijan,D_E,2013,1527781212.2,55985,AZE,-0.4190017,0,18.0145551396199,5425.995597805777,2.5,0.20969,21.4404253568261,74.67584476298511,8.598956681903726,-0.7206253499999997,0,10.214243255011402,0,0,AZE_D_E,0.6931471805599453
Azerbaijan,D_E,2014,1384122863.8300002,55303,AZE,-0.4190017,0,19.7076399486748,5508.602656126762,2.1,0.20978,23.1597349800287,69.48322519533467,8.61406626855578,-0.6774843166666666,0,10.12775002905842,0,0,AZE_D_E,0
Azerbaijan,D_E,2015,808283328.32,52471,AZE,-0.4190017,0,19.4759070425568,5500.503646284862,2.3,0.22232,25.4831961094662,72.60150790731886,8.61259493907989,-0.656523699999998,1,9.642407293873287,0.6931471805599453,0,AZE_D_E,0
Azerbaijan,D_E,2016,540277692.47,56794,AZE,-0.4190017,0,18.2770953995915,5272.718171418611,1.9,0.20637,27.2368629930846,90.0773187345677,8.570301290618433,-0.5822915999999997,0,9.160407845331818,0,0,AZE_D_E,0
Azerbaijan,D_E,2017,501800244.59999996,56794,AZE,-0.4190017,0,18.1091657629876,5229.252599934125,1.9,0.18468,28.4670565431322,90.4023156823216,8.56202364052454,-0.5970913333333312,0,9.086526714014893,0,0,AZE_D_E,0.6931471805599453
Azerbaijan,D_E,2018,543298684.66,70719,AZE,-0.4190017,0,18.8342000186458,5261.929382344318,1.9,0.18416,28.9724903670069,91.67257653698248,8.568253041203137,-0.59035045,0,8.946700233559069,0,0,AZE_D_E,0
Azerbaijan,D_E,2019,553686470.6,59251,AZE,-0.4190017,0,19.2178211211639,5346.9531860411425,1.7,0.20013,32.9221812477847,85.81814540845608,8.584282179728273,-0.5641423999999984,0,9.14257121047125,0,0,AZE_D_E,0
Azerbaijan,D_E,2020,621138235.29,59186,AZE,-0.4190017,0,19.5985750948022,5087.5002278362745,1.3,0.2239,36.3854742250215,72.0178676487811,8.534541874534392,-0.5838567,2,9.25862390981864,1.0986122886681098,0,AZE_D_E,0
Azerbaijan,D_E,2021,778753974.71,58784,AZE,-0.4190017,0,20.0856994533421,5349.582260714248,1.3,0.20836,39.0095977224788,76.28686568701504,8.584773754732,-0.5705071499999996,0,9.491580743999537,0,0,AZE_D_E,0
Azerbaijan,D_E,2022,888910447.06,60009,AZE,-0.4190017,0,20.3655958095069,5599.585249710247,1.3,0.1513,41.0017793895325,86.98227325417788,8.630447811428732,-0.5776936666666664,1,9.603257223983068,0.6931471805599453,0,AZE_D_E,1.0986122886681098
Bangladesh,C,2012,19094975625.980007,4966314,BGD,-0.4842254202898551,0,0.387219068103915,1050.3914040406614,37.3,NA,13.4211598649529,48.11092274904673,6.956918139444688,-0.9948911166666647,0,8.25450260814715,0,0,BGD_C,NA
Bangladesh,C,2018,54325489611.36,5400681,BGD,-0.4842254202898551,0,4.92461851093909,1462.2505025571324,27,NA,19.5710492453779,32.51463172408839,7.287731968010634,-0.8997522999999982,0,9.216223760988346,0,0,BGD_C,NA
Bangladesh,D_E,2015,3127901754.3,165000,BGD,-0.4190017,0,3.06992245398744,1224.3864766816523,33.1,NA,15.5739926180902,42.085996307038194,7.110195162156989,-0.9294847499999996,0,9.849927497781636,0,0,BGD_D_E,NA
Bulgaria,C,2012,6012941584.03,491233,BGR,-0.4842254202898551,0,18.2006758494654,6693.427732512701,15.6,0.60039,62.1616516113281,123.9713227141743,8.808881388501156,0.049715916666666686,4,9.412506078041845,1.6094379124341003,0,BGR_C,1.3862943611198906
Bulgaria,C,2013,6341753078.940001,489948,BGR,-0.4842254202898551,0,19.5682074718498,6792.735499647352,18.2,0.63424,68.2013397216797,129.6886829864819,8.823609011240142,-0.010758433333333326,6,9.468366536040833,1.9459101490553132,0,BGR_C,2.1972245773362196
Bulgaria,C,2014,7000485861.129998,502723,BGR,-0.4842254202898551,0,20.5011345688189,6941.018539467182,17.1,0.79007,72.981559753418,130.2483771152453,8.845203806344111,0.0017120000000000006,10,9.541450790757718,2.3978952727983707,0,BGR_C,1.6094379124341003
Bulgaria,C,2015,6556906070.47,512315,BGR,-0.4842254202898551,0,22.4944225140811,7268.654454738727,17.9,0.94947,78.2999572753906,126.73664221294958,8.89132647151867,0.014306666666666818,9,9.457089743830705,2.302585092994046,0,BGR_C,1.9459101490553132
Bulgaria,C,2016,7339196392.630001,514260,BGR,-0.4842254202898551,0,23.8176881048635,7586.504110508195,17.7,0.77009,80.6399612426758,122.8055143565134,8.934126172783932,0.06424650000000003,10,9.566010937165203,2.3978952727983707,0,BGR_C,2.3978952727983707
Bulgaria,C,2017,8229524038.52,521444,BGR,-0.4842254202898551,0,25.3925159519229,7898.706930136523,17.1,0.74037,81.2245864868164,129.63442904800365,8.97445434532857,0.07990125000000017,4,9.666636852355708,1.6094379124341003,0,BGR_C,2.302585092994046
Bulgaria,C,2018,9192888400.07,519751,BGR,-0.4842254202898551,0,27.103417988838,8194.37434587757,19.6,0.75505,83.134880065918,129.16650293063154,9.011203142427876,0.1321784666666667,7,9.780590892370135,2.0794415416798357,0,BGR_C,2.3978952727983707
Bulgaria,C,2019,9311743572.9,505119,BGR,-0.4842254202898551,0,28.8836779290396,8626.134186803722,19.3,0.83576,84.7503128051758,125.26041834641084,9.062551733173477,0.15764503333333335,8,9.821992866219581,2.1972245773362196,0,BGR_C,1.6094379124341003
Bulgaria,C,2020,9085650789.119999,467080,BGR,-0.4842254202898551,0,30.5042854761098,8440.08304721192,21.1,0.84549,85.5331115722656,110.4238998462493,9.040747427258646,0.07586201666666684,9,9.875706341404234,2.302585092994046,0,BGR_C,2.0794415416798357
Bulgaria,C,2021,9746183651.81,467927,BGR,-0.4842254202898551,0,32.7688420838347,9161.477379907265,20.4,0.76933,85.3017501831055,121.2140882638226,9.122762730679062,0.10683360000000001,6,9.944074045176853,1.9459101490553132,0,BGR_C,2.1972245773362196
Bulgaria,C,2022,10343301837.41,464138,BGR,-0.4842254202898551,0,34.9667968772891,9597.867964065475,20.4,0.75174,84.1293563842773,138.84487724123846,9.169296265714427,0.07705133333333335,8,10.01166778090541,2.1972245773362196,0,BGR_C,2.302585092994046
Bulgaria,D_E,2012,2382312737.41,66877,BGR,-0.4190017,0,18.2006758494654,6693.427732512701,15.6,0.60039,62.1616516113281,123.9713227141743,8.808881388501156,0.049715916666666686,4,10.480727200912058,1.6094379124341003,0,BGR_D_E,1.3862943611198906
Bulgaria,D_E,2013,2713143798.3599997,66559,BGR,-0.4190017,0,19.5682074718498,6792.735499647352,18.2,0.63424,68.2013397216797,129.6886829864819,8.823609011240142,-0.010758433333333326,6,10.615529821324861,1.9459101490553132,0,BGR_D_E,2.1972245773362196
Bulgaria,D_E,2014,2183581783.06,65225,BGR,-0.4190017,0,20.5011345688189,6941.018539467182,17.1,0.79007,72.981559753418,130.2483771152453,8.845203806344111,0.0017120000000000006,10,10.418634275214451,2.3978952727983707,0,BGR_D_E,1.6094379124341003
Bulgaria,D_E,2015,2197348502.37,65188,BGR,-0.4190017,0,22.4944225140811,7268.654454738727,17.9,0.94947,78.2999572753906,126.73664221294958,8.89132647151867,0.014306666666666818,9,10.42548656235017,2.302585092994046,0,BGR_D_E,1.9459101490553132
Bulgaria,D_E,2016,2354583428.92,66756,BGR,-0.4190017,0,23.8176881048635,7586.504110508195,17.7,0.77009,80.6399612426758,122.8055143565134,8.934126172783932,0.06424650000000003,10,10.470830200972923,2.3978952727983707,0,BGR_D_E,2.3978952727983707
Bulgaria,D_E,2017,2499050956.4699993,66937,BGR,-0.4190017,0,25.3925159519229,7898.706930136523,17.1,0.74037,81.2245864868164,129.63442904800365,8.97445434532857,0.07990125000000017,4,10.527669721827957,1.6094379124341003,0,BGR_D_E,2.302585092994046
Bulgaria,D_E,2018,2704820180.31,67156,BGR,-0.4190017,0,27.103417988838,8194.37434587757,19.6,0.75505,83.134880065918,129.16650293063154,9.011203142427876,0.1321784666666667,7,10.603527720098851,2.0794415416798357,0,BGR_D_E,2.3978952727983707
Bulgaria,D_E,2019,2863698861.9,66789,BGR,-0.4190017,0,28.8836779290396,8626.134186803722,19.3,0.83576,84.7503128051758,125.26041834641084,9.062551733173477,0.15764503333333335,8,10.666086259225594,2.1972245773362196,0,BGR_D_E,1.6094379124341003
Bulgaria,D_E,2020,2826957652.4100003,66105,BGR,-0.4190017,0,30.5042854761098,8440.08304721192,21.1,0.84549,85.5331115722656,110.4238998462493,9.040747427258646,0.07586201666666684,9,10.663467269909217,2.302585092994046,0,BGR_D_E,2.0794415416798357
Bulgaria,D_E,2021,2912729039.37,66410,BGR,-0.4190017,0,32.7688420838347,9161.477379907265,20.4,0.76933,85.3017501831055,121.2140882638226,9.122762730679062,0.10683360000000001,6,10.688753366338537,1.9459101490553132,0,BGR_D_E,2.1972245773362196
Bulgaria,D_E,2022,4812000765.45,65948,BGR,-0.4190017,0,34.9667968772891,9597.867964065475,20.4,0.75174,84.1293563842773,138.84487724123846,9.169296265714427,0.07705133333333335,8,11.197756962448834,2.1972245773362196,0,BGR_D_E,2.302585092994046
Bosnia and Herzegovina,C,2012,1814850755.79,120680,BIH,-0.4842254202898551,0,12.789715194055301,4139.917327736571,15.3,0.26533,44.7015495300293,88.14510886285292,8.328431097474217,-0.3445521166666662,0,9.618371379794427,0,0,BIH_C,0
Bosnia and Herzegovina,C,2013,1907437975.61,121869,BIH,-0.4842254202898551,0,14.2931086481084,4306.731750722136,19.5,0.32132,51.3600883483887,87.93123802805619,8.367934600951072,-0.3064904833333332,0,9.658324828212274,0,0,BIH_C,0
Bosnia and Herzegovina,C,2014,2067126728.8,125976,BIH,-0.4842254202898551,0,15.2154563374569,4412.676178177339,23.6,0.25725,54.1655807495117,90.55227803956625,8.392236627510174,-0.1813286166666665,0,9.705578734664693,0,0,BIH_C,0
Bosnia and Herzegovina,C,2015,1894438644.5499997,126351,BIH,-0.4842254202898551,0,18.0468836372803,4662.258692194478,25.2,0.21603,55.5336608886719,88.29199258758803,8.44725530758742,-0.31733828333333314,0,9.615369374499002,0,0,BIH_C,0
Bosnia and Herzegovina,C,2016,2089421636.31,134410,BIH,-0.4842254202898551,0,19.0747891666088,4876.5347149563295,23,0.21337,56.9546089172363,88.24403400227379,8.492190147213005,-0.32727256666666615,0,9.651503026523114,0,0,BIH_C,0
Bosnia and Herzegovina,C,2017,2210027224.44,143262,BIH,-0.4842254202898551,0,20.4261287573476,5099.81602856447,18.5,0.1978,54.528678894043,96.64588035668616,8.53695974523128,-0.3732770333333332,0,9.643840270449315,0,0,BIH_C,0
Bosnia and Herzegovina,C,2018,2453466204.5699997,150987,BIH,-0.4842254202898551,0,21.1504576321228,5360.252010176329,35.4,0.19199,49.7987518310547,98.43206941826314,8.586766269783533,-0.44522053333333333,0,9.695818619648342,0,0,BIH_C,0
Bosnia and Herzegovina,C,2019,2394200395.41,153915,BIH,-0.4842254202898551,0,22.2950124838105,5583.297212764579,36.8,0.19001,46.6677894592285,94.516125154246,8.62753477920858,-0.4934115166666665,0,9.652159366970398,0,0,BIH_C,0
Bosnia and Herzegovina,C,2020,2467903807.2899995,148423,BIH,-0.4842254202898551,0,23.3507882918721,5490.753666351392,37.7,0.20325,43.8039207458496,82.52164679940071,8.610820804926988,-0.45446329999999985,0,9.718813382024312,0,0,BIH_C,0
Bosnia and Herzegovina,C,2021,3391836165.31,152352,BIH,-0.4842254202898551,0,24.5890868366952,5995.541975904936,36.6,0.19035,45.0589485168457,96.73911444087436,8.698771468030062,-0.4972106499999998,1,10.01068834139398,0.6931471805599453,0,BIH_C,0
Bosnia and Herzegovina,C,2022,3556314804.950001,156408,BIH,-0.4842254202898551,0,27.3190356221695,6327.162068491737,36.6,0.18743,45.6063499450684,110.20528437738682,8.752607084196047,-0.4695432499999995,0,10.031767421825595,0,0,BIH_C,0
Bosnia and Herzegovina,D_E,2012,853662406.63,30309,BIH,-0.4190017,0,12.789715194055301,4139.917327736571,15.3,0.26533,44.7015495300293,88.14510886285292,8.328431097474217,-0.3445521166666662,0,10.245846388106257,0,0,BIH_D_E,NA
Bosnia and Herzegovina,D_E,2013,1000319963.1200001,30207,BIH,-0.4190017,0,14.2931086481084,4306.731750722136,19.5,0.32132,51.3600883483887,87.93123802805619,8.367934600951072,-0.3064904833333332,0,10.407756784305404,0,0,BIH_D_E,0
Bosnia and Herzegovina,D_E,2014,884268150.4,29770,BIH,-0.4190017,0,15.2154563374569,4412.676178177339,23.6,0.25725,54.1655807495117,90.55227803956625,8.392236627510174,-0.1813286166666665,0,10.299014458151122,0,0,BIH_D_E,0
Bosnia and Herzegovina,D_E,2015,793537121.22,30450,BIH,-0.4190017,0,18.0468836372803,4662.258692194478,25.2,0.21603,55.5336608886719,88.29199258758803,8.44725530758742,-0.31733828333333314,0,10.168169605324177,0,0,BIH_D_E,0
Bosnia and Herzegovina,D_E,2016,828950100.6400001,30645,BIH,-0.4190017,0,19.0747891666088,4876.5347149563295,23,0.21337,56.9546089172363,88.24403400227379,8.492190147213005,-0.32727256666666615,0,10.205445723136508,0,0,BIH_D_E,0
Bosnia and Herzegovina,D_E,2017,807418785.6899999,31053,BIH,-0.4190017,0,20.4261287573476,5099.81602856447,18.5,0.1978,54.528678894043,96.64588035668616,8.53695974523128,-0.3732770333333332,0,10.165902331954317,0,0,BIH_D_E,0
Bosnia and Herzegovina,D_E,2018,985714193.55,32113,BIH,-0.4190017,0,21.1504576321228,5360.252010176329,35.4,0.19199,49.7987518310547,98.43206941826314,8.586766269783533,-0.44522053333333333,0,10.331860794436581,0,0,BIH_D_E,0
Bosnia and Herzegovina,D_E,2019,948536453.85,32333,BIH,-0.4190017,0,22.2950124838105,5583.297212764579,36.8,0.19001,46.6677894592285,94.516125154246,8.62753477920858,-0.4934115166666665,0,10.286587120272507,0,0,BIH_D_E,0
Bosnia and Herzegovina,D_E,2020,924621403.3899999,31503,BIH,-0.4190017,0,23.3507882918721,5490.753666351392,37.7,0.20325,43.8039207458496,82.52164679940071,8.610820804926988,-0.45446329999999985,0,10.287056859686663,0,0,BIH_D_E,0
Bosnia and Herzegovina,D_E,2021,1228598840.36,31346,BIH,-0.4190017,0,24.5890868366952,5995.541975904936,36.6,0.19035,45.0589485168457,96.73911444087436,8.698771468030062,-0.4972106499999998,1,10.576298256608569,0.6931471805599453,0,BIH_D_E,0
Bosnia and Herzegovina,D_E,2022,1086994152.18,31301,BIH,-0.4190017,0,27.3190356221695,6327.162068491737,36.6,0.18743,45.6063499450684,110.20528437738682,8.752607084196047,-0.4695432499999995,0,10.455276740392124,0,0,BIH_D_E,0
Belarus,C,2014,16619738363.299997,855251,BLR,-0.4842254202898551,0,28.3376939308168,6212.916674186595,6.7,0.50548,94.316359554493,110.65142436758238,8.734385738447378,-0.554364116666665,2,9.874706611881491,1.0986122886681098,0,BLR_C,NA
Belarus,C,2015,11654690038.109999,789075,BLR,-0.4842254202898551,0,30.6040616643757,5967.0559505877745,6.8,0.49999,93.7888271999214,115.91482620194616,8.694008944147766,-0.564728149999998,4,9.600357861979129,1.6094379124341003,0,BLR_C,NA
Belarus,C,2016,9617348633.829998,753450,BLR,-0.4842254202898551,0,32.2929606538076,5811.201591825471,6.7,0.50063,91.5206757734477,125.20932289966194,8.667542642890593,-0.5019674499999999,3,9.454416516001386,1.3862943611198906,0,BLR_C,1.0986122886681098
Belarus,C,2017,11836605528.449999,742204,BLR,-0.4842254202898551,0,33.3125100702522,5964.896688345611,7.3,0.58411,89.4706479354735,133.36775472301184,8.69364701474173,-0.5178462999999982,3,9.677083313088046,1.3862943611198906,0,BLR_C,1.6094379124341003
Belarus,C,2018,12761362833.28,741035,BLR,-0.4842254202898551,0,33.771187035147904,6165.913200192767,7.2,0.60443,84.7097808751504,139.39373625017066,8.726791531180739,-0.45199128333333155,1,9.753884777644737,0.6931471805599453,0,BLR_C,1.3862943611198906
Belarus,C,2019,13938314347.140001,737208,BLR,-0.4842254202898551,0,34.0723501521236,6267.735087435055,7.8,0.57733,81.2921953254514,130.8504061021835,8.743170338293513,-0.39363574999999984,2,9.847281956363348,1.0986122886681098,0,BLR_C,1.3862943611198906
Belarus,C,2020,13186791961.709997,714366,BLR,-0.4842254202898551,0,34.8152229336418,6251.9889896864515,8.4,0.53901,79.900160036935,118.93417614653409,8.740654930453196,-0.7425874166666665,5,9.823330841607378,1.791759469228055,0,BLR_C,0.6931471805599453
Belarus,C,2021,11588740583.190004,708791,BLR,-0.4842254202898551,0,35.0097634241001,6457.730537063426,8.2,0.45981,78.6027133367864,136.01416787747556,8.773033225000713,-0.8203647333333315,1,9.701983843627643,0.6931471805599453,0,BLR_C,1.0986122886681098
Belarus,D_E,2016,2146199944.4100003,131937,BLR,-0.4190017,0,32.2929606538076,5811.201591825471,6.7,0.50063,91.5206757734477,125.20932289966194,8.667542642890593,-0.5019674499999999,3,9.696884832645353,1.3862943611198906,0,BLR_D_E,NA
Belarus,D_E,2017,2179738369.2999997,94072,BLR,-0.4190017,0,33.3125100702522,5964.896688345611,7.3,0.58411,89.4706479354735,133.36775472301184,8.69364701474173,-0.5178462999999982,3,10.050654966959321,1.3862943611198906,0,BLR_D_E,NA
Belarus,D_E,2018,2354231039.53,92678,BLR,-0.4190017,0,33.771187035147904,6165.913200192767,7.2,0.60443,84.7097808751504,139.39373625017066,8.726791531180739,-0.45199128333333155,1,10.142593589917508,0.6931471805599453,0,BLR_D_E,1.3862943611198906
Belarus,D_E,2019,2359709396.24,126160,BLR,-0.4190017,0,34.0723501521236,6267.735087435055,7.8,0.57733,81.2921953254514,130.8504061021835,8.743170338293513,-0.39363574999999984,2,9.836498089578564,1.0986122886681098,0,BLR_D_E,1.3862943611198906
Belarus,D_E,2020,2143406126.06,88521,BLR,-0.4190017,0,34.8152229336418,6251.9889896864515,8.4,0.53901,79.900160036935,118.93417614653409,8.740654930453196,-0.7425874166666665,5,10.094666957359797,1.791759469228055,0,BLR_D_E,0.6931471805599453
Brazil,C,2012,311848707342.13,7917070,BRA,-0.4842254202898551,0,9.71151141846763,9167.498184504328,43.5,1.12684,43.8344116210938,25.114273610332155,9.123419701909391,0.09691435000000001,74,10.58125224893544,4.31748811353631,0,BRA_C,4.709530201312334
Brazil,C,2013,310721310205.6401,8116125,BRA,-0.4842254202898551,0,10.7622017659472,9366.738246702393,42.3,1.19567,44.9966697692871,25.785957328145216,9.144920208621224,0.022233350000000186,146,10.552798857231776,4.990432586778736,0,BRA_C,4.736198448394496
Brazil,C,2014,295898326867.7101,7971160,BRA,-0.4842254202898551,0,11.9790772854396,9338.341708409847,41.7,1.26971,47.8131904602051,24.68540581329201,9.141883968180045,-0.0417266,146,10.521941155979999,4.990432586778736,0,BRA_C,4.31748811353631
Brazil,C,2015,200938228154.49002,7352314,BRA,-0.4842254202898551,0,12.6353840484725,8936.195588944402,43.7,1.28464,49.0805015563965,26.953625937236943,9.097865228260668,-0.13487949999999982,148,10.215737723585288,5.003946305945459,0,BRA_C,4.990432586778736
Brazil,C,2016,202494512522.94,6984298,BRA,-0.4842254202898551,0,13.217709027651,8577.842779696673,45.4,1.19584,48.9665794372559,24.53368207707561,9.056937736591848,-0.12976436666666633,125,10.274803579924782,4.836281906951478,0,BRA_C,4.990432586778736
Brazil,C,2017,225282840481.06998,6916957,BRA,-0.4842254202898551,0,14.1218273097456,8628.252096457234,45.3,1.1175,50.7326316833496,24.319734374168437,9.062797225494023,-0.18906936666666632,139,10.3911360275106,4.941642422609304,0,BRA_C,5.003946305945459
Brazil,C,2018,221632019869.56995,6926778,BRA,-0.4842254202898551,0,15.1537620986579,8722.335299709883,46.9,1.15016,52.05712890625,28.876203376152983,9.073642290648193,-0.26861871666666615,161,10.373378947392212,5.087596335232384,0,BRA_C,4.836281906951478
Brazil,C,2019,220392789552.77002,6906517,BRA,-0.4842254202898551,0,15.8621991239093,8771.439503726033,47.5,1.15115,53.6215400695801,28.89025786973537,9.079256211432275,-0.22216118333333318,113,10.37070118184372,4.736198448394496,0,BRA_C,4.941642422609304
Brazil,C,2020,194355772903.31003,6958198,BRA,-0.4842254202898551,0,17.418059685583,8435.010462091848,50,1.21907,55.529109954834,32.30207854434918,9.040146235298428,-0.20489081666666614,129,10.237525106705855,4.867534450455582,0,BRA_C,5.087596335232384
Brazil,C,2021,268769137852.36002,7311037,BRA,-0.4842254202898551,0,19.8363162401481,8799.228445799441,46.5,1.13371,57.6311988830566,37.65633075925755,9.082419320008778,-0.22488999999999998,138,10.512222942336528,4.9344739331306915,0,BRA_C,4.736198448394496
Brazil,C,2022,320688070031.38007,7488878,BRA,-0.4842254202898551,0,20.9534469027015,9032.08377657776,46.5,1.18873,61.0000915527344,38.816065976432135,9.108538381315462,-0.2859370499999998,143,10.664805198636843,4.969813299576001,0,BRA_C,4.867534450455582
Chile,C,2013,24519181006.46,384689,CHL,-0.4842254202898551,0,12.9765829219485,13182.732961985574,30.2,0.39031,79.8703384399414,65.14328795238785,9.486663143312619,1.1581075833333334,31,11.062531051792801,3.4657359027997265,0,CHL_C,NA
Chile,C,2014,16219463260.54,369237,CHL,-0.4842254202898551,0,13.9369112350151,13285.954036119225,27,0.37668,83.6629791259766,65.63462812188874,9.494462668646662,1.1236611333333333,29,10.690283800599866,3.4011973816621555,0,CHL_C,NA
Chile,C,2015,15959023546.279997,378705.5,CHL,-0.4842254202898551,0,15.0681266925704,13433.920298703231,25.1,0.38296,86.4181137084961,59.34911047753091,9.505538153004627,1.0376254333333332,26,10.648776108631798,3.295836866004329,0,CHL_C,3.4657359027997265
Chile,C,2016,16183031551.44,379207.75,CHL,-0.4842254202898551,0,15.9005028734256,13505.097711132956,24.6,0.37103,88.8458862304688,56.05786108777225,9.510822501382545,1.0083828666666665,16,10.66138960822709,2.833213344056216,0,CHL_C,3.4011973816621555
Chile,C,2017,25433744990.379997,419667,CHL,-0.4842254202898551,0,16.5009633130641,13473.345853293376,24.1,0.35679,89.921989440918,56.02615896757065,9.508468631529054,0.9968675833333334,19,11.012125853527717,2.995732273553991,0,CHL_C,3.295836866004329
Cameroon,C,2017,457862303.06999993,51789,CMR,-0.4842254202898551,0,1.58466709279995,1444.9068291657331,79.2,NA,12.9818161813936,39.19902160526295,7.275800120381733,-0.9978375333333316,0,9.087145998071257,0,0,CMR_C,NA
Cameroon,C,2018,727487817.64,57613,CMR,-0.4842254202898551,0,1.59560948486525,1461.0196999931686,78.7,NA,14.5449548868213,40.58760287702803,7.286889895570243,-1.0668816166666648,0,9.443604295694419,0,0,CMR_C,NA
Colombia,C,2012,40972765928.97,607275,COL,-0.4842254202898551,0,8.61552491359116,5675.756179783048,29.6,0.22116,47.4669914245605,38.835151018668974,8.643959081011802,-0.3541133499999996,7,11.119436422084542,2.0794415416798357,0,COL_C,NA
Colombia,C,2013,41807036993.039986,620070,COL,-0.4842254202898551,0,9.83199406546913,5910.8059230116605,32,0.25761,50.7474899291992,37.98664879784566,8.684537467094968,-0.3581469666666647,8,11.118742857549798,2.1972245773362196,0,COL_C,NA
Colombia,C,2014,40176557511.21,628993,COL,-0.4842254202898551,0,10.7989878070274,6121.839820198248,32.1,0.30317,53.1794395446777,37.48746564111034,8.719617954543367,-0.29765713333333316,13,11.064674109143212,2.6390573296152584,0,COL_C,2.0794415416798357
Colombia,C,2015,31273408377.710003,708730,COL,-0.4842254202898551,0,11.7644668057911,6248.514905345122,31.1,0.36542,54.7961311340332,38.36076411844532,8.740099099350715,-0.24668411666666668,5,10.694804085873006,1.791759469228055,0,COL_C,2.1972245773362196
Colombia,C,2016,28919183824.34999,723459,COL,-0.4842254202898551,0,12.4647515240681,6316.070677825417,30.5,0.27051,57.1437492370605,36.20265298420203,8.750852565595604,-0.23330571666666633,11,10.5959718575198,2.4849066497880004,0,COL_C,2.6390573296152584
Colombia,C,2017,29690723110.01,715158,COL,-0.4842254202898551,0,13.1537299039926,6309.677452925182,32.2,0.26109,58.3960418701172,35.2829149424588,8.749839837418161,-0.25266554999999985,8,10.63384170447947,2.1972245773362196,0,COL_C,1.791759469228055
Colombia,C,2018,31932858165.800007,707172,COL,-0.4842254202898551,0,13.622877883522,6353.546428539201,30.4,0.31233,57.3205413818359,36.534752796897315,8.75676842867108,-0.2215884666666662,28,10.717872156397446,3.367295829986474,0,COL_C,2.4849066497880004
Colombia,C,2019,29362919020.530006,703671,COL,-0.4842254202898551,0,13.9253307862459,6439.9635981264655,31.5,0.32201,56.6663017272949,37.558533980838966,8.77027816661759,-0.23188079999999986,30,10.638932261068655,3.4339872044851463,0,COL_C,2.1972245773362196
Colombia,C,2020,24999575529.12,658848,COL,-0.4842254202898551,0,15.3363074463544,5891.955232154031,32,0.2894,55.7331085205078,34.05557096801009,8.681343179480681,-0.21337126666666634,19,10.5438765484588,2.995732273553991,0,COL_C,3.367295829986474
Colombia,C,2021,31239556303.020004,680878,COL,-0.4842254202898551,0,16.4767904492313,6457.169218070858,29.7,0.2894,58.3159217834473,40.05914639361279,8.772946299201278,-0.26609799999999983,18,10.733812538197396,2.9444389791664403,0,COL_C,3.4339872044851463
Colombia,C,2022,35054626619.76,699024,COL,-0.4842254202898551,0,17.007465545983,6856.725905053739,29.7,0.2894,59.2901382446289,48.28265511233591,8.832985333472989,-0.2297286499999998,54,10.822733086888997,4.007333185232471,0,COL_C,2.995732273553991
Costa Rica,C,2013,6543279527.84,141233,CRI,-0.4842254202898551,0,10.2813377106354,11151.14378697677,37.8,0.54253,47.5057106018066,64.06641058794423,9.31929735341875,0.6572077833333334,0,10.74353804580105,0,0,CRI_C,NA
Costa Rica,C,2014,6391733429.570001,137528,CRI,-0.4842254202898551,0,10.8312169257784,11422.673579317625,37.6,0.55627,50.3342781066895,65.19124205323678,9.343355569585272,0.6735219,0,10.746688529060043,0,0,CRI_C,NA
Costa Rica,C,2015,6551260426.630001,136414,CRI,-0.4842254202898551,0,11.5950932724067,11714.710598073205,38.3,0.43665,51.2845802307129,60.75356193952099,9.368600647100541,0.6953436666666667,0,10.779473641206927,0,0,CRI_C,0
Costa Rica,C,2016,6829293326.8,135806,CRI,-0.4842254202898551,0,13.131030668186,12084.435132563423,34.1,0.44335,51.6516418457031,62.17847817682954,9.399673550842317,0.69331505,0,10.825504363362423,0,0,CRI_C,0
Costa Rica,C,2017,7100953654.069999,136168,CRI,-0.4842254202898551,0,15.1437857826005,12468.565453170932,33.3,0.42587,54.4492301940918,65.07195374388154,9.430965992214546,0.6538709,2,10.861850232960736,1.0986122886681098,0,CRI_C,0
Costa Rica,C,2018,7443187130.749999,133446,CRI,-0.4842254202898551,0,16.8377298238862,12679.525364301557,33.1,0.37144,52.6140899658203,66.94534201663602,9.447743795453212,0.6689861500000001,1,10.929112791242321,0.6931471805599453,0,CRI_C,0
Costa Rica,C,2019,7760039294.119999,132602,CRI,-0.4842254202898551,0,18.0962978090241,12877.650101079042,33.4,0.35073,55.0202903747559,65.76053001766219,9.46324853744473,0.6837541500000001,0,10.977145795227564,0,0,CRI_C,1.0986122886681098
Costa Rica,C,2020,7980926718.64,134259,CRI,-0.4842254202898551,0,19.7191477697087,12242.209890853288,36.4,0.33002,55.0202903747559,60.13988625095327,9.412645086408075,0.7133595500000001,0,10.992794322590697,0,0,CRI_C,0.6931471805599453
Costa Rica,C,2021,8921314085.62,131598,CRI,-0.4842254202898551,0,20.9242986347003,13146.692791846468,34.2,0.27385,55.0202903747559,70.78164230270846,9.483925507255904,0.6962303666666667,0,11.124201991514163,0,0,CRI_C,0
Costa Rica,C,2022,9749545015.930002,135471,CRI,-0.4842254202898551,0,21.7575979999075,13686.161409082211,34.2,0.33789,55.0202903747559,82.22753253531432,9.524140485179725,0.7008714,1,11.183973581578835,0.6931471805599453,0,CRI_C,0
Cyprus,C,2012,1252541954.7699997,30346,CYP,-0.4842254202898551,0,25.5626376173369,24285.49609375,8.6,0.43765,45.8635902404785,112.3442732972728,10.097634582561726,1.0641090666666666,8,10.628020895099457,2.1972245773362196,0,CYP_C,1.9459101490553132
Cyprus,C,2013,1121305008.99,27326,CYP,-0.4842254202898551,0,26.6505813953488,22711.71875,9.7,0.48485,47.470890045166,120.92620063938908,10.030636314754542,0.9840634666666667,6,10.62216512165014,1.9459101490553132,0,CYP_C,1.6094379124341003
Cyprus,C,2014,1124273309.8899999,26114,CYP,-0.4842254202898551,0,28.3005343866171,22373.578125,9.5,0.51205,52.1083793640137,130.8443630793902,10.015635993637796,0.9033991,8,10.670175869156871,2.1972245773362196,0,CYP_C,2.1972245773362196
Cyprus,C,2015,1009117981.2199999,26578,CYP,-0.4842254202898551,0,30.1736513081732,23088.44140625,10.4,0.47529,59.8640594482422,137.27642647719287,10.047087399258219,0.8804279666666667,11,10.544503415451041,2.4849066497880004,0,CYP_C,1.9459101490553132
Cyprus,C,2016,1090521473.3700001,28025,CYP,-0.4842254202898551,0,32.0132199103345,24477.986328125,10.3,0.5197,68.3754730224609,139.02209845724812,10.10552947540487,0.89589495,1,10.569069586778467,0.6931471805599453,0,CYP_C,2.1972245773362196
Cyprus,C,2017,1244397349.29,30141,CYP,-0.4842254202898551,0,33.6542226269064,25666.00390625,10.9,0.54259,79.827522277832,148.01335555813526,10.152922589999907,0.9238227333333333,3,10.628275542744166,1.3862943611198906,0,CYP_C,2.4849066497880004
Cyprus,C,2018,1448429508.25,32436,CYP,-0.4842254202898551,0,35.2355650415637,26962.40625,12,0.61032,86.5899276733398,147.62356741005382,10.202198813639907,0.8378151333333334,0,10.706721512581577,0,0,CYP_C,0.6931471805599453
Cyprus,C,2019,1504482377.2199998,33877,CYP,-0.4842254202898551,0,36.1884973404255,28167.16015625,12,0.70269,93.9260711669922,150.50616956116215,10.245912044863912,0.9016352833333333,5,10.70122314355633,1.791759469228055,0,CYP_C,1.3862943611198906
Cyprus,C,2020,1506194132.2800002,33525,CYP,-0.4842254202898551,0,36.3127392017496,26895.68359375,15,0.82581,102.390762329102,160.66871645996954,10.19972109151577,0.7710480333333333,5,10.712805155762997,1.791759469228055,0,CYP_C,0
Cyprus,C,2021,1679331846.22,34777,CYP,-0.4842254202898551,0,36.6502473650247,29517.072265625,15.6,0.77686,106.362930297852,176.82773681986995,10.292724095802214,0.7261719833333333,4,10.78495031295168,1.6094379124341003,0,CYP_C,1.791759469228055
Cyprus,C,2022,1550652679.3799996,35789,CYP,-0.4842254202898551,0,36.7656727425982,31370.55078125,15.6,0.70468,105.384979248047,205.75354374552353,10.35362485860949,0.71438715,6,10.676545900113625,1.9459101490553132,0,CYP_C,1.791759469228055
Cyprus,D_E,2012,182848582.5,1621,CYP,-0.4190017,0,25.5626376173369,24285.49609375,8.6,0.43765,45.8635902404785,112.3442732972728,10.097634582561726,1.0641090666666666,8,11.633370428537992,2.1972245773362196,0,CYP_D_E,1.9459101490553132
Cyprus,D_E,2013,193672844.61999997,1635,CYP,-0.4190017,0,26.6505813953488,22711.71875,9.7,0.48485,47.470890045166,120.92620063938908,10.030636314754542,0.9840634666666667,6,11.682282842239083,1.9459101490553132,0,CYP_D_E,1.6094379124341003
Cyprus,D_E,2014,185978201.96,1592,CYP,-0.4190017,0,28.3005343866171,22373.578125,9.5,0.51205,52.1083793640137,130.8443630793902,10.015635993637796,0.9033991,8,11.66839366464198,2.1972245773362196,0,CYP_D_E,2.1972245773362196
Cyprus,D_E,2016,491063413.4,3749,CYP,-0.4190017,0,32.0132199103345,24477.986328125,10.3,0.5197,68.3754730224609,139.02209845724812,10.10552947540487,0.89589495,1,11.782839412211038,0.6931471805599453,0,CYP_D_E,1.9459101490553132
Cyprus,D_E,2017,490622521.7700001,3747,CYP,-0.4190017,0,33.6542226269064,25666.00390625,10.9,0.54259,79.827522277832,148.01335555813526,10.152922589999907,0.9238227333333333,3,11.782474796525076,1.3862943611198906,0,CYP_D_E,2.1972245773362196
Cyprus,D_E,2018,500699715.27,3939,CYP,-0.4190017,0,35.2355650415637,26962.40625,12,0.61032,86.5899276733398,147.62356741005382,10.202198813639907,0.8378151333333334,0,11.752834945665235,0,0,CYP_D_E,0.6931471805599453
Cyprus,D_E,2019,513685579.82,4111,CYP,-0.4190017,0,36.1884973404255,28167.16015625,12,0.70269,93.9260711669922,150.50616956116215,10.245912044863912,0.9016352833333333,5,11.735700336936738,1.791759469228055,0,CYP_D_E,1.3862943611198906
Cyprus,D_E,2020,464165865.23,4123,CYP,-0.4190017,0,36.3127392017496,26895.68359375,15,0.82581,102.390762329102,160.66871645996954,10.19972109151577,0.7710480333333333,5,11.63141618177521,1.791759469228055,0,CYP_D_E,0
Cyprus,D_E,2021,510618644.26,4275,CYP,-0.4190017,0,36.6502473650247,29517.072265625,15.6,0.77686,106.362930297852,176.82773681986995,10.292724095802214,0.7261719833333333,4,11.690594195148577,1.6094379124341003,0,CYP_D_E,1.791759469228055
Cyprus,D_E,2022,528541822.86,4397,CYP,-0.4190017,0,36.7656727425982,31370.55078125,15.6,0.70468,105.384979248047,205.75354374552353,10.35362485860949,0.71438715,6,11.696954725986398,1.9459101490553132,0,CYP_D_E,1.791759469228055
Ecuador,C,2012,11376861701.800001,196222,ECU,-0.4842254202898551,0,5.41801624099982,5579.8562428215755,13.2,0.33308,39.2524690384971,67.0029290916898,8.626918292108286,-0.6636433333333328,1,10.967845504177548,0.6931471805599453,0,ECU_C,0.6931471805599453
Ecuador,C,2013,9598001603.800001,219118,ECU,-0.4842254202898551,0,6.69604876989672,5893.321726830364,11.8,0.37423,39.7734405802353,63.43330033424136,8.681575078092349,-0.5358339499999997,0,10.687455071003225,0,0,ECU_C,0
Ecuador,C,2014,9008347808,216784,ECU,-0.4842254202898551,0,8.22960271464069,6055.041727614853,12.2,0.43839,42.155294927300304,61.426376621756496,8.708646547394471,-0.4952739166666663,1,10.634760773524581,0.6931471805599453,0,ECU_C,0.6931471805599453
Ecuador,C,2015,8159977964,226196,ECU,-0.4842254202898551,0,9.14528109625927,5976.159680565097,13.1,0.43839,44.5371492743653,47.82803970778264,8.695533446764424,-0.5895230166666665,0,10.49335014638674,0,0,ECU_C,0
Ecuador,C,2016,6263674646,209017,ECU,-0.4842254202898551,0,9.75202935279733,5849.135879336722,14.8,0.43839,45.468493924686165,40.53449179966469,8.674049216381379,-0.548500533333333,1,10.307861986640257,0.6931471805599453,0,ECU_C,0.6931471805599453
Ecuador,C,2017,6174634123,209516,ECU,-0.4842254202898551,0,10.6125181754918,6104.272535217513,17,0.43839,46.39983857500703,43.6177233172817,8.716744220594295,-0.5319221833333329,2,10.291160078625841,1.0986122886681098,0,ECU_C,0
Ecuador,C,2018,6065557763,210550,ECU,-0.4842254202898551,0,11.4584100093686,6063.095617877599,16.3,0.43839,47.3311832253279,48.00934761548355,8.709975776667743,-0.44188039999999984,0,10.268413905744842,0,0,ECU_C,0.6931471805599453
Ecuador,C,2019,5614648179,204625,ECU,-0.4842254202898551,0,12.0672172196331,5971.389383867231,17.7,0.43839,47.2627814012203,48.082849493330734,8.69473490692573,-0.40907424999999964,2,10.219710451153935,1.0986122886681098,0,ECU_C,1.0986122886681098
Ecuador,C,2020,4045967141,201863,ECU,-0.4842254202898551,0,13.5146940353863,5355.689341964435,20.2,0.43839,56.9066311483682,43.9893109378389,8.585914703255185,-0.4126600166666665,0,9.90564192583675,0,0,ECU_C,0
Ecuador,C,2021,7283996185,214289,ECU,-0.4842254202898551,0,14.0284374555704,5815.094773909489,18.9,0.43839,58.393206746617096,53.26127561057301,8.66821236299871,-0.33395176666666665,1,10.433864624828045,0.6931471805599453,0,ECU_C,1.0986122886681098
Ecuador,C,2022,7608574009,214289,ECU,-0.4842254202898551,0,15.1128846850944,6107.494950065426,18.9,0.43839,59.879782344866,61.88079281878595,8.717271976290036,-0.33917311666666666,1,10.4774607571915,0.6931471805599453,0,ECU_C,0
Ecuador,D_E,2016,1532240383,32139,ECU,-0.4190017,0,9.75202935279733,5849.135879336722,14.8,0.43839,45.468493924686165,40.53449179966469,8.674049216381379,-0.548500533333333,1,10.772171278988823,0.6931471805599453,0,ECU_D_E,NA
Ecuador,D_E,2017,1899992221,30645,ECU,-0.4190017,0,10.6125181754918,6104.272535217513,17,0.43839,46.39983857500703,43.6177233172817,8.716744220594295,-0.5319221833333329,2,11.034890832980066,1.0986122886681098,0,ECU_D_E,NA
Ecuador,D_E,2018,2154230664,32018,ECU,-0.4190017,0,11.4584100093686,6063.095617877599,16.3,0.43839,47.3311832253279,48.00934761548355,8.709975776667743,-0.44188039999999984,0,11.116645972660208,0,0,ECU_D_E,0.6931471805599453
Ecuador,D_E,2019,3062475282,30492,ECU,-0.4190017,0,12.0672172196331,5971.389383867231,17.7,0.43839,47.2627814012203,48.082849493330734,8.69473490692573,-0.40907424999999964,2,11.517269708492847,1.0986122886681098,0,ECU_D_E,1.0986122886681098
Ecuador,D_E,2020,2494934705,30193,ECU,-0.4190017,0,13.5146940353863,5355.689341964435,20.2,0.43839,56.9066311483682,43.9893109378389,8.585914703255185,-0.4126600166666665,0,11.32216300705028,0,0,ECU_D_E,0
Ecuador,D_E,2021,2890978216,28344,ECU,-0.4190017,0,14.0284374555704,5815.094773909489,18.9,0.43839,58.393206746617096,53.26127561057301,8.66821236299871,-0.33395176666666665,1,11.532690118297964,0.6931471805599453,0,ECU_D_E,1.0986122886681098
Ecuador,D_E,2022,2215901641,31349,ECU,-0.4190017,0,15.1128846850944,6107.494950065426,18.9,0.43839,59.879782344866,61.88079281878595,8.717271976290036,-0.33917311666666666,1,11.165987571390362,0.6931471805599453,0,ECU_D_E,0
Egypt,C,2012,27987343747.379997,984687,EGY,-0.4842254202898551,0,2.45679305227732,3220.991942030666,5.3,0.50899,26.2271566255146,40.71176927210844,8.077444647630045,-0.7451171499999983,10,10.254939132754307,2.3978952727983707,0,EGY_C,1.0986122886681098
Egypt,C,2013,28672375178.76,1002486,EGY,-0.4842254202898551,0,2.80726241263661,3216.378390262898,5.3,0.63895,28.3479816954113,40.37303805633197,8.076011282041456,-0.959503883333333,8,10.261206485871961,2.1972245773362196,0,EGY_C,1.9459101490553132
Egypt,C,2014,32235194682.270012,984725,EGY,-0.4842254202898551,0,3.14561708192958,3235.662462352572,5.4,0.63649,29.1134325604942,36.92018779342723,8.081988965677631,-0.9196378833333329,6,10.396207001802555,1.9459101490553132,0,EGY_C,2.3978952727983707
Egypt,C,2015,26006095621.789993,932372,EGY,-0.4842254202898551,0,3.84187963570353,3306.9815941414076,5.3,0.71858,32.8848991394043,34.84594296002291,8.103791147239484,-0.9091207333333317,2,10.236109638818617,1.0986122886681098,0,EGY_C,2.1972245773362196
Egypt,C,2016,15043193583.979996,922512,EGY,-0.4842254202898551,0,4.39685382563749,3381.2224630620676,5.1,0.70848,31.8731307983398,30.246549051450504,8.125992598550411,-0.8968763833333331,3,9.69933580934537,1.3862943611198906,0,EGY_C,1.9459101490553132
Egypt,C,2017,30206503794.230003,1873748,EGY,-0.4842254202898551,0,5.04732016956055,3452.909612455395,4.9,0.64486,33.1018892935221,42.832134358160786,8.146972520521286,-0.8498316666666647,2,9.687871834545865,1.0986122886681098,0,EGY_C,1.0986122886681098
Egypt,C,2018,73178212265.36,3913505,EGY,-0.4842254202898551,0,6.26825297386708,3568.639662861614,5,0.68839,36.1230010986328,45.911019673395906,8.179939755339424,-0.8586157499999978,0,9.8362196171051,0,0,EGY_C,1.3862943611198906
Egypt,C,2019,99162532463.07,3913505,EGY,-0.4842254202898551,0,7.04130696004296,3701.244634518797,6.2,0.79617,33.622825887244,41.12401715511079,8.216424429774438,-0.8318691666666644,2,10.140082133091989,1.0986122886681098,0,EGY_C,1.0986122886681098
Egypt,C,2020,46895852022.18,5177910,EGY,-0.4842254202898551,0,8.5396308016812,3770.869478674215,6.7,0.91564,38.773998260498,32.12625556675226,8.235060884798896,-0.859276783333333,1,9.111283007549158,0.6931471805599453,0,EGY_C,0
Egypt,C,2021,58891534353.04999,4559786.160000002,EGY,-0.4842254202898551,0,9.76582299335252,3837.3199232444736,6.1,0.91175,35.1185317783157,29.856973480812233,8.252529465255515,-0.8543066333333315,3,9.466176902469538,1.3862943611198906,0,EGY_C,1.0986122886681098
Egypt,D_E,2016,26432.86,10,EGY,-0.4190017,0,4.39685382563749,3381.2224630620676,5.1,0.70848,31.8731307983398,30.246549051450504,8.125992598550411,-0.8968763833333331,3,7.879778119116977,1.3862943611198906,0,EGY_D_E,NA
Egypt,D_E,2017,19121766,3438,EGY,-0.4190017,0,5.04732016956055,3452.909612455395,4.9,0.64486,33.1018892935221,42.832134358160786,8.146972520521286,-0.8498316666666647,2,8.623692639396179,1.0986122886681098,0,EGY_D_E,NA
Egypt,D_E,2019,280766344.3,49211,EGY,-0.4190017,0,7.04130696004296,3701.244634518797,6.2,0.79617,33.622825887244,41.12401715511079,8.216424429774438,-0.8318691666666644,2,8.64916091172458,1.0986122886681098,0,EGY_D_E,1.3862943611198906
Egypt,D_E,2020,40432007.44,10919,EGY,-0.4190017,0,8.5396308016812,3770.869478674215,6.7,0.91564,38.773998260498,32.12625556675226,8.235060884798896,-0.859276783333333,1,8.216872622608692,0.6931471805599453,0,EGY_D_E,1.0986122886681098
Georgia,C,2012,985625868.2700002,81093,GEO,-0.4842254202898551,0,12.0611334421058,3609.780798625996,28.7,0.0771,33.6164699594408,89.73488009463382,8.19140232888114,0.24675556666666668,0,9.40543547342989,0,0,GEO_C,NA
Georgia,C,2013,1007906213.3400002,80035,GEO,-0.4842254202898551,0,13.5708594493486,3806.5060064905138,32.4,0.0771,40.5870663959566,93.81391378955315,8.244466988701285,0.2972041166666668,4,9.440921641964657,1.6094379124341003,0,GEO_C,NA
Georgia,C,2014,1039403239.69,82103,GEO,-0.4842254202898551,0,15.8407410024372,3960.3508009190073,30.7,0.16991,46.3290537874173,94.95069793833932,8.28408788641567,0.4536033666666667,1,9.446182741841682,0.6931471805599453,0,GEO_C,0
Georgia,C,2015,901194002.49,82505,GEO,-0.4842254202898551,0,16.7646515047976,4086.622346596499,27.5,0.29397,51.9050659422441,97.01631150862568,8.315474075721646,0.427185,0,9.298616934926683,0,0,GEO_C,1.6094379124341003
Georgia,C,2016,872251275.5,85724,GEO,-0.4842254202898551,0,17.9595929069632,4225.091549048057,27.2,0.28025,58.1988080034057,94.92625283834433,8.348796207970258,0.4885016833333333,4,9.22769998828564,1.6094379124341003,0,GEO_C,0.6931471805599453
Georgia,C,2017,1032056446.9699999,86613,GEO,-0.4842254202898551,0,20.4644306577176,4442.50744127374,27.5,0.26645,63.535040959252,102.58427769714562,8.398974235046817,0.45531221666666666,1,9.385614000428562,0.6931471805599453,0,GEO_C,0
Georgia,C,2018,1111271329.5000002,88994,GEO,-0.4842254202898551,0,22.5911406351247,4713.653548453031,27.4,0.27573,66.747813990461,109.84774055626568,8.45821858661897,0.4177751,1,9.432446308047517,0.6931471805599453,0,GEO_C,1.6094379124341003
Georgia,C,2019,1054684446.6899998,87035,GEO,-0.4842254202898551,0,24.6806060596483,4975.811481948139,24.7,0.28197,69.6463934713126,117.81008023971364,8.51234374824076,0.41112051666666666,1,9.402441840884,0.6931471805599453,0,GEO_C,0.6931471805599453
Georgia,C,2020,996182748.4100003,85603,GEO,-0.4842254202898551,0,25.5120429077493,4659.609253182341,23.4,0.29765,71.8064531290391,92.89108417521943,8.446686872355555,0.35956051666666666,1,9.36196567281272,0.6931471805599453,0,GEO_C,0.6931471805599453
Georgia,C,2021,1324320189.1799998,89078,GEO,-0.4842254202898551,0,26.6463786914494,5175.198651858251,25.2,0.24875,77.2303110681266,101.60090754890984,8.551633004229327,0.3451324333333333,2,9.606897430561544,1.0986122886681098,0,GEO_C,0.6931471805599453
Georgia,C,2022,1802932720.6799996,90437,GEO,-0.4842254202898551,0,28.3337075311796,5736.304495785975,25.2,0.2347,79.3253367493498,114.69543768871809,8.654570465909892,0.3212691333333335,4,9.900271710584846,1.6094379124341003,0,GEO_C,0.6931471805599453
Georgia,D_E,2015,340419381.48,28040,GEO,-0.4190017,0,16.7646515047976,4086.622346596499,27.5,0.29397,51.9050659422441,97.01631150862568,8.315474075721646,0.427185,0,9.404301549261898,0,0,GEO_D_E,NA
Georgia,D_E,2016,438031456.97,27796,GEO,-0.4190017,0,17.9595929069632,4225.091549048057,27.2,0.28025,58.1988080034057,94.92625283834433,8.348796207970258,0.4885016833333333,4,9.665153880893811,1.6094379124341003,0,GEO_D_E,NA
Georgia,D_E,2017,427611890.93,29654,GEO,-0.4190017,0,20.4644306577176,4442.50744127374,27.5,0.26645,63.535040959252,102.58427769714562,8.398974235046817,0.45531221666666666,1,9.576374242686558,0.6931471805599453,0,GEO_D_E,0
Georgia,D_E,2018,487203993.83000004,29276,GEO,-0.4190017,0,22.5911406351247,4713.653548453031,27.4,0.27573,66.747813990461,109.84774055626568,8.45821858661897,0.4177751,1,9.719670125121665,0.6931471805599453,0,GEO_D_E,1.6094379124341003
Georgia,D_E,2019,436734447.65999997,29609,GEO,-0.4190017,0,24.6806060596483,4975.811481948139,24.7,0.28197,69.6463934713126,117.81008023971364,8.51234374824076,0.41112051666666666,1,9.599002248943133,0.6931471805599453,0,GEO_D_E,0.6931471805599453
Georgia,D_E,2020,365965190.93,30352,GEO,-0.4190017,0,25.5120429077493,4659.609253182341,23.4,0.29765,71.8064531290391,92.89108417521943,8.446686872355555,0.35956051666666666,1,9.397431087919278,0.6931471805599453,0,GEO_D_E,0.6931471805599453
Georgia,D_E,2021,646906807.21,30476,GEO,-0.4190017,0,26.6463786914494,5175.198651858251,25.2,0.24875,77.2303110681266,101.60090754890984,8.551633004229327,0.3451324333333333,2,9.963018036182458,1.0986122886681098,0,GEO_D_E,0.6931471805599453
Georgia,D_E,2022,812346341.12,29828,GEO,-0.4190017,0,28.3337075311796,5736.304495785975,25.2,0.2347,79.3253367493498,114.69543768871809,8.654570465909892,0.3212691333333335,4,10.212234506997762,1.6094379124341003,0,GEO_D_E,0.6931471805599453
Indonesia,C,2012,117900731725.18,4928839,IDN,-0.4842254202898551,0,1.18045801810675,2930.5184453229954,30.1,0.0847,29.0425391195214,49.5828982992627,7.98293463015465,-0.3602454333333328,0,10.082494829463212,0,0,IDN_C,0.6931471805599453
Indonesia,C,2013,136362979074.03998,5004912,IDN,-0.4842254202898551,0,1.27096683417948,3055.2424600646877,30.6,0.0847,29.894529174265,48.637372675289285,8.024614233453086,-0.3310805833333332,0,10.212655742943715,0,0,IDN_C,0
Indonesia,C,2014,137773400237.56,5180531,IDN,-0.4842254202898551,0,1.31336301010966,3170.7210301142886,29.3,0.13825,29.9904910473273,48.08017558552271,8.061714295302249,-0.18619833333333316,0,10.188458026600776,0,0,IDN_C,0
Indonesia,C,2015,141439862543.93,5247301,IDN,-0.4842254202898551,0,1.52139473860752,3288.222697255384,26.6,0.1918,32.4590200433758,41.93764024152938,8.098102484191292,-0.25985423333333335,0,10.201916056864752,0,0,IDN_C,0
Indonesia,C,2016,165732177799.16,6390923,IDN,-0.4842254202898551,0,1.9753784545485,3416.810051709715,27.8,0.24535,34.8307173410877,37.421341802331824,8.136462661371946,-0.16800221666666634,0,10.163249675273846,0,0,IDN_C,0
Indonesia,C,2017,215784078575.74002,6614954,IDN,-0.4842254202898551,0,2.32504234259027,3553.519992623214,25.2,0.23805,35.967012362631,39.355497070460586,8.175693938429037,-0.15934898333333333,0,10.392700706823295,0,0,IDN_C,0
Indonesia,C,2018,216249499637.88,6123185,IDN,-0.4842254202898551,0,3.28729591276809,3701.3215546191177,22,0.22632,36.1494878042588,43.07430895520015,8.21644521178391,-0.10865413333333318,0,10.47210572499138,0,0,IDN_C,0
Indonesia,C,2019,222363779451.76,6241121,IDN,-0.4842254202898551,0,3.77422560918071,3850.903217389789,19.8,0.27129,37.3230862728703,37.62777753571081,8.25606300168653,-0.1105058166666665,0,10.480910152235177,0,0,IDN_C,0
Indonesia,C,2020,194824365363.03,5878165,IDN,-0.4842254202898551,0,3.92993769121646,3739.4490656316098,21.9,0.28068,38.1650601406923,32.97217540024274,8.226693570902942,-0.08164486666666651,0,10.4086091028594,0,0,IDN_C,0
Indonesia,C,2021,215270198459.91,5973677,IDN,-0.4842254202898551,0,4.4874632789818,3850.688772539029,20.2,0.28068,40.6293239880732,40.20475827496714,8.256007313238973,-0.11605978333333317,0,10.492286604393836,0,0,IDN_C,0
Indonesia,C,2022,224554635886.82,6231069,IDN,-0.4842254202898551,0,4.82151507878823,4024.912252883909,20.2,0.28068,42.3260385456152,45.46467019594532,8.300258389089292,-0.12032726666666667,0,10.49232641636995,0,0,IDN_C,0
India,C,2012,176580710617.63,12307025,IND,-0.4842254202898551,0,1.17169600055105,1333.0962655766764,34.8,0.74399,24.9402082606779,55.793721728751144,7.195259534807986,-0.32992161666666503,176,9.571363097233222,5.176149732573829,0,IND_C,4.61512051684126
India,C,2013,169430431604.29,12868220,IND,-0.4842254202898551,0,1.15197793176359,1399.4537980287023,34.9,0.70642,24.390638443123,53.844131946677734,7.243837295212063,-0.314404866666665,196,9.485436982634369,5.2832037287379885,0,IND_C,4.290459441148391
India,C,2014,179085975650.6,13186522,IND,-0.4842254202898551,0,1.20020374567342,1484.3164068291328,33.9,0.70158,25.991324706788,48.922185747066905,7.302709613149857,-0.2544588499999995,154,9.516426033058972,5.043425116919247,0,IND_C,5.176149732573829
India,C,2015,186622902651.22998,13614482,IND,-0.4842254202898551,0,1.27578595315943,1583.998159079848,33.4,0.6931,27.2845677075978,41.92291386586472,7.36770741017663,-0.14673686666666663,199,9.525711217343357,5.298317366548036,0,IND_C,5.2832037287379885
India,C,2016,192724624896.45004,14252204,IND,-0.4842254202898551,0,1.38795276378032,1694.4653497382467,33,0.66984,27.3043573857643,40.08248571327602,7.435122542173672,-0.11276856666666665,330,9.512106073588942,5.802118375377063,0,IND_C,5.043425116919247
India,C,2017,212431810609.98,14930829,IND,-0.4842254202898551,0,1.31327377028949,1788.6977031844576,32.5,0.66603,27.9090519049334,40.74249695452253,7.4892430939286365,-0.07402014999999969,294,9.562948188806237,5.68697535633982,0,IND_C,5.298317366548036
India,C,2018,210657782023.30002,15573420,IND,-0.4842254202898551,0,1.3217822859385,1883.357727050616,32.9,0.66001,28.5316865291946,43.61696933238889,7.540811487804751,-0.05283725,257,9.512424594726637,5.552959584921617,0,IND_C,5.802118375377063
India,C,2019,196854258479.60995,15932720,IND,-0.4842254202898551,0,1.37913181839908,1936.0306774106673,33.5,0.65942,29.0233593907143,39.90540353064419,7.568395113480952,-0.051818333333333175,404,9.421844072893027,6.003887067106539,0,IND_C,5.68697535633982
India,C,2020,204266853485.58002,15423803,IND,-0.4842254202898551,0,1.63622632751685,1806.5011058387809,36.1,0.64558,29.8196397708424,37.75810532927675,7.499147162731864,-0.136782133333333,463,9.491270557839725,6.139884552226255,0,IND_C,5.552959584921617
India,C,2021,262984114725.14996,16517316,IND,-0.4842254202898551,0,1.9487996093033,1965.3094343750604,34.9,0.64558,31.5741765984501,45.423088784044594,7.583404984870203,-0.18534068333333314,551,9.675439623891592,6.313548046277095,0,IND_C,6.003887067106539
India,C,2022,265189862950.34995,17761473,IND,-0.4842254202898551,0,2.35231555917724,2098.2112447615036,34.9,0.64558,32.6703053423023,50.0752701498882,7.648840472524996,-0.16719159999999997,280,9.611169639080215,5.638354669333745,0,IND_C,6.139884552226255
Iran (Islamic Republic of),C,2015,48770689922.62999,1775090,IRN,-0.4842254202898551,0,7.99892645019457,4952.733555321775,0.9,0.39383,70.6858520507812,39.42258866117996,8.507694936536325,-0.8523371499999998,2,10.221033669192126,1.0986122886681098,0,IRN_C,NA
Iran (Islamic Republic of),C,2016,56749269183.810005,1770864,IRN,-0.4842254202898551,0,9.07810254131414,5312.6172495419205,1,0.57683,67.9112319946289,39.8772417738866,8.57783988349113,-0.8052939166666631,6,10.374930494362868,1.9459101490553132,0,IRN_C,NA
Iran (Islamic Republic of),C,2017,65194223853.50001,1760061,IRN,-0.4842254202898551,0,10.1144035205672,5395.239839859798,1,0.75983,66.351448059082,43.15569313839062,8.593272332655868,-0.8121985166666646,2,10.519777685245968,1.0986122886681098,0,IRN_C,1.0986122886681098
Iran (Islamic Republic of),C,2018,76319402055.54001,1716557,IRN,-0.4842254202898551,0,11.3875742908004,5127.224953670179,1,0.77406,60.8611488342285,56.61534961428295,8.542319847097774,-0.9639888166666667,9,10.70236193091768,2.302585092994046,0,IRN_C,1.9459101490553132
Iran (Islamic Republic of),C,2019,110735721065.15,1785993,IRN,-0.4842254202898551,0,9.90926903532027,4952.456690810781,1,0.78829,58.1169509887695,48.59177121370379,8.507639033619936,-1.07725843333333,8,11.03492718708723,2.1972245773362196,0,IRN_C,1.0986122886681098
Iran (Islamic Republic of),C,2020,215642680872.43,1866865,IRN,-0.4842254202898551,0,10.9026671467968,5132.824307621181,0.9,0.7574700000000001,55.6366691589355,43.88446749050129,8.543411333963832,-1.1485109999999983,8,11.657117508226177,2.1972245773362196,0,IRN_C,2.302585092994046
Iran (Islamic Republic of),C,2021,381437433272.32996,2071816,IRN,-0.4842254202898551,0,12.068102546673,5300.622719618949,0.9,0.72665,54.3051986694336,42.672379536261005,8.575579586906029,-1.1485728999999967,7,12.123276596984267,2.0794415416798357,0,IRN_C,2.1972245773362196
Iraq,C,2013,3373011410.7800007,243431,IRQ,-0.4842254202898551,0,4.681675712840308,4504.826875373541,1.5,0.03715333333333334,NA,67.41001840956719,8.412904739864173,-1.3202675166666615,0,9.536482962204639,0,0,IRQ_C,NA
Iraq,C,2014,2548841400.51,220731,IRQ,-0.4842254202898551,0,6.238887568531731,4446.973432348619,1,0.03835,NA,68.98248685690363,8.399979016206505,-1.3570642999999984,0,9.354204695579309,0,0,IRQ_C,NA
Iraq,C,2015,2482786540.3900003,197420,IRQ,-0.4842254202898551,0,7.796099424223154,4440.141892523674,0.8,0.04017,NA,69.59176859831146,8.398441612691235,-1.38181333333333,0,9.439558653375745,0,0,IRQ_C,0
Iraq,C,2016,3167363920.4600005,193658,IRQ,-0.4842254202898551,0,9.353311279914577,4932.927291143899,0.9,0.03737,NA,54.588320188676995,8.503687861847576,-1.388147649999995,0,9.702316512321653,0,0,IRQ_C,0
Iraq,C,2017,2989605755.0699987,207292,IRQ,-0.4842254202898551,0,10.910523135606,4736.327108098566,0.5,0.04596,NA,59.780912392315685,8.463017242611702,-1.3978488499999966,0,9.576523654898006,0,0,IRQ_C,0
Iraq,C,2018,3631044466.3299994,208088,IRQ,-0.4842254202898551,0,11.1567326014866,4749.009218368956,0.5,0.04279,NA,65.80179177010834,8.465691289665148,-1.3813156999999967,0,9.767069829472948,0,0,IRQ_C,0
Iraq,C,2019,2951401861.2399993,133998,IRQ,-0.4842254202898551,0,11.0677657654898,4898.148976522652,0.9,0.03266,NA,68.98993842028058,8.49661265283614,-1.3735385499999997,0,9.999965948174426,0,0,IRQ_C,0
Iraq,C,2020,2989193611.57,176491,IRQ,-0.4842254202898551,0,14.8494851377503,4213.998437660612,1.1,0.04053,NA,57.742316395146,8.34616722361433,-1.4249361499999984,0,9.737244330293684,0,0,IRQ_C,0
Iraq,C,2021,4129361379.33,202116,IRQ,-0.4842254202898551,0,14.8275236561145,4182.500640457304,1.1,0.0407,NA,61.50326831172178,8.338664585988834,-1.4007307499999984,0,9.924791533274382,0,0,IRQ_C,0
Iraq,C,2022,4375650344.81,225875,IRQ,-0.4842254202898551,0,14.4912960130678,4412.997331465116,1.1,0.0407,NA,68.75879409409,8.392309404570772,-1.4198088499999966,1,9.871583968056392,0.6931471805599453,0,IRQ_C,0
Iraq,D_E,2021,21230344.83,2526,IRQ,-0.4190017,0,14.8275236561145,4182.500640457304,1.1,0.0407,NA,61.50326831172178,8.338664585988834,-1.4007307499999984,0,9.036549773218345,0,0,IRQ_D_E,NA
Jordan,C,2012,5833107042.25,200420,JOR,-0.4842254202898551,0,3.95794086483593,4677.4761397719185,2.9,NA,43.9161464129347,117.85558768518946,8.450513957070973,-0.0992739333333332,0,10.278645192085849,0,0,JOR_C,NA
Jordan,C,2013,6031150704.22,179449,JOR,-0.4842254202898551,0,4.10898208403129,4556.52023716712,3.1,NA,41.486906900707766,111.45152799762823,8.424314505310521,-0.13795606666666665,0,10.422557335389694,0,0,JOR_C,0
Jordan,C,2014,6764297183.100001,182698,JOR,-0.4842254202898551,0,4.00130350068417,4282.118728492385,3.1,NA,39.05766738848084,109.93880553502171,8.362203196110489,-0.09830650000000002,1,10.519334407618315,0.6931471805599453,0,JOR_C,0
Jordan,C,2015,7457107042.240002,197889,JOR,-0.4842254202898551,0,3.24499522197016,4042.756780975546,3.2,NA,36.6284278762539,95.35791222667908,8.304682109774202,-0.049653866666666636,1,10.536971833585671,0.6931471805599453,0,JOR_C,0
Jordan,C,2016,7919574647.89,238104,JOR,-0.4842254202898551,0,2.97134814263758,3933.14704611068,4.7,0.69547,34.0612635636995,88.72071789546874,8.27719515950577,-0.045940666666666345,2,10.412140503258179,1.0986122886681098,0,JOR_C,0.6931471805599453
Jordan,C,2017,8593138028.18,252757,JOR,-0.4842254202898551,0,3.24328385947311,3940.701991811448,5.3,NA,28.6210570991622,89.7316005071358,8.27911415693202,-0.04021869999999968,0,10.43404598616094,0,0,JOR_C,0.6931471805599453
Jordan,C,2018,8473664788.71,239021,JOR,-0.4842254202898551,0,3.81938742759006,3928.770268212053,7.2,NA,31.5562985544301,87.63591519068568,8.276081747045222,-0.09454669999999982,1,10.475922237583783,0.6931471805599453,0,JOR_C,1.0986122886681098
Jordan,D_E,2014,1574647.89,8067,JOR,-0.4190017,0,4.00130350068417,4282.118728492385,3.1,NA,39.05766738848084,109.93880553502171,8.362203196110489,-0.09830650000000002,1,5.274005298406446,0.6931471805599453,0,JOR_D_E,NA
Jordan,D_E,2016,1287649295.7800002,9959,JOR,-0.4190017,0,2.97134814263758,3933.14704611068,4.7,0.69547,34.0612635636995,88.72071789546874,8.27719515950577,-0.045940666666666345,2,11.76985219773531,1.0986122886681098,0,JOR_D_E,0
Kazakhstan,C,2012,23047904046.88,375861,KAZ,-0.4842254202898551,0,9.46082267148947,9531.914776170575,1.3,0.16525,52.1525037230692,73.72373248916709,9.162400897365673,-0.6320341333333331,0,11.023865998361423,0,0,KAZ_C,0
Kazakhstan,C,2013,25166027990.120003,375194,KAZ,-0.4842254202898551,0,11.1572510287072,9959.72586930534,1.2,0.17132,45.8669276379862,65.40760932995377,9.20630482703776,-0.6635597499999999,1,11.113562321820105,0.6931471805599453,0,KAZ_C,0
Kazakhstan,C,2014,22846202823.34,367310,KAZ,-0.4842254202898551,0,12.0563854922617,10226.710053968292,1.3,0.16722,51.0877733655657,64.9720346513507,9.23275820936943,-0.4122532666666665,5,11.038089304929628,1.791759469228055,0,KAZ_C,0
Kazakhstan,C,2015,18946663181.549995,332329,KAZ,-0.4842254202898551,0,12.7238359694604,10196.122625598213,1.7,0.16951,48.3464575023644,53.04972880726522,9.229762792257562,-0.36088818333333317,6,10.951012946490154,1.9459101490553132,0,KAZ_C,0.6931471805599453
Kazakhstan,C,2016,15553825695.589998,303534,KAZ,-0.4842254202898551,0,12.7965104881396,10151.423313301964,2.1,0.14179,46.0492258820674,60.31159658641528,9.225369202550443,-0.4086589166666663,4,10.844323561185881,1.6094379124341003,0,KAZ_C,1.791759469228055
Kazakhstan,C,2017,18815954700.809998,297092,KAZ,-0.4842254202898551,0,13.8114386119057,10404.271864631695,2,0.12667,49.9712092283595,56.82538793597095,9.24997175700681,-0.3452656333333334,3,11.056173867049726,1.3862943611198906,0,KAZ_C,1.9459101490553132
Kazakhstan,C,2018,20496090022.56,301463,KAZ,-0.4842254202898551,0,13.0002402717791,10670.21201482792,1.9,0.11683,51.9662639587064,63.52795651181881,9.275211214279075,-0.30587444999999996,2,11.127097406408515,1.0986122886681098,0,KAZ_C,1.6094379124341003
Kazakhstan,C,2019,20830621622.449997,308407,KAZ,-0.4842254202898551,0,13.0799490149564,10989.684071838816,1.9,0.11841,57.3421123781351,64.85861655175647,9.304712300109019,-0.27169154999999967,3,11.12051431621764,1.3862943611198906,0,KAZ_C,1.3862943611198906
Kazakhstan,C,2020,22364796735.990005,299528,KAZ,-0.4842254202898551,0,13.4502836627046,10565.035981623536,1.8,0.12602,62.2921373672319,57.026442366093136,9.265305335782505,-0.2943902666666666,2,11.220790803986617,1.0986122886681098,0,KAZ_C,1.0986122886681098
Kazakhstan,C,2021,26824524155.790005,298611,KAZ,-0.4842254202898551,0,13.946795830528,10873.391527527603,2,0.13023,59.3849415869809,58.66860857792066,9.294073939503082,-0.2991750333333333,1,11.405685384483544,0.6931471805599453,0,KAZ_C,1.3862943611198906
Kazakhstan,C,2022,30278771619.379997,304484,KAZ,-0.4842254202898551,0,14.4739535470844,11058.348241340698,2,0.11715,57.2459264222925,68.33431474156123,9.310940918655643,-0.33223228333333316,1,11.507338877705552,0.6931471805599453,0,KAZ_C,1.0986122886681098
Kazakhstan,D_E,2016,2609571545.49,153092,KAZ,-0.4190017,0,12.7965104881396,10151.423313301964,2.1,0.14179,46.0492258820674,60.31159658641528,9.225369202550443,-0.4086589166666663,4,9.743657559138002,1.6094379124341003,0,KAZ_D_E,NA
Kazakhstan,D_E,2018,3340555684.9599996,149716,KAZ,-0.4190017,0,13.0002402717791,10670.21201482792,1.9,0.11683,51.9662639587064,63.52795651181881,9.275211214279075,-0.30587444999999996,2,10.01290755771519,1.0986122886681098,0,KAZ_D_E,NA
Kazakhstan,D_E,2019,3003336697.6300006,149350,KAZ,-0.4190017,0,13.0799490149564,10989.684071838816,1.9,0.11841,57.3421123781351,64.85861655175647,9.304712300109019,-0.27169154999999967,3,9.908941916441234,1.3862943611198906,0,KAZ_D_E,1.6094379124341003
Kazakhstan,D_E,2020,2656777129.77,147283,KAZ,-0.4190017,0,13.4502836627046,10565.035981623536,1.8,0.12602,62.2921373672319,57.026442366093136,9.265305335782505,-0.2943902666666666,2,9.800268434739237,1.0986122886681098,0,KAZ_D_E,1.0986122886681098
Kazakhstan,D_E,2021,3592213668.7200003,145672,KAZ,-0.4190017,0,13.946795830528,10873.391527527603,2,0.13023,59.3849415869809,58.66860857792066,9.294073939503082,-0.2991750333333333,1,10.11292167221579,0.6931471805599453,0,KAZ_D_E,1.3862943611198906
Kazakhstan,D_E,2022,4280890189.9299994,145169,KAZ,-0.4190017,0,14.4739535470844,11058.348241340698,2,0.11715,57.2459264222925,68.33431474156123,9.310940918655643,-0.33223228333333316,1,10.291772953258782,0.6931471805599453,0,KAZ_D_E,1.0986122886681098
Lao People's Dem Rep,C,2015,1829403079.76,118585,LAO,-0.4842254202898551,0,0.213918838751508,2121.013390973629,53.3,NA,18.1574846273063,85.79832170368095,7.6596492680636725,-0.6336124999999998,0,9.643870282667049,0,0,LAO_C,NA
Sri Lanka,C,2013,9909500683.77,828696,LKA,-0.4842254202898551,0,1.98679918143445,3728.9358664784822,56.9,0.0973,17.7655041707891,NA,8.223878181446446,-0.40025543333333335,0,9.389151138941868,0,0,LKA_C,NA
Sri Lanka,C,2014,10044725218.140001,933002,LKA,-0.4842254202898551,0,2.63419031926553,3929.9206203218473,54.2,0.09605,17.8701919678234,NA,8.27637450626793,-0.32094004999999987,1,9.284150856301142,0.6931471805599453,0,LKA_C,NA
Sri Lanka,C,2015,9402547532.49,1032832,LKA,-0.4842254202898551,0,2.88043182386208,4057.715834623104,51.3,0.10291,18.1726459197686,46.91797080888159,8.308375491966135,-0.13448688333333317,0,9.11643140183124,0,0,LKA_C,0
Sri Lanka,C,2016,9720707304.190002,1235690,LKA,-0.4842254202898551,0,4.07189669081491,4214.741179920849,45.1,0.12034,17.1510485178135,46.47153702521869,8.346343464024132,-0.1392050166666665,0,8.970384144211653,0,0,LKA_C,0.6931471805599453
Sri Lanka,C,2017,10733937342.55,1296778,LKA,-0.4842254202898551,0,5.5257624644358,4436.00789945768,45.8,0.11818,17.1941300290821,47.14040980046442,8.397510129230097,-0.17075589999999935,0,9.021282988972777,0,0,LKA_C,0
Sri Lanka,C,2018,10061702444.480001,1288011,LKA,-0.4842254202898551,0,6.93976008216017,4493.035754445438,47.9,0.11949,17.8869756778112,49.809396752136095,8.410283866849634,-0.16598106666666645,0,8.9633924903913,0,0,LKA_C,0
Sri Lanka,C,2019,8933857233.569998,1279423,LKA,-0.4842254202898551,0,7.43541256815093,4455.781896082671,46.1,0.117825,19.4563160693078,49.42552388545998,8.401957834287737,-0.14251783333333315,0,8.851194326611022,0,0,LKA_C,0
Sri Lanka,C,2020,7591050471.4800005,940282,LKA,-0.4842254202898551,0,7.8962203692284,4227.23315306594,49.3,0.11616,20.1614879343022,37.08911885729198,8.349302957092942,-0.16095898333333333,0,8.996300711561613,0,0,LKA_C,0
Sri Lanka,C,2021,8159236107.400001,912106,LKA,-0.4842254202898551,0,10.5401488574725,4357.9722577949115,48.8,0.11061,20.7824292013914,41.22884632919991,8.37976214967313,-0.28927664999999997,0,9.098904896878436,0,0,LKA_C,0
Sri Lanka,D_E,2013,1871520365.8700001,17602,LKA,-0.4190017,0,1.98679918143445,3728.9358664784822,56.9,0.0973,17.7655041707891,NA,8.223878181446446,-0.40025543333333335,0,11.574249156426397,0,0,LKA_D_E,NA
Sri Lanka,D_E,2014,1803414440.5900002,29478,LKA,-0.4190017,0,2.63419031926553,3929.9206203218473,54.2,0.09605,17.8701919678234,NA,8.27637450626793,-0.32094004999999987,1,11.021548115026182,0.6931471805599453,0,LKA_D_E,NA
Sri Lanka,D_E,2015,1680665316.46,29756,LKA,-0.4190017,0,2.88043182386208,4057.715834623104,51.3,0.10291,18.1726459197686,46.91797080888159,8.308375491966135,-0.13448688333333317,0,10.941669502356831,0,0,LKA_D_E,0
Sri Lanka,D_E,2016,791659908.41,33760,LKA,-0.4190017,0,4.07189669081491,4214.741179920849,45.1,0.12034,17.1510485178135,46.47153702521869,8.346343464024132,-0.1392050166666665,0,10.062610500273312,0,0,LKA_D_E,0.6931471805599453
Sri Lanka,D_E,2017,671283292.0899999,36234,LKA,-0.4190017,0,5.5257624644358,4436.00789945768,45.8,0.11818,17.1941300290821,47.14040980046442,8.397510129230097,-0.17075589999999935,0,9.826948616176056,0,0,LKA_D_E,0
Sri Lanka,D_E,2018,448066594.75,36149,LKA,-0.4190017,0,6.93976008216017,4493.035754445438,47.9,0.11949,17.8869756778112,49.809396752136095,8.410283866849634,-0.16598106666666645,0,9.425047863640621,0,0,LKA_D_E,0
Sri Lanka,D_E,2019,342097471.31,35847,LKA,-0.4190017,0,7.43541256815093,4455.781896082671,46.1,0.117825,19.4563160693078,49.42552388545998,8.401957834287737,-0.14251783333333315,0,9.163591097733548,0,0,LKA_D_E,0
Sri Lanka,D_E,2020,364333630.04,35935,LKA,-0.4190017,0,7.8962203692284,4227.23315306594,49.3,0.11616,20.1614879343022,37.08911885729198,8.349302957092942,-0.16095898333333333,0,9.224113541952262,0,0,LKA_D_E,0
Sri Lanka,D_E,2021,408564157.53000003,34461,LKA,-0.4190017,0,10.5401488574725,4357.9722577949115,48.8,0.11061,20.7824292013914,41.22884632919991,8.37976214967313,-0.28927664999999997,0,9.380575987495746,0,0,LKA_D_E,0
Republic of Moldova,C,2013,642016288.8399999,80148,MDA,-0.4842254202898551,0,13.7695240878002,2605.850299861424,23.8,0.29783,41.2771708905345,95.68729683323836,7.86551431162245,-0.3141934,4,8.988494028843657,1.6094379124341003,0,MDA_C,NA
Republic of Moldova,C,2014,670459442.7599998,77877,MDA,-0.4842254202898551,0,15.2330041292856,2737.801850566472,24.3,0.31463,52.151516238366,94.22829196909277,7.914910633093125,-0.3412354833333328,7,9.06058783285988,2.0794415416798357,0,MDA_C,NA
Republic of Moldova,C,2015,481522477.49999994,77581,MDA,-0.4842254202898551,0,16.2569619282762,2749.5513705433796,24.7,0.30735,52.1000519119307,88.96641545653229,7.919193039367943,-0.4202859333333313,4,8.733385639524897,1.6094379124341003,0,MDA_C,1.6094379124341003
Republic of Moldova,C,2016,485022291.53,78207,MDA,-0.4842254202898551,0,17.2155177259579,2910.954868723758,25.3,0.28005,52.8435823784374,89.00468371886707,7.976236439923536,-0.44086748333333287,3,8.732590973169312,1.3862943611198906,0,MDA_C,2.0794415416798357
Republic of Moldova,C,2017,706566661.9400003,84020,MDA,-0.4842254202898551,0,18.2974964435539,3085.333058442626,26.1,0.25789,51.9490291393525,88.62339027543784,8.034414891109448,-0.36461093333333267,3,9.037117966101857,1.3862943611198906,0,MDA_C,1.6094379124341003
Republic of Moldova,C,2018,790375415.7099999,88655,MDA,-0.4842254202898551,0,19.7583973228257,3267.9961042871973,25.3,0.25626,52.8423092059456,87.44678742756476,8.091932263900603,-0.3470729999999997,2,9.095510888817346,1.0986122886681098,0,MDA_C,1.3862943611198906
Republic of Moldova,C,2019,784818627.9999999,91190,MDA,-0.4842254202898551,0,21.54270340639,3438.677326707123,22,0.24145,54.7812048030675,87.63223711489063,8.14284217837886,-0.3054610666666665,1,9.060262680989712,0.6931471805599453,0,MDA_C,1.3862943611198906
Republic of Moldova,C,2020,932933382.1100001,85824,MDA,-0.4842254202898551,0,23.4268592640718,3188.916916026994,22.3,0.23511,56.2498196612517,79.26572211915801,8.067436613370882,-0.29502794999999965,4,9.293790387809675,1.6094379124341003,0,MDA_C,1.0986122886681098
Republic of Moldova,C,2021,1063652970.2800002,86138,MDA,-0.4842254202898551,0,25.2112754309344,3688.1672944214374,21.4,0.23154,61.3014036981023,88.47088653992667,8.212884945475606,-0.1864283166666665,3,9.421269078592251,1.3862943611198906,0,MDA_C,0.6931471805599453
Republic of Moldova,C,2022,1235351136.9700003,84690,MDA,-0.4842254202898551,0,26.317794331222,3611.9548473328614,21.4,0.22959,68.0572346521372,112.11767157976556,8.19200441372033,-0.15883686666666652,0,9.587868278132227,0,0,MDA_C,1.6094379124341003
Republic of Moldova,D_E,2013,116420466.08,19748,MDA,-0.4190017,0,13.7695240878002,2605.850299861424,23.8,0.29783,41.2771708905345,95.68729683323836,7.86551431162245,-0.3141934,4,8.681911403856931,1.6094379124341003,0,MDA_D_E,NA
Republic of Moldova,D_E,2014,90916688.46,19128,MDA,-0.4190017,0,15.2330041292856,2737.801850566472,24.3,0.31463,52.151516238366,94.22829196909277,7.914910633093125,-0.3412354833333328,7,8.466545624577847,2.0794415416798357,0,MDA_D_E,NA
Republic of Moldova,D_E,2015,73915124.69,19406,MDA,-0.4190017,0,16.2569619282762,2749.5513705433796,24.7,0.30735,52.1000519119307,88.96641545653229,7.919193039367943,-0.4202859333333313,4,8.24509045366836,1.6094379124341003,0,MDA_D_E,1.6094379124341003
Republic of Moldova,D_E,2016,157482136.46,18804,MDA,-0.4190017,0,17.2155177259579,2910.954868723758,25.3,0.28005,52.8435823784374,89.00468371886707,7.976236439923536,-0.44086748333333287,3,9.032997698351899,1.3862943611198906,0,MDA_D_E,2.0794415416798357
Republic of Moldova,D_E,2017,171866577.27,18460,MDA,-0.4190017,0,18.2974964435539,3085.333058442626,26.1,0.25789,51.9490291393525,88.62339027543784,8.034414891109448,-0.36461093333333267,3,9.138867512152938,1.3862943611198906,0,MDA_D_E,1.6094379124341003
Republic of Moldova,D_E,2018,238789821.62,18196,MDA,-0.4190017,0,19.7583973228257,3267.9961042871973,25.3,0.25626,52.8423092059456,87.44678742756476,8.091932263900603,-0.3470729999999997,2,9.482137246852613,1.0986122886681098,0,MDA_D_E,1.3862943611198906
Republic of Moldova,D_E,2019,230320219.09000003,18385,MDA,-0.4190017,0,21.54270340639,3438.677326707123,22,0.24145,54.7812048030675,87.63223711489063,8.14284217837886,-0.3054610666666665,1,9.43569076177412,0.6931471805599453,0,MDA_D_E,1.3862943611198906
Republic of Moldova,D_E,2020,256831319.72000003,18234,MDA,-0.4190017,0,23.4268592640718,3188.916916026994,22.3,0.23511,56.2498196612517,79.26572211915801,8.067436613370882,-0.29502794999999965,4,9.552886821725009,1.6094379124341003,0,MDA_D_E,1.0986122886681098
Republic of Moldova,D_E,2021,346045724.13,18430,MDA,-0.4190017,0,25.2112754309344,3688.1672944214374,21.4,0.23154,61.3014036981023,88.47088653992667,8.212884945475606,-0.1864283166666665,3,9.84034642429174,1.3862943611198906,0,MDA_D_E,0.6931471805599453
Republic of Moldova,D_E,2022,282867044.24,18168,MDA,-0.4190017,0,26.317794331222,3611.9548473328614,21.4,0.22959,68.0572346521372,112.11767157976556,8.19200441372033,-0.15883686666666652,0,9.653070453088379,0,0,MDA_D_E,1.6094379124341003
Mexico,C,2012,137798527471.66,3176658,MEX,-0.4842254202898551,0,11.1945528217656,9782.51776305354,9,0.40284,29.3496494293213,64.25793189001133,9.1883521698819,-0.20130829999999997,49,10.677718250754825,3.912023005428146,0,MEX_C,3.2188758248682006
Mexico,C,2013,157225456765.08,3671532,MEX,-0.4842254202898551,0,10.7719183026526,9738.710598036583,9.2,0.40806,30.3301601409912,62.69167477358071,9.183864005741526,-0.22229768333333316,54,10.664827070920461,4.007333185232471,0,MEX_C,3.7612001156935624
Mexico,C,2014,160995500378.03003,3791787,MEX,-0.4842254202898551,0,10.8799928230972,9862.481254441987,9.8,0.41962,31.2052898406982,64.09840903512153,9.19649306446203,-0.3161214666666665,44,10.656294283684446,3.8066624897703196,0,MEX_C,3.912023005428146
Mexico,C,2015,155359443780.2,3912072,MEX,-0.4842254202898551,0,12.1891508368561,10021.238611882723,9.2,0.41477,31.9718608856201,70.41297467626399,9.212461980959631,-0.3664148999999997,53,10.589429546408029,3.9889840465642745,0,MEX_C,4.007333185232471
Mexico,C,2016,142779440194.62994,4054915,MEX,-0.4842254202898551,0,13.0255992017626,10100.502121401492,9.2,0.37601,38.589771270752,75.69030340885506,9.220340416583849,-0.355570483333333,60,10.469126616721878,4.110873864173311,0,MEX_C,3.8066624897703196
Mexico,C,2017,156171135934.36,4186122,MEX,-0.4842254202898551,0,13.7767213511093,10193.77271934566,10.1,0.31955,40.3390693664551,76.95212604072537,9.229532295119327,-0.44857016666666666,62,10.526932941792095,4.143134726391533,0,MEX_C,3.9889840465642745
Mexico,C,2018,168212726888.75998,4782016,MEX,-0.4842254202898551,0,14.7373951154108,10296.86909285339,10.3,0.29816,41.6382789611816,80.21266165689752,9.239595156441373,-0.4589651333333331,51,10.4681224739602,3.9512437185814275,0,MEX_C,4.110873864173311
Mexico,C,2019,169243051985.21997,4843100,MEX,-0.4842254202898551,0,15.3885155172291,10159.444836431863,10.3,0.27629,43.0441398620605,77.4619722571128,9.226159077556062,-0.4629111333333333,74,10.461536126579503,4.31748811353631,0,MEX_C,4.143134726391533
Mexico,C,2020,145750155266.73,4737804,MEX,-0.4842254202898551,0,17.7520559419946,9234.643623179232,12.3,0.29185,45.1654510498047,76.85455570560157,9.130717302086811,-0.4792135499999998,32,10.334075432291813,3.4965075614664802,0,MEX_C,3.9512437185814275
Mexico,C,2021,186556056537.54,4846209,MEX,-0.4842254202898551,0,19.2796725887476,9728.056800325565,13,0.27305,45.6506195068359,83.06929763578948,9.182769443038158,-0.5075275499999996,40,10.55829029433277,3.713572066704308,0,MEX_C,4.31748811353631
Mexico,C,2022,223623018231.42004,4925214,MEX,-0.4842254202898551,0,20.6070256426489,10013.247923614295,13,0.25727,46.4061317443848,88.79848558671856,9.211664287574479,-0.5052221333333332,45,10.723349233297926,3.828641396489095,0,MEX_C,3.4965075614664802
Mexico,D_E,2013,20668892272.88,234428,MEX,-0.4190017,0,10.7719183026526,9738.710598036583,9.2,0.40806,30.3301601409912,62.69167477358071,9.183864005741526,-0.22229768333333316,54,11.386991834672543,4.007333185232471,0,MEX_D_E,NA
North Macedonia,C,2012,997781427.2400001,106653,MKD,-0.4842254202898551,0,15.4034279276413,4708.051685359227,18.3,0.32676,39.7961082458496,112.21483470215534,8.457029446518554,-0.10356963333333313,0,9.14370894660872,0,0,MKD_C,0
North Macedonia,C,2013,1070969535.2200003,113593,MKD,-0.4842254202898551,0,16.8126639116268,4863.680886669677,21.2,0.43894,38.9499015808105,104.85722995630526,8.48955081431236,-0.12415834999999979,0,9.15145301918241,0,0,MKD_C,0
North Macedonia,C,2014,1244327492.0499997,119519,MKD,-0.4842254202898551,0,17.7239038498213,5053.750012363666,21.2,0.51646,39.3214912414551,112.53792896929862,8.527885823401414,0.021462050000000166,0,9.250630420361095,0,0,MKD_C,0
North Macedonia,C,2015,1183623711.1200001,122475,MKD,-0.4842254202898551,0,18.4016994838328,5262.686719286744,23.9,0.44412,42.0811805725098,113.69844387910275,8.568396958460816,-0.14339051666666666,0,9.176184304834601,0,0,MKD_C,0
North Macedonia,C,2016,1311524500.1999996,128050,MKD,-0.4842254202898551,0,19.4533715332855,5429.946783583586,21.4,0.43585,42.79547500610355,116.18540841802638,8.599684612434945,-0.18560929999999967,0,9.234279946521273,0,0,MKD_C,0
North Macedonia,C,2017,1424978056.4800003,136114,MKD,-0.4842254202898551,0,20.4183259234605,5510.81862920922,19,0.35439,43.5097694396973,124.13728389628965,8.614468462655624,-0.14261398333333314,0,9.256174202697752,0,0,MKD_C,0
North Macedonia,C,2018,1692840063.21,140404,MKD,-0.4842254202898551,0,22.2929498345599,5698.393344844888,20.9,0.36367,43.8547897338867,133.21520764800766,8.647939544764558,-0.06189004999999983,0,9.397394205981799,0,0,MKD_C,0
North Macedonia,C,2019,1688519851.8,141068,MKD,-0.4842254202898551,0,23.9402500262168,5961.5847539919105,17,0.36783,43.1991004943848,138.5762318405389,8.693091623035492,-0.12492634999999985,0,9.390120832173974,0,0,MKD_C,0
North Macedonia,C,2020,1643686972.6100001,126313,MKD,-0.4842254202898551,0,25.4041233643961,5743.726494245812,20,0.37264,43.782169342041,128.24124432225676,8.655863493690106,-0.07036374999999985,0,9.473689476921336,0,0,MKD_C,0
North Macedonia,C,2021,1887695251.01,127009,MKD,-0.4842254202898551,0,26.9448892231031,6064.923151200224,19.5,0.37252,44.3020210266113,146.7214114840735,8.710277150432288,-0.04709246666666666,0,9.606609248909601,0,0,MKD_C,0
North Macedonia,C,2022,1837009934.2999995,125487,MKD,-0.4842254202898551,0,28.0035734605346,6250.627209520625,19.5,0.37372,53.1601181030273,166.14735737987755,8.74043709121867,0.006330599999999992,0,9.591447604526842,0,0,MKD_C,0
North Macedonia,D_E,2019,400981305.68999994,18903,MKD,-0.4190017,0,23.9402500262168,5961.5847539919105,17,0.36783,43.1991004943848,138.5762318405389,8.693091623035492,-0.12492634999999985,0,9.962349446347035,0,0,MKD_D_E,0
North Macedonia,D_E,2020,357117765.47,18520,MKD,-0.4190017,0,25.4041233643961,5743.726494245812,20,0.37264,43.782169342041,128.24124432225676,8.655863493690106,-0.07036374999999985,0,9.866969652412966,0,0,MKD_D_E,0
North Macedonia,D_E,2021,301078112.68999994,18839,MKD,-0.4190017,0,26.9448892231031,6064.923151200224,19.5,0.37252,44.3020210266113,146.7214114840735,8.710277150432288,-0.04709246666666666,0,9.679195831478731,0,0,MKD_D_E,0
North Macedonia,D_E,2022,357456890.03999996,18761,MKD,-0.4190017,0,28.0035734605346,6250.627209520625,19.5,0.37372,53.1601181030273,166.14735737987755,8.74043709121867,0.006330599999999992,0,9.854989799482793,0,0,MKD_D_E,0
Malta,C,2012,192655375.93,5623,MLT,-0.4842254202898551,0,31.8224330830663,21529.398216756606,2.7,0.79196,42.5473289489746,199.21386514283932,9.977174639050757,1.1067672,2,10.441792925519703,1.0986122886681098,0,MLT_C,1.9459101490553132
Malta,C,2013,193542689.02,9047,MLT,-0.4842254202898551,0,33.3783014199957,22626.498139134284,3.2,0.72644,44.4813919067383,187.43225285004465,10.026876982470272,1.1173346,3,9.970820171166878,1.3862943611198906,0,MLT_C,1.3862943611198906
Malta,C,2014,243636479.59000003,5877,MLT,-0.4842254202898551,0,34.8819867199098,23866.06678513013,4.5,0.67653,45.4103507995605,181.30112711295897,10.080212929263494,0.9997863833333334,4,10.632386127987147,1.6094379124341003,0,MLT_C,1.0986122886681098
Malta,C,2015,277489304.29999995,10791,MLT,-0.4842254202898551,0,36.6768468766082,25529.681333771685,6,0.69942,48.0389709472656,207.19601985524423,10.147597028127533,1.01361115,0,10.154825214981164,0,0,MLT_C,1.3862943611198906
Malta,C,2016,331757840.46000004,10918,MLT,-0.4842254202898551,0,37.6179796999137,25969.51203520273,9.2,0.54032,49.2171897888184,213.35947324267676,10.164678514923192,1.0172447333333334,2,10.321747782195407,1.0986122886681098,0,MLT_C,1.6094379124341003
Malta,C,2017,786681292.2699999,18095,MLT,-0.4842254202898551,0,38.7512769768028,28546.65973659115,7.3,0.52592,54.0890197753906,213.04759102575628,10.259295211272443,1.06408345,0,10.679942823013794,0,0,MLT_C,0
Malta,C,2018,919347924.41,20533,MLT,-0.4842254202898551,0,39.5892751744889,29536.805237471617,7.6,0.54557,57.8407592773438,228.09855073711145,10.293392399846432,1.0560086,4,10.709386571934896,1.6094379124341003,0,MLT_C,1.0986122886681098
Malta,C,2019,869578943.13,17961,MLT,-0.4842254202898551,0,40.1799549616579,29522.661886008013,7.4,0.54851,58.4985084533691,233.07044191053717,10.292913446939377,0.88132025,5,10.787561659452715,1.791759469228055,0,MLT_C,0
Malta,C,2020,922404872.16,17633,MLT,-0.4842254202898551,0,41.1094408219109,27861.820284453763,9.2,0.60002,61.4767112731934,242.36119073585692,10.235012582042717,0.9792769666666666,0,10.864967383544084,0,0,MLT_C,1.6094379124341003
Malta,C,2021,1149358836.37,19960,MLT,-0.4842254202898551,0,42.1830899964911,31436.349303093823,8.6,0.59682,70.2313537597656,220.165634087757,10.355720123487313,0.836533,6,10.960984540385166,1.9459101490553132,0,MLT_C,1.791759469228055
Malta,C,2022,1139029763.39,21559,MLT,-0.4842254202898551,0,43.4449972737186,31430.618707023565,8.6,0.5745,74.5901336669922,245.16037509200447,10.355537814835646,0.7883474833333334,1,10.874894010470948,0.6931471805599453,0,MLT_C,0
Malta,D_E,2013,13796492.440000001,458,MLT,-0.4190017,0,33.3783014199957,22626.498139134284,3.2,0.72644,44.4813919067383,187.43225285004465,10.026876982470272,1.1173346,3,10.313055762691828,1.3862943611198906,0,MLT_D_E,1.9459101490553132
Malta,D_E,2014,17467132.89,382,MLT,-0.4190017,0,34.8819867199098,23866.06678513013,4.5,0.67653,45.4103507995605,181.30112711295897,10.080212929263494,0.9997863833333334,4,10.73041094383593,1.6094379124341003,0,MLT_D_E,1.3862943611198906
Malta,D_E,2015,287363.97,10,MLT,-0.4190017,0,36.6768468766082,25529.681333771685,6,0.69942,48.0389709472656,207.19601985524423,10.147597028127533,1.01361115,0,10.265919786429656,0,0,MLT_D_E,1.3862943611198906
Malta,D_E,2016,17792369.23,393,MLT,-0.4190017,0,37.6179796999137,25969.51203520273,9.2,0.54032,49.2171897888184,213.35947324267676,10.164678514923192,1.0172447333333334,2,10.720470616533284,1.0986122886681098,0,MLT_D_E,1.6094379124341003
Malta,D_E,2017,23191211.990000002,328,MLT,-0.4190017,0,38.7512769768028,28546.65973659115,7.3,0.52592,54.0890197753906,213.04759102575628,10.259295211272443,1.06408345,0,11.166270362957519,0,0,MLT_D_E,0
Malta,D_E,2018,18636635.79,522,MLT,-0.4190017,0,39.5892751744889,29536.805237471617,7.6,0.54557,57.8407592773438,228.09855073711145,10.293392399846432,1.0560086,4,10.482972279680899,1.6094379124341003,0,MLT_D_E,1.0986122886681098
Malta,D_E,2019,13498627.52,384,MLT,-0.4190017,0,40.1799549616579,29522.661886008013,7.4,0.54851,58.4985084533691,233.07044191053717,10.292913446939377,0.88132025,5,10.467456020467491,1.791759469228055,0,MLT_D_E,0
Malta,D_E,2020,85793815.22999999,722,MLT,-0.4190017,0,41.1094408219109,27861.820284453763,9.2,0.60002,61.4767112731934,242.36119073585692,10.235012582042717,0.9792769666666666,0,11.685432339400785,0,0,MLT_D_E,1.6094379124341003
Malta,D_E,2021,244264299.92,542,MLT,-0.4190017,0,42.1830899964911,31436.349303093823,8.6,0.59682,70.2313537597656,220.165634087757,10.355720123487313,0.836533,6,13.018495391977359,1.9459101490553132,0,MLT_D_E,1.791759469228055
Malta,D_E,2022,216400385.84,3477,MLT,-0.4190017,0,43.4449972737186,31430.618707023565,8.6,0.5745,74.5901336669922,245.16037509200447,10.355537814835646,0.7883474833333334,1,11.038715755921604,0.6931471805599453,0,MLT_D_E,0
Mongolia,C,2012,723095528.4700001,44900,MNG,-0.4842254202898551,0,3.94085550888065,3318.1649659708924,3,0.23913,61.3067016601562,109.58856433841548,8.107167188010818,-0.18622263333333333,0,9.68685882556222,0,0,MNG_C,NA
Mongolia,C,2013,771777928.0699999,45312,MNG,-0.4842254202898551,0,4.89953823458973,3628.907080695749,3,0.23246,64.8171691894531,100.31198966294296,8.196686802227164,-0.1762553666666667,0,9.742880231613762,0,0,MNG_C,0
Mongolia,C,2014,828584373.5699999,50780,MNG,-0.4842254202898551,0,6.77117608106174,3830.358920495929,3.3,0.2234,66.6792297363281,109.32231187718692,8.25071379070713,-0.058791566666666344,1,9.699971373336897,0.6931471805599453,0,MNG_C,0
Mongolia,C,2015,815194262.3899999,65768,MNG,-0.4842254202898551,0,6.98959122144406,3838.921269899843,3.5,0.1564,70.3587265014648,89.65366347781398,8.252946686819639,-0.08405619999999986,0,9.425048324730968,0,0,MNG_C,0
Mongolia,C,2016,745517196.0200001,56949,MNG,-0.4842254202898551,0,7.43705957487671,3817.9196271670194,3.4,0.18346,65.2477111816406,101.05523722499714,8.247460953034002,-0.03591509999999982,0,9.479677348869608,0,0,MNG_C,0.6931471805599453
Mongolia,C,2017,791976200.5799998,57522,MNG,-0.4842254202898551,0,9.18362021979381,3956.204943713404,1.8,0.1342,64.4055709838867,115.93290186796328,8.283040497192793,-0.045172566666666664,1,9.530119137249418,0.6931471805599453,0,MNG_C,0
Mongolia,C,2018,929479612.3300002,53676,MNG,-0.4842254202898551,0,9.66655365112798,4183.85566447661,2.1,0.10161,65.1030502319336,126.35587324151278,8.338988508131704,-0.018448783333333028,1,9.75941417764608,0.6931471805599453,0,MNG_C,0
Mongolia,C,2019,1004326403.4699998,69645,MNG,-0.4842254202898551,0,9.83638257697054,4337.8167085432015,2.3,0.0927,67.970817565918,124.39651462116488,8.375126437968385,-0.054610933333333306,1,9.576416719317038,0.6931471805599453,0,MNG_C,0.6931471805599453
Mongolia,C,2020,1032850793.8799996,61859,MNG,-0.4842254202898551,0,9.3475568899214,4066.034108827912,2.9,0.13301,66.2557467107749,112.83864762931744,8.310423382945018,-0.05155703333333314,0,9.722975696465411,0,0,MNG_C,0.6931471805599453
Mongolia,C,2021,1086740947.8100002,57750,MNG,-0.4842254202898551,0,11.3929982387502,4063.5366984924535,3,0.10008,67.4261046440448,119.09807843777104,8.309808981404466,-0.07269479999999999,0,9.842570469817021,0,0,MNG_C,0.6931471805599453
Mongolia,C,2022,1220342611.7999995,75846,MNG,-0.4842254202898551,0,12.9008288504333,4205.885545135513,3,0.08365,67.6998728025335,136.32792994451626,8.344240143608864,-0.08954171666666648,1,9.685937237887046,0.6931471805599453,0,MNG_C,0
Mongolia,D_E,2012,225687615.63,21055,MNG,-0.4190017,0,3.94085550888065,3318.1649659708924,3,0.23913,61.3067016601562,109.58856433841548,8.107167188010818,-0.18622263333333333,0,9.279769028751401,0,0,MNG_D_E,0
Mongolia,D_E,2013,228389466.42,20538,MNG,-0.4190017,0,4.89953823458973,3628.907080695749,3,0.23246,64.8171691894531,100.31198966294296,8.196686802227164,-0.1762553666666667,0,9.316530807922623,0,0,MNG_D_E,0
Mongolia,D_E,2014,209180321.70000002,20135,MNG,-0.4190017,0,6.77117608106174,3830.358920495929,3.3,0.2234,66.6792297363281,109.32231187718692,8.25071379070713,-0.058791566666666344,1,9.248492347913594,0.6931471805599453,0,MNG_D_E,0
Mongolia,D_E,2015,245556900.24,23215,MNG,-0.4190017,0,6.98959122144406,3838.921269899843,3.5,0.1564,70.3587265014648,89.65366347781398,8.252946686819639,-0.08405619999999986,0,9.266485350761336,0,0,MNG_D_E,0
Mongolia,D_E,2016,276636704.91999996,20340,MNG,-0.4190017,0,7.43705957487671,3817.9196271670194,3.4,0.18346,65.2477111816406,101.05523722499714,8.247460953034002,-0.03591509999999982,0,9.51787099915,0,0,MNG_D_E,0.6931471805599453
Mongolia,D_E,2017,247098569.05000004,20292,MNG,-0.4190017,0,9.18362021979381,3956.204943713404,1.8,0.1342,64.4055709838867,115.93290186796328,8.283040497192793,-0.045172566666666664,1,9.407315881280176,0.6931471805599453,0,MNG_D_E,0
Mongolia,D_E,2021,326206270.36,26321,MNG,-0.4190017,0,11.3929982387502,4063.5366984924535,3,0.10008,67.4261046440448,119.09807843777104,8.309808981404466,-0.07269479999999999,0,9.424918091768184,0,0,MNG_D_E,0
Mongolia,D_E,2022,317503384.6,29021,MNG,-0.4190017,0,12.9008288504333,4205.885545135513,3,0.08365,67.6998728025335,136.32792994451626,8.344240143608864,-0.08954171666666648,1,9.300224051559402,0.6931471805599453,0,MNG_D_E,0.6931471805599453
Mauritius,C,2012,1311215864.0100002,73859,MUS,-0.4842254202898551,0,10.9217558584205,8702.82242878289,11.4,0.17773,40.3749497386409,117.44763908302652,9.071402669132308,0.8861079666666667,0,9.784307534982268,0,0,MUS_C,0
Mauritius,C,2013,1383815009.09,74007,MUS,-0.4842254202898551,0,12.5795517217874,8973.515500995332,11.4,0.21303,41.4023953525386,136.55211795923606,9.102032795886943,0.8508786500000001,0,9.83619505894864,0,0,MUS_C,0
Mauritius,C,2014,1382487455.9099998,74157,MUS,-0.4842254202898551,0,14.0866327916688,9300.078786385826,10.6,0.24833,40.0382004235695,135.0990647654262,9.137778150759853,0.8755298166666666,0,9.833210471489723,0,0,MUS_C,0
Mauritius,C,2015,1210153836.5100005,73063,MUS,-0.4842254202898551,0,15.2753864309067,9630.543783750698,11.5,0.28363,37.760738643162,133.13506908367674,9.172694970877131,0.84511225,1,9.714935964438377,0.6931471805599453,0,MUS_C,0
Mauritius,C,2016,1559540287.73,71017,MUS,-0.4842254202898551,0,16.4576177636993,9995.650286420714,10.3,0.31893,38.4107692617261,126.3100089980416,9.209905305990771,0.8828204,0,9.996982363443644,0,0,MUS_C,0
Mauritius,C,2017,1282256223.3899999,70439,MUS,-0.4842254202898551,0,19.0600896444054,10379.913870673226,9.4,0.35423,39.6618786560902,126.96405988488812,9.247627859062451,0.8509342166666667,2,9.809384671683684,1.0986122886681098,0,MUS_C,0.6931471805599453
Mauritius,C,2018,1324052773.7399998,69990,MUS,-0.4842254202898551,0,21.3138552473439,10789.924152113232,9.2,0.33387,40.4078098261963,123.53898438654387,9.286368028766235,0.8133856833333334,3,9.847855499303522,1.3862943611198906,0,MUS_C,0
Mauritius,C,2019,1185729658.1299999,65441,MUS,-0.4842254202898551,0,23.8830105654334,11098.313706734136,8.9,0.35699,42.9878710798151,127.94089906413252,9.31454845744743,0.7484075166666666,0,9.804719914964094,0,0,MUS_C,1.0986122886681098
Mauritius,C,2020,970749129.81,62209,MUS,-0.4842254202898551,0,25.1865809761826,9483.67602630847,9.4,0.40299,42.5378418595105,121.12522550434969,9.157327286575308,0.7575881666666666,1,9.655323667371869,0.6931471805599453,0,MUS_C,1.3862943611198906
Mauritius,C,2021,1053532114.91,55287,MUS,-0.4842254202898551,0,25.7028828022003,9804.003186312102,8.6,0.36784,43.9577226373808,135.1930046146099,9.190546069649185,0.6850357166666666,0,9.85512119625893,0,0,MUS_C,0
Mauritius,C,2022,1158483115.68,53275,MUS,-0.4842254202898551,0,26.1963906498554,10688.438311272164,8.6,0.30879,44.2026816403629,147.6637950340117,9.276917904597994,0.6518318,1,9.987154870469334,0.6931471805599453,0,MUS_C,0.6931471805599453
Malaysia,C,2012,66120316588.84,1962310,MYS,-0.4842254202898551,0,9.84700347717991,8710.526713599022,2.5,1.09269,36.825516807355,147.84175476601337,9.072287540302792,0.26991055,28,10.425108989317577,3.367295829986474,0,MYS_C,NA
Malaysia,C,2014,69249799869.23001,2067755,MYS,-0.4842254202898551,0,9.97193881432051,9341.730559712778,3,1.26275,38.3919142029325,138.31223117684328,9.142246798825608,0.33624088333333346,28,10.419012056396143,3.367295829986474,0,MYS_C,2.1972245773362196
Malaysia,C,2015,65834899500.710014,2088001,MYS,-0.4842254202898551,0,9.80955980953099,9648.679793752302,3.4,1.27945,44.289909239243,131.37007244525975,9.17457637603625,0.2596369666666667,17,10.358698215308952,2.8903717578961645,0,MYS_C,3.367295829986474
Malaysia,C,2017,68375336389.920006,2174161,MYS,-0.4842254202898551,0,8.30705146836206,10293.762920536155,5.2,1.227715,42.293211695146,133.15517337195615,9.23929344910779,0.21643888333333333,23,10.356124616496983,3.1780538303479458,0,MYS_C,3.367295829986474
Malaysia,C,2018,76157670260.90999,2201456,MYS,-0.4842254202898551,0,8.19179819298533,10610.195024047913,5.3,1.04026,43.3100279300797,130.40262550212626,9.269570612593473,0.3977911833333335,25,10.451442119294766,3.258096538021482,0,MYS_C,2.8903717578961645
Malaysia,C,2019,77044854881.25,2243526,MYS,-0.4842254202898551,0,8.86497357882019,10902.983485585608,5.7,0.995405,40.8082966813944,123.02856202794288,9.296791745038226,0.41385856666666665,16,10.444094326754131,2.833213344056216,0,MYS_C,3.1780538303479458
Malaysia,C,2020,73715315064.95999,2207149,MYS,-0.4842254202898551,0,9.91101742902637,10171.4657842762,7,0.95055,39.744566736763304,116.78818243763848,9.227341606904542,0.3762919,18,10.416264221914336,2.9444389791664403,0,MYS_C,3.258096538021482
Malaysia,C,2021,85709500016.65,2261487,MYS,-0.4842254202898551,0,10.8921782282506,10388.266712085682,7.5,0.981325,38.1899993008367,134.03599469072654,9.248432247470916,0.34679668333333336,26,10.542696388923002,3.295836866004329,0,MYS_C,2.833213344056216
Malaysia,C,2022,94272627875.56999,2305895,MYS,-0.4842254202898551,0,12.1753566089982,11191.65117569426,7.5,1.0121,36.9853099297291,146.42460475390752,9.32292334856996,0.36719745000000004,56,10.618477272636198,4.04305126783455,0,MYS_C,2.9444389791664403
Malaysia,D_E,2012,6841489626.56,41975,MYS,-0.4190017,0,9.84700347717991,8710.526713599022,2.5,1.09269,36.825516807355,147.84175476601337,9.072287540302792,0.26991055,28,12.001441844584964,3.367295829986474,0,MYS_D_E,NA
Malaysia,D_E,2014,7821293914.19,42875,MYS,-0.4190017,0,9.97193881432051,9341.730559712778,3,1.26275,38.3919142029325,138.31223117684328,9.142246798825608,0.33624088333333346,28,12.114071655520668,3.367295829986474,0,MYS_D_E,NA
Malaysia,D_E,2015,6839073102.04,47907,MYS,-0.4190017,0,9.80955980953099,9648.679793752302,3.4,1.27945,44.289909239243,131.37007244525975,9.17457637603625,0.2596369666666667,17,11.868901137491733,2.8903717578961645,0,MYS_D_E,3.367295829986474
Nicaragua,C,2019,972030203.1699998,134142,NIC,-0.4842254202898551,0,3.35640827391085,2019.9151862004376,50.5,0.10742,NA,94.04221592462127,7.610810802484284,-1.0113767666666649,0,8.8882432158238,0,0,NIC_C,NA
Nicaragua,C,2020,1049771253.78,130572,NIC,-0.4842254202898551,0,4.42253148272568,1950.1918121847311,52.2,0.10742,NA,88.63812312289679,7.57568301194319,-0.9446288833333332,0,8.992158046100444,0,0,NIC_C,NA
Nicaragua,C,2021,1289785053.4000003,141684,NIC,-0.4842254202898551,0,4.51379519532816,2128.308813954517,50.4,0.10742,NA,106.2073908199398,7.663082959272271,-1.01948145,0,9.116386911470032,0,0,NIC_C,0
Nicaragua,D_E,2019,403151174.65000004,11159,NIC,-0.4190017,0,3.35640827391085,2019.9151862004376,50.5,0.10742,NA,94.04221592462127,7.610810802484284,-1.0113767666666649,0,10.494820546585132,0,0,NIC_D_E,NA
Nicaragua,D_E,2020,374553172.6,4089,NIC,-0.4190017,0,4.42253148272568,1950.1918121847311,52.2,0.10742,NA,88.63812312289679,7.57568301194319,-0.9446288833333332,0,11.425188613388833,0,0,NIC_D_E,NA
Oman,C,2012,9073460018.199999,69864,OMN,-0.4842254202898551,0,3.23965295885197,19824.12154859458,0,0.18281,33.3529833820907,102.07476040430008,9.894654735236053,0.14777425000000005,0,11.77431373363975,0,0,OMN_C,0
Oman,C,2013,7296844501.94,72308,OMN,-0.4842254202898551,0,4.0982191379848,19299.94005168688,0,0.14854,35.149615885003,112.5435217637737,9.86785726875794,0.10345718333333352,0,11.522017779546504,0,0,OMN_C,0
Oman,C,2014,9772800005.179998,77438,OMN,-0.4842254202898551,0,4.39661208861608,18726.202694697055,0,0.18588,41.1818561581842,102.27872108813,9.837679035679121,0.16595096666666678,0,11.745635958907906,0,0,OMN_C,0
Oman,C,2015,8734490478.559998,86470,OMN,-0.4842254202898551,0,5.46554909512887,18808.30779218389,0,0.21866,45.1898945959512,96.37758018523476,9.842053955046863,0.1521826333333333,0,11.52299263585889,0,0,OMN_C,0
Oman,C,2016,6794381466.840001,90493,OMN,-0.4842254202898551,0,6.3548355193171,18830.605720860796,0,0.22691,46.8235059845958,82.86426420189012,9.84323878899685,0.15750036666666667,0,11.226334074085095,0,0,OMN_C,0
Oman,C,2017,7756262397.909999,96758,OMN,-0.4842254202898551,0,7.47816940167101,18277.945563615027,0,0.19925,43.5767818520195,88.95314801829562,9.813450451581462,0.149295,2,11.29179811054505,1.0986122886681098,0,OMN_C,0
Oman,C,2018,16527073927.050001,83615,OMN,-0.4842254202898551,0,9.171272567174,18269.67694355622,0,0.19031,44.9540216505645,89.27921782628468,9.812997966870684,0.1086117,0,12.194287508387514,0,0,OMN_C,0
Oman,C,2019,12478046374.510002,83372,OMN,-0.4842254202898551,0,10.2442069785858,18089.58666848805,0,0.27255,45.1723183863131,86.47820103132365,9.803091729509626,0.15556625000000002,0,11.916168846568382,0,0,OMN_C,1.0986122886681098
Oman,C,2020,8397932893.779999,84329,OMN,-0.4842254202898551,0,11.3829602598706,17743.885880047706,0.1,0.31599,48.3754397440909,91.8758908014472,9.783796278102363,0.10587338333333349,1,11.508770334116049,0.6931471805599453,0,OMN_C,0
Oman,C,2021,12517608273.060001,78882,OMN,-0.4842254202898551,0,11.5852955507366,18291.33879838881,0.1,0.29266,43.8433613964625,95.94948772933049,9.814182937087057,0.06212346666666666,0,11.974693807941478,0,0,OMN_C,0
Oman,C,2022,13419635880.740002,81320,OMN,-0.4842254202898551,0,10.8833264083829,18792.446056530596,0.1,0.28711,43.8433613964625,105.7450092806546,9.841210262568888,0.15462980000000015,0,12.013837567796857,0,0,OMN_C,0.6931471805599453
Pakistan,C,2016,34118875837.239998,2301516,PAK,-0.4842254202898551,0,1.13034740811719,1452.1865826917658,43.7,0.21703499999999998,8.31973903550878,24.70157804805731,7.280825687605685,-1.0391381,0,9.604038017498103,0,0,PAK_C,NA
Peru,C,2014,28029153475.609985,474934,PER,-0.4842254202898551,0,5.86753622497354,6103.918647499693,28.6,0.10805,73.2223205566406,46.85312109128992,8.716686245139517,-0.20971336666666665,3,10.985579875016699,1.3862943611198906,0,PER_C,NA
Peru,C,2015,26170072656.429996,483713,PER,-0.4842254202898551,0,6.56472932864047,6231.711503388939,27.4,0.11702,73.2223205566406,45.16276868911478,8.737406293698061,-0.17062484999999966,5,10.898635295196964,1.791759469228055,0,PER_C,NA
Peru,C,2016,25606936998.5,489968,PER,-0.4842254202898551,0,6.87075765715407,6392.254749410137,27.2,0.12008,73.2223205566406,45.38884119641545,8.762842341065296,-0.10218744999999983,5,10.86403376639651,1.791759469228055,0,PER_C,1.3862943611198906
Peru,C,2017,27369522599.079994,583462,PER,-0.4842254202898551,0,7.37507987722252,6457.419402547214,27.6,0.12085,71.2404708862305,47.51355036199706,8.772985043676032,-0.113524433333333,3,10.755961313020164,1.3862943611198906,0,PER_C,1.791759469228055
Peru,C,2018,29313853848.460007,708218,PER,-0.4842254202898551,0,8.09510839441633,6593.144374595259,27.9,0.12683,71.2404708862305,48.631470171736005,8.793785657037539,-0.12028254999999985,8,10.630818833928238,2.1972245773362196,0,PER_C,1.791759469228055
Peru,C,2019,29338386571.539997,721830,PER,-0.4842254202898551,0,7.38778580236377,6626.260834949689,27.1,0.15696,71.2404708862305,46.94350537544095,8.798795947456263,-0.04995553333333318,12,10.612617684317257,2.5649493574615367,0,PER_C,1.3862943611198906
Peru,C,2020,24677955936.870003,714590,PER,-0.4842254202898551,0,8.41186520281526,5831.830247585214,31.6,0.17229,71.2404708862305,44.24596719774405,8.671086166197869,-0.12392779999999982,5,10.449711979267605,1.791759469228055,0,PER_C,2.1972245773362196
Peru,C,2021,27308471934.670006,697568,PER,-0.4842254202898551,0,9.05771410333768,6547.847181817761,30.6,0.13754,71.2404708862305,55.427249365521966,8.786891600072346,-0.18678671666666652,11,10.575107539307924,2.4849066497880004,0,PER_C,2.5649493574615367
Peru,C,2022,30498690935.319996,572182,PER,-0.4842254202898551,0,9.45023631953673,6667.516956320359,30.6,0.16206,71.2404708862305,57.29697596497214,8.805002799183098,-0.27669286666666637,8,10.883737197914222,2.1972245773362196,0,PER_C,1.791759469228055
Peru,D_E,2017,4980849486.33,34956,PER,-0.4190017,0,7.37507987722252,6457.419402547214,27.6,0.12085,71.2404708862305,47.51355036199706,8.772985043676032,-0.113524433333333,3,11.867020886272833,1.3862943611198906,0,PER_D_E,NA
Peru,D_E,2018,5373937865.329999,30225,PER,-0.4190017,0,8.09510839441633,6593.144374595259,27.9,0.12683,71.2404708862305,48.631470171736005,8.793785657037539,-0.12028254999999985,8,12.088402109500185,2.1972245773362196,0,PER_D_E,NA
Peru,D_E,2019,5970156487.37,29798,PER,-0.4190017,0,7.38778580236377,6626.260834949689,27.1,0.15696,71.2404708862305,46.94350537544095,8.798795947456263,-0.04995553333333318,12,12.207842420149884,2.5649493574615367,0,PER_D_E,1.3862943611198906
Peru,D_E,2021,5324497426.139999,41485,PER,-0.4190017,0,9.05771410333768,6547.847181817761,30.6,0.13754,71.2404708862305,55.427249365521966,8.786891600072346,-0.18678671666666652,11,11.76249696892183,2.4849066497880004,0,PER_D_E,2.1972245773362196
Philippines,C,2012,26838928867.42,1045614,PHL,-0.4842254202898551,0,2.14283906030847,2533.741419649587,34.1,0.122145,29.6298942276846,57.84200551330817,7.837452311337027,-0.3425087833333333,3,10.153004409540264,1.3862943611198906,0,PHL_C,NA
Philippines,C,2013,23664600803.679993,1057793,PHL,-0.4842254202898551,0,2.52046664370868,2654.415069339782,33.1,0.13207,31.8704183328366,55.82478123202985,7.883979596537222,-0.30800874999999983,6,10.015550911440187,1.9459101490553132,0,PHL_C,0.6931471805599453
Philippines,C,2014,25501005154.779995,1066544,PHL,-0.4842254202898551,0,2.79471929116667,2776.9200590947853,32.4,0.14445,33.8741923214799,57.46817208759447,7.929097700106275,-0.19322595000000004,6,10.0820496336796,1.9459101490553132,0,PHL_C,1.3862943611198906
Philippines,C,2015,25067116689.829998,1129937,PHL,-0.4842254202898551,0,2.75369633406674,2909.8581801030064,30.8,0.15683,35.8745887819664,59.141592105309414,7.97585962361814,-0.23699346666666632,3,10.007150295202749,1.3862943611198906,0,PHL_C,1.9459101490553132
Philippines,C,2016,26736178607.19,1092989,PHL,-0.4842254202898551,0,2.79705053563184,3076.3374186758983,28.6,0.21196,38.3447414525513,61.77606576538708,8.031495018587451,-0.3538303,17,10.104856786113602,2.8903717578961645,0,PHL_C,1.9459101490553132
Philippines,C,2017,27544494731.730003,1120767,PHL,-0.4842254202898551,0,3.14400726239576,3247.450387836204,27.8,0.26709,33.6841018682349,68.1683697426727,8.085625471395328,-0.3814649666666667,12,10.10954469401099,2.5649493574615367,0,PHL_C,1.3862943611198906
Philippines,C,2018,35878651419.87,1247005,PHL,-0.4842254202898551,0,3.46090446005956,3410.936479761091,27.6,0.32222,28.1166228592308,72.1633982990273,8.134742160070255,-0.382943966666665,6,10.267153053308093,1.9459101490553132,0,PHL_C,2.8903717578961645
Philippines,C,2019,31189294229.01001,1378585,PHL,-0.4842254202898551,0,5.69730703529922,3575.8817092292174,26.9,0.25926,30.0548680110365,68.84184225956784,8.181967056671677,-0.3690284666666665,10,10.026772570421453,2.3978952727983707,0,PHL_C,2.5649493574615367
Philippines,C,2020,25963310606.18,1177903,PHL,-0.4842254202898551,0,7.08108894988907,3198.6669000841307,29.1,0.27625,31.6317598507085,58.16956030222815,8.070489408264836,-0.3640741,17,10.000703951004875,2.8903717578961645,0,PHL_C,1.9459101490553132
Philippines,C,2021,29288010642.659996,1161906,PHL,-0.4842254202898551,0,8.50897715713263,3350.975875877763,28,0.27625,33.6166173848126,63.48460981367115,8.117006888629858,-0.4241909666666665,16,10.134871758030611,2.833213344056216,0,PHL_C,2.3978952727983707
Philippines,C,2022,31451727056.29,1185098,PHL,-0.4842254202898551,0,7.63946525096298,3577.7013657324396,28,0.27625,38.4011392706768,72.42968361075991,8.182475796564232,-0.40206148333333314,6,10.186383703380748,1.9459101490553132,0,PHL_C,2.8903717578961645
Philippines,D_E,2012,5862607875.43,74502,PHL,-0.4190017,0,2.14283906030847,2533.741419649587,34.1,0.122145,29.6298942276846,57.84200551330817,7.837452311337027,-0.3425087833333333,3,11.273279121830843,1.3862943611198906,0,PHL_D_E,NA
Philippines,D_E,2013,5709064447.35,74351,PHL,-0.4190017,0,2.52046664370868,2654.415069339782,33.1,0.13207,31.8704183328366,55.82478123202985,7.883979596537222,-0.30800874999999983,6,11.248768600896161,1.9459101490553132,0,PHL_D_E,0.6931471805599453
Philippines,D_E,2014,5161239227.2,74245,PHL,-0.4190017,0,2.79471929116667,2776.9200590947853,32.4,0.14445,33.8741923214799,57.46817208759447,7.929097700106275,-0.19322595000000004,6,11.149316833585928,1.9459101490553132,0,PHL_D_E,1.3862943611198906
Philippines,D_E,2015,5517721531.23,75276,PHL,-0.4190017,0,2.75369633406674,2909.8581801030064,30.8,0.15683,35.8745887819664,59.141592105309414,7.97585962361814,-0.23699346666666632,3,11.202314208057782,1.3862943611198906,0,PHL_D_E,1.9459101490553132
Philippines,D_E,2016,5499483033.7699995,76248,PHL,-0.4190017,0,2.79705053563184,3076.3374186758983,28.6,0.21196,38.3447414525513,61.77606576538708,8.031495018587451,-0.3538303,17,11.186173466289675,2.8903717578961645,0,PHL_D_E,1.9459101490553132
Philippines,D_E,2017,5458148723.940001,85091,PHL,-0.4190017,0,3.14400726239576,3247.450387836204,27.8,0.26709,33.6841018682349,68.1683697426727,8.085625471395328,-0.3814649666666667,12,11.068898956622554,2.5649493574615367,0,PHL_D_E,1.3862943611198906
Philippines,D_E,2018,7145299732.830001,90463,PHL,-0.4190017,0,3.46090446005956,3410.936479761091,27.6,0.32222,28.1166228592308,72.1633982990273,8.134742160070255,-0.382943966666665,6,11.277024391148318,1.9459101490553132,0,PHL_D_E,2.8903717578961645
Philippines,D_E,2019,6899296243.88,99824,PHL,-0.4190017,0,5.69730703529922,3575.8817092292174,26.9,0.25926,30.0548680110365,68.84184225956784,8.181967056671677,-0.3690284666666665,10,11.143521335356773,2.3978952727983707,0,PHL_D_E,2.5649493574615367
Philippines,D_E,2020,7003408968.89,93977,PHL,-0.4190017,0,7.08108894988907,3198.6669000841307,29.1,0.27625,31.6317598507085,58.16956030222815,8.070489408264836,-0.3640741,17,11.218857512551754,2.8903717578961645,0,PHL_D_E,1.9459101490553132
Philippines,D_E,2021,7467351090.05,96559,PHL,-0.4190017,0,8.50897715713263,3350.975875877763,28,0.27625,33.6166173848126,63.48460981367115,8.117006888629858,-0.4241909666666665,16,11.255896667321796,2.833213344056216,0,PHL_D_E,2.3978952727983707
Philippines,D_E,2022,6800174360.9800005,99516,PHL,-0.4190017,0,7.63946525096298,3577.7013657324396,28,0.27625,38.4011392706768,72.42968361075991,8.182475796564232,-0.40206148333333314,6,11.132140375881123,1.9459101490553132,0,PHL_D_E,2.8903717578961645
Qatar,C,2014,18919340109.88,94450,QAT,-0.4842254202898551,0,10.163849886313,71756.02657972484,0,0.50542,17.3063613126932,99.03431389527589,11.181027124237064,0.5728799000000002,1,12.20762464911892,0.6931471805599453,0,QAT_C,NA
Qatar,C,2015,14388614010.989998,118870,QAT,-0.4842254202898551,0,9.79569741415571,68985.2433380102,0,0.51883,15.9339905308662,93.70767393708184,11.141647896040569,0.5559653333333335,0,11.70391729910932,0,0,QAT_C,NA
Qatar,C,2016,13091709340.66,118813,QAT,-0.4842254202898551,0,9.7607422100415,67294.35176881717,0.1,0.5229833333333334,14.8163562584538,89.54762314300974,11.116831585941686,0.5351780666666669,5,11.609938884511628,1.791759469228055,0,QAT_C,0.6931471805599453
Qatar,C,2017,14268939560.440002,123147,QAT,-0.4842254202898551,0,9.47866948386398,64497.62425437365,0.1,0.5271366666666667,16.7774362605473,91.49455747858546,11.074383668839978,0.4381908666666667,1,11.66021691044485,0.6931471805599453,0,QAT_C,0
Qatar,C,2018,13681759890.119993,121539,QAT,-0.4842254202898551,0,9.7027244524186,64410.71716287209,0,0.53129,17.4458250857575,91.83834327329396,11.073035313819458,0.39655483333333336,3,11.631338909893557,1.3862943611198906,0,QAT_C,1.791759469228055
Qatar,C,2019,13688014285.699999,122058,QAT,-0.4842254202898551,0,10.1746618292654,63430.37172854371,0.1,0.5810533333333333,21.0931416049405,90.04629341175591,11.057698075063927,0.46569245000000165,5,11.627534796621736,1.791759469228055,0,QAT_C,0.6931471805599453
Qatar,C,2020,11126900549.449999,109321,QAT,-0.4842254202898551,0,10.5631961475008,57769.58360532838,0,0.6308166666666667,23.7649212314763,90.0189857283633,10.964217680948199,0.47626425,5,11.530587698856367,1.791759469228055,0,QAT_C,1.3862943611198906
Qatar,C,2021,16151412912.100004,110957,QAT,-0.4842254202898551,0,11.0795735105944,65488.54600403951,0,0.68058,31.2813974439236,92.77908976269632,11.089630536164437,0.5587202166666668,5,11.88837535175246,1.791759469228055,0,QAT_C,1.791759469228055
Qatar,C,2022,21890705494.51,116198,QAT,-0.4842254202898551,0,12.6414412670206,64315.63556529518,0,0.68058,35.0854901088778,100.21364084561216,11.071558046533415,0.5913607166666668,4,12.146277065491631,1.6094379124341003,0,QAT_C,1.791759469228055
Qatar,D_E,2014,903873626.37,5057,QAT,-0.4190017,0,10.163849886313,71756.02657972484,0,0.50542,17.3063613126932,99.03431389527589,11.181027124237064,0.5728799000000002,1,12.093671413665902,0.6931471805599453,0,QAT_D_E,NA
Qatar,D_E,2015,1004133516.48,6427,QAT,-0.4190017,0,9.79569741415571,68985.2433380102,0,0.51883,15.9339905308662,93.70767393708184,11.141647896040569,0.5559653333333335,0,11.959127688544834,0,0,QAT_D_E,NA
Qatar,D_E,2016,1694887912.08,6756,QAT,-0.4190017,0,9.7607422100415,67294.35176881717,0.1,0.5229833333333334,14.8163562584538,89.54762314300974,11.116831585941686,0.5351780666666669,5,12.432696169098172,1.791759469228055,0,QAT_D_E,0.6931471805599453
Qatar,D_E,2017,2528507142.86,7385,QAT,-0.4190017,0,9.47866948386398,64497.62425437365,0.1,0.5271366666666667,16.7774362605473,91.49455747858546,11.074383668839978,0.4381908666666667,1,12.74368870845453,0.6931471805599453,0,QAT_D_E,0
Qatar,D_E,2018,1469616208.79,7879,QAT,-0.4190017,0,9.7027244524186,64410.71716287209,0,0.53129,17.4458250857575,91.83834327329396,11.073035313819458,0.39655483333333336,3,12.136310849947629,1.3862943611198906,0,QAT_D_E,1.791759469228055
Qatar,D_E,2019,3464975824.17,7890,QAT,-0.4190017,0,10.1746618292654,63430.37172854371,0.1,0.5810533333333333,21.0931416049405,90.04629341175591,11.057698075063927,0.46569245000000165,5,12.992620078572502,1.791759469228055,0,QAT_D_E,0.6931471805599453
Qatar,D_E,2020,3720222802.2000003,6817,QAT,-0.4190017,0,10.5631961475008,57769.58360532838,0,0.6308166666666667,23.7649212314763,90.0189857283633,10.964217680948199,0.47626425,5,13.20987462513968,1.791759469228055,0,QAT_D_E,1.3862943611198906
Qatar,D_E,2021,3513334065.93,6293,QAT,-0.4190017,0,11.0795735105944,65488.54600403951,0,0.68058,31.2813974439236,92.77908976269632,11.089630536164437,0.5587202166666668,5,13.232638116383537,1.791759469228055,0,QAT_D_E,1.791759469228055
Qatar,D_E,2022,3662043131.87,7578,QAT,-0.4190017,0,12.6414412670206,64315.63556529518,0,0.68058,35.0854901088778,100.21364084561216,11.071558046533415,0.5913607166666668,4,13.088282469778566,1.6094379124341003,0,QAT_D_E,1.791759469228055
Romania,C,2012,17031313073.06,1156583,ROU,-0.4842254202898551,0,17.567519569459,8234.285534251936,21.5,0.46244,54.9534912109375,76.59432399136725,9.016061879194224,0.04680945,31,9.597338905830668,3.4657359027997265,0,ROU_C,3.7376696182833684
Romania,C,2013,18251597020.010002,1157168,ROU,-0.4842254202898551,0,18.8919150905294,8287.95844089676,23.1,0.39022,51.3826103210449,81.39761317471827,9.022558950116128,0.11565866666666666,25,9.666032222345711,3.258096538021482,0,ROU_C,3.5263605246161616
Romania,C,2014,20626900654.639996,1170199,ROU,-0.4842254202898551,0,20.1139523323465,8661.47397274241,24.3,0.38207,51.0950393676758,83.37514295752013,9.066640191777969,0.18475428333333335,26,9.777177540092445,3.295836866004329,0,ROU_C,3.4657359027997265
Romania,C,2015,16568401716.880001,1192380,ROU,-0.4842254202898551,0,21.4489855804576,8977.017481581965,23.7,0.48796,49.3609886169434,83.5205767017155,9.102422977129413,0.26803135,27,9.539301339547757,3.332204510175204,0,ROU_C,3.258096538021482
Romania,C,2016,18170651581.869995,1196306,ROU,-0.4842254202898551,0,22.4982986593906,9286.87678236598,24.4,0.48863,49.911319732666,85.8925282906884,9.136357583933709,0.2484391500000002,24,9.628324545412811,3.2188758248682006,0,ROU_C,3.295836866004329
Romania,C,2017,20548393432.980007,1207044,ROU,-0.4842254202898551,0,24.148941859633,10106.226955725268,23.4,0.50693,50.5108184814453,87.15606456678009,9.220907043122473,0.21373540000000005,24,9.742363642955302,3.2188758248682006,0,ROU_C,3.332204510175204
Romania,C,2018,22942462446.260002,1196882,ROU,-0.4842254202898551,0,25.9702175828069,10714.170115712675,23,0.49698,51.9943504333496,87.0911701095809,9.27932245420478,0.16724666666666682,19,9.861024885894626,2.995732273553991,0,ROU_C,3.2188758248682006
Romania,C,2019,22679094132.160004,1159119,ROU,-0.4842254202898551,0,27.060557570268,11197.3162915853,23.5,0.47491,52.4439697265625,84.90636305847933,9.323429411747748,0.26594113333333336,22,9.881538581974716,3.1354942159291497,0,ROU_C,3.2188758248682006
Romania,C,2020,21738330326.749996,1085879,ROU,-0.4842254202898551,0,29.314080636148,10854.04943188705,24.1,0.46414,53.4911117553711,78.36164635627091,9.292293508868282,0.27110755000000014,17,9.904442558571949,2.8903717578961645,0,ROU_C,2.995732273553991
Romania,C,2021,26436292323.590004,1072274,ROU,-0.4842254202898551,0,31.6949603653045,11546.322499807226,23.6,0.47108,55.2656097412109,87.07119654601449,9.354122266965355,0.3196921833333333,21,10.112711427309483,3.091042453358316,0,ROU_C,3.1354942159291497
Romania,C,2022,26051519950.530003,1066372,ROU,-0.4842254202898551,0,33.2115600895132,12076.303381189637,23.6,0.46274,58.2390403747559,93.9496509383447,9.399000413166812,0.36086395,26,10.10356915993503,3.295836866004329,0,ROU_C,2.8903717578961645
Romania,D_E,2012,5596563058.650002,166439,ROU,-0.4190017,0,17.567519569459,8234.285534251936,21.5,0.46244,54.9534912109375,76.59432399136725,9.016061879194224,0.04680945,31,10.423034351837813,3.4657359027997265,0,ROU_D_E,3.7376696182833684
Romania,D_E,2013,7408478035.960001,164092,ROU,-0.4190017,0,18.8919150905294,8287.95844089676,23.1,0.39022,51.3826103210449,81.39761317471827,9.022558950116128,0.11565866666666666,25,10.717708336772468,3.258096538021482,0,ROU_D_E,3.5263605246161616
Romania,D_E,2014,6555047138.47,160200,ROU,-0.4190017,0,20.1139523323465,8661.47397274241,24.3,0.38207,51.0950393676758,83.37514295752013,9.066640191777969,0.18475428333333335,26,10.619322831743315,3.295836866004329,0,ROU_D_E,3.4657359027997265
Romania,D_E,2015,4761004846.38,155359,ROU,-0.4190017,0,21.4489855804576,8977.017481581965,23.7,0.48796,49.3609886169434,83.5205767017155,9.102422977129413,0.26803135,27,10.330230738250279,3.332204510175204,0,ROU_D_E,3.258096538021482
Romania,D_E,2016,4597944955.92,153950,ROU,-0.4190017,0,22.4982986593906,9286.87678236598,24.4,0.48863,49.911319732666,85.8925282906884,9.136357583933709,0.2484391500000002,24,10.304492138553833,3.2188758248682006,0,ROU_D_E,3.295836866004329
Romania,D_E,2017,4269817189.04,151315,ROU,-0.4190017,0,24.148941859633,10106.226955725268,23.4,0.50693,50.5108184814453,87.15606456678009,9.220907043122473,0.21373540000000005,24,10.24771781475702,3.2188758248682006,0,ROU_D_E,3.332204510175204
Romania,D_E,2018,4981432747.0199995,151472,ROU,-0.4190017,0,25.9702175828069,10714.170115712675,23,0.49698,51.9943504333496,87.0911701095809,9.27932245420478,0.16724666666666682,19,10.400827318441351,2.995732273553991,0,ROU_D_E,3.2188758248682006
Romania,D_E,2019,4911389418.16,151180,ROU,-0.4190017,0,27.060557570268,11197.3162915853,23.5,0.47491,52.4439697265625,84.90636305847933,9.323429411747748,0.26594113333333336,22,10.388596257098166,3.1354942159291497,0,ROU_D_E,3.2188758248682006
Romania,D_E,2020,5570839907.330001,150461,ROU,-0.4190017,0,29.314080636148,10854.04943188705,24.1,0.46414,53.4911117553711,78.36164635627091,9.292293508868282,0.27110755000000014,17,10.51935247740301,2.8903717578961645,0,ROU_D_E,2.995732273553991
Romania,D_E,2021,5758485267.23,148107,ROU,-0.4190017,0,31.6949603653045,11546.322499807226,23.6,0.47108,55.2656097412109,87.07119654601449,9.354122266965355,0.3196921833333333,21,10.568250038130973,3.091042453358316,0,ROU_D_E,3.1354942159291497
Romania,D_E,2022,7898453121.75,145122,ROU,-0.4190017,0,33.2115600895132,12076.303381189637,23.6,0.46274,58.2390403747559,93.9496509383447,9.399000413166812,0.36086395,26,10.9046027229213,3.295836866004329,0,ROU_D_E,2.8903717578961645
Russian Federation,C,2017,193827583399.69,6896643,RUS,-0.4842254202898551,0,21.2763636749444,9418.9140625,3.2,1.10967,81.7051021681418,46.87652433713111,9.150475080935776,-0.6110491999999998,841,10.243689526040749,6.7357800142423265,0,RUS_C,NA
Russian Federation,C,2018,212467606342.57,6880366,RUS,-0.4842254202898551,0,21.8962972283043,9674.787109375,3.2,0.99001,81.5681115998523,51.5809003703964,9.17727851345692,-0.5655408166666662,761,10.337872966780767,6.635946555686647,0,RUS_C,NA
Russian Federation,C,2019,219583606796.03998,6795389,RUS,-0.4842254202898551,0,22.4233442134941,9882.0244140625,3.2,1.03531,80.9520697471091,49.22875366190334,9.198472669961488,-0.5448208499999997,686,10.383244041598827,6.532334292222349,0,RUS_C,6.7357800142423265
Russian Federation,C,2020,200114147563.21,6734662,RUS,-0.4842254202898551,0,23.1557041794102,9632.3251953125,3.7,1.09099,57.2232854739754,45.966908202912734,9.172879928950492,-0.5832692333333334,575,10.299375597531977,6.3561076606958915,0,RUS_C,6.635946555686647
Russian Federation,C,2021,232508338407.49,6692913,RUS,-0.4842254202898551,0,23.7409106485411,10231.318359375,3.5,0.96602,54.9542479280814,50.586195462175176,9.233208722526568,-0.6117651166666664,836,10.455632162105973,6.729824070489475,0,RUS_C,6.532334292222349
Russian Federation,C,2022,285746513861.49,6725226,RUS,-0.4842254202898551,0,24.6345568628262,10119.0625,3.5,0.91494,53.9151941239211,42.782786429481114,9.22217630021034,-0.8056978333333312,207,10.656994850751657,5.337538079701318,0,RUS_C,6.3561076606958915
Russian Federation,D_E,2017,48609871552.259995,2040805,RUS,-0.4190017,0,21.2763636749444,9418.9140625,3.2,1.10967,81.7051021681418,46.87652433713111,9.150475080935776,-0.6110491999999998,841,10.07823756976004,6.7357800142423265,0,RUS_D_E,NA
Russian Federation,D_E,2018,46768475562.68,2016397,RUS,-0.4190017,0,21.8962972283043,9674.787109375,3.2,0.99001,81.5681115998523,51.5809003703964,9.17727851345692,-0.5655408166666662,761,10.051652400422716,6.635946555686647,0,RUS_D_E,NA
Russian Federation,D_E,2019,46968305432.62,1976618,RUS,-0.4190017,0,22.4233442134941,9882.0244140625,3.2,1.03531,80.9520697471091,49.22875366190334,9.198472669961488,-0.5448208499999997,686,10.075840997251753,6.532334292222349,0,RUS_D_E,6.7357800142423265
Russian Federation,D_E,2020,43116124987.44001,1953897,RUS,-0.4190017,0,23.1557041794102,9632.3251953125,3.7,1.09099,57.2232854739754,45.966908202912734,9.172879928950492,-0.5832692333333334,575,10.001826495915383,6.3561076606958915,0,RUS_D_E,6.635946555686647
Russian Federation,D_E,2021,48725717252.94,1936730,RUS,-0.4190017,0,23.7409106485411,10231.318359375,3.5,0.96602,54.9542479280814,50.586195462175176,9.233208722526568,-0.6117651166666664,836,10.13296126079865,6.729824070489475,0,RUS_D_E,6.532334292222349
Russian Federation,D_E,2022,56240317579.89001,1906609,RUS,-0.4190017,0,24.6345568628262,10119.0625,3.5,0.91494,53.9151941239211,42.782786429481114,9.22217630021034,-0.8056978333333312,207,10.292062901826231,5.337538079701318,0,RUS_D_E,6.3561076606958915
Saudi Arabia,C,2012,71788781866.66,773100,SAU,-0.4842254202898551,0,9.38625903064258,23643.035832464662,0,0.85824,36.0444107055664,81.74067854615997,10.070823882583976,-0.4093368166666648,52,11.438830374073643,3.970291913552122,0,SAU_C,3.258096538021482
Saudi Arabia,C,2013,74742814400.03,800358,SAU,-0.4842254202898551,0,13.302899519935654,23057.349446853543,0,0.79069,43.163501739502,80.25150142867832,10.045739845623244,-0.434158066666665,51,11.444504509617081,3.9512437185814275,0,SAU_C,3.332204510175204
Saudi Arabia,C,2014,80008476800,897573,SAU,-0.4842254202898551,0,17.219540009228727,23404.730603982465,0,0.74576,53.1803840195563,78.00011111773601,10.06069344347705,-0.4135062833333315,56,11.397948692922682,4.04305126783455,0,SAU_C,3.970291913552122
Saudi Arabia,C,2015,79607457066.66,959642,SAU,-0.4842254202898551,0,21.1361804985218,23256.154955353068,0,0.70083,57.0892771397236,67.10526923005925,10.054325105243391,-0.3566863833333332,56,11.326058029924207,4.04305126783455,0,SAU_C,3.9512437185814275
Saudi Arabia,C,2016,79388092799.98001,977944,SAU,-0.4842254202898551,0,20.82681485606,22783.032853868543,0,0.6559,63.9826623355369,57.92166351103645,10.033771364832358,-0.28499541666666484,54,11.304406541554044,4.007333185232471,0,SAU_C,4.04305126783455
Saudi Arabia,C,2017,93445570666.67,1000718,SAU,-0.4842254202898551,0,21.6139435772426,23035.1199977707,0,0.61097,70.7471342981424,59.53197915782293,10.04477528672353,-0.37262149999999816,60,11.444416671503625,4.110873864173311,0,SAU_C,4.04305126783455
Saudi Arabia,C,2018,96747167999.98999,865627,SAU,-0.4842254202898551,0,22.4661479201746,24393.5188306638,0,0.56604,73.1971736383918,59.10291046971411,10.102072754303496,-0.32341428333333333,64,11.62415751828547,4.174387269895637,0,SAU_C,4.007333185232471
Saudi Arabia,D_E,2015,9616896000,108409,SAU,-0.4190017,0,21.1361804985218,23256.154955353068,0,0.70083,57.0892771397236,67.10526923005925,10.054325105243391,-0.3566863833333332,56,11.393120998063576,4.04305126783455,0,SAU_D_E,NA
Saudi Arabia,D_E,2016,10853705866.67,111733,SAU,-0.4190017,0,20.82681485606,22783.032853868543,0,0.6559,63.9826623355369,57.92166351103645,10.033771364832358,-0.28499541666666484,54,11.483905037524258,4.007333185232471,0,SAU_D_E,NA
Saudi Arabia,D_E,2018,10778809066.66,96506,SAU,-0.4190017,0,22.4661479201746,24393.5188306638,0,0.56604,73.1971736383918,59.10291046971411,10.102072754303496,-0.32341428333333333,64,11.623487458573202,4.174387269895637,0,SAU_D_E,4.04305126783455
Thailand,C,2016,75111252748.64998,3857758,THA,-0.4842254202898551,0,10.187716904417,5857.780529359259,22.4,0.77829,49.3227291503798,120.5752272891298,8.675526061571343,-0.40896729999999804,3,9.876639477679305,1.3862943611198906,0,THA_C,NA
Thailand,C,2021,162560966265.51004,4717395,THA,-0.4842254202898551,0,17.3168855632327,6121.526965297128,19,1.20822,43.4690405127808,117.252944620852,8.719566848518909,-0.3100672666666667,8,10.447551646947957,2.1972245773362196,0,THA_C,1.3862943611198906
Thailand,D_E,2016,249005207.27,23114,THA,-0.4190017,0,10.187716904417,5857.780529359259,22.4,0.77829,49.3227291503798,120.5752272891298,8.675526061571343,-0.40896729999999804,3,9.28479059340585,1.3862943611198906,0,THA_D_E,NA
Thailand,D_E,2021,618857417.62,34811,THA,-0.4190017,0,17.3168855632327,6121.526965297128,19,1.20822,43.4690405127808,117.252944620852,8.719566848518909,-0.3100672666666667,8,9.785696753243995,2.1972245773362196,0,THA_D_E,1.3862943611198906
Tunisia,C,2012,6032081257.5599985,483604,TUN,-0.4842254202898551,0,4.78950869178639,3900.046201327017,13,0.64937,36.0693092346191,101.55072392966808,8.268743678541675,-0.17122581666666634,3,9.431336269655072,1.3862943611198906,0,TUN_C,NA
Tunisia,C,2013,6069090835.969999,487157,TUN,-0.4842254202898551,0,4.66714973152741,3947.587635331742,13.2,0.637,34.2130088806152,98.9549566862038,8.280859946094077,-0.2563033666666665,10,9.43013291885257,2.3978952727983707,0,TUN_C,1.6094379124341003
Tunisia,C,2014,6018229601.0199995,486674,TUN,-0.4842254202898551,0,5.03392320650315,4021.5995470359144,12.9,0.61988,33.7252311706543,96.10710385587004,8.299434999745555,-0.1611678666666665,3,9.422709193409977,1.3862943611198906,0,TUN_C,1.3862943611198906
Tunisia,C,2015,5481082305.74,486843,TUN,-0.4842254202898551,0,5.03388625276524,4014.9477368643215,12.5,0.59413,33.373851776123,87.24853065960522,8.29777960932586,-0.16676874999999983,6,9.328871451294699,1.9459101490553132,0,TUN_C,2.3978952727983707
Tunisia,C,2016,6282777312.990001,481286,TUN,-0.4842254202898551,0,5.55369160408213,4015.288938027026,12.4,0.56539,31.2128105163574,87.09266436414659,8.29786458843089,-0.20930704999999997,3,9.476860999974242,1.3862943611198906,0,TUN_C,1.3862943611198906
Tunisia,C,2017,6140845448.820001,504941,TUN,-0.4842254202898551,0,6.8819804955977,4062.8060653451903,11.8,0.69953,30.9277496337891,95.8091979825804,8.309629162962034,-0.14116188333333315,7,9.406031395124923,2.0794415416798357,0,TUN_C,1.9459101490553132
Tunisia,C,2018,6359840520.900002,520779,TUN,-0.4842254202898551,0,8.6185014951323,4127.970056979944,11.9,0.71645,30.9594707489014,103.8718242606352,8.325541053496512,-0.0907774,8,9.410188092170987,2.1972245773362196,0,TUN_C,1.3862943611198906
Tunisia,C,2019,6165623656.099999,532170,TUN,-0.4842254202898551,0,10.0541966829532,4153.279786155147,12.2,0.74658,31.4410896301269,102.33261472578928,8.331653611011207,-0.09961998333333329,11,9.357536863057588,2.4849066497880004,0,TUN_C,2.0794415416798357
Tunisia,C,2020,5935251289.379999,521811,TUN,-0.4842254202898551,0,11.1467984493476,3749.268414529278,12.9,0.74658,32.5181999206543,84.3333297071767,8.229316010473173,-0.08330338333333331,7,9.339114472024622,2.0794415416798357,0,TUN_C,2.1972245773362196
Tunisia,C,2021,6927987160.97,532077,TUN,-0.4842254202898551,0,12.4220429522978,3902.5332299019938,11.6,0.74658,33.2740287780762,93.6334140664079,8.269381167382672,-0.18332759999999979,9,9.474291660303589,2.302585092994046,0,TUN_C,2.4849066497880004
Tunisia,C,2022,7061181316.949998,555565,TUN,-0.4842254202898551,0,13.9309222767522,3986.545583256664,11.6,0.74658,37.1276893615723,116.09579438414566,8.290680366282462,-0.34616174999999966,4,9.450137306883606,1.6094379124341003,0,TUN_C,2.0794415416798357
Türkiye,C,2012,74836558520.84998,3165267,TUR,-0.4842254202898551,0,10.4644431033188,9588.320665314382,13,0.82595,70.1044998168945,53.32776129686072,9.16830103943749,-0.03445583333333332,36,10.070824382614205,3.6109179126442243,0,TUR_C,2.70805020110221
Türkiye,C,2013,87319450225.53,3361143,TUR,-0.4842254202898551,0,11.640102340966,10269.448914077338,13.8,0.81206,79.6469573974609,53.06835300430433,9.236928641704614,-0.08874084999999997,10,10.165047419856377,2.3978952727983707,0,TUR_C,2.8903717578961645
Türkiye,C,2014,88555513194.16,3540868,TUR,-0.4842254202898551,0,11.3618631179594,10597.980188171632,11.5,0.8564,86.9976806640625,54.30677404127998,9.268418713657832,-0.15099209999999996,16,10.127013007246727,2.833213344056216,0,TUR_C,3.6109179126442243
Türkiye,C,2015,86073229366.89,3621817,TUR,-0.4842254202898551,0,11.8786301825878,11064.649450466248,13.3,0.96732,95.5645065307617,51.87492525968317,9.311510571049386,-0.28809488333333166,33,10.075977883564963,3.5263605246161616,0,TUR_C,2.3978952727983707
Türkiye,C,2016,90313597511.68999,3634477,TUR,-0.4842254202898551,0,12.859061240418,11279.616953156876,13.2,1.11979,103.71558380127,48.87018380798705,9.330752566421994,-0.46109859999999997,33,10.120578087914318,3.5263605246161616,0,TUR_C,2.833213344056216
Türkiye,C,2017,93751163574.88998,3723677,TUR,-0.4842254202898551,0,14.3528880563786,12005.645982483236,11.4,1.17632,110.534072875977,56.135658515868904,9.393132316660674,-0.45689401666666485,59,10.133687734261857,4.0943445622221,0,TUR_C,3.5263605246161616
Türkiye,C,2018,92784683536.9,3820080,TUR,-0.4842254202898551,0,15.8823338271459,12255.008214616912,11.8,1.27093,115.462463378906,62.825132385116525,9.413689966269366,-0.48606238333333335,57,10.097765492251035,4.060443010546419,0,TUR_C,3.5263605246161616
Türkiye,C,2019,84725544263.92,3772698,TUR,-0.4842254202898551,0,16.6733436685105,12238.295022012751,14.1,1.3196,117.005470275879,62.57845893262392,9.412325250776592,-0.44690135,63,10.019382024970692,4.1588830833596715,0,TUR_C,4.0943445622221
Türkiye,C,2020,91976599994.56001,4010151,TUR,-0.4842254202898551,0,19.4384064376386,12338.643833135042,13.7,1.36748,118.883682250977,60.38985311729702,9.42049139134983,-0.5202743666666665,58,10.040460579324188,4.07753744390572,0,TUR_C,4.060443010546419
Türkiye,C,2021,126560426578.76,4390515,TUR,-0.4842254202898551,0,20.9211211378579,13670.938029516012,12,1.40209,125.763786315918,69.60889760864374,9.52302754693335,-0.541313983333333,119,10.269028621281775,4.787491742782046,0,TUR_C,4.1588830833596715
Türkiye,C,2022,129493716724.73997,4684091,TUR,-0.4842254202898551,0,21.8230372591075,14273.574765487305,12,1.32342,127.577972412109,79.89827223143409,9.566165188242875,-0.5828082666666663,105,10.227215766058336,4.663439094112067,0,TUR_C,4.07753744390572
Türkiye,D_E,2012,13052020888.809998,151523,TUR,-0.4190017,0,10.4644431033188,9588.320665314382,13,0.82595,70.1044998168945,53.32776129686072,9.16830103943749,-0.03445583333333332,36,11.363716108515703,3.6109179126442243,0,TUR_D_E,2.70805020110221
Türkiye,D_E,2013,15135535264.199999,168672,TUR,-0.4190017,0,11.640102340966,10269.448914077338,13.8,0.81206,79.6469573974609,53.06835300430433,9.236928641704614,-0.08874084999999997,10,11.404599865125922,2.3978952727983707,0,TUR_D_E,2.8903717578961645
Türkiye,D_E,2014,11892020130.54,185102,TUR,-0.4190017,0,11.3618631179594,10597.980188171632,11.5,0.8564,86.9976806640625,54.30677404127998,9.268418713657832,-0.15099209999999996,16,11.070471131387349,2.833213344056216,0,TUR_D_E,3.6109179126442243
Türkiye,D_E,2015,13565145012.489998,198914,TUR,-0.4190017,0,11.8786301825878,11064.649450466248,13.3,0.96732,95.5645065307617,51.87492525968317,9.311510571049386,-0.28809488333333166,33,11.130141623700569,3.5263605246161616,0,TUR_D_E,2.3978952727983707
Türkiye,D_E,2016,16068489915.060001,200810,TUR,-0.4190017,0,12.859061240418,11279.616953156876,13.2,1.11979,103.71558380127,48.87018380798705,9.330752566421994,-0.46109859999999997,33,11.290011576730418,3.5263605246161616,0,TUR_D_E,2.833213344056216
Türkiye,D_E,2017,13902010349.18,212572,TUR,-0.4190017,0,14.3528880563786,12005.645982483236,11.4,1.17632,110.534072875977,56.135658515868904,9.393132316660674,-0.45689401666666485,59,11.088263262574348,4.0943445622221,0,TUR_D_E,3.5263605246161616
Türkiye,D_E,2018,13340111712.440002,189245,TUR,-0.4190017,0,15.8823338271459,12255.008214616912,11.8,1.27093,115.462463378906,62.825132385116525,9.413689966269366,-0.48606238333333335,57,11.163243500773284,4.060443010546419,0,TUR_D_E,3.5263605246161616
Türkiye,D_E,2019,15047481226.85,178039,TUR,-0.4190017,0,16.6733436685105,12238.295022012751,14.1,1.3196,117.005470275879,62.57845893262392,9.412325250776592,-0.44690135,63,11.344718547394127,4.1588830833596715,0,TUR_D_E,4.0943445622221
Türkiye,D_E,2020,15649476149.68,178974,TUR,-0.4190017,0,19.4384064376386,12338.643833135042,13.7,1.36748,118.883682250977,60.38985311729702,9.42049139134983,-0.5202743666666665,58,11.378707457632208,4.07753744390572,0,TUR_D_E,4.060443010546419
Türkiye,D_E,2021,15695810133.16,193623,TUR,-0.4190017,0,20.9211211378579,13670.938029516012,12,1.40209,125.763786315918,69.60889760864374,9.52302754693335,-0.541313983333333,119,11.302991394763893,4.787491742782046,0,TUR_D_E,4.1588830833596715
Türkiye,D_E,2022,21925556673.559998,202224,TUR,-0.4190017,0,21.8230372591075,14273.574765487305,12,1.32342,127.577972412109,79.89827223143409,9.566165188242875,-0.5828082666666663,105,11.593787491895545,4.663439094112067,0,TUR_D_E,4.07753744390572
Ukraine,C,2012,27682279716.410007,1950553,UKR,-0.4842254202898551,0,8.03755151150735,2426.92944335938,2.9,0.72363,83.8798999891598,102.6227883566263,7.794382133758643,-0.631781783333333,58,9.56043484392185,4.07753744390572,0,UKR_C,NA
Ukraine,C,2013,23993106468.160007,1864589,UKR,-0.4842254202898551,0,8.85842948316205,2432.41625976563,3.5,0.733,81.5320112568844,94.0016694501782,7.7966403878830555,-0.7741823499999997,79,9.462481184103725,4.382026634673881,0,UKR_C,NA
Ukraine,C,2014,23207143403.39,1610991,UKR,-0.4842254202898551,0,9.3062102695115,2308.6435546875,3.5,0.65034,83.7842174613245,100.6917824836239,7.744415425280027,-0.8535136166666647,38,9.575365897992768,3.6635616461296463,0,UKR_C,4.07753744390572
Ukraine,C,2015,13941410405.380001,1470634,UKR,-0.4842254202898551,0,11.6437042355302,2094.47387695313,4.2,0.61477,76.8646556476929,107.80661629815584,7.647057668097867,-0.8163728999999998,33,9.156925255725243,3.5263605246161616,0,UKR_C,4.382026634673881
Ukraine,C,2016,13113577553.319998,1422291,UKR,-0.4842254202898551,0,12.0342584918375,2156.0830078125,5.5,0.48339,77.0398374695438,105.52120491312238,7.676048432128427,-0.7432636166666666,36,9.129134475098004,3.6109179126442243,0,UKR_C,3.6635616461296463
Ukraine,C,2017,16769165960.49,1437105,UKR,-0.4842254202898551,0,12.3535432124088,2217.7529296875,6.5,0.44878,80.1990246943391,104.03498291139856,7.704249768417747,-0.6836793166666664,30,9.364666446239784,3.4339872044851463,0,UKR_C,3.5263605246161616
Ukraine,C,2018,17528065301.2,1442092,UKR,-0.4842254202898551,0,12.8032560497243,2308.6669921875,6.9,0.47113,81.4946716210446,99.1998150718675,7.744425577293742,-0.6165367166666664,32,9.405463769699649,3.4965075614664802,0,UKR_C,3.6109179126442243
Ukraine,C,2019,18365208019.269993,1396962,UKR,-0.4842254202898551,0,16.1591311845578,2398.07836914063,7.4,0.43384,84.48135621115,90.51123429107628,7.782423016096244,-0.4969051999999998,12,9.483913406370982,2.5649493574615367,0,UKR_C,3.4339872044851463
Ukraine,C,2020,19809371216.72,1362361,UKR,-0.4842254202898551,0,18.617022844321,2324.107421875,8.7,0.40318,82.1345992180731,79.15645237618149,7.751091339741339,-0.493786983333333,6,9.584691174485782,1.9459101490553132,0,UKR_C,3.4965075614664802
Ukraine,C,2021,26805719435.78,1345842,UKR,-0.4842254202898551,0,18.2677942438439,2426.6123046875,8.9,0.38478,75.9079435107907,82.69796136344999,7.794251450357203,-0.5045089666666663,5,9.899350716024315,1.791759469228055,0,UKR_C,2.5649493574615367
Ukraine,C,2022,14158723148.4,1114189,UKR,-0.4842254202898551,0,17.5398140646824,1874.66296386719,8.9,0.32673,75.9079435107907,87.39651399072439,7.53618416964291,-0.5909324666666645,9,9.449959404044732,2.302585092994046,0,UKR_C,1.9459101490553132
Ukraine,D_E,2012,9608399619.130001,581458,UKR,-0.4190017,0,8.03755151150735,2426.92944335938,2.9,0.72363,83.8798999891598,102.6227883566263,7.794382133758643,-0.631781783333333,58,9.712609491858368,4.07753744390572,0,UKR_D_E,NA
Ukraine,D_E,2013,8528712623.539999,575409,UKR,-0.4190017,0,8.85842948316205,2432.41625976563,3.5,0.733,81.5320112568844,94.0016694501782,7.7966403878830555,-0.7741823499999997,79,9.603867892406292,4.382026634673881,0,UKR_D_E,NA
Ukraine,D_E,2014,8297537600.76,492621,UKR,-0.4190017,0,9.3062102695115,2308.6435546875,3.5,0.65034,83.7842174613245,100.6917824836239,7.744415425280027,-0.8535136166666647,38,9.731729238427334,3.6635616461296463,0,UKR_D_E,4.07753744390572
Ukraine,D_E,2016,6068019775.4,458673,UKR,-0.4190017,0,12.0342584918375,2156.0830078125,5.5,0.48339,77.0398374695438,105.52120491312238,7.676048432128427,-0.7432636166666666,36,9.49020534054093,3.6109179126442243,0,UKR_D_E,4.382026634673881
Ukraine,D_E,2017,5820629895.41,440998,UKR,-0.4190017,0,12.3535432124088,2217.7529296875,6.5,0.44878,80.1990246943391,104.03498291139856,7.704249768417747,-0.6836793166666664,30,9.487878703013957,3.4339872044851463,0,UKR_D_E,3.6635616461296463
Ukraine,D_E,2018,5489386000.81,425780,UKR,-0.4190017,0,12.8032560497243,2308.6669921875,6.9,0.47113,81.4946716210446,99.1998150718675,7.744425577293742,-0.6165367166666664,32,9.464404186722591,3.4965075614664802,0,UKR_D_E,3.6109179126442243
Ukraine,D_E,2019,10423752015.23,410797,UKR,-0.4190017,0,16.1591311845578,2398.07836914063,7.4,0.43384,84.48135621115,90.51123429107628,7.782423016096244,-0.4969051999999998,12,10.14149843250995,2.5649493574615367,0,UKR_D_E,3.4339872044851463
Ukraine,D_E,2020,7568833102.02,417869,UKR,-0.4190017,0,18.617022844321,2324.107421875,8.7,0.40318,82.1345992180731,79.15645237618149,7.751091339741339,-0.493786983333333,6,9.804381479569628,1.9459101490553132,0,UKR_D_E,3.4965075614664802
Ukraine,D_E,2021,12984419076.79,428944,UKR,-0.4190017,0,18.2677942438439,2426.6123046875,8.9,0.38478,75.9079435107907,82.69796136344999,7.794251450357203,-0.5045089666666663,5,10.317934289779748,1.791759469228055,0,UKR_D_E,2.5649493574615367
Ukraine,D_E,2022,9584524935.78,388097,UKR,-0.4190017,0,17.5398140646824,1874.66296386719,8.9,0.32673,75.9079435107907,87.39651399072439,7.53618416964291,-0.5909324666666645,9,10.114405061556196,2.302585092994046,0,UKR_D_E,1.9459101490553132
Uruguay,C,2012,5125928087.920001,110244,URY,-0.4842254202898551,0,17.4092710291806,15949.317698543451,47.9,0.30808,54.7069093768187,55.06115416337678,9.67717132977722,0.8675452833333333,2,10.747126065842396,1.0986122886681098,0,URY_C,0.6931471805599453
Uruguay,C,2013,4628243402.449999,109763,URY,-0.4842254202898551,0,22.0329969745948,16639.40547506506,51.9,0.29118,59.9512588300598,49.71784647462325,9.71952898507496,0.8939975,0,10.64936446338924,0,0,URY_C,0
Uruguay,C,2014,4782822068.919998,107699,URY,-0.4842254202898551,0,25.0350829208297,17122.03645632247,56.7,0.31707,59.826704311423,49.0876240632174,9.748121594509513,0.95504395,1,10.701201022174724,0.6931471805599453,0,URY_C,1.0986122886681098
Uruguay,C,2018,5460868829.51,94701,URY,-0.4842254202898551,0,28.7930537740968,17608.944119503696,60.8,0.50484,60.2781342968002,47.79131048064754,9.776162240550308,0.9528076,1,10.962393901547356,0.6931471805599453,0,URY_C,0
Uruguay,C,2019,4500942932.710001,90618,URY,-0.4842254202898551,0,29.8012543248776,17758.43843729862,59.3,0.56805,61.9644279466795,49.744834115963606,9.784616086852678,0.99744665,1,10.813144604579945,0.6931471805599453,0,URY_C,0.6931471805599453
Uruguay,C,2020,3603637887.72,84766,URY,-0.4842254202898551,0,31.2948224284548,16443.36350008429,61.2,0.67606,64.9332150107214,47.731873318208784,9.707677240146536,1.0457745833333334,0,10.657559898554629,0,0,URY_C,0.6931471805599453
Uruguay,C,2021,4916933387.619999,86404,URY,-0.4842254202898551,0,32.5451063460216,17416.005220886917,57.8,0.61467,75.1713873701582,58.31504102303376,9.765144902689656,1.0867007499999999,1,10.949161627905431,0.6931471805599453,0,URY_C,0.6931471805599453
Uruguay,C,2022,5472511655.78,89466.61000000002,URY,-0.4842254202898551,0,33.4865565704576,18228.355844376107,57.8,0.62206,76.3977408357972,61.03079510438214,9.810733674048398,1.1200018166666665,0,11.02138275521282,0,0,URY_C,0
Uruguay,D_E,2012,584929792.25,15483,URY,-0.4190017,0,17.4092710291806,15949.317698543451,47.9,0.30808,54.7069093768187,55.06115416337678,9.67717132977722,0.8675452833333333,2,10.539504457929265,1.0986122886681098,0,URY_D_E,NA
Uruguay,D_E,2018,1392154238.38,15096,URY,-0.4190017,0,28.7930537740968,17608.944119503696,60.8,0.50484,60.2781342968002,47.79131048064754,9.776162240550308,0.9528076,1,11.431933109105914,0.6931471805599453,0,URY_D_E,0
Uruguay,D_E,2019,1200903006.6,15007,URY,-0.4190017,0,29.8012543248776,17758.43843729862,59.3,0.56805,61.9644279466795,49.744834115963606,9.784616086852678,0.99744665,1,11.290067578354071,0.6931471805599453,0,URY_D_E,1.0986122886681098
Uruguay,D_E,2020,904519100.02,14594,URY,-0.4190017,0,31.2948224284548,16443.36350008429,61.2,0.67606,64.9332150107214,47.731873318208784,9.707677240146536,1.0457745833333334,0,11.034548214912244,0,0,URY_D_E,0.6931471805599453
Uruguay,D_E,2021,1438401686.35,14128,URY,-0.4190017,0,32.5451063460216,17416.005220886917,57.8,0.61467,75.1713873701582,58.31504102303376,9.765144902689656,1.0867007499999999,1,11.530884471216234,0.6931471805599453,0,URY_D_E,0.6931471805599453
Uruguay,D_E,2022,1085046646.42,13915.199999999999,URY,-0.4190017,0,33.4865565704576,18228.355844376107,57.8,0.62206,76.3977408357972,61.03079510438214,9.810733674048398,1.1200018166666665,0,11.264151768271367,0,0,URY_D_E,0
Uzbekistan,C,2013,8499512708.5199995,486370,UZB,-0.4842254202898551,0,1.03047816642845,2530.6844789870347,1.2,0.155,7.97676963416095,42.37791497273587,7.836245090185016,-1.1828545499999967,1,9.768549740289561,0.6931471805599453,0,UZB_C,NA
Uzbekistan,C,2014,10257951833.710001,495277,UZB,-0.4842254202898551,0,2.71465494120139,2659.990750952732,1.4,0.15335,7.99231869405469,36.35705466490434,7.886077924684261,-1.0430995166666635,3,9.938446549421998,1.3862943611198906,0,UZB_C,NA
Uzbekistan,C,2015,11041283811.690002,494300,UZB,-0.4842254202898551,0,5.81406186655157,2803.190180217509,1.7,0.16497,8.05320814639575,30.756191430708927,7.93851339767426,-1.0459225833333299,1,10.014009259030228,0.6931471805599453,0,UZB_C,0.6931471805599453
Uzbekistan,C,2016,11761340172.55,510852,UZB,-0.4842254202898551,0,8.77864127770599,2918.677258529029,1.6,0.17238,8.33958377998093,29.192297038804217,7.978885798975264,-1.0089535333333333,0,10.044248534119305,0,0,UZB_C,1.3862943611198906
Uzbekistan,C,2017,8577022588.940001,590929,UZB,-0.4842254202898551,0,10.4346190212708,2995.767614377434,1.7,0.13212,8.64750307019382,42.55950818952166,8.004955776334185,-0.9559192499999964,0,9.582901518808065,0,0,UZB_C,0.6931471805599453
Uzbekistan,C,2018,8547104912.070001,633749,UZB,-0.4842254202898551,0,12.7372983265011,3108.161878611196,1.5,0.11164,9.95855522351711,64.13813949857727,8.041786794626425,-0.8840191166666664,1,9.509450199802409,0.6931471805599453,0,UZB_C,0
Uzbekistan,C,2019,11808611437.42,716191,UZB,-0.4842254202898551,0,10.5554301857614,3259.3696463249375,1.6,0.10128,13.0316667432446,64.96392276324072,8.089289095641268,-0.8550813166666649,0,9.710392714942973,0,0,UZB_C,0
Uzbekistan,C,2020,12709172482.449999,742964,UZB,-0.4842254202898551,0,15.8070422134311,3249.051910940178,1,0.12554,15.9720957084892,56.05153083499712,8.086118513054597,-0.8380489333333329,3,9.74718694212648,1.3862943611198906,0,UZB_C,0.6931471805599453
Uzbekistan,C,2021,15058664573.64,755477,UZB,-0.4842254202898551,0,21.8944210928633,3442.724844503404,1,0.11843,22.0939011675309,57.45897169732216,8.144018542777376,-0.6166745333333331,1,9.900114764840763,0.6931471805599453,0,UZB_C,0
Uzbekistan,C,2022,17182717724.84,810456,UZB,-0.4842254202898551,0,25.7992232452287,3576.7155271605357,1,0.14297,31.701936179599,62.84125253785171,8.182200207765618,-0.6129223333333313,0,9.961817600985626,0,0,UZB_C,1.3862943611198906
Uzbekistan,D_E,2013,939457221.44,137006,UZB,-0.4190017,0,1.03047816642845,2530.6844789870347,1.2,0.155,7.97676963416095,42.37791497273587,7.836245090185016,-1.1828545499999967,1,8.833032842983183,0.6931471805599453,0,UZB_D_E,NA
Uzbekistan,D_E,2014,1212065299.09,138272,UZB,-0.4190017,0,2.71465494120139,2659.990750952732,1.4,0.15335,7.99231869405469,36.35705466490434,7.886077924684261,-1.0430995166666635,3,9.078613561547517,1.3862943611198906,0,UZB_D_E,NA
Uzbekistan,D_E,2015,1320732050.38,147747,UZB,-0.4190017,0,5.81406186655157,2803.190180217509,1.7,0.16497,8.05320814639575,30.756191430708927,7.93851339767426,-1.0459225833333299,1,9.098195372947563,0.6931471805599453,0,UZB_D_E,0.6931471805599453
Uzbekistan,D_E,2016,1416324496.36,148279,UZB,-0.4190017,0,8.77864127770599,2918.677258529029,1.6,0.17238,8.33958377998093,29.192297038804217,7.978885798975264,-1.0089535333333333,0,9.164480056815817,0,0,UZB_D_E,1.3862943611198906
Uzbekistan,D_E,2017,933300142.61,136336,UZB,-0.4190017,0,10.4346190212708,2995.767614377434,1.7,0.13212,8.64750307019382,42.55950818952166,8.004955776334185,-0.9559192499999964,0,8.831359697270113,0,0,UZB_D_E,0.6931471805599453
Uzbekistan,D_E,2018,727420856.61,119649,UZB,-0.4190017,0,12.7372983265011,3108.161878611196,1.5,0.11164,9.95855522351711,64.13813949857727,8.041786794626425,-0.8840191166666664,1,8.712698027335506,0.6931471805599453,0,UZB_D_E,0
Uzbekistan,D_E,2019,1024693680.53,108318,UZB,-0.4190017,0,10.5554301857614,3259.3696463249375,1.6,0.10128,13.0316667432446,64.96392276324072,8.089289095641268,-0.8550813166666649,0,9.154832932444615,0,0,UZB_D_E,0
Uzbekistan,D_E,2020,1225052643.85,116837,UZB,-0.4190017,0,15.8070422134311,3249.051910940178,1,0.12554,15.9720957084892,56.05153083499712,8.086118513054597,-0.8380489333333329,3,9.257714574557419,1.3862943611198906,0,UZB_D_E,0.6931471805599453
Uzbekistan,D_E,2021,1301241571.63,117190,UZB,-0.4190017,0,21.8944210928633,3442.724844503404,1,0.11843,22.0939011675309,57.45897169732216,8.144018542777376,-0.6166745333333331,1,9.315032872486302,0.6931471805599453,0,UZB_D_E,0
Uzbekistan,D_E,2022,1533255633.61,114330,UZB,-0.4190017,0,25.7992232452287,3576.7155271605357,1,0.14297,31.701936179599,62.84125253785171,8.182200207765618,-0.6129223333333313,0,9.503814894220769,0,0,UZB_D_E,1.3862943611198906
Viet Nam,C,2012,34340005245.18,4885698,VNM,-0.4842254202898551,0,5.33498939497012,2224.1140425325566,37.9,0.224435,25.7487091222031,123.2241167459847,7.707113932172952,-0.526296083333333,0,8.857754125519671,0,0,VNM_C,0
Viet Nam,C,2013,39993684597.81999,5217182,VNM,-0.4842254202898551,0,5.68885880294,2320.0843144493388,37.4,0.29932,25.6249412769592,130.84635486674253,7.749358806435045,-0.5087075499999997,0,8.944519426194882,0,0,VNM_C,0.6931471805599453
Viet Nam,C,2014,54322029023.60999,5682608,VNM,-0.4842254202898551,0,6.54510757019409,2439.2865574442344,36.7,0.327805,31.3306389293887,135.410521454361,7.799460881041576,-0.40645879999999984,1,9.165274832410939,0.6931471805599453,0,VNM_C,0
Viet Nam,C,2015,52436022801.100006,6097051,VNM,-0.4842254202898551,0,8.24967739226207,2577.568853401125,27.8,0.35629,29.7250797402999,144.9142281952372,7.854601928784032,-0.3196872333333332,2,9.059543880494106,1.0986122886681098,0,VNM_C,0
Viet Nam,C,2016,59885673479.240005,6758015,VNM,-0.4842254202898551,0,9.679017739946,2715.57887431272,26.8,0.38761999999999996,29.0811980839409,145.40950797311808,7.906760423016145,-0.2856229833333315,3,9.089463373646373,1.3862943611198906,0,VNM_C,0.6931471805599453
Viet Nam,C,2017,69493650780.06999,7082889,VNM,-0.4842254202898551,0,11.8410316814328,2868.1368001337887,28.3,0.41895,25.9526307046456,160.9800836588696,7.961417899373378,-0.318071066666665,3,9.191308796374273,1.3862943611198906,0,VNM_C,1.0986122886681098
Viet Nam,C,2018,80724099915.32002,7303704,VNM,-0.4842254202898551,0,13.5025072757898,3048.283276021446,24.3,0.41773499999999997,28.088374945523498,164.66393677589295,8.022333850815285,-0.34877574999999994,2,9.310410828820638,1.0986122886681098,0,VNM_C,1.3862943611198906
Viet Nam,C,2019,87284185478.68,7557711,VNM,-0.4842254202898551,0,15.2328957557438,3241.0764896652886,20.4,0.41652,30.2241191864014,164.70421503140798,8.083660803500294,-0.3073480333333315,4,9.354356207403606,1.6094379124341003,0,VNM_C,1.3862943611198906
Viet Nam,C,2020,89683760497.99,7516598,VNM,-0.4842254202898551,0,17.0262915402718,3303.16949807493,18.9,0.42073,36.0898081529531,163.24586281493492,8.102637740475883,-0.2905967333333315,3,9.386931347287033,1.3862943611198906,0,VNM_C,1.0986122886681098
Viet Nam,C,2021,101993627439.57999,7597816,VNM,-0.4842254202898551,0,19.5362327330994,3358.217347647143,24.2,0.42494,41.9554971195048,186.6758328368143,8.119165560869618,-0.3082210999999998,10,9.504804776659132,2.3978952727983707,0,VNM_C,1.6094379124341003
Viet Nam,C,2022,118012467170.83002,7653121,VNM,-0.4842254202898551,0,21.3681380805533,3617.663114650119,24.2,0.42494,44.7536854027422,183.15361914783583,8.193583547924511,-0.33282674999999984,4,9.643432013360949,1.6094379124341003,0,VNM_C,1.3862943611198906
Viet Nam,D_E,2012,10103030218.910002,291149,VNM,-0.4190017,0,5.33498939497012,2224.1140425325566,37.9,0.224435,25.7487091222031,123.2241167459847,7.707113932172952,-0.526296083333333,0,10.454510794866689,0,0,VNM_D_E,0
Viet Nam,D_E,2013,11486181027.710001,314329,VNM,-0.4190017,0,5.68885880294,2320.0843144493388,37.4,0.29932,25.6249412769592,130.84635486674253,7.749358806435045,-0.5087075499999997,0,10.50621501292886,0,0,VNM_D_E,0.6931471805599453
Viet Nam,D_E,2014,18337723685.38,309403,VNM,-0.4190017,0,6.54510757019409,2439.2865574442344,36.7,0.327805,31.3306389293887,135.410521454361,7.799460881041576,-0.40645879999999984,1,10.989826265329249,0.6931471805599453,0,VNM_D_E,0
Viet Nam,D_E,2015,12777374185.289999,228241,VNM,-0.4190017,0,8.24967739226207,2577.568853401125,27.8,0.35629,29.7250797402999,144.9142281952372,7.854601928784032,-0.3196872333333332,2,10.932784434744821,1.0986122886681098,0,VNM_D_E,0
Viet Nam,D_E,2016,20375858828.300003,239809,VNM,-0.4190017,0,9.679017739946,2715.57887431272,26.8,0.38761999999999996,29.0811980839409,145.40950797311808,7.906760423016145,-0.2856229833333315,3,11.35001859411988,1.3862943611198906,0,VNM_D_E,0.6931471805599453
Viet Nam,D_E,2017,21507256773.33,239199,VNM,-0.4190017,0,11.8410316814328,2868.1368001337887,28.3,0.41895,25.9526307046456,160.9800836588696,7.961417899373378,-0.318071066666665,3,11.406605119024563,1.3862943611198906,0,VNM_D_E,1.0986122886681098
Viet Nam,D_E,2018,24639197564.810005,244658,VNM,-0.4190017,0,13.5025072757898,3048.283276021446,24.3,0.41773499999999997,28.088374945523498,164.66393677589295,8.022333850815285,-0.34877574999999994,2,11.519987812760371,1.0986122886681098,0,VNM_D_E,1.3862943611198906
Viet Nam,D_E,2019,27575501023.980003,241078,VNM,-0.4190017,0,15.2328957557438,3241.0764896652886,20.4,0.41652,30.2241191864014,164.70421503140798,8.083660803500294,-0.3073480333333315,4,11.647317759860307,1.6094379124341003,0,VNM_D_E,1.3862943611198906
Viet Nam,D_E,2020,30390403205.98,244698,VNM,-0.4190017,0,17.0262915402718,3303.16949807493,18.9,0.42073,36.0898081529531,163.24586281493492,8.102637740475883,-0.2905967333333315,3,11.729612635382118,1.3862943611198906,0,VNM_D_E,1.0986122886681098
Viet Nam,D_E,2021,29534770925.36,259317,VNM,-0.4190017,0,19.5362327330994,3358.217347647143,24.2,0.42494,41.9554971195048,186.6758328368143,8.119165560869618,-0.3082210999999998,10,11.643027551131752,2.3978952727983707,0,VNM_D_E,1.6094379124341003
Viet Nam,D_E,2022,32335464179.12,264063,VNM,-0.4190017,0,21.3681380805533,3617.663114650119,24.2,0.42494,44.7536854027422,183.15361914783583,8.193583547924511,-0.33282674999999984,4,11.715487437034263,1.6094379124341003,0,VNM_D_E,1.3862943611198906
