country,industry,year,VALU,GFCF,pair_id,AIPI,AIPI_bartik,broadband,gdppc_raw,renew,rd,trade,ln_gdppc,HighRenewable,co2_kt,ln_co2int,capform,AIPI_x_HR
AUS,C,2010,103164,19345,AUS_C,2.4150268599557463,3.5394498238104437,24.8853051640712,53768.34973344104,8.2,2.3702,40.39050708606058,10.89244027811907,0,52657.04793077331,6.235235417455202,0.18751696328176495,0
AUS,C,2011,104030,21023,AUS_C,2.3931065690710698,3.720130645851296,24.697756094089,54296.23213248142,8.3,2.23459,41.721986014968905,10.902210113689053,0,55253.03834900556,6.274999291527332,0.2020859367490147,0
AUS,C,2012,99952,16701,AUS_C,1.4268646967648198,3.900311806372362,25.0955644344698,55465.44628725772,8.3,2.20596,43.019849552755815,10.923515516426473,0,56186.69681296043,6.3317452255968165,0.16709020329758284,0
AUS,C,2013,100186,16067,AUS_C,2.1706368530154605,4.060974709418661,25.7399315811014,55966.15092705607,9.2,2.17733,41.10051188105599,10.932502339233968,0,55832.89782190112,6.323090083013915,0.16037170862196315,0
AUS,C,2014,100487,14762,AUS_C,2.7927329282181987,4.20431184677422,27.7000785019208,56571.80625244372,9.3,2.04851,42.2993095385282,10.94326601733858,0,55541.28165645546,6.314853470973644,0.1469045747211082,0
AUS,C,2015,98806,14393,AUS_C,2.8471963763336245,4.4039704191286555,28.5117731324726,56970.36130280944,9.4,1.91969,41.49475069399008,10.950286434437997,0,52363.249216320095,6.272801941759149,0.14566929133858267,0
AUS,C,2016,99477,15232,AUS_C,2.6112660093301603,4.773063114269819,30.3083074972206,57632.99959255945,9.6,1.9003549999999998,40.81340221732101,10.961850592226982,0,53690.33615563578,6.291061842779394,0.1531208218985293,0
AUS,C,2017,103175,16647,AUS_C,3.369191002234994,5.08330630964633,32.0326223266488,57991.77134733296,9.9,1.88102,42.0354135251854,10.96805640614174,0,53580.79864965278,6.252519473090798,0.1613472255875939,0
AUS,C,2018,106591,16662,AUS_C,3.6866697084339273,5.413806557894605,33.5486251312018,58772.7063152213,9.8,1.8546399999999998,43.57322536452184,10.981432847810053,0,55481.795852823554,6.254811162877897,0.15631713746939235,0
AUS,C,2019,109491,17153,AUS_C,3.88925191856284,5.563725127702927,34.5434163723691,59181.29979041315,10.3,1.82826,46.00168270521715,10.988360889052197,0,55604.052679079636,6.230169013396034,0.15666127809591657,0
AUS,C,2020,113547,18413,AUS_C,3.8909125851079516,5.60914027249818,35.346849265518,58377.767051780225,11.2,1.843045,44.499564103879024,10.974690395163085,0,55196.59402523169,6.186439679796767,0.16216192413714145,0
AUS,C,2021,123593,19903,AUS_C,3.805349304507102,5.604802495145761,35.8359861455454,59465.53567136402,12.3,1.85783,40.20223593905949,10.99315219129977,0,54634.610684198415,6.091428947105614,0.16103662828800983,0
AUS,C,2022,135792,24233,AUS_C,3.361529469356704,5.418426759145574,36.3933201898066,61200.45889647808,12.3,1.85783,45.69464188057522,11.02190996678077,0,55598.154717231686,6.014780987921602,0.1784567573936609,0
AUS,D_E,2010,36631,27473,AUS_D_E,0.269389527683458,0.7005226129183311,24.8853051640712,53768.34973344104,8.2,2.3702,40.39050708606058,10.89244027811907,0,243817.80371461602,8.803281642818467,0.7499931751794928,0
AUS,D_E,2011,41333,25600,AUS_D_E,0.26375093826181295,0.798307938406943,24.697756094089,54296.23213248142,8.3,2.23459,41.721986014968905,10.902210113689053,0,236160.99311426602,8.650607813257395,0.6193598335470447,0
AUS,D_E,2012,46424,24881,AUS_D_E,0.09170761829899818,0.9038089180752815,25.0955644344698,55465.44628725772,8.3,2.20596,43.019849552755815,10.923515516426473,0,233148.477548035,8.521614205402049,0.5359512321213166,0
AUS,D_E,2013,45864,23138,AUS_D_E,0.21151968234727436,1.004413717848372,25.7399315811014,55966.15092705607,9.2,2.17733,41.10051188105599,10.932502339233968,0,223736.544519678,8.492544002497862,0.5044915402058259,0
AUS,D_E,2014,44694,20138,AUS_D_E,0.3818383981811931,1.0991637248849273,27.7000785019208,56571.80625244372,9.3,2.04851,42.2993095385282,10.94326601733858,0,213350.304541158,8.470851451618094,0.4505750212556495,0
AUS,D_E,2015,44187,20516,AUS_D_E,0.4005865828372758,1.2385761622934714,28.5117731324726,56970.36130280944,9.4,1.91969,41.49475069399008,10.950286434437997,0,220834.132645616,8.516736539519655,0.46429945459071675,0
AUS,D_E,2016,47550,19900,AUS_D_E,0.32409286418482103,1.5169465061584293,30.3083074972206,57632.99959255945,9.6,1.9003549999999998,40.81340221732101,10.961850592226982,0,226850.866382546,8.470266315280307,0.4185068349106204,0
AUS,D_E,2017,50581,26616,AUS_D_E,0.6158255632204889,1.7687759865224821,32.0326223266488,57991.77134733296,9.9,1.88102,42.0354135251854,10.96805640614174,0,226603.418129449,8.40738070017501,0.5262054921808584,0
AUS,D_E,2018,52072,30118,AUS_D_E,0.7795883815158716,2.051618103830691,33.5486251312018,58772.7063152213,9.8,1.8546399999999998,43.57322536452184,10.981432847810053,0,220242.62888097798,8.349857699912587,0.5783914579812567,0
AUS,D_E,2019,50955,32468,AUS_D_E,0.8971072404782732,2.184033531841242,34.5434163723691,59181.29979041315,10.3,1.82826,46.00168270521715,10.988360889052197,0,219014.025784357,8.365948161144637,0.637189677166127,0
AUS,D_E,2020,50283,33772,AUS_D_E,0.8981116481207498,2.2245897900161657,35.346849265518,58377.767051780225,11.2,1.843045,44.499564103879024,10.974690395163085,0,211070.31558904098,8.34227955836694,0.6716385259431618,0
AUS,D_E,2021,48840,34366,AUS_D_E,0.8472238812493609,2.2207076329796482,35.8359861455454,59465.53567136402,12.3,1.85783,40.20223593905949,10.99315219129977,0,201149.98243562,8.323256440815616,0.7036445536445537,0
AUS,D_E,2022,52261,41679,AUS_D_E,0.6121845019503247,2.0556636649836557,36.3933201898066,61200.45889647808,12.3,1.85783,45.69464188057522,11.02190996678077,0,194906.00597445,8.224022305689587,0.7975163123552936,0
AUS,H,2010,66027,30170,AUS_H,7.637921634538319e-4,0.002504894666803314,24.8853051640712,53768.34973344104,8.2,2.3702,40.39050708606058,10.89244027811907,0,87630.30580088843,7.190818424445788,0.45693428445938783,0
AUS,H,2011,72167,35046,AUS_H,7.456134137340226e-4,0.0030150068889167954,24.697756094089,54296.23213248142,8.3,2.23459,41.721986014968905,10.902210113689053,0,89768.23498923259,7.126003583379288,0.4856236229855751,0
AUS,H,2012,75575,33006,AUS_H,2.373399550217968e-4,0.0036239503512605843,25.0955644344698,55465.44628725772,8.3,2.20596,43.019849552755815,10.923515516426473,0,90425.27771088378,7.087153587323782,0.436731723453523,0
AUS,H,2013,75870,32939,AUS_H,5.819897935310252e-4,0.004267236655958492,25.7399315811014,55966.15092705607,9.2,2.17733,41.10051188105599,10.932502339233968,0,91828.255378307,7.09865397269213,0.43415052062738896,0
AUS,H,2014,78661,32721,AUS_H,0.0011485006157934562,0.004934781237429391,27.7000785019208,56571.80625244372,9.3,2.04851,42.2993095385282,10.94326601733858,0,91979.74050152863,7.064176139976432,0.415974879546408,0
AUS,H,2015,80497,31887,AUS_H,0.001216939686630407,0.006038490888094405,28.5117731324726,56970.36130280944,9.4,1.91969,41.49475069399008,10.950286434437997,0,94153.07643967289,7.0644572928412845,0.39612656372287164,0
AUS,H,2016,83479,34480,AUS_H,9.455614872826962e-4,0.008755659180390353,30.3083074972206,57632.99959255945,9.6,1.9003549999999998,40.81340221732101,10.961850592226982,0,95407.0553464439,7.041312706895123,0.4130380095592904,0
AUS,H,2017,85796,40061,AUS_H,0.0021014444548544,0.011948621613106331,32.0326223266488,57991.77134733296,9.9,1.88102,42.0354135251854,10.96805640614174,0,96854.09396568681,7.028988553780849,0.4669331903585249,0
AUS,H,2018,89595,42996,AUS_H,0.002913475312558787,0.016618717797822317,33.5486251312018,58772.7063152213,9.8,1.8546399999999998,43.57322536452184,10.981432847810053,0,99224.5200547074,7.009840925847985,0.4798928511635694,0
AUS,H,2019,88880,43287,AUS_H,0.0035833402548630863,0.019292761071411833,34.5434163723691,59181.29979041315,10.3,1.82826,46.00168270521715,10.988360889052197,0,99232.43577248219,7.017933068010326,0.48702745274527454,0
AUS,H,2020,85907,44128,AUS_H,0.0035894094354150074,0.020183574153926444,35.346849265518,58377.767051780225,11.2,1.843045,44.499564103879024,10.974690395163085,0,92634.83960387629,6.983155271722653,0.5136717613232915,0
AUS,H,2021,94985,50755,AUS_H,0.0032894157786860522,0.020096765819736115,35.8359861455454,59465.53567136402,12.3,1.85783,40.20223593905949,10.99315219129977,0,94142.82463800859,6.898849334760727,0.5343475285571406,0
AUS,H,2022,110380,61589,AUS_H,0.0020848513015045253,0.016695379887085478,36.3933201898066,61200.45889647808,12.3,1.85783,45.69464188057522,11.02190996678077,0,102696.31861269,6.835602591232528,0.5579724587787642,0
AUT,C,2010,50031.604207,9678,AUT_C,1.363907851092947,3.5482151813993696,24.5113861270145,43035.407353193295,31.1,2.74321,99.64488255467155,10.669778482664274,1,15929.26747979247,5.763258528268086,0.19343773107810797,1.363907851092947
AUT,C,2011,52834.15295,10693.9,AUT_C,2.2033180448740723,3.7220394635829814,24.9926429150975,44146.19568052944,31.6,2.68567,105.77509837237788,10.695262034267998,1,16207.74242888593,5.7260865169803035,0.20240506193257707,2.2033180448740723
AUT,C,2012,54632.198198,12259.1,AUT_C,1.941395718093425,3.8979457847952705,25.2644782408466,44221.459953089274,34.4,2.93372,105.84079138970569,10.696965469540093,1,16044.434359376959,5.682493880007777,0.22439331391298084,1.941395718093425
AUT,C,2013,54944.306242,13575.2,AUT_C,2.5458148384837704,4.058105920465937,26.3222866586035,43851.36754974038,34.6,2.97993,104.98537401536726,10.688561184309245,1,15707.45692430771,5.655570783497773,0.247072006700905,2.5458148384837704
AUT,C,2014,56735.874831,13094.8,AUT_C,1.7575916195457608,4.210839703482822,27.597689562142,43838.834589213715,35.7,3.11263,104.49673998926,10.688275337993321,1,15370.929416197341,5.60182658047932,0.2308028216539478,1.7575916195457608
AUT,C,2015,58985.221074,13499.1,AUT_C,2.5296208232048065,4.406357580664497,28.4068593397138,43915.22802085699,34.8,3.06917,103.11758174626,10.690016418660566,1,15720.5187806364,5.585435144494809,0.22885563119386607,2.5296208232048065
AUT,C,2016,62839.799187,14478,AUT_C,2.9000644636622135,4.771455817625526,28.8775983744406,44362.67028051158,34.6,3.13356,101.57349459717216,10.700153635335925,1,15997.84848589556,5.5396209047900316,0.2303953893441967,2.9000644636622135
AUT,C,2017,64066.166708,15621.7,AUT_C,2.671206107006921,5.0870698910445515,28.5425998928488,45056.63859124121,34,3.07376,105.55606675543766,10.715675612695888,1,16076.62054846043,5.525204951636135,0.24383697047460942,2.671206107006921
AUT,C,2018,66380.461276,16932.8,AUT_C,3.597407342321214,5.414438962338633,28.5150396136468,45951.58191640344,34.1,3.10828,108.37796997182797,10.735343554098824,1,15704.876738740319,5.466323808117359,0.2550871095878041,3.597407342321214
AUT,C,2019,67674.902568,17741.9,AUT_C,3.2913667989700737,5.567233053341077,28.3631930003301,46550.56224594918,34,3.14405,108.20728490442558,10.748294360955562,1,16122.561013390128,5.473259479445368,0.26216365782237916,3.2913667989700737
AUT,C,2020,63122.600288,16149.6,AUT_C,3.5167613434042306,5.611470494915515,29.2106456326106,43428.69831372342,35.8,3.20758,99.94821410959752,10.678875753026356,1,15332.390133667623,5.49264400025612,0.2558449735327228,3.5167613434042306
AUT,C,2021,68970.47171,18727.8,AUT_C,3.515527218410398,5.606534847617445,29.2537339731419,45368.64343373677,36,3.25565,111.03293212416465,10.72257647213907,1,16020.4485000318,5.4479427497168755,0.2715335930823373,3.515527218410398
AUT,C,2022,72356.614254,18918.9,AUT_C,3.463928014495511,5.417852201715658,29.2342573265435,47332.424035797136,36,3.17775,123.57957865290192,10.764950837219436,1,14804.93538991788,5.321109007320541,0.26146745802100785,3.463928014495511
AUT,D_E,2010,8555.442071,2955.2,AUT_D_E,0.0846470359277555,0.7050790789486678,24.5113861270145,43035.407353193295,31.1,2.74321,99.64488255467155,10.669778482664274,1,24130.1537932635,7.944649952127208,0.3454175687796554,0.0846470359277555
AUT,D_E,2011,8560.745701,3885.9,AUT_D_E,0.2186435016911552,0.7993841307543971,24.9926429150975,44146.19568052944,31.6,2.68567,105.77509837237788,10.695262034267998,1,24341.761891789698,7.952761449639469,0.453920737249102,0.2186435016911552
AUT,D_E,2012,8721.018558,4333.7,AUT_D_E,0.1664312712509757,0.9023727851993789,25.2644782408466,44221.459953089274,34.4,2.93372,105.84079138970569,10.696965469540093,1,21838.1604191333,7.82567815820858,0.4969259004757641,0.1664312712509757
AUT,D_E,2013,8900.16439,3680.3,AUT_D_E,0.3049835495631378,1.0025647135175868,26.3222866586035,43851.36754974038,34.6,2.97993,104.98537401536726,10.688561184309245,1,21167.1561666142,7.774136274573017,0.4135092160921311,0.3049835495631378
AUT,D_E,2014,8487.014101,3668.5,AUT_D_E,0.1359148294001434,1.1035874663736114,27.597689562142,43838.834589213715,35.7,3.11263,104.49673998926,10.688275337993321,1,19286.0101914456,7.7285980090392625,0.43224860431983386,0.1359148294001434
AUT,D_E,2015,8265.181016,3683.1,AUT_D_E,0.30039121614527486,1.2402930969509915,28.4068593397138,43915.22802085699,34.8,3.06917,103.11758174626,10.690016418660566,1,19389.533515233998,7.760437057394214,0.44561637462871506,0.30039121614527486
AUT,D_E,2016,8600.32664,3880.5,AUT_D_E,0.4194312334568427,1.5156813377131437,28.8775983744406,44362.67028051158,34.6,3.13356,101.57349459717216,10.700153635335925,1,18452.6545971105,7.6711633357875115,0.4512037928829178,0.4194312334568427
AUT,D_E,2017,8631.676084,4495.6,AUT_D_E,0.34237980519626593,1.7719181709195078,28.5425998928488,45056.63859124121,34,3.07376,105.55606675543766,10.715675612695888,1,19994.4864931615,7.7477731369601885,0.5208258461335469,0.34237980519626593
AUT,D_E,2018,8930.070473,4366.9,AUT_D_E,0.7310059997425389,2.052171715237521,28.5150396136468,45951.58191640344,34.1,3.10828,108.37796997182797,10.735343554098824,1,17777.8605439971,7.59628488589815,0.4890106985385265,0.7310059997425389
AUT,D_E,2019,9365.181534,4672.2,AUT_D_E,0.5795203305622918,2.1871590928261573,28.3631930003301,46550.56224594918,34,3.14405,108.20728490442558,10.748294360955562,1,18809.6344579578,7.60512576870607,0.498890489526308,0.5795203305622918
AUT,D_E,2020,9908.413491,3950.2,AUT_D_E,0.6888176310953964,2.2266759859571663,29.2106456326106,43428.69831372342,35.8,3.20758,99.94821410959752,10.678875753026356,1,16882.6036222324,7.4406547554786435,0.39867129117976774,0.6888176310953964
AUT,D_E,2021,10016.449099,4656.1,AUT_D_E,0.688184633446306,2.2222578148957495,29.2537339731419,45368.64343373677,36,3.25565,111.03293212416465,10.72257647213907,1,17897.2792386012,7.488175330921007,0.4648453712468669,0.688184633446306
AUT,D_E,2022,12023.817141,5355.7,AUT_D_E,0.6620594339972458,2.055160441934552,29.2342573265435,47332.424035797136,36,3.17775,123.57957865290192,10.764950837219436,1,16348.0460267815,7.214974215617569,0.44542427227519993,0.6620594339972458
AUT,H,2010,14621.545924,5949.7,AUT_H,2.1828586732520038e-4,0.0025275781110895195,24.5113861270145,43035.407353193295,31.1,2.74321,99.64488255467155,10.669778482664274,1,22529.526493317615,7.340085827399096,0.4069131972040031,2.1828586732520038e-4
AUT,H,2011,15425.304142,6526.5,AUT_H,6.03807837698194e-4,0.0030209016255896334,24.9926429150975,44146.19568052944,31.6,2.68567,105.77509837237788,10.695262034267998,1,21720.83831424909,7.250018082654655,0.4231034889114214,6.03807837698194e-4
AUT,H,2012,15801.069729,5690,AUT_H,4.474347649202241e-4,0.003615225042323765,25.2644782408466,44221.459953089274,34.4,2.93372,105.84079138970569,10.696965469540093,1,21655.261800341836,7.2229261010699615,0.3601022017868218,4.474347649202241e-4
AUT,H,2013,16195.152555,5750.2,AUT_H,8.809353717905016e-4,0.00425482447718587,26.3222866586035,43851.36754974038,34.6,2.97993,104.98537401536726,10.688561184309245,1,23116.08254568939,7.263571895902781,0.3550568591726365,8.809353717905016e-4
AUT,H,2014,16876.320921,5958.7,AUT_H,3.597387544138415e-4,0.004967508669327823,27.597689562142,43838.834589213715,35.7,3.11263,104.49673998926,10.688275337993321,1,22659.128628735878,7.202406569187557,0.3530805101356724,3.597387544138415e-4
AUT,H,2015,17444.7745,5990.4,AUT_H,8.655870553072123e-4,0.006053057499660139,28.4068593397138,43915.22802085699,34.8,3.06917,103.11758174626,10.690016418660566,1,23166.460726168418,7.191420705112086,0.34339222900244426,8.655870553072123e-4
AUT,H,2016,18073.711967,6960.8,AUT_H,0.0012870313129441245,0.008741539449283622,28.8775983744406,44362.67028051158,34.6,3.13356,101.57349459717216,10.700153635335925,1,23993.263837742248,7.1910698914711,0.3851339455176347,0.0012870313129441245
AUT,H,2017,18656.34923,7302.9,AUT_H,0.0010085695645953993,0.011993686216423537,28.5425998928488,45056.63859124121,34,3.07376,105.55606675543766,10.715675612695888,1,24548.528155906057,7.182220649069467,0.39144314409899156,0.0010085695645953993
AUT,H,2018,19043.829789,7231.5,AUT_H,0.002658625868129387,0.016629190595786998,28.5150396136468,45951.58191640344,34.1,3.10828,108.37796997182797,10.735343554098824,1,24795.664670627586,7.171680951686838,0.37972929185583365,0.002658625868129387
AUT,H,2019,19666.145359,7608.8,AUT_H,0.0019386526318645409,0.019360163871842757,28.3631930003301,46550.56224594918,34,3.14405,108.20728490442558,10.748294360955562,1,24846.31874149377,7.141566233658986,0.38689839117445124,0.0019386526318645409
AUT,H,2020,17948.785376,7518.4,AUT_H,0.002447093040493466,0.020230359541063742,29.2106456326106,43428.69831372342,35.8,3.20758,99.94821410959752,10.678875753026356,1,21714.590794771546,7.09821725486406,0.4188807121206729,0.002447093040493466
AUT,H,2021,17694.215955,7290.8,AUT_H,0.002443986314097511,0.020131389697853407,29.2537339731419,45368.64343373677,36,3.25565,111.03293212416465,10.72257647213907,1,22627.559327131687,7.153686077630387,0.4120442532487448,0.002443986314097511
AUT,H,2022,21443.96074,7988,AUT_H,0.0023174571760538566,0.016685827393600854,29.2342573265435,47332.424035797136,36,3.17775,123.57957865290192,10.764950837219436,1,21750.02005173882,6.921926903286963,0.37250581162927465,0.0023174571760538566
BEL,C,2010,47688.8,10746.1,BEL_C,1.7388218962454918,3.5460796616425383,30.842629161864,39991.56462062861,6.2,2.0613,150.16256362142747,10.59642382637253,0,29215.399894525675,6.417754673395672,0.22533802486118334,0
BEL,C,2011,49047.3,12090.1,BEL_C,2.0108840954350695,3.723635470952696,32.1032472233196,40236.95963085579,6.7,2.15739,160.76551688812592,10.602541246025885,0,27949.240232175278,6.345360156482615,0.24649878790473684,0
BEL,C,2012,48963.5,12344.7,BEL_C,2.180082255407204,3.8963568600332334,33.2388297727719,40074.49280039898,7.7,2.27079,160.3833014250587,10.598495321138124,0,27246.412396871034,6.321602013686286,0.2521204570751682,0
BEL,C,2013,49975.7,12068.9,BEL_C,2.9919459855912534,4.052929052315252,34.3084525866565,40007.89978914108,8.3,2.32047,157.57362278243448,10.596832208325084,0,28793.4011201768,6.356364624806752,0.24149536674823965,0
BEL,C,2014,50959.1,12028.4,BEL_C,2.7319716273066668,4.204910420374477,35.7819662752911,40533.913502789845,9.1,2.35858,158.57161095352288,10.609894273134856,0,28653.835241603956,6.332019228312778,0.2360402754365756,0
BEL,C,2015,52223.7,15359.2,BEL_C,2.9213180166624384,4.403294372081982,36.5492377831789,40893.804537772005,9.4,2.43496,155.068682045926,10.618733852262814,0,27892.197209216116,6.280565843934114,0.2941040179075784,0
BEL,C,2016,52480.4,13117.7,BEL_C,2.8840408284581183,4.771557751349839,37.6812994536783,41172.88628312092,9.2,2.53291,159.05769661194523,10.62553521877056,0,28447.07205592637,6.295360752267146,0.24995426864124512,0
BEL,C,2017,55185.7,14096.2,BEL_C,3.4491352608515617,5.082681487795321,38.4911160919085,41619.328629168966,9.7,2.67654,166.90407823779137,10.636319968850893,0,27504.6204637883,6.211405424655716,0.2554321137541066,0
BEL,C,2018,56719.3,14346.8,BEL_C,3.914548431583566,5.4119087988431716,39.4006967604533,42208.362565027215,10.7,2.86365,168.27769287721785,10.650373645440041,0,28070.44908655322,6.204358127214493,0.2529438832989829,0
BEL,C,2019,59514.7,15367.1,BEL_C,3.5933019372415385,5.5657235056908645,39.9517850127817,43006.40423088634,10.2,3.15154,165.46547893198988,10.669104319187902,0,27875.868468168326,6.1492933232247085,0.25820679596805496,0
BEL,C,2020,55705.8,15400.4,BEL_C,3.893626736030336,5.609119958291667,41.0239697084264,40769.021807296216,12.3,3.36823,156.9501212827835,10.615677802572218,0,26533.358856276758,6.166073774307804,0.2764595428124181,0
BEL,C,2021,54373.8,16737.1,BEL_C,3.8507569348878694,5.604482316781718,43.0218054966431,43140.96766529711,11.7,3.40589,177.3818924400728,10.672228350505144,0,27205.206305910157,6.2152812220735685,0.3078155288024747,0
BEL,C,2022,68536.9,18663.7,BEL_C,3.790577970351676,5.415568449862642,43.5657139519422,44486.7438563594,11.7,3.19592,191.1790313037861,10.702946532907704,0,25443.23324386714,5.916832815937466,0.2723160808265329,0
BEL,D_E,2010,9391.7,4055.8,BEL_D_E,0.13305521381339194,0.7039672120432505,30.842629161864,39991.56462062861,6.2,2.0613,150.16256362142747,10.59642382637253,0,30000.7524790392,8.06915142246715,0.4318493989373596,0
BEL,D_E,2011,10337.8,4077.2,BEL_D_E,0.1792302964320039,0.8002846482269735,32.1032472233196,40236.95963085579,6.7,2.15739,160.76551688812592,10.602541246025885,0,26511.4493260691,7.849524888222964,0.3943972605389928,0
BEL,D_E,2012,9573.4,4430.8,BEL_D_E,0.2135599019114616,0.90140908592356,33.2388297727719,40074.49280039898,7.7,2.27079,160.3833014250587,10.598495321138124,0,25266.5030068378,7.8782463863634735,0.4628240750412602,0
BEL,D_E,2013,9736.4,4372,BEL_D_E,0.4537240627948269,0.999232870399658,34.3084525866565,40007.89978914108,8.3,2.32047,157.57362278243448,10.596832208325084,0,23279.2411420342,7.7794458648468,0.44903660490530384,0
BEL,D_E,2014,9373.4,3530.3,BEL_D_E,0.3617050693960416,1.0995689733230138,35.7819662752911,40533.913502789845,9.1,2.35858,158.57161095352288,10.609894273134856,0,22355.1749801271,7.776937225350231,0.3766296114536881,0
BEL,D_E,2015,9472.5,3285.1,BEL_D_E,0.4271884827543471,1.2380901334610528,36.5492377831789,40893.804537772005,9.4,2.43496,155.068682045926,10.618733852262814,0,23223.6867761694,7.804535154627861,0.346803906043811,0
BEL,D_E,2016,9723.6,3873.5,BEL_D_E,0.4136518832895663,1.5157615610292894,37.6812994536783,41172.88628312092,9.2,2.53291,159.05769661194523,10.62553521877056,0,21990.0041093238,7.723787350148634,0.3983606894565799,0
BEL,D_E,2017,9804.6,4346.4,BEL_D_E,0.6546924675932541,1.7682545167841612,38.4911160919085,41619.328629168966,9.7,2.67654,166.90407823779137,10.636319968850893,0,22092.2384604318,7.720129961631275,0.4433021234930542,0
BEL,D_E,2018,9108.5,5405.7,BEL_D_E,0.9124784573636933,2.049957053884787,39.4006967604533,42208.362565027215,10.7,2.86365,168.27769287721785,10.650373645440041,0,22468.9817681731,7.810683005495779,0.5934786188724818,0
BEL,D_E,2019,10206.4,5948.3,BEL_D_E,0.7288191697624095,2.1858139397185425,39.9517850127817,43006.40423088634,10.2,3.15154,165.46547893198988,10.669104319187902,0,23336.2279466306,7.734747305019263,0.5828009876156137,0
BEL,D_E,2020,10845,5244.6,BEL_D_E,0.8997546449333995,2.2245716054011275,41.0239697084264,40769.021807296216,12.3,3.36823,156.9501212827835,10.615677802572218,0,21239.4308560161,7.579910534861907,0.48359612724757955,0
BEL,D_E,2021,11866.9,4490.1,BEL_D_E,0.8740098567268177,2.220421154831092,43.0218054966431,43140.96766529711,11.7,3.40589,177.3818924400728,10.672228350505144,0,22006.5669029424,7.525343171469888,0.3783717735887216,0
BEL,D_E,2022,13994.3,5426,BEL_D_E,0.8386180232531217,2.0531605852408217,43.5657139519422,44486.7438563594,11.7,3.19592,191.1790313037861,10.702946532907704,0,20678.213612430198,7.298185838660584,0.3877292897822685,0
BEL,H,2010,19586.5,6400.8,BEL_H,3.5165691580237886e-4,0.002522033417180454,30.842629161864,39991.56462062861,6.2,2.0613,150.16256362142747,10.59642382637253,0,25829.2522979197,7.1844223852180376,0.3267965180098537,0
BEL,H,2011,19956.6,6552,BEL_H,4.850174304557223e-4,0.0030258389712404404,32.1032472233196,40236.95963085579,6.7,2.15739,160.76551688812592,10.602541246025885,0,25446.09481960399,7.150757649310215,0.3283124379904393,0
BEL,H,2012,20113.3,6363.2,BEL_H,5.882225258958204e-4,0.0036093770102140444,33.2388297727719,40074.49280039898,7.7,2.27079,160.3833014250587,10.598495321138124,0,24679.217285747698,7.11233547521452,0.3163677765458677,0
BEL,H,2013,19818.9,6543.8,BEL_H,0.0014180071596929637,0.004232515620694808,34.3084525866565,40007.89978914108,8.3,2.32047,157.57362278243448,10.596832208325084,0,24187.002674613235,7.106934660438223,0.3301797778887829,0
BEL,H,2014,20532.5,7094.2,BEL_H,0.0010764149450418117,0.004937773343867154,35.7819662752911,40533.913502789845,9.1,2.35858,158.57161095352288,10.609894273134856,0,24414.287738377952,7.080914806322215,0.3455107755996591,0
BEL,H,2015,21537.3,6735.3,BEL_H,0.0013162684887148264,0.00603437188188491,36.5492377831789,40893.804537772005,9.4,2.43496,155.068682045926,10.618733852262814,0,26077.2407392313,7.099031894885201,0.3127272220751905,0
BEL,H,2016,21498.6,7113.1,BEL_H,0.0012653952714285317,0.008742434245667154,37.6812994536783,41172.88628312092,9.2,2.53291,159.05769661194523,10.62553521877056,0,25795.36371201513,7.089962236942459,0.33086340505893413,0
BEL,H,2017,22280.7,8173.8,BEL_H,0.0022823682061177287,0.011941156288848296,38.4911160919085,41619.328629168966,9.7,2.67654,166.90407823779137,10.636319968850893,0,25200.651721406677,7.030904302247756,0.3668556194374503,0
BEL,H,2018,23315.7,8600.6,BEL_H,0.0036768879892167335,0.016587329438636125,39.4006967604533,42208.362565027215,10.7,2.86365,168.27769287721785,10.650373645440041,0,25270.79715061206,6.988277791820013,0.36887590765020994,0
BEL,H,2019,24045,8593.2,BEL_H,0.0026474415204150036,0.019331130343460946,39.9517850127817,43006.40423088634,10.2,3.15154,165.46547893198988,10.669104319187902,0,25015.996644161252,6.947343690260347,0.35737991266375546,0
BEL,H,2020,22570.1,7893.7,BEL_H,0.0035993503925342367,0.02018316676196834,41.0239697084264,40769.021807296216,12.3,3.36823,156.9501212827835,10.615677802572218,0,20922.686384434393,6.831963300712772,0.3497414721246251,0
BEL,H,2021,24756.5,9360,BEL_H,0.0034454320514196585,0.02009037296870658,43.0218054966431,43140.96766529711,11.7,3.40589,177.3818924400728,10.672228350505144,0,23118.845963882108,6.839315325686428,0.3780825237816331,0
BEL,H,2022,27394.6,9915.6,BEL_H,0.0032401659983040247,0.016647911443781728,43.5657139519422,44486.7438563594,11.7,3.19592,191.1790313037861,10.702946532907704,0,21862.253569576256,6.682170933752302,0.3619545457863959,0
CAN,C,2010,172041,20350,CAN_C,2.2954036577297994,3.5409746677558327,31.6318242774001,41164.33991196264,21.4,1.82504,60.20812150444825,10.625327624427541,1,89264.75816665206,6.251629223081006,0.11828575746479036,2.2954036577297994
CAN,C,2011,182250,22498,CAN_C,3.2018075318380332,3.706274557523658,32.6506480077297,42043.6419795513,21.5,1.78714,62.49873877083283,10.64646345253146,1,94131.14956358152,6.247064926088088,0.12344581618655692,3.2018075318380332
CAN,C,2012,189187,22596,CAN_C,3.0899650326727235,3.885180823225636,33.4738596726536,42320.64313307259,21.8,1.77303,62.59554893950049,10.653030263322961,1,95739.48862359881,6.2266501777309875,0.11943738206113527,3.0899650326727235
CAN,C,2013,188790,22961,CAN_C,3.4367244638886802,4.044818137215274,34.2683042479886,42851.17052710396,22.2,1.70624,62.23107490134046,10.665488240504729,1,93202.44337025455,6.201893930542126,0.1216219079400392,3.4367244638886802
CAN,C,2014,194619,25681,CAN_C,3.2871444259265634,4.197795185505562,35.2694249557112,43643.23564400471,22.2,1.71482,64.3786621564923,10.683803581194919,1,92474.44871276736,6.163643854047125,0.13195525616717793,3.2871444259265634
CAN,C,2015,205265,26489,CAN_C,3.707639518218446,4.391914891756046,36.4698589080979,43594.194104539434,22.3,1.6936,66.16490206697809,10.68267925773026,1,93502.9244924881,6.121446165512155,0.12904781623754658,3.707639518218446
CAN,C,2016,207554,23522,CAN_C,4.289486259400805,4.751947746079439,36.8232874759276,43551.34259751151,22.1,1.72903,65.36368452155557,10.68169581068057,1,98827.09485022968,6.165735538736207,0.11332954315503435,4.289486259400805
CAN,C,2017,214112,24008,CAN_C,4.239329102744562,5.072840318079097,37.8276923396247,44339.38866892536,22.8,1.68702,65.10106085046489,10.699628695725805,1,99671.20659288162,6.143132871166034,0.1121282319533702,4.239329102744562
CAN,C,2018,227697,28064,CAN_C,4.879099594169906,5.396658355637473,38.7333531661948,44907.34369121229,22.3,1.7372,66.59988585087616,10.71235661695358,1,100015.3454085644,6.085063109530665,0.12325151407352754,4.879099594169906
CAN,C,2019,222309,30945,CAN_C,4.744457842490214,5.553112866076353,40.076756874499,45100.291506926165,22.4,1.75578,66.17148528049593,10.716643989038088,1,101382.17340708285,6.12258424403931,0.13919814312510964,4.744457842490214
CAN,C,2020,206554,27743,CAN_C,5.186758121894186,5.589103380190743,40.7949805592606,42366.12853778845,23.9,1.93413,61.156770963276266,10.654104466724325,1,96000.006644356,6.141541660235753,0.13431354512621396,5.186758121894186
CAN,C,2021,241640,32387,CAN_C,5.222783619390803,5.583021465091821,41.6930962576979,44639.193269037016,23.8,1.87064,62.2468367159421,10.706367524961719,1,97922.22621598041,6.004479817265994,0.1340299619268333,5.222783619390803
CAN,C,2022,267067,34035,CAN_C,4.986885940726229,5.396451328702963,42.1792116530791,45677.686578804045,23.8,1.81291,67.31762155639895,10.729365198975723,1,97642.6438391632,5.90157003830844,0.12743993080388066,4.986885940726229
CAN,D_E,2010,40700,135364,CAN_D_E,0.23971541291740756,0.7013138893993444,31.6318242774001,41164.33991196264,21.4,1.82504,60.20812150444825,10.625327624427541,1,207814.266478426,8.538171917694946,3.325896805896806,0.23971541291740756
CAN,D_E,2011,43131,145062,CAN_D_E,0.5395993614442921,0.7905227462968084,32.6506480077297,42043.6419795513,21.5,1.78714,62.49873877083283,10.64646345253146,1,208995.629664,8.485826623921186,3.36328858593587,0.5395993614442921
CAN,D_E,2012,44097,157032,CAN_D_E,0.4925094746006291,0.8946477420753649,33.4738596726536,42320.64313307259,21.8,1.77303,62.59554893950049,10.653030263322961,1,210443.23628735,8.4705794814687,3.5610585754132935,0.4925094746006291
CAN,D_E,2013,46148,161939,CAN_D_E,0.6485539434663887,0.9940250419254155,34.2683042479886,42851.17052710396,22.2,1.70624,62.23107490134046,10.665488240504729,1,213482.84293977,8.439458124418815,3.5091228222241484,0.6485539434663887
CAN,D_E,2014,48082,171621,CAN_D_E,0.5775936424236031,1.09475686508315,35.2694249557112,43643.23564400471,22.2,1.71482,64.3786621564923,10.683803581194919,1,216059.61168712,8.410401741924204,3.569339877708914,0.5775936424236031
CAN,D_E,2015,49686,180622,CAN_D_E,0.791287565040591,1.2299229960662643,36.4698589080979,43594.194104539434,22.3,1.6936,66.16490206697809,10.68267925773026,1,216225.738462788,8.378355023140912,3.6352694924123496,0.791287565040591
CAN,D_E,2016,50638,190391,CAN_D_E,1.1576083680791518,1.5003603853986276,36.8232874759276,43551.34259751151,22.1,1.72903,65.36368452155557,10.68169581068057,1,212652.456276988,8.342712168826878,3.7598443856392434,1.1576083680791518
CAN,D_E,2017,50921,199641,CAN_D_E,1.1230024600335788,1.7600483056688112,37.8276923396247,44339.38866892536,22.8,1.68702,65.10106085046489,10.699628695725805,1,212073.829866755,8.334414334971006,3.920602501914731,1.1230024600335788
CAN,D_E,2018,54833,198208,CAN_D_E,1.6013487974401084,2.0366231447755467,38.7333531661948,44907.34369121229,22.3,1.7372,66.59988585087616,10.71235661695358,1,210743.88881619,8.254106675638736,3.6147575365199787,1.6013487974401084
CAN,D_E,2019,58092,199936,CAN_D_E,1.4944951778794064,2.174585309033808,40.076756874499,45100.291506926165,22.4,1.75578,66.17148528049593,10.716643989038088,1,207366.092894835,8.180213114142207,3.4417131446670797,1.4944951778794064
CAN,D_E,2020,58070,214447,CAN_D_E,1.8558418844837117,2.20667233592415,40.7949805592606,42366.12853778845,23.9,1.93413,61.156770963276266,10.654104466724325,1,193609.39798427298,8.111948816569662,3.6929051145169622,1.8558418844837117
CAN,D_E,2021,61266,273664,CAN_D_E,1.88648944655822,2.201241290878955,41.6930962576979,44639.193269037016,23.8,1.87064,62.2468367159421,10.706367524961719,1,197141.616908732,8.076452577214166,4.4668168315215615,1.88648944655822
CAN,D_E,2022,67339,281123,CAN_D_E,1.6889558683272439,2.036442311217449,42.1792116530791,45677.686578804045,23.8,1.81291,67.31762155639895,10.729365198975723,1,201725.966422447,8.004925889889073,4.174742719672107,1.6889558683272439
CAN,H,2010,64074,15572,CAN_H,6.692590414619049e-4,0.0025088265012819344,31.6318242774001,41164.33991196264,21.4,1.82504,60.20812150444825,10.625327624427541,1,174682.6326517852,7.9106874133518685,0.24303149483409808,6.692590414619049e-4
CAN,H,2011,68125,16889,CAN_H,0.0017663111237376102,0.0029725516593882054,32.6506480077297,42043.6419795513,21.5,1.78714,62.49873877083283,10.64646345253146,1,175062.4763826314,7.851553944110837,0.2479119266055046,0.0017663111237376102
CAN,H,2012,71428,21408,CAN_H,0.0015716347370274323,0.0035685041789489595,33.4738596726536,42320.64313307259,21.8,1.77303,62.59554893950049,10.653030263322961,1,176780.61991506838,7.813974857977546,0.2997143977151817,0.0015716347370274323
CAN,H,2013,75045,26462,CAN_H,0.0022533261846031517,0.004197793379838974,34.2683042479886,42851.17052710396,22.2,1.70624,62.23107490134046,10.665488240504729,1,181686.70045328638,7.791951123013364,0.3526150976081018,0.0022533261846031517
CAN,H,2014,80998,28949,CAN_H,0.0019301767238102108,0.004902321273426738,35.2694249557112,43643.23564400471,22.2,1.71482,64.3786621564923,10.683803581194919,1,180070.7146888048,7.706680449095977,0.3574038865157164,0.0019301767238102108
CAN,H,2015,84465,32176,CAN_H,0.002976707923697802,0.005965452983587675,36.4698589080979,43594.194104539434,22.3,1.6936,66.16490206697809,10.68267925773026,1,179824.8614890491,7.663401417106428,0.380938850411413,0.002976707923697802
CAN,H,2016,86994,29004,CAN_H,0.005378971968725873,0.008571947076768843,36.8232874759276,43551.34259751151,22.1,1.72903,65.36368452155557,10.68169581068057,1,180214.9845403461,7.636066624991939,0.33340230360714534,0.005378971968725873
CAN,H,2017,92585,31966,CAN_H,0.005112854893698322,0.01182418068531739,37.8276923396247,44339.38866892536,22.8,1.68702,65.10106085046489,10.699628695725805,1,185325.35212144378,7.601741078054617,0.3452611114111357,0.005112854893698322
CAN,H,2018,97938,36382,CAN_H,0.009738644653000934,0.016337207610565268,38.7333531661948,44907.34369121229,22.3,1.7372,66.59988585087616,10.71235661695358,1,192130.07463629052,7.581593268293373,0.3714799158651392,0.009738644653000934
CAN,H,2019,105552,44296,CAN_H,0.008507700413895513,0.01909025885799919,40.076756874499,45100.291506926165,22.4,1.75578,66.17148528049593,10.716643989038088,1,183394.6226423244,7.460191795514225,0.419660451720479,0.008507700413895513
CAN,H,2020,95339,44877,CAN_H,0.013250408320560235,0.01978565945014798,40.7949805592606,42366.12853778845,23.9,1.93413,61.156770963276266,10.654104466724325,1,158477.6786776337,7.415930072905261,0.4707097829849275,0.013250408320560235
CAN,H,2021,103007,46889,CAN_H,0.013735853956745587,0.019666416130957133,41.6930962576979,44639.193269037016,23.8,1.87064,62.2468367159421,10.706367524961719,1,167005.9731838611,7.390987911241849,0.45520207364548043,0.013735853956745587
CAN,H,2022,119512,55170,CAN_H,0.01084945186104026,0.01633383791806222,42.1792116530791,45677.686578804045,23.8,1.81291,67.31762155639895,10.729365198975723,1,179177.488650897,7.312715365524164,0.4616272842894437,0.01084945186104026
CHE,C,2010,111770.637,NA,CHE_C,2.1706368530154605,3.542380154802041,37.2298614586992,81315.4228307049,20.6,2.87456,120.0651232693406,11.306090980259315,1,8709.976319665444,4.355775463505319,NA,2.1706368530154605
CHE,C,2011,115669.41,NA,CHE_C,2.76510492173672,3.715137502996955,38.8955434493097,81874.33624250082,20.6,2.87456,125.5562731599067,11.312940865942869,1,8263.32312122867,4.2688458919500585,NA,2.76510492173672
CHE,C,2012,114127.186,NA,CHE_C,2.822501531396562,3.889585898367348,40.1600289838911,81964.88649378085,21.9,2.87456,126.4538604645048,11.314046221046334,1,8199.565360918972,4.274522933913949,NA,2.822501531396562
CHE,C,2013,116524.417,NA,CHE_C,2.9066583443575884,4.054107340509857,42.4917583320748,82479.9215677304,21.8,2.9316299999999997,133.6937084144768,11.320310167765685,1,8286.264773063122,4.264253737366541,NA,2.9066583443575884
CHE,C,2014,116812.865,NA,CHE_C,3.2716297834394372,4.198053185264111,43.1731934431674,83394.37128882112,22.2,2.9887,120.21342337523872,11.331336095527536,1,8242.956875364369,4.256541192755494,NA,3.2716297834394372
CHE,C,2015,114353.729,NA,CHE_C,3.3655670203893386,4.397985696216857,44.6715654663593,83806.44760038373,23.9,3.04577,117.13848221887196,11.336265223849127,1,7876.446041252821,4.232335540779302,NA,3.3655670203893386
CHE,C,2016,117486.118,NA,CHE_C,3.795193807284514,4.7621288201503225,45.0860971371482,84611.09986727207,24.1,3.04624,123.56592451357676,11.34582074109268,1,8000.933769841481,4.220993353157035,NA,3.795193807284514
CHE,C,2017,119736.258,NA,CHE_C,3.869086052383931,5.078426989339317,46.3318234490564,84967.58864982236,25,3.04671,123.62180760230083,11.350025152753219,1,7895.953608297401,4.18881423178883,NA,3.869086052383931
CHE,C,2018,125349.399,NA,CHE_C,4.312724056461945,5.407339096548916,45.6049920012625,86756.60223274719,24.2,3.0982700000000003,124.42850432580796,11.370861801342521,1,7644.14100299638,4.11058972140428,NA,4.312724056461945
CHE,C,2019,128490.016,NA,CHE_C,4.670910791473912,5.55442809489522,46.912372381587,87123.66042342565,24.8,3.14983,124.127612180467,11.375083772603741,1,7573.85384864604,4.07660610700137,NA,4.670910791473912
CHE,C,2020,123909.992,NA,CHE_C,4.609221824263997,5.601254022062846,46.4813712779996,84637.01329353332,26.4,3.199225,121.78597799837084,11.346126959294818,1,7309.9380773137655,4.077434650686826,NA,4.609221824263997
CHE,C,2021,143331.643,NA,CHE_C,4.643699886184488,5.595716271928581,47.9433096708255,88661.20297762807,27.7,3.24862,130.0162612884893,11.392577676644036,1,7616.412030075067,3.9728995486687007,NA,4.643699886184488
CHE,C,2022,143084.141,NA,CHE_C,4.640756885779536,5.4045126822838,46.6747503634479,90605.01942726797,27.7,3.24862,138.5006987535193,11.414264892563407,1,7224.762055095413,3.9218367230647813,NA,4.640756885779536
CHE,D_E,2010,12139.8902911542,NA,CHE_D_E,0.21151968234727436,0.7020437429152923,37.2298614586992,81315.4228307049,20.6,2.87456,120.0651232693406,11.306090980259315,1,3738.1187328186998,5.7298410026219235,NA,0.21151968234727436
CHE,D_E,2011,11843.2292954204,NA,CHE_D_E,0.372582390936076,0.7954970408199273,38.8955434493097,81874.33624250082,20.6,2.87456,125.5562731599067,11.312940865942869,1,3554.7812153657997,5.704292460735606,NA,0.372582390936076
CHE,D_E,2012,12218.0953145554,NA,CHE_D_E,0.3920027790314035,0.8973091858544239,40.1600289838911,81964.88649378085,21.9,2.87456,126.4538604645048,11.314046221046334,1,3526.5315673612,5.665152032723091,NA,0.3920027790314035
CHE,D_E,2013,12237.8382875562,NA,CHE_D_E,0.4218267097440757,0.9999906787057538,42.4917583320748,82479.9215677304,21.8,2.9316299999999997,133.6937084144768,11.320310167765685,1,3639.27900058751,5.695008213256385,NA,0.4218267097440757
CHE,D_E,2014,11384.5426441535,NA,CHE_D_E,0.570552204349652,1.094931159312716,43.1731934431674,83394.37128882112,22.2,2.9887,120.21342337523872,11.331336095527536,1,3510.9654037114,5.731389795517453,NA,0.570552204349652
CHE,D_E,2015,12796.4268012613,NA,CHE_D_E,0.6141014802229072,1.2342767928754204,44.6715654663593,83806.44760038373,23.9,3.04577,117.13848221887196,11.336265223849127,1,3027.0138561287,5.466165910720422,NA,0.6141014802229072
CHE,D_E,2016,11187.4079943399,NA,CHE_D_E,0.8413015340118447,1.5083482396252317,45.0860971371482,84611.09986727207,24.1,3.04624,123.56592451357676,11.34582074109268,1,3097.4512244791,5.623546007043795,NA,0.8413015340118447
CHE,D_E,2017,11365.4537199686,NA,CHE_D_E,0.8849631582806365,1.764705191519992,46.3318234490564,84967.58864982236,25,3.04671,123.62180760230083,11.350025152753219,1,3090.50574066094,5.605511647541957,NA,0.8849631582806365
CHE,D_E,2018,12664.829413369,NA,CHE_D_E,1.173822567957472,2.0459589499556947,45.6049920012625,86756.60223274719,24.2,3.0982700000000003,124.42850432580796,11.370861801342521,1,3080.32913272827,5.493962917308704,NA,1.173822567957472
CHE,D_E,2019,13178.8247543058,NA,CHE_D_E,1.4374153928715874,2.1757556752234954,46.912372381587,87123.66042342565,24.8,3.14983,124.127612180467,11.375083772603741,1,3083.81129882633,5.455310189430692,NA,1.4374153928715874
CHE,D_E,2020,13299.8047905146,NA,CHE_D_E,1.3902765459781155,2.21753319257611,46.4813712779996,84637.01329353332,26.4,3.199225,121.78597799837084,11.346126959294818,1,3033.6136403620403,5.429760450762878,NA,1.3902765459781155
CHE,D_E,2021,10399.1325896793,NA,CHE_D_E,1.416538036192837,2.212581535088429,47.9433096708255,88661.20297762807,27.7,3.24862,130.0162612884893,11.392577676644036,1,3100.3954932796596,5.697562562982684,NA,1.416538036192837
CHE,D_E,2022,12775.5684266554,NA,CHE_D_E,1.4142879890867963,2.0434872212958863,46.6747503634479,90605.01942726797,27.7,3.24862,138.5006987535193,11.414264892563407,1,3075.7736536607104,5.483777112945295,NA,1.4142879890867963
CHE,H,2010,23260.706,NA,CHE_H,5.819897935310252e-4,0.0025124558720698944,37.2298614586992,81315.4228307049,20.6,2.87456,120.0651232693406,11.306090980259315,1,17176.124048438076,6.604510062562079,NA,5.819897935310252e-4
CHE,H,2011,24065.517,NA,CHE_H,0.0011151806289058281,0.002999640203506498,38.8955434493097,81874.33624250082,20.6,2.87456,125.5562731599067,11.312940865942869,1,16975.179334136777,6.558727530967601,NA,0.0011151806289058281
CHE,H,2012,24714.883,NA,CHE_H,0.0011854463422268113,0.0035845600327216896,40.1600289838911,81964.88649378085,21.9,2.87456,126.4538604645048,11.314046221046334,1,17130.56449498626,6.541213931584108,NA,0.0011854463422268113
CHE,H,2013,24543.527,NA,CHE_H,0.0012960357934105233,0.004237583155445855,42.4917583320748,82479.9215677304,21.8,2.9316299999999997,133.6937084144768,11.320310167765685,1,17082.39714515396,6.545355652084859,NA,0.0012960357934105233
CHE,H,2014,24858.482,NA,CHE_H,0.0018993378762194822,0.0049036023914416724,43.1731934431674,83394.37128882112,22.2,2.9887,120.21342337523872,11.331336095527536,1,16919.644722061064,6.523031613154336,NA,0.0018993378762194822
CHE,H,2015,25678.432,NA,CHE_H,0.0020935799154318193,0.006002123303923704,44.6715654663593,83806.44760038373,23.9,3.04577,117.13848221887196,11.336265223849127,1,16202.385310113932,6.4472623339790465,NA,0.0020935799154318193
CHE,H,2016,26191.252,NA,CHE_H,0.0032554780575811196,0.008660046471955007,45.0860971371482,84611.09986727207,24.1,3.04624,123.56592451357676,11.34582074109268,1,16042.808574724579,6.4175905023849005,NA,0.0032554780575811196
CHE,H,2017,26487.891,NA,CHE_H,0.0035104365854674306,0.011890446213067635,46.3318234490564,84967.58864982236,25,3.04671,123.62180760230083,11.350025152753219,1,15747.884696670179,6.387773645095234,NA,0.0035104365854674306
CHE,H,2018,27379.868,NA,CHE_H,0.005506836766544585,0.016511987889229897,45.6049920012625,86756.60223274719,24.2,3.0982700000000003,124.42850432580796,11.370861801342521,1,15814.59623968367,6.358880606389563,NA,0.005506836766544585
CHE,H,2019,28162.947,NA,CHE_H,0.007901543460044541,0.019115241643529703,46.912372381587,87123.66042342565,24.8,3.14983,124.127612180467,11.375083772603741,1,15762.117260891306,6.327357520550872,NA,0.007901543460044541
CHE,H,2020,23102.023,NA,CHE_H,0.007426134848619963,0.02002602708273954,46.4813712779996,84637.01329353332,26.4,3.199225,121.78597799837084,11.346126959294818,1,14442.574386838565,6.438015488742764,NA,0.007426134848619963
CHE,H,2021,23146.726,NA,CHE_H,0.007688250277454263,0.019916122539075674,47.9433096708255,88661.20297762807,27.7,3.24862,130.0162612884893,11.392577676644036,1,14450.18725178883,6.436609307013165,NA,0.007688250277454263
CHE,H,2022,28697.307,NA,CHE_H,0.007665524723513666,0.0164655574685251,46.6747503634479,90605.01942726797,27.7,3.24862,138.5006987535193,11.414264892563407,1,14899.329121934037,6.252268179935929,NA,0.007665524723513666
CZE,C,2010,834750,178069,CZE_C,0.6782786622500536,3.550539691987166,21.6090542510609,16665.9317825137,10.9,1.31352,126.7564801167978,9.721121901720869,0,18536.520770937677,3.10036588200264,0.21332015573525007,0
CZE,C,2011,895421,204494,CZE_C,0.3230270678025876,3.7297424468210196,23.9064110361087,16926.284667443535,12.2,1.5323,136.7508555424377,9.736622998441662,0,18356.57608476993,3.020449160288734,0.228377489471433,0
CZE,C,2012,894250,219832,CZE_C,0.2802509970744144,3.902705303828162,25.2869067180213,16772.353922332768,12.8,1.757,145.48019539693462,9.72748721004349,0,17837.337087627253,2.9930637504649305,0.24582834777746715,0
CZE,C,2013,907249,226957,CZE_C,1.0104618269074737,4.065285659565381,27.1727115258321,16759.7808635642,13.9,1.86743,145.50223062496116,9.72673729898426,0,16838.21694089676,2.9209894559602803,0.25015954826073106,0
CZE,C,2014,1027478,251633,CZE_C,1.8206508619885824,4.210606400035137,28.475360327904,17118.04255715785,14.8,1.94392,156.41512282688566,9.747888306544192,0,17218.28539587574,2.818864667568662,0.2449035405137628,0
CZE,C,2015,1104059,283243,CZE_C,0.7026058518716254,4.411695720465337,27.9980000790543,17931.59876707676,14.8,1.906,154.01840099763254,9.794319729778334,0,17246.554308924013,2.748618984861421,0.2565469780147619,0
CZE,C,2016,1150757,286487,CZE_C,1.211022390393817,4.776670649603286,29.14911847267,18359.097810390373,14.8,1.65411,148.5470046644353,9.8178805240995,0,16725.3199342078,2.676503748245882,0.24895525293350376,0
CZE,C,2017,1200699,288778,CZE_C,0.9797157252442351,5.090100250443656,29.8452606888193,19257.69306809109,14.5,1.74513,147.75083485476154,9.86566589978201,0,17969.154031046117,2.7057527357441975,0.24050823728511475,0
CZE,C,2018,1221428,303309,CZE_C,1.4044358653049624,5.420436527616599,30.5512773467128,19736.6295261285,14.7,1.87652,145.14171789078912,9.890231555051948,0,17949.890745547058,2.6875633622597257,0.248323274069368,0
CZE,C,2019,1303011,328569,CZE_C,1.8583520627991452,5.570486213138164,35.4302064212035,20360.059922181354,15.9,1.89547,138.15460999387147,9.921330413792807,1,17263.49369385945,2.5839163406430976,0.25216134015752745,1.8583520627991452
CZE,C,2020,1212105,271724,CZE_C,1.166205410029276,5.616100263002944,36.4490898642092,19233.1469549829,17,1.94537,128.7804303059648,9.864390473398958,1,17451.015497694007,2.667039324107438,0.22417529834461536,1.166205410029276
CZE,C,2021,1238905,273744,CZE_C,1.5954315029912989,5.6109189388024925,37.4984794433561,20373.878304342365,17.2,1.93302,137.37811630286845,9.922008884046003,1,18711.868756422482,2.7149300904153764,0.22095640908705672,1.5954315029912989
CZE,C,2022,1367327,358206,CZE_C,1.4266783463740214,5.422974014669839,37.7136856539825,20627.348651010972,17.2,1.89089,144.0114941093966,9.934373078708141,1,18195.563434372678,2.5883200579400336,0.2619753723871466,1.4266783463740214
CZE,D_E,2010,187741,94412,CZE_D_E,0.02901912800256022,0.7062906383374249,21.6090542510609,16665.9317825137,10.9,1.31352,126.7564801167978,9.721121901720869,0,68297.6330262224,5.896567036002518,0.5028842927224207,0
CZE,D_E,2011,186643,86797,CZE_D_E,0.011502254193378447,0.8037361772514923,23.9064110361087,16926.284667443535,12.2,1.5323,136.7508555424377,9.736622998441662,0,67076.9688626473,5.884398326705874,0.46504288936633037,0
CZE,D_E,2012,189062,76446,CZE_D_E,0.009765937678166284,0.9052630867678689,25.2869067180213,16772.353922332768,12.8,1.757,145.48019539693462,9.72748721004349,0,63821.9565362456,5.821777552870687,0.40434354867715355,0
CZE,D_E,2013,195577,75694,CZE_D_E,0.051642961451441684,1.007195773907194,27.1727115258321,16759.7808635642,13.9,1.86743,145.50223062496116,9.72673729898426,0,60456.922897913,5.7337322084224915,0.38702914964438556,0
CZE,D_E,2014,179666,71414,CZE_D_E,0.14586088059216898,1.1034292029793993,28.475360327904,17118.04255715785,14.8,1.94392,156.41512282688566,9.747888306544192,0,58684.0783447465,5.788824159627155,0.39748199436732606,0
CZE,D_E,2015,183419,64867,CZE_D_E,0.03044821220573973,1.2441366438589057,27.9980000790543,17931.59876707676,14.8,1.906,154.01840099763254,9.794319729778334,0,58513.8195249884,5.76524508337036,0.35365474678195824,0
CZE,D_E,2016,183066,57765,CZE_D_E,0.06906737044031246,1.519787718390897,29.14911847267,18359.097810390373,14.8,1.65411,148.5470046644353,9.8178805240995,0,59250.867624452396,5.7796889587823586,0.315541935695323,0
CZE,D_E,2017,187219,53888,CZE_D_E,0.04924371713891688,1.7744496115075707,29.8452606888193,19257.69306809109,14.5,1.74513,147.75083485476154,9.86566589978201,0,58199.3342556463,5.739350140128039,0.28783403393886303,0
CZE,D_E,2018,186983,54435,CZE_D_E,0.0891468764719172,2.057424192171479,30.5512773467128,19736.6295261285,14.7,1.87652,145.14171789078912,9.890231555051948,0,57757.8054307003,5.732996074592859,0.29112272238652714,0
CZE,D_E,2019,192020,68628,CZE_D_E,0.15206364328498898,2.1900587241712572,35.4302064212035,20360.059922181354,15.9,1.89547,138.15460999387147,9.921330413792807,1,53680.9703549006,5.633214314868827,0.3574002708051245,0.15206364328498898
CZE,D_E,2020,198400,66602,CZE_D_E,0.06489280657378711,2.2308224218796964,36.4490898642092,19233.1469549829,17,1.94537,128.7804303059648,9.864390473398958,1,46255.549930191504,5.451651539381183,0.33569556451612903,0.06489280657378711
CZE,D_E,2021,218242,75917,CZE_D_E,0.11265824825964187,2.2261821441409038,37.4984794433561,20373.878304342365,17.2,1.93302,137.37811630286845,9.922008884046003,1,48358.7164823303,5.400797224645792,0.3478569661201785,0.11265824825964187
CZE,D_E,2022,305679,81017,CZE_D_E,0.09168613213070921,2.059647619154893,37.7136856539825,20627.348651010972,17.2,1.89089,144.0114941093966,9.934373078708141,1,51373.6747543619,5.124345624191919,0.26503946950886387,0.09168613213070921
CZE,H,2010,220854,108699,CZE_H,7.276725020567592e-5,0.0025336269426670032,21.6090542510609,16665.9317825137,10.9,1.31352,126.7564801167978,9.721121901720869,0,16602.22829843604,4.3197903504623545,0.4921758265641555,0
CZE,H,2011,213748,100292,CZE_H,2.8590883397092696e-5,0.0030448039763300073,23.9064110361087,16926.284667443535,12.2,1.5323,136.7508555424377,9.736622998441662,0,16473.50915553658,4.344711112910211,0.4692067294196905,0
CZE,H,2012,213367,76592,CZE_H,2.4253912082712525e-5,0.003632797937105647,25.2869067180213,16772.353922332768,12.8,1.757,145.48019539693462,9.72748721004349,0,16143.592878656413,4.3262648364199965,0.35896835030721713,0
CZE,H,2013,212437,75680,CZE_H,1.3097723815824237e-4,0.004285955322630402,27.1727115258321,16759.7808635642,13.9,1.86743,145.50223062496116,9.72673729898426,0,16004.017774101949,4.321949606760087,0.3562467931669154,0
CZE,H,2014,221676,80296,CZE_H,3.880284104852219e-4,0.004966335335222032,28.475360327904,17118.04255715785,14.8,1.94392,156.41512282688566,9.747888306544192,0,16512.990649284213,4.310685805834427,0.362222342517909,0
CZE,H,2015,234756,99848,CZE_H,7.640547372396538e-5,0.006085756490642369,27.9980000790543,17931.59876707676,14.8,1.906,154.01840099763254,9.794319729778334,0,17318.8814229859,4.3010059201952,0.4253267222137027,0
CZE,H,2016,246927,99014,CZE_H,1.7671336636253574e-4,0.008787432573145576,29.14911847267,18359.097810390373,14.8,1.65411,148.5470046644353,9.8178805240995,0,18004.464452441876,4.289282284874031,0.40098490647033336,0
CZE,H,2017,264517,80082,CZE_H,1.2474165524540816e-4,0.01203009329925534,29.8452606888193,19257.69306809109,14.5,1.74513,147.75083485476154,9.86566589978201,0,18538.71273432934,4.249710883459321,0.3027480275369825,0
CZE,H,2018,273809,89016,CZE_H,0.00023041388078901229,0.0167288364436997,30.5512773467128,19736.6295261285,14.7,1.87652,145.14171789078912,9.890231555051948,0,18671.09802964061,4.222301264297942,0.32510253497876257,0
CZE,H,2019,286999,113299,CZE_H,4.0581356796427537e-4,0.019422879073644404,35.4302064212035,20360.059922181354,15.9,1.89547,138.15460999387147,9.921330413792807,1,18890.098982051008,4.186914468966833,0.3947714103533462,4.0581356796427537e-4
CZE,H,2020,277876,121500,CZE_H,1.6568333106380324e-4,0.02032363197454145,36.4490898642092,19233.1469549829,17,1.94537,128.7804303059648,9.864390473398958,1,17590.795362062894,4.14795608240865,0.43724539003008533,1.6568333106380324e-4
CZE,H,2021,294540,147240,CZE_H,2.946746798210216e-4,0.02021927593858531,37.4984794433561,20373.878304342365,17.2,1.93302,137.37811630286845,9.922008884046003,1,19501.02381578501,4.192807429249158,0.4998981462619678,2.946746798210216e-4
CZE,H,2022,337992,173135,CZE_H,2.3728176746780135e-4,0.016771172466499264,37.7136856539825,20627.348651010972,17.2,1.89089,144.0114941093966,9.934373078708141,1,19526.650964222317,4.056513300995574,0.5122458519728278,2.3728176746780135e-4
DEU,C,2010,508085,89885,DEU_C,4.233263571183696,3.467036210017543,32.3662636839336,38526.737104269494,11.6,2.67632,73.88523512002631,10.55910774948377,0,141677.3664531506,5.630658927874725,0.17690937539978546,0
DEU,C,2011,552758,101814,DEU_C,4.419949424298778,3.644503211227399,33.7098845809377,40722.48492682419,12.5,2.75016,78.43300290144198,10.614535674088016,0,141923.36891450317,5.548122242663353,0.18419272086518876,0
DEU,C,2012,561180,107446,DEU_C,4.515781522131734,3.8238701980114427,34.5501078335304,40834.5088218456,13.6,2.82499,79.33164956703152,10.617282807358228,0,137766.4713131684,5.503273584153545,0.19146441426993122,0
DEU,C,2013,566418,106076,DEU_C,4.476040318317253,4.002486765530426,35.3423024244517,40884.89267590277,13.6,2.78067,77.58602885769305,10.618515901568852,0,136609.0960498226,5.485546491310846,0.18727512190643658,0
DEU,C,2014,600184,111328,DEU_C,4.695002324871825,4.144664208731853,36.3409222955935,41602.46612816679,14,2.82218,76.8483516336234,10.635914726419337,0,134702.00827016172,5.413583996623955,0.1854897831331725,0
DEU,C,2015,621665,116066,DEU_C,4.5771180398638975,4.362357028049124,37.412701768023,41929.75491107217,14.6,2.87725,77.75658156869224,10.643750994955075,0,138259.8567733467,5.404488851135094,0.18670184102370246,0
DEU,C,2016,652239,123714,DEU_C,5.227258908919964,4.710310186024678,38.4991067314054,42516.93370631032,14.2,2.88393,76.00599021660548,10.657657715704788,0,136833.52014902732,5.346109225309197,0.18967587034813926,0
DEU,C,2017,669711,131795,DEU_C,5.66361352058128,5.014024816072486,39.9888046312857,43543.480705055095,15.2,2.9886,77.45483947424478,10.681515274290927,1,139550.46580933838,5.33933530085139,0.1967938409254141,5.66361352058128
DEU,C,2018,680125,140928,DEU_C,6.175523770500571,5.328423013420781,40.9651498488548,43905.85500619728,16,3.05057,79.12522604636536,10.689802961609656,1,141773.7046711795,5.339710831523588,0.20720896893953317,6.175523770500571
DEU,C,2019,683030,146047,DEU_C,6.605507714249931,5.446870194417844,42.1155574684512,44235.2658954682,17.1,3.11256,79.0732427175683,10.697277620874173,1,135768.26106520538,5.292165966095088,0.21382223328404315,6.605507714249931
DEU,C,2020,639332,130802,DEU_C,6.639691874677552,5.49339137543332,43.3048696627,42372.87267842554,18.5,3.0897,72.93353271201373,10.654263641143531,1,133241.5721977322,5.339495210713447,0.20459166755300845,6.639691874677552
DEU,C,2021,683907,140179,DEU_C,6.509502019166938,5.503793609500813,44.0643361489671,44011.019463167424,17.6,3.0786,79.91953486098512,10.692195323889663,1,142416.02406335954,5.338685856697777,0.20496792692573698,6.509502019166938
DEU,C,2022,730927,145778,DEU_C,6.384889971002565,5.308389535302254,44.6186317766404,44817.13163313894,17.6,3.07096,88.78575421305011,10.710345747831289,1,133914.92231735552,5.210646377652102,0.19944262559735787,6.384889971002565
DEU,D_E,2010,73223,21467,DEU_D_E,1.1188541665369218,0.6636143070515905,32.3662636839336,38526.737104269494,11.6,2.67632,73.88523512002631,10.55910774948377,0,361650.06673402997,8.504922777539315,0.293172910151182,0
DEU,D_E,2011,63683,22249,DEU_D_E,1.2500907334878613,0.7563923835147406,33.7098845809377,40722.48492682419,12.5,2.75016,78.43300290144198,10.614535674088016,0,354235.90887590795,8.623800728438619,0.3493711037482531,0
DEU,D_E,2012,71590,21939,DEU_D_E,1.3202099310786168,0.8580891149416218,34.5501078335304,40834.5088218456,13.6,2.82499,79.33164956703152,10.617282807358228,0,365149.308752737,8.537106214588219,0.3064534152814639,0
DEU,D_E,2013,62398,21207,DEU_D_E,1.29091325925985,0.9670914815164694,35.3423024244517,40884.89267590277,13.6,2.78067,77.58602885769305,10.618515901568852,0,369728.11792013596,8.686989974498742,0.33986666239302543,0
DEU,D_E,2014,58583,24561,DEU_D_E,1.4560090517742952,1.0591764967952313,36.3409222955935,41602.46612816679,14,2.82218,76.8483516336234,10.635914726419337,0,350248.01294332196,8.695952238824638,0.41925131864192683,0
DEU,D_E,2015,58428,24672,DEU_D_E,1.3660191772639951,1.2088322994131364,37.412701768023,41929.75491107217,14.6,2.87725,77.75658156869224,10.643750994955075,0,346249.048905092,8.68711836264685,0.42226329841856647,0
DEU,D_E,2016,59193,23936,DEU_D_E,1.8903081073568906,1.4678763901154062,38.4991067314054,42516.93370631032,14.2,2.88393,76.00599021660548,10.657657715704788,0,345937.775639352,8.673210907018797,0.4043721385974693,0
DEU,D_E,2017,64392,25234,DEU_D_E,2.2734897640712126,1.711287780592983,39.9888046312857,43543.480705055095,15.2,2.9886,77.45483947424478,10.681515274290927,1,327730.72178327,8.534958178221322,0.3918809790036029,2.2734897640712126
DEU,D_E,2018,66150,27770,DEU_D_E,2.7445817501848633,1.9772819298121511,40.9651498488548,43905.85500619728,16,3.05057,79.12522604636536,10.689802961609656,1,310386.357864501,8.4536482255856,0.4198034769463341,2.7445817501848633
DEU,D_E,2019,72411,31384,DEU_D_E,3.1525435795905583,2.0806202492912633,42.1155574684512,44235.2658954682,17.1,3.11256,79.0732427175683,10.697277620874173,1,261849.57851904602,8.193167268526292,0.4334148126665838,3.1525435795905583
DEU,D_E,2020,72342,33906,DEU_D_E,3.185333899843811,2.1216231553102474,43.3048696627,42372.87267842554,18.5,3.0897,72.93353271201373,10.654263641143531,1,225455.21193987198,8.044471928160112,0.4686903873268641,3.185333899843811
DEU,D_E,2021,75542,35686,DEU_D_E,3.0607055524498596,2.130822179635435,44.0643361489671,44011.019463167424,17.6,3.0786,79.91953486098512,10.692195323889663,1,255965.909105454,8.12811075406428,0.4723994599031003,3.0607055524498596
DEU,D_E,2022,108714,39959,DEU_D_E,2.942104773703495,1.9599612752262816,44.6186317766404,44817.13163313894,17.6,3.07096,88.78575421305011,10.710345747831289,1,267280.305443454,7.8073326391325075,0.36756075574443037,2.942104773703495
DEU,H,2010,108858,37586,DEU_H,0.005081563866281963,0.0023248959960039247,32.3662636839336,38526.737104269494,11.6,2.67632,73.88523512002631,10.55910774948377,0,148123.3245774374,7.215756199321862,0.3452754965184001,0
DEU,H,2011,110920,34529,DEU_H,0.006136657604277899,0.0027902587812237913,33.7098845809377,40722.48492682419,12.5,2.75016,78.43300290144198,10.614535674088016,0,149942.74797778466,7.209199599324306,0.31129642985935807,0
DEU,H,2012,112984,31381,DEU_H,0.006759258910601976,0.0033522004689654768,34.5501078335304,40834.5088218456,13.6,2.82499,79.33164956703152,10.617282807358228,0,148513.26750397947,7.18118336092838,0.2777472916519153,0
DEU,H,2013,119815,31644,DEU_H,0.006493856489626774,0.0040210578036555325,35.3423024244517,40884.89267590277,13.6,2.78067,77.58602885769305,10.618515901568852,0,152366.97476667856,7.14809831122105,0.2641071652130368,0
DEU,H,2014,120724,34326,DEU_H,0.008095251361026587,0.004645381391411161,36.3409222955935,41602.46612816679,14,2.82218,76.8483516336234,10.635914726419337,0,154573.01646389166,7.154914913715409,0.2843345150922766,0
DEU,H,2015,127758,35659,DEU_H,0.007190003722324691,0.005790038265378796,37.412701768023,41929.75491107217,14.6,2.87725,77.75658156869224,10.643750994955075,0,157590.41654097007,7.117616796374482,0.27911363671942263,0
DEU,H,2016,126961,38293,DEU_H,0.013797372280869268,0.008220761062607046,38.4991067314054,42516.93370631032,14.2,2.88393,76.00599021660548,10.657657715704788,0,161024.41945980673,7.145431353445041,0.301612306141256,0
DEU,H,2017,132992,39471,DEU_H,0.021305693125815737,0.011148308188189585,39.9888046312857,43543.480705055095,15.2,2.9886,77.45483947424478,10.681515274290927,1,163491.78375090242,7.114229039731991,0.29679228825794035,0.021305693125815737
DEU,H,2018,139042,43061,DEU_H,0.035347394412318635,0.015262927815332216,40.9651498488548,43905.85500619728,16,3.05057,79.12522604636536,10.689802961609656,1,157660.0454632726,7.033420337213161,0.30969778915723306,0.035347394412318635
DEU,H,2019,143559,45797,DEU_H,0.05387172032169634,0.017175085630297602,42.1155574684512,44235.2658954682,17.1,3.11256,79.0732427175683,10.697277620874173,1,160038.5864901933,7.016424130177402,0.3190116955398129,0.05387172032169634
DEU,H,2020,129232,45459,DEU_H,0.05569635532549442,0.017989162724088854,43.3048696627,42372.87267842554,18.5,3.0897,72.93353271201373,10.654263641143531,1,142310.53819152297,7.004157598795665,0.3517627213074161,0.05569635532549442
DEU,H,2021,155157,49474,DEU_H,0.049052623509682265,0.01817633760953275,44.0643361489671,44011.019463167424,17.6,3.0786,79.91953486098512,10.692195323889663,1,141244.5576410406,6.813810610786733,0.3188641182801936,0.049052623509682265
DEU,H,2022,178335,53496,DEU_H,0.04342006478717221,0.014960989010433828,44.6186317766404,44817.13163313894,17.6,3.07096,88.78575421305011,10.710345747831289,1,144331.31105127954,6.696202903047683,0.29997476659096645,0.04342006478717221
DNK,C,2010,197184.555,43113.639,DNK_C,1.0787380611383672,3.5493781121117998,38.076030356193,51209.449275777486,21.2,2.91389,94.38772823190564,10.843679350166735,1,5032.326488054949,3.239497561039136,0.2186461257069551,1.0787380611383672
DNK,C,2011,202799.455,51511.828,DNK_C,1.7187365239372445,3.7255376166697407,38.4725380278661,51667.53132104252,23.8,2.94198,102.01293047430826,10.852584842339226,1,5129.50850536116,3.230547541316451,0.25400377925078743,1.7187365239372445
DNK,C,2012,212171.156,57179.036,DNK_C,1.363907851092947,3.900526086339939,38.9767051263458,51470.68984542696,26.9,2.9845,104.36228050517144,10.84876779542131,1,4853.167721967549,3.129993620708063,0.26949486008362045,1.363907851092947
DNK,C,2013,228392.683,54627.317,DNK_C,1.0304347548534825,4.0652460417752065,40.467787039522,51970.39093248062,27,2.96145,103.61281324918944,10.858429430246288,1,4630.32259026776,3.0093153772103185,0.23918155469104938,1.0304347548534825
DNK,C,2014,234252.833,58414.27,DNK_C,2.148240563278619,4.209125344104066,41.4926377539648,52368.36259692723,30.2,2.91543,103.21085922513886,10.866057920734086,1,4653.441805674731,2.988961383089493,0.24936419872454646,2.148240563278619
DNK,C,2015,253461.754,59889.739,DNK_C,1.321667682494014,4.410820301253363,42.3133095847231,53094.01336075736,32.5,3.06422,105.13036245389917,10.879819458138824,1,4613.91843590558,2.901619821199663,0.23628708495404796,1.321667682494014
DNK,C,2016,271940.277,73080.004,DNK_C,2.1330298778953134,4.774884752329363,42.9699132415221,54300.20396219914,32,3.10209,101.45278380864332,10.902283262124902,1,4902.314937127499,2.8918803363502996,0.2687354915064678,2.1330298778953134
DNK,C,2017,284965.175,69938.126,DNK_C,2.178512340112855,5.088516170225758,43.5697797531659,55601.01457177868,35,2.93576,104.2156769204417,10.925956727766048,1,5259.349001747699,2.915395554326052,0.245426922781003,2.178512340112855
DNK,C,2018,291757.579,70820.971,DNK_C,3.0774783205866063,5.4171804743604355,43.7690892923223,56355.07330847141,34.6,2.97895,108.81398550190868,10.939427547508824,1,5246.49979300282,2.889393178593726,0.24273909607674665,3.0774783205866063
DNK,C,2019,308743.245,71064.227,DNK_C,3.3587994448364773,5.566934478830212,43.6229516711158,57114.62273363469,37.2,2.90605,111.89147506565256,10.952815452764716,1,5107.474459084979,2.805950316850307,0.23017257268252136,3.3587994448364773
DNK,C,2020,298667.18,79589.598,DNK_C,3.58746273192094,5.611094639552947,44.4185659681079,55934.55559455232,39.5,2.96533,104.4334326711514,10.93193763621599,1,5198.674670161925,2.856829157906304,0.26648257100093825,3.58746273192094
DNK,C,2021,320546.021,87371.037,DNK_C,3.7199781262876517,5.605366235057698,44.9598379722906,59312.81580437706,39.5,2.74323,112.32147269729072,10.990580679753318,1,5664.291203421803,2.871911189769325,0.2725694011968409,3.7199781262876517
DNK,C,2022,363085.282,109347.743,DNK_C,3.4606077505996997,5.4178717747352945,44.8863644064006,59108.74493740683,39.5,2.86709,131.9958249090708,10.987134160931975,1,5129.761105079977,2.6481766255592727,0.3011626976386225,3.4606077505996997
DNK,D_E,2010,38023.236,18011.234,DNK_D_E,0.05721984011948028,0.7056850421275543,38.076030356193,51209.449275777486,21.2,2.91389,94.38772823190564,10.843679350166735,1,24309.104826932602,6.460408796851202,0.4736901930177642,0.05721984011948028
DNK,D_E,2011,36802.074,16309.884,DNK_D_E,0.13004520424111657,0.801358716496515,38.4725380278661,51667.53132104252,23.8,2.94198,102.01293047430826,10.852584842339226,1,20128.4104909609,6.304333351036043,0.4431783926090687,0.13004520424111657
DNK,D_E,2012,35379.591,20960.435,DNK_D_E,0.0846470359277555,0.9039390481345237,38.9767051263458,51470.68984542696,26.9,2.9845,104.36228050517144,10.84876779542131,1,16899.8026147521,6.168922092781176,0.5924442427839259,0.0846470359277555
DNK,D_E,2013,33546.387,29178.507,DNK_D_E,0.05323833504045389,1.0071701873486643,40.467787039522,51970.39093248062,27,2.96145,103.61281324918944,10.858429430246288,1,19069.0966253788,6.342895158362504,0.8697958143748833,0.05323833504045389
DNK,D_E,2014,35553.067,29344.802,DNK_D_E,0.2067421265196166,1.1024247930384776,41.4926377539648,52368.36259692723,30.2,2.91543,103.21085922513886,10.866057920734086,1,15534.145424372098,6.079769385234929,0.8253803251348188,0.2067421265196166
DNK,D_E,2015,36958.449,29158.216,DNK_D_E,0.08012685525686758,1.2435059341987615,42.3133095847231,53094.01336075736,32.5,3.06422,105.13036245389917,10.879819458138824,1,12780.8754576312,5.845910946140182,0.7889458781130128,0.08012685525686758
DNK,D_E,2016,36439.633,32337.396,DNK_D_E,0.2035451517303787,1.518380914453764,42.9699132415221,54300.20396219914,32,3.10209,101.45278380864332,10.902283262124902,1,13875.0575470887,5.942191085153082,0.8874237564357468,0.2035451517303787
DNK,D_E,2017,36812.441,33696.96,DNK_D_E,0.2132197506057222,1.7731261769376636,43.5697797531659,55601.01457177868,35,2.93576,104.2156769204417,10.925956727766048,1,11519.2861500671,5.745942107495841,0.9153688015418483,0.2132197506057222
DNK,D_E,2018,37541.312,28301.336,DNK_D_E,0.4874405780859441,2.0545721586544246,43.7690892923223,56355.07330847141,34.6,2.97895,108.81398550190868,10.939427547508824,1,11453.8456312073,5.720638835645608,0.7538717879652155,0.4874405780859441
DNK,D_E,2019,40108.39,29257.86,DNK_D_E,0.6108906241608361,2.186893016487937,43.6229516711158,57114.62273363469,37.2,2.90605,111.89147506565256,10.952815452764716,1,8569.676688511201,5.36439974555854,0.7294698191575378,0.6108906241608361
DNK,D_E,2020,39951.748,33928.141,DNK_D_E,0.7257160235886942,2.226339456641602,44.4185659681079,55934.55559455232,39.5,2.96533,104.4334326711514,10.93193763621599,1,7224.9352912577,5.197621130764776,0.8492279486744861,0.7257160235886942
DNK,D_E,2021,44950.132,37992.526,DNK_D_E,0.7982219864654513,2.2212120601852168,44.9598379722906,59312.81580437706,39.5,2.74323,112.32147269729072,10.990580679753318,1,8454.0411659394,5.236846153009106,0.8452150040404776,0.7982219864654513
DNK,D_E,2022,73892.955,45506.908,DNK_D_E,0.6604011418799994,2.055177584268366,44.8863644064006,59108.74493740683,39.5,2.86709,131.9958249090708,10.987134160931975,1,7770.951751285,4.655530434492489,0.6158490751926216,0.6604011418799994
DNK,H,2010,91919.484,29879.97,DNK_H,1.4552920572392686e-4,0.0025306025314519175,38.076030356193,51209.449275777486,21.2,2.91389,94.38772823190564,10.843679350166735,1,12990.2657291865,4.951042545950073,0.32506677256804445,1.4552920572392686e-4
DNK,H,2011,82060.138,21563.441,DNK_H,3.431748930198612e-4,0.0030317336440615398,38.4725380278661,51667.53132104252,23.8,2.94198,102.01293047430826,10.852584842339226,1,12643.661503937263,5.03745893298833,0.26277607527299063,3.431748930198612e-4
DNK,H,2012,82135.846,27715.24,DNK_H,2.1828586732520038e-4,0.0036247415795789646,38.9767051263458,51470.68984542696,26.9,2.9845,104.36228050517144,10.84876779542131,1,11587.40654740624,4.949299609837048,0.33743172256361736,2.1828586732520038e-4
DNK,H,2013,96465.22,36791.859,DNK_H,1.3513184649687154e-4,0.004285782931347258,40.467787039522,51970.39093248062,27,2.96145,103.61281324918944,10.858429430246288,1,11380.477958025871,4.770472177752631,0.3814002497480439,1.3513184649687154e-4
DNK,H,2014,105210.031,36173.041,DNK_H,5.674441905316404e-4,0.004958893130050552,41.4926377539648,52368.36259692723,30.2,2.91543,103.21085922513886,10.866057920734086,1,11472.8415569402,4.6917792701537895,0.34381741604087157,5.674441905316404e-4
DNK,H,2015,104081.078,40395.9,DNK_H,2.0615770677111597e-4,0.006080382175691638,42.3133095847231,53094.01336075736,32.5,3.06422,105.13036245389917,10.879819458138824,1,12000.915934665745,4.747568062178141,0.3881195388848682,2.0615770677111597e-4
DNK,H,2016,94103.965,39385.239,DNK_H,5.577493971173882e-4,0.00877168906993157,42.9699132415221,54300.20396219914,32,3.10209,101.45278380864332,10.902283262124902,1,12156.161935100821,4.861191293632174,0.418529006721449,5.577493971173882e-4
DNK,H,2017,102973.561,44648.104,DNK_H,5.871825059280737e-4,0.012011048382515712,43.5697797531659,55601.01457177868,35,2.93576,104.2156769204417,10.925956727766048,1,12142.35829642388,4.769983038143394,0.43358803528218276,5.871825059280737e-4
DNK,H,2018,96769.756,51195.8,DNK_H,0.0015512182994124588,0.01667466621102135,43.7690892923223,56355.07330847141,34.6,2.97895,108.81398550190868,10.939427547508824,1,12307.729543537767,4.8456482547152175,0.5290475259646207,0.0015512182994124588
DNK,H,2019,107372.494,33584.304,DNK_H,0.0020789692711677588,0.019354417898802472,43.6229516711158,57114.62273363469,37.2,2.90605,111.89147506565256,10.952815452764716,1,12038.44586280014,4.719556588102283,0.3127831230221773,0.0020789692711677588
DNK,H,2020,104964.244,26925.143,DNK_H,0.0026316124604341315,0.020222806021242667,44.4185659681079,55934.55559455232,39.5,2.96533,104.4334326711514,10.93193763621599,1,11047.564987842294,4.656345560741642,0.2565172860197993,0.0026316124604341315
DNK,H,2021,181540.996,30850.525,DNK_H,0.0030145363677062686,0.020108026626272837,44.9598379722906,59312.81580437706,39.5,2.74323,112.32147269729072,10.990580679753318,1,11917.101601796641,4.184248255363257,0.16993696013433793,0.0030145363677062686
DNK,H,2022,330454.132,33305.732,DNK_H,0.0023095362536750545,0.016686152722483107,44.8863644064006,59108.74493740683,39.5,2.86709,131.9958249090708,10.987134160931975,1,12387.842752679779,3.624002981493699,0.10078776076553948,0.0023095362536750545
ESP,C,2010,119716,16597.6,ESP_C,2.1520045165739567,3.542575244118557,22.7418123101281,25766.251582574285,14.4,1.35436,52.69336997340191,10.156820836433829,0,62221.01059700741,6.2533257415041135,0.13864145143506296,0
ESP,C,2011,119709,16083.4,ESP_C,2.320910347816431,3.7209001907818986,23.7622851657887,25510.557967882934,14.7,1.32726,58.51182288596319,10.146847683412648,0,59685.301026365516,6.211777257393954,0.1343541421279937,0
ESP,C,2012,112007,18033.2,ESP_C,2.3295723410925366,3.8951485995416495,24.5107487138578,24763.568274483976,15.8,1.29268,60.55403469618635,10.11712883089339,1,56198.893350308295,6.2180909750702025,0.16100065174498024,2.3295723410925366
ESP,C,2013,111450,17988.2,ESP_C,2.6088897730997114,4.057507833552505,26.1458798389403,24498.55595079448,16.9,1.26864,61.66877264413271,10.106369454011844,1,53235.89185577109,6.168912046960887,0.16140152534768956,2.6088897730997114
ESP,C,2014,114259,17554.2,ESP_C,2.875868807486804,4.203430989859537,27.8358661570454,24947.85125059132,17.3,1.23401,63.39926213895003,10.124542975250144,1,52340.65500908659,6.127060889219998,0.15363516221916873,2.875868807486804
ESP,C,2015,119732,24004.8,ESP_C,2.7517799338861284,4.404769490170886,29.0099329346016,25982.44161977755,16.3,1.21165,63.58204122482321,10.16517626655454,1,49629.425756486104,6.02708328618216,0.20048775598837404,2.7517799338861284
ESP,C,2016,122996,28549.1,ESP_C,3.0556304854791647,4.770375822900032,30.1986308494311,26719.24422686151,16.7,1.1808,63.18867785072936,10.193139342327708,1,51844.747943325696,6.043857080726696,0.23211405248951184,3.0556304854791647
ESP,C,2017,130043,29827.1,ESP_C,3.425560429304017,5.082871004256359,31.2964612808116,27426.281015093024,15.2,1.20198,66.167446137857,10.21925699380983,1,53503.440141241,6.019636067528001,0.22936336442561306,3.425560429304017
ESP,C,2018,130788,35609.1,ESP_C,3.527544703951315,5.414895761793111,32.2277444368856,27956.722546648427,16.9,1.23288,67.00941039829213,10.238412970115377,1,54538.84105446011,6.033090715018788,0.27226580420222035,3.527544703951315
ESP,C,2019,134106,38141.1,ESP_C,3.7961815192100845,5.564418844112593,32.9220023670648,28301.43939495632,16.7,1.24207,66.36622504406921,10.250667944350491,1,53601.8753454577,5.990708802219212,0.2844100935081204,3.7961815192100845
ESP,C,2020,122556,35555.8,ESP_C,4.190441689258895,5.6065266515541605,33.9527590155171,25077.01988292799,19.3,1.3963699999999999,59.446128014707575,10.129707163242015,1,48909.01971505731,5.989149042320437,0.29011880283299063,4.190441689258895
ESP,C,2021,139066,36509.4,ESP_C,4.120283128507604,5.602248322208682,34.9302420932073,26705.362913895937,19,1.39617,66.52458894319103,10.192619682417384,1,52147.38752477891,5.926880723188809,0.2625328980484087,4.120283128507604
ESP,C,2022,151730,37173.2,ESP_C,3.8705154306039082,5.414885424488206,35.7846414290159,28203.10934194735,19,1.40684,78.4657338703054,10.247187511200721,1,52747.646621338106,5.851171810992442,0.24499571607460618,3.8705154306039082
ESP,D_E,2010,35538,18679.4,ESP_D_E,0.20753917345572603,0.7021450895627381,22.7418123101281,25766.251582574285,14.4,1.35436,52.69336997340191,10.156820836433829,0,89743.838435168,7.8341121049380025,0.5256176487140526,0
ESP,D_E,2011,36039,19705.1,ESP_D_E,0.24582012889066482,0.7987417003991221,23.7622851657887,25510.557967882934,14.7,1.32726,58.51182288596319,10.146847683412648,0,102981.345146647,7.957701450320011,0.5467715530397624,0
ESP,D_E,2012,36753,21768.3,ESP_D_E,0.24792031287916888,0.9006766668113637,24.5107487138578,24763.568274483976,15.8,1.29268,60.55403469618635,10.11712883089339,1,110994.464183298,8.013015751848126,0.5922863439719206,0.24792031287916888
ESP,D_E,2013,36589,22612.4,ESP_D_E,0.32338353548703264,1.0021794695176272,26.1458798389403,24498.55595079448,16.9,1.26864,61.66877264413271,10.106369454011844,1,87480.58461606801,7.779424508836277,0.6180108775861598,0.32338353548703264
ESP,D_E,2014,35150,18411.3,ESP_D_E,0.41072718895829524,1.0985675064852292,27.8358661570454,24947.85125059132,17.3,1.23401,63.39926213895003,10.124542975250144,1,88362.528133123,7.829578650605543,0.5237923186344239,0.41072718895829524
ESP,D_E,2015,36434,16705,ESP_D_E,0.3681788213041313,1.2391507555360233,29.0099329346016,25982.44161977755,16.3,1.21165,63.58204122482321,10.16517626655454,1,102479.781602795,7.94191840083944,0.45850030191579294,0.3681788213041313
ESP,D_E,2016,36051,15951.1,ESP_D_E,0.4786618835674264,1.5148314732416432,30.1986308494311,26719.24422686151,16.7,1.1808,63.18867785072936,10.193139342327708,1,88106.957900277,7.801372183510124,0.4424592937782586,0.4786618835674264
ESP,D_E,2017,36400,14017.5,ESP_D_E,0.6430649749125148,1.7684126795326467,31.2964612808116,27426.281015093024,15.2,1.20198,66.167446137857,10.21925699380983,1,99983.664627216,7.91819332325602,0.38509615384615387,0.6430649749125148
ESP,D_E,2018,38586,12831.6,ESP_D_E,0.6943647333893553,2.052571627899624,32.2277444368856,27956.722546648427,16.9,1.23288,67.00941039829213,10.238412970115377,1,89862.958537624,7.753151589556544,0.33254548281760227,0.6943647333893553
ESP,D_E,2019,39425,13538,ESP_D_E,0.8418764338378674,2.18465153818495,32.9220023670648,28301.43939495632,16.7,1.24207,66.36622504406921,10.250667944350491,1,74327.241293391,7.541832669872201,0.3433861762840837,0.8418764338378674
ESP,D_E,2020,38443,11919.1,ESP_D_E,1.0897952788504037,2.222250480048579,33.9527590155171,25077.01988292799,19.3,1.3963699999999999,59.446128014707575,10.129707163242015,1,58651.768376652995,7.330196380215346,0.3100460421923367,1.0897952788504037
ESP,D_E,2021,41975,11985,ESP_D_E,1.0430593594389377,2.2184225671067233,34.9302420932073,26705.362913895937,19,1.39617,66.52458894319103,10.192619682417384,1,60280.278024987,7.269686061992252,0.28552709946396665,1.0430593594389377
ESP,D_E,2022,60658,13616.3,ESP_D_E,0.8858207341813934,2.052562577682946,35.7846414290159,28203.10934194735,19,1.40684,78.4657338703054,10.247187511200721,1,71793.79959236301,7.0763018635942645,0.224476573576445,0.8858207341813934
ESP,H,2010,43578,18590.2,ESP_H,5.69866043261002e-4,0.0025129600509014773,22.7418123101281,25766.251582574285,14.4,1.35436,52.69336997340191,10.156820836433829,0,98419.21691547826,7.722438921977382,0.4265959888016889,0
ESP,H,2011,44502,18362.1,ESP_H,6.884791022252572e-4,0.0030173820181734704,23.7622851657887,25510.557967882934,14.7,1.32726,58.51182288596319,10.146847683412648,0,91959.60847351002,7.633570589311742,0.4126129162734259,0
ESP,H,2012,43212,15521.1,ESP_H,6.951183992484674e-4,0.0036049362041835464,24.5107487138578,24763.568274483976,15.8,1.29268,60.55403469618635,10.11712883089339,1,82625.54705734871,7.555955963643729,0.35918494862538186,6.951183992484674e-4
ESP,H,2013,42149,11905.1,ESP_H,9.431405369925891e-4,0.00425224124160821,26.1458798389403,24498.55595079448,16.9,1.26864,61.66877264413271,10.106369454011844,1,81620.65184209016,7.568626635857369,0.28245272722959025,9.431405369925891e-4
ESP,H,2014,44350,12491.3,ESP_H,0.0012544935310012698,0.0049303813131122655,27.8358661570454,24947.85125059132,17.3,1.23401,63.39926213895003,10.124542975250144,1,82061.5652478276,7.523112331489915,0.2816527621195039,0.0012544935310012698
ESP,H,2015,47420,18675.2,ESP_H,0.0010994361127318994,0.006043363022807153,29.0099329346016,25982.44161977755,16.3,1.21165,63.58204122482321,10.16517626655454,1,85109.29672656179,7.4926474726878904,0.3938253901307465,0.0010994361127318994
ESP,H,2016,46864,15507.9,ESP_H,0.0015161025048275503,0.00873206457224371,30.1986308494311,26719.24422686151,16.7,1.1808,63.18867785072936,10.193139342327708,1,88301.1747028504,7.541258899961222,0.3309128542164561,0.0015161025048275503
ESP,H,2017,48402,16941.8,ESP_H,0.0022275071192553917,0.011943420130273656,31.2964612808116,27426.281015093024,15.2,1.20198,66.167446137857,10.21925699380983,1,91160.8700982157,7.540839892868076,0.3500227263336226,0.0022275071192553917
ESP,H,2018,49836,17477.4,ESP_H,0.002474401865945513,0.0166367593775906,32.2277444368856,27956.722546648427,16.9,1.23288,67.00941039829213,10.238412970115377,1,92311.70659665194,7.52418863004489,0.3506982903924874,0.002474401865945513
ESP,H,2019,51954,17267.2,ESP_H,0.003258763741863341,0.019306072049370574,32.9220023670648,28301.43939495632,16.7,1.24207,66.36622504406921,10.250667944350491,1,93665.67891645084,7.497128402522481,0.3323555452900643,0.003258763741863341
ESP,H,2020,40170,12360.8,ESP_H,0.004865944845273137,0.0201312257477813,33.9527590155171,25077.01988292799,19.3,1.3963699999999999,59.446128014707575,10.129707163242015,1,74031.20151198476,7.519121477002932,0.30771222305202883,0.004865944845273137
ESP,H,2021,43806,12151.6,ESP_H,0.004531946871619439,0.020045823632678563,34.9302420932073,26705.362913895937,19,1.39617,66.52458894319103,10.192619682417384,1,81159.38496166735,7.524399421512278,0.2773957905309775,0.004531946871619439
ESP,H,2022,52836,13820.9,ESP_H,0.0035155559786768566,0.016636588059560167,35.7846414290159,28203.10934194735,19,1.40684,78.4657338703054,10.247187511200721,1,90472.30546896071,7.445606289376108,0.2615811189340601,0.0035155559786768566
FIN,C,2010,32059,7246,FIN_C,2.2756605078007297,3.5412090526245463,29.0751116373162,43556.53858343677,33.4,3.70524,75.46120852312288,10.681815110699374,1,12141.748811736341,5.9368271527447565,0.22602077419757322,2.2756605078007297
FIN,C,2011,32327,7203,FIN_C,1.7245139963757696,3.725505164315129,29.8056452931485,44391.45356679841,35.1,3.62434,78.71594444866055,10.700802242658002,1,11387.960304494909,5.864409168300464,0.22281684041203947,1.7245139963757696
FIN,C,2012,29246,6845,FIN_C,2.401510562347521,3.8944989438978075,30.4323757921866,43507.934537157846,38.7,3.4095,79.43037658824821,10.680698603596397,1,10433.77125841319,5.877060248439405,0.234049100731724,2.401510562347521
FIN,C,2013,29799,6321,FIN_C,2.51141333707087,4.0584164266688845,31.6268291557372,42883.63849864172,38.5,3.28462,77.48517177157403,10.66624564519155,1,10565.264712703605,5.870852149462353,0.21212121212121213,2.51141333707087
FIN,C,2014,30060,6274,FIN_C,2.6856411468774994,4.205342785630252,32.1970293411336,42502.488019985794,41.2,3.16344,74.62777197541959,10.657317894845738,1,10619.060318295316,5.86721042428657,0.20871590153027278,2.6856411468774994
FIN,C,2015,31195,6546,FIN_C,2.4799804208942633,4.406666443657749,31.5690938053918,42560.34567671027,43.2,2.88826,71.96182537870138,10.658678246085696,1,10420.318134963962,5.811255020465102,0.2098413207244751,2.4799804208942633
FIN,C,2016,31813,6673,FIN_C,2.7957007976285864,4.772091148515997,31.152937083259,43529.676161696894,42.4,2.74716,71.72221011788594,10.681198195090618,1,10547.69710778023,5.8037878201745805,0.20975701757143306,2.7957007976285864
FIN,C,2017,34547,7432,FIN_C,3.428888763252646,5.082844520260855,31.0435197469463,44862.22040420497,44.4,2.74723,75.93878223100407,10.711351303153466,1,10298.90195130592,5.697471846102,0.21512721799287926,3.428888763252646
FIN,C,2018,34299,7428,FIN_C,4.00599655848738,5.411015758329107,31.491717515124,45337.24095505746,44.2,2.77601,79.14361484228456,10.721884069873317,1,10672.593657368,5.740318194944774,0.21656608064375055,4.00599655848738
FIN,C,2019,35091,8008,FIN_C,4.1249625061697355,5.561647377685743,32.5439773811208,45898.57084489545,45.4,2.81534,80.56415029473666,10.734189259287104,1,10226.854882062926,5.6748276836808635,0.2282066626770397,4.1249625061697355
FIN,C,2020,34331,7641,FIN_C,3.831824814150279,5.609569027190182,33.3838974597133,44690.980110307435,47.3,2.93278,72.1845955995888,10.707526972998432,1,9751.754157909236,5.64915372535408,0.22256852407445166,3.831824814150279
FIN,C,2021,37166,9229,FIN_C,4.1714843787060945,5.601750890257849,33.6396818306917,45792.04541808715,50.2,3.01133,79.78927819137817,10.731865674190223,1,9718.946907672831,5.566438183901504,0.24831835548619707,4.1714843787060945
FIN,C,2022,41930,10318,FIN_C,3.963759817304425,5.414015875653167,34.2951599474189,46016.149210392905,50.2,2.982,94.56253405226671,10.736747683651803,1,9038.427256839428,5.3732389010546315,0.24607679465776294,3.963759817304425
FIN,D_E,2010,5710,3039,FIN_D_E,0.235070991346912,0.7014355685487034,29.0751116373162,43556.53858343677,33.4,3.70524,75.46120852312288,10.681815110699374,1,35315.891800762096,8.72986931060331,0.5322241681260945,0.235070991346912
FIN,D_E,2011,5324,2674,FIN_D_E,0.13090576027502296,0.8013403844470733,29.8056452931485,44391.45356679841,35.1,3.62434,78.71594444866055,10.700802242658002,1,29449.2849333493,8.618200007550874,0.5022539444027048,0.13090576027502296
FIN,D_E,2012,5383,2389,FIN_D_E,0.26590186312778763,0.9002830049138838,30.4323757921866,43507.934537157846,38.7,3.4095,79.43037658824821,10.680698603596397,1,24595.8182409493,8.427085877686348,0.4438045699424113,0.26590186312778763
FIN,D_E,2013,5729,2662,FIN_D_E,0.29529128306958885,1.002764751316618,31.6268291557372,42883.63849864172,38.5,3.28462,77.48517177157403,10.66624564519155,1,26080.8543275027,8.42341577803401,0.46465351719322745,0.29529128306958885
FIN,D_E,2014,5825,3072,FIN_D_E,0.3468982011450167,1.099861743523078,32.1970293411336,42502.488019985794,41.2,3.16344,74.62777197541959,10.657317894845738,1,23335.0569697072,8.295553100313667,0.5273819742489271,0.3468982011450167
FIN,D_E,2015,5714,3143,FIN_D_E,0.2866432724860528,1.2405153266695588,31.5690938053918,42560.34567671027,43.2,2.88826,71.96182537870138,10.658678246085696,1,20345.6489949509,8.17770305559992,0.5500525026251313,0.2866432724860528
FIN,D_E,2016,5660,3833,FIN_D_E,0.38284283491284676,1.5161813807171174,31.152937083259,43529.676161696894,42.4,2.74716,71.72221011788594,10.681198195090618,1,21716.9324028798,8.252423638105123,0.677208480565371,0.38284283491284676
FIN,D_E,2017,5901,4214,FIN_D_E,0.6446981422368058,1.768390576766554,31.0435197469463,44862.22040420497,44.4,2.74723,75.93878223100407,10.711351303153466,1,19839.9818675868,8.120332638831298,0.7141162514827996,0.6446981422368058
FIN,D_E,2018,6120,3799,FIN_D_E,0.9693088140094388,2.0491755391844797,31.491717515124,45337.24095505746,44.2,2.77601,79.14361484228456,10.721884069873317,1,21028.7359205379,8.14208306197496,0.6207516339869281,0.9693088140094388
FIN,D_E,2019,6718,2857,FIN_D_E,1.04614233010367,2.1821828211532996,32.5439773811208,45898.57084489545,45.4,2.81534,80.56415029473666,10.734189259287104,1,18416.5110329943,7.9162123887889395,0.42527537957725514,1.04614233010367
FIN,D_E,2020,6607,3440,FIN_D_E,0.8627811786411974,2.2249736062640695,33.3838974597133,44690.980110307435,47.3,2.93278,72.1845955995888,10.707526972998432,1,15145.7592044593,7.737346158206975,0.5206599061601332,0.8627811786411974
FIN,D_E,2021,7143,3911,FIN_D_E,1.077059189105606,2.2179776160444935,33.6396818306917,45792.04541808715,50.2,3.01133,79.78927819137817,10.731865674190223,1,15911.4106670645,7.708658926663051,0.5475290494190116,1.077059189105606
FIN,D_E,2022,8774,4440,FIN_D_E,0.9428164336309433,2.051801337274989,34.2951599474189,46016.149210392905,50.2,2.982,94.56253405226671,10.736747683651803,1,14848.4936369024,7.433860897749151,0.5060405744244358,0.9428164336309433
FIN,H,2010,8462,1275,FIN_H,6.547147078004199e-4,0.0025094313968237894,29.0751116373162,43556.53858343677,33.4,3.70524,75.46120852312288,10.681815110699374,1,12466.710255372947,7.295231638850815,0.15067359962183882,6.547147078004199e-4
FIN,H,2011,8769,1516,FIN_H,3.455972889566853e-4,0.0030316329817707765,29.8056452931485,44391.45356679841,35.1,3.62434,78.71594444866055,10.700802242658002,1,12293.551031280707,7.245607322666685,0.17288174250199567,3.455972889566853e-4
FIN,H,2012,9054,1437,FIN_H,7.525359205879829e-4,0.0036025506874513046,30.4323757921866,43507.934537157846,38.7,3.4095,79.43037658824821,10.680698603596397,1,11989.684835113903,7.188595313017107,0.1587143803843605,7.525359205879829e-4
FIN,H,2013,8943,1467,FIN_H,8.486243831848113e-4,0.0042561662112178475,31.6268291557372,42883.63849864172,38.5,3.28462,77.48517177157403,10.66624564519155,1,11831.506410208447,7.187650183642611,0.1640389131164039,8.486243831848113e-4
FIN,H,2014,8885,1245,FIN_H,0.0010243155114731237,0.004939935728819507,32.1970293411336,42502.488019985794,41.2,3.16344,74.62777197541959,10.657317894845738,1,10705.45360514667,7.094144111723248,0.14012380416432188,0.0010243155114731237
FIN,H,2015,8983,1427,FIN_H,8.200569352671905e-4,0.006054944727642496,31.5690938053918,42560.34567671027,43.2,2.88826,71.96182537870138,10.658678246085696,1,10696.542934663845,7.082341975779706,0.15885561616386507,8.200569352671905e-4
FIN,H,2016,8912,2010,FIN_H,0.001152134927664971,0.008747117996528563,31.152937083259,43529.676161696894,42.4,2.74716,71.72221011788594,10.681198195090618,1,11910.307403532232,7.197760789371401,0.22553859964093356,0.001152134927664971
FIN,H,2017,9217,1907,FIN_H,0.002235174492838393,0.011943103744061592,31.0435197469463,44862.22040420497,44.4,2.74723,75.93878223100407,10.711351303153466,1,11305.721627796618,7.112014610285762,0.2069002929369643,0.002235174492838393
FIN,H,2018,9250,2074,FIN_H,0.004035429770035953,0.016572579077352295,31.491717515124,45337.24095505746,44.2,2.77601,79.14361484228456,10.721884069873317,1,11509.766262836489,7.12632764267319,0.2242162162162162,0.004035429770035953
FIN,H,2019,9638,2317,FIN_H,0.004553505037587829,0.01925294750521898,32.5439773811208,45898.57084489545,45.4,2.81534,80.56415029473666,10.734189259287104,1,11115.311602345917,7.050365242186293,0.24040257314795602,0.004553505037587829
FIN,H,2020,7835,1935,FIN_H,0.003379523917010461,0.020192174521947073,33.3838974597133,44690.980110307435,47.3,2.93278,72.1845955995888,10.707526972998432,1,10324.378198297052,7.183662317282551,0.24696873005743458,0.003379523917010461
FIN,H,2021,8250,1714,FIN_H,0.004773384896398683,0.020035917334035,33.6396818306917,45792.04541808715,50.2,3.01133,79.78927819137817,10.731865674190223,1,9785.275106949637,7.0784207942595065,0.20775757575757575,0.004773384896398683
FIN,H,2022,9524,2501,FIN_H,0.003865769003418324,0.016622183438487263,34.2951599474189,46016.149210392905,50.2,2.982,94.56253405226671,10.736747683651803,1,9843.681092190021,6.940770086200452,0.2625997480050399,0.003865769003418324
FRA,C,2010,205147.3,41260,FRA_C,3.8648566724623827,3.4942888289981884,33.64535986777,35578.196801018275,11.9,2.17771,56.58755524779604,10.479488279806773,0,75460.87244144452,5.907641297392707,0.20112377789032565,0
FRA,C,2011,212674.5,44779,FRA_C,3.911564371498379,3.6799282911004685,35.6937891818337,36269.95615308881,10.6,2.18761,60.60563548164058,10.498745023373234,0,81091.7327928493,5.943573468617409,0.21055180569367743,0
FRA,C,2012,213988.4,43819,FRA_C,3.972763255971893,3.8581500771941704,37.4345529509644,36161.29182534653,12.3,2.22761,61.65895707711015,10.495744539126457,0,75788.4025684031,5.869778751562662,0.20477278207603777,0
FRA,C,2013,217407.1,43861,FRA_C,4.210398098095217,4.01797396588303,38.7340855946258,36256.08668098103,13.4,2.23369,61.81923387339621,10.498362554628633,0,71575.65968091911,5.796738713715123,0.20174594113991676,0
FRA,C,2014,219282.3,45695,FRA_C,4.308161843302294,4.167575422083439,40.142215573606,36444.39490891461,13.2,2.27173,62.19926693795067,10.503542950822526,0,68468.03616513287,5.743762349208115,0.20838435204300576,0
FRA,C,2015,227182.7,46073,FRA_C,4.802984858489438,4.349182425278463,41.387117104083,36702.432373337935,13.3,2.22401,63.50468719564845,10.510598309049094,0,66154.90081817417,5.673999713659709,0.20280153374354648,0
FRA,C,2016,226869.6,47188,FRA_C,4.682333527341919,4.739241448179075,42.5277884451476,36920.53428469139,14.2,2.22468,63.342756438335144,10.516523159928422,0,68469.2740960194,5.709764967194431,0.20799613522481636,0
FRA,C,2017,229398.4,47198,FRA_C,5.019913882421841,5.051194015119705,43.6242593525939,37580.59793293561,14.1,2.20422,65.39584815597112,10.534243183775834,0,63169.49307903869,5.618116529195769,0.20574685786823274,0
FRA,C,2018,232856,50647,FRA_C,5.467892624982632,5.376546669897897,44.4142292018123,38062.443596141224,15.2,2.20407,66.80226078122658,10.546983342576375,1,61552.6560890607,5.577228047279512,0.21750352148967603,5.467892624982632
FRA,C,2019,241054.8,51835,FRA_C,5.5444699289476755,5.530102755987151,45.2765022757908,38705.20729406184,15.5,2.19668,66.4289771741449,10.563729425368221,1,60198.48838471239,5.520378227558638,0.21503409183306038,5.5444699289476755
FRA,C,2020,214340.1,47421,FRA_C,5.867974816654522,5.56152286017932,46.471240838575,35709.20459259257,16.8,2.2742,58.83889072406472,10.483163766260125,1,56321.4984506654,5.5712675906580085,0.2212418488187698,5.867974816654522
FRA,C,2021,228132.6,51469,FRA_C,5.664186813342895,5.566763356900541,47.6442336298287,38030.85716851778,16.2,2.21278,63.788482630871954,10.546153139940396,1,59883.33066530243,5.570226420469425,0.2256100180333718,5.664186813342895
FRA,C,2022,253431.6,57034,FRA_C,5.564981184332941,5.374562471928646,48.250226559098,38868.330333055725,16.2,2.21937,75.96300779819963,10.567935067766884,1,55894.24013414633,5.396122650951793,0.22504691601205215,5.564981184332941
FRA,D_E,2010,36000.7,20657,FRA_D_E,0.8824285543174124,0.6773508366602701,33.64535986777,35578.196801018275,11.9,2.17771,56.58755524779604,10.479488279806773,0,74390.529283564,7.633545535431275,0.5737943984422526,0
FRA,D_E,2011,38147.3,20963,FRA_D_E,0.9106572865431818,0.7758503574272331,35.6937891818337,36269.95615308881,10.6,2.18761,60.60563548164058,10.498745023373234,0,64610.342455943,7.434674794930777,0.5495277516364199,0
FRA,D_E,2012,39261.3,20619,FRA_D_E,0.9484286944600182,0.878418203864608,37.4345529509644,36161.29182534653,12.3,2.22761,61.65895707711015,10.495744539126457,0,66384.904889949,7.4329856727421495,0.5251736442756607,0
FRA,D_E,2013,40817.1,20570,FRA_D_E,1.1032879096080124,0.9768971629128212,38.7340855946258,36256.08668098103,13.4,2.23369,61.81923387339621,10.498362554628633,0,63546.974777270996,7.350433560413099,0.5039554500442217,0
FRA,D_E,2014,41158.5,21976,FRA_D_E,1.1706303025400042,1.0744429032031753,40.142215573606,36444.39490891461,13.2,2.27173,62.19926693795067,10.503542950822526,0,49479.05857104401,7.091874332718082,0.5339358820170803,0
FRA,D_E,2015,41695.1,20770,FRA_D_E,1.5405776947893535,1.1994894675477286,41.387117104083,36702.432373337935,13.3,2.22401,63.50468719564845,10.510598309049094,0,52553.692809364,7.1392070302309145,0.4981400692167665,0
FRA,D_E,2016,41035.4,21862,FRA_D_E,1.4462186265971542,1.4904159531200833,42.5277884451476,36920.53428469139,14.2,2.22468,63.342756438335144,10.516523159928422,0,53286.756262205,7.169007995087591,0.5327595198292207,0
FRA,D_E,2017,39425.5,23719,FRA_D_E,1.7161478634208802,1.7420456932023585,43.6242593525939,37580.59793293561,14.1,2.20422,65.39584815597112,10.534243183775834,0,62161.204410684,7.36307354575321,0.6016157055712673,0
FRA,D_E,2018,42731.2,24730,FRA_D_E,2.0991209933884947,2.0190782521382786,44.4142292018123,38062.443596141224,15.2,2.20407,66.80226078122658,10.546983342576375,1,58940.996125328995,7.229362824240707,0.5787340397648557,2.0991209933884947
FRA,D_E,2019,44917.4,25403,FRA_D_E,2.1668985548742725,2.154137189762778,45.2765022757908,38705.20729406184,15.5,2.19668,66.4289771741449,10.563729425368221,1,56256.273020133,7.132847586688321,0.5655492081019827,2.1668985548742725
FRA,D_E,2020,44894.4,24048,FRA_D_E,2.4592271449993297,2.182071923238837,46.471240838575,35709.20459259257,16.8,2.2742,58.83889072406472,10.483163766260125,1,47687.110368854,6.968103352118216,0.5356570084464878,2.4592271449993297
FRA,D_E,2021,47128.8,26695,FRA_D_E,2.274005840515917,2.1867405241256983,47.6442336298287,38030.85716851778,16.2,2.21278,63.788482630871954,10.546153139940396,1,67809.691817833,7.271576131756199,0.5664264738334097,2.274005840515917
FRA,D_E,2022,44976.4,29058,FRA_D_E,2.1851525406595615,2.0173497392729374,48.250226559098,38868.330333055725,16.2,2.21937,75.96300779819963,10.567935067766884,1,65526.259120999,7.284068336137247,0.6460721622895563,2.1851525406595615
FRA,H,2010,81155,20160,FRA_H,0.0034953314744466143,0.002391116731179994,33.64535986777,35578.196801018275,11.9,2.17771,56.58755524779604,10.479488279806773,0,123270.95800360276,7.325779215745927,0.248413529665455,0
FRA,H,2011,80201,19584,FRA_H,0.0036657297426046557,0.002893426374622725,35.6937891818337,36269.95615308881,10.6,2.18761,60.60563548164058,10.498745023373234,0,128158.84639176184,7.376489777326291,0.24418648146531838,0
FRA,H,2012,82250,20998,FRA_H,0.0039013387865211567,0.003471509182265083,37.4345529509644,36161.29182534653,12.3,2.22761,61.65895707711015,10.495744539126457,0,127092.5759495413,7.342907654728833,0.2552948328267477,0
FRA,H,2013,82743,23198,FRA_H,0.004965287969295528,0.00408485503869377,38.7340855946258,36256.08668098103,13.4,2.23369,61.81923387339621,10.498362554628633,0,126067.98905637438,7.328837217555683,0.28036208501021237,0
FRA,H,2014,86055,23134,FRA_H,0.005481499759752959,0.004754515419715719,40.142215573606,36444.39490891461,13.2,2.27173,62.19926693795067,10.503542950822526,0,126216.32681903361,7.29076596657494,0.2688280750682703,0
FRA,H,2015,88810,24146,FRA_H,0.00902266384351711,0.005713497407835523,41.387117104083,36702.432373337935,13.3,2.22401,63.50468719564845,10.510598309049094,0,127428.59508638403,7.268812191891883,0.27188379686972186,0
FRA,H,2016,88938,22166,FRA_H,0.007992810956085637,0.008463236395876558,42.5277884451476,36920.53428469139,14.2,2.22468,63.342756438335144,10.516523159928422,0,127972.24043567765,7.271629150025663,0.2492298005352043,0
FRA,H,2017,92004,22182,FRA_H,0.011214225133646097,0.011570853368350977,43.6242593525939,37580.59793293561,14.1,2.20422,65.39584815597112,10.534243183775834,0,128543.75870130442,7.242192605624394,0.24109821312116864,0
FRA,H,2018,89865,22671,FRA_H,0.017538353915089917,0.01601304223229206,44.4142292018123,38062.443596141224,15.2,2.20407,66.80226078122658,10.546983342576375,1,125648.34886119676,7.242933857903021,0.25227841762643965,0.017538353915089917
FRA,H,2019,95511,23676,FRA_H,0.018926885690307964,0.0186583572539108,45.2765022757908,38705.20729406184,15.5,2.19668,66.4289771741449,10.563729425368221,1,125363.44909299504,7.179730966056802,0.24788767785909477,0.018926885690307964
FRA,H,2020,84929,22554,FRA_H,0.02609065157582614,0.019250564093505965,46.471240838575,35709.20459259257,16.8,2.2742,58.83889072406472,10.483163766260125,1,106480.83203838534,7.133904653752737,0.2655629996820874,0.02609065157582614
FRA,H,2021,109419,23234,FRA_H,0.02131782381098169,0.019351125469246208,47.6442336298287,38030.85716851778,16.2,2.21278,63.788482630871954,10.546153139940396,1,116271.38495216492,6.968497713612568,0.2123397216205595,0.02131782381098169
FRA,H,2022,128550,25053,FRA_H,0.019316868839377405,0.015981406702590885,48.250226559098,38868.330333055725,16.2,2.21937,75.96300779819963,10.567935067766884,1,117909.25817587176,6.821352675395316,0.19488914819136524,0.019316868839377405
GBR,C,2010,152685,13924,GBR_C,3.7729253384446384,3.4995760755126235,30.3960911450969,42762.720840223024,3.2,1.63887,59.051180222782094,10.663421993615653,0,59458.371139768264,5.964654726385952,0.09119428889543832,0
GBR,C,2011,155753,17052,GBR_C,3.480927528609545,3.698141076742733,32.4187258603211,42791.09343134741,4,1.64681,63.32406157089005,10.664085262516195,0,53365.84942072569,5.836654877289866,0.10948103728339101,0
GBR,C,2012,161406,17713,GBR_C,4.049501542071108,3.8544162232045065,33.9047903389849,43136.70067959965,4.2,1.57587,61.96887044725354,10.672129437639676,0,53428.170607517175,5.802170495448799,0.10974189311425846,0
GBR,C,2013,171717,19917,GBR_C,4.237010846286269,4.016610843380466,35.7819878642114,43585.19362386467,5.2,1.62096,61.71953951545829,10.6824727758785,0,54407.28737919217,5.758405610145368,0.11598735128146893,0
GBR,C,2014,177022,21571,GBR_C,4.02868019407047,4.179200477396822,36.5828488416012,44627.88182686443,6.6,2.26488,58.82102283332959,10.706114095750086,0,54227.834659393855,5.724675591569759,0.1218549106890669,0
GBR,C,2015,180935,24713,GBR_C,4.730333924568991,4.353768458376576,37.7214944577347,45255.34492162086,7.7,2.27566,57.12504460543896,10.720076061967301,0,53340.93365385911,5.68632145065857,0.13658496145024457,0
GBR,C,2016,183068,24013,GBR_C,5.084999172646593,4.719532701597013,38.6588569366885,45888.010513074805,7.7,2.32051,59.83953151382588,10.733959153062186,0,46706.844783899585,5.5417883336447735,0.13116983852994515,0
GBR,C,2017,189638,28289,GBR_C,5.519920204190424,5.024646675017383,39.2489467665261,47018.025475767594,8.8,2.32602,63.18992457641585,10.75828632792792,0,47251.81858847426,5.518129429146122,0.14917368881764204,0
GBR,C,2018,195776,31858,GBR_C,5.664353396794048,5.3665867523080735,39.8293995840604,47514.77636934532,10.2,2.70889,64.90977219592008,10.768796023106828,0,47136.97437885686,5.483841842169467,0.16272678980058844,0
GBR,C,2019,202350,33080,GBR_C,5.672805558262356,5.524297769194062,40.022769455921,47864.75887126337,11.4,2.6707,65.00356641770541,10.776134789683931,0,44927.108051266645,5.402797763019018,0.1634791203360514,0
GBR,C,2020,192963,31605,GBR_C,5.736649724564489,5.568465323798321,40.5775246507294,42982.46310076424,13.6,2.93993,59.15988930306111,10.668547476622495,0,42473.97993737285,5.394148469969705,0.16378787643226939,0
GBR,C,2021,202833,36151,GBR_C,5.810071954662843,5.5595232477047345,41.1134869970784,46487.34247065488,12.2,2.89968,58.538386292910005,10.746935349588808,0,44618.36985402371,5.39351795297113,0.1782303668535199,0
GBR,C,2022,205478,37407,GBR_C,5.596621372021632,5.372940787312035,41.2867157729584,48433.00983576701,12.2,2.75224,69.1989264413981,10.787936881633966,0,42489.7560312212,5.331679319055189,0.18204868647738445,0
GBR,D_E,2010,42802,18164,GBR_D_E,0.8284031931788871,0.6800373463805582,30.3960911450969,42762.720840223024,3.2,1.63887,59.051180222782094,10.663421993615653,0,209297.722838315,8.494928198013573,0.4243726928648194,0
GBR,D_E,2011,40466,16606,GBR_D_E,0.6705929491600028,0.7859748904131576,32.4187258603211,42791.09343134741,4,1.64681,63.32406157089005,10.664085262516195,0,197459.045975069,8.492824364312257,0.4103691988335887,0
GBR,D_E,2012,44458,19301,GBR_D_E,0.9970303019830606,0.8761901548789638,33.9047903389849,43136.70067959965,4.2,1.57587,61.96887044725354,10.672129437639676,0,211624.691842773,8.4680247400181,0.4341400872733816,0
GBR,D_E,2013,46751,21043,GBR_D_E,1.121416036323693,0.9760318707064296,35.7819878642114,43585.19362386467,5.2,1.62096,61.71953951545829,10.6824727758785,0,195933.378298661,8.340694327911557,0.4501080190798058,0
GBR,D_E,2014,49860,20084,GBR_D_E,0.9837082985048337,1.0822335319265313,36.5828488416012,44627.88182686443,6.6,2.26488,58.82102283332959,10.706114095750086,0,170889.729481836,8.13955469254842,0.40280786201363816,0
GBR,D_E,2015,51085,21520,GBR_D_E,1.4834610090282063,1.2027376115678605,37.7214944577347,45255.34492162086,7.7,2.27566,57.12504460543896,10.720076061967301,0,150345.268596496,7.987198806616371,0.42125868650288734,0
GBR,D_E,2016,49911,23348,GBR_D_E,1.7701891028587573,1.4750457447365906,38.6588569366885,45888.010513074805,7.7,2.32051,59.83953151382588,10.733959153062186,0,127344.97505133001,7.84441360250037,0.46779267095429866,0
GBR,D_E,2017,50975,23986,GBR_D_E,2.1451051983469664,1.7200573241062427,39.2489467665261,47018.025475767594,8.8,2.32602,63.18992457641585,10.75828632792792,0,113689.127836717,7.709887737217226,0.470544384502207,0
GBR,D_E,2018,50594,23320,GBR_D_E,2.274155803980788,2.0104062448791926,39.8293995840604,47514.77636934532,10.2,2.70889,64.90977219592008,10.768796023106828,0,107976.888332475,7.6658394940967165,0.46092422026327234,0
GBR,D_E,2019,54122,23818,GBR_D_E,2.2817679595275355,2.1489868540399075,40.022769455921,47864.75887126337,11.4,2.6707,65.00356641770541,10.776134789683931,0,99647.554601567,7.518154027931169,0.440079819666679,0
GBR,D_E,2020,55932,21004,GBR_D_E,2.3394699138909605,2.188257328962709,40.5775246507294,42982.46310076424,13.6,2.93993,59.15988930306111,10.668547476622495,0,88863.194682361,7.370716660525959,0.3755274261603376,0
GBR,D_E,2021,47459,23101,GBR_D_E,2.406254362605314,2.180291233236149,41.1134869970784,46487.34247065488,12.2,2.89968,58.538386292910005,10.746935349588808,0,97615.508908998,7.628925482123024,0.4867569902442108,0
GBR,D_E,2022,52672,25694,GBR_D_E,2.2133906446194307,2.015937354467801,41.2867157729584,48433.00983576701,12.2,2.75224,69.1989264413981,10.787936881633966,0,97109.57677865699,7.519511272359917,0.4878113608748481,0
GBR,H,2010,58558,20404,GBR_H,0.0031822527097444156,0.0024041739627526245,30.3960911450969,42762.720840223024,3.2,1.63887,59.051180222782094,10.663421993615653,0,116848.85919230958,7.598618860845221,0.3484408620512996,0
GBR,H,2011,61061,15661,GBR_H,0.002358425336178733,0.0029479023750252718,32.4187258603211,42791.09343134741,4,1.64681,63.32406157089005,10.664085262516195,0,115401.14621249391,7.544296201017692,0.25648122369433846,0
GBR,H,2012,61713,15907,GBR_H,0.004217808477677984,0.0034583151013992163,33.9047903389849,43136.70067959965,4.2,1.57587,61.96887044725354,10.672129437639676,0,114911.096880481,7.529419432129252,0.2577576847665808,0
GBR,H,2013,64759,15931,GBR_H,0.005100873112527246,0.004079200282305603,35.7819878642114,43585.19362386467,5.2,1.62096,61.71953951545829,10.6824727758785,0,114173.66219509281,7.474803233781057,0.24600441637455797,0
GBR,H,2014,66669,18718,GBR_H,0.004129536507840907,0.004810848512578703,36.5828488416012,44627.88182686443,6.6,2.26488,58.82102283332959,10.706114095750086,0,115642.7201832703,7.458520641443934,0.2807601733939312,0
GBR,H,2015,69060,22104,GBR_H,0.008387839185790847,0.005740027337228816,37.7214944577347,45255.34492162086,7.7,2.27566,57.12504460543896,10.720076061967301,0,118820.16348671871,7.450390705866134,0.32006950477845353,0
GBR,H,2016,71346,22630,GBR_H,0.011968870986351346,0.008297301741099486,38.6588569366885,45888.010513074805,7.7,2.32051,59.83953151382588,10.733959153062186,0,121626.6127339125,7.4411697986051815,0.3171866677879629,0
GBR,H,2017,73201,24613,GBR_H,0.018470320835973133,0.011267478676690767,39.2489467665261,47018.025475767594,8.8,2.32602,63.18992457641585,10.75828632792792,0,122086.01062284478,7.419271998345183,0.33623857597573803,0
GBR,H,2018,75136,17995,GBR_H,0.02132134993826472,0.015854865299155734,39.8293995840604,47514.77636934532,10.2,2.70889,64.90977219592008,10.768796023106828,0,120562.88140451771,7.380626928419383,0.23949904173764908,0
GBR,H,2019,80799,21697,GBR_H,0.021501016378645762,0.018550929032957235,40.022769455921,47864.75887126337,11.4,2.6707,65.00356641770541,10.776134789683931,0,118531.4473631821,7.2909689937300675,0.2685305511206822,0
GBR,H,2020,60318,19794,GBR_H,0.02290721739841119,0.01938389634152052,40.5775246507294,42982.46310076424,13.6,2.93993,59.15988930306111,10.668547476622495,0,94426.0424315788,7.355941620652112,0.32816074803541234,0
GBR,H,2021,65750,16868,GBR_H,0.02463665005643496,0.019212329001898475,41.1134869970784,46487.34247065488,12.2,2.89968,58.538386292910005,10.746935349588808,0,97480.26654295881,7.301545571012356,0.25654752851711027,0
GBR,H,2022,81036,21402,GBR_H,0.019934044782315224,0.015955596824702874,41.2867157729584,48433.00983576701,12.2,2.75224,69.1989264413981,10.787936881633966,0,106688.5871686645,7.182775969320124,0.2641048422923145,0
GRC,C,2010,17941.152,2679.376,GRC_C,0,3.5516999241600375,20.2491669415812,21547.724178239,11.4,0.60491,50.922518199722745,9.97802548337689,0,12094.530703164077,6.513411552779613,0.14934247254579863,0
GRC,C,2011,16580.619,2090.914,GRC_C,0,3.7301236612563913,22.183064232426,19448.255802524985,11.4,0.6837,56.2929957941907,9.875512669062736,0,9533.561472485666,6.354339155386052,0.12610590714375625,0
GRC,C,2012,15125.544,2918.089,GRC_C,0.772226131749183,3.9019975605312887,24.3424643325153,17924.662049688624,14.2,0.71953,62.39421173513185,9.793932811716234,0,10137.491770198187,6.507610916393392,0.19292456522555487,0
GRC,C,2013,13858.129,1216.002,GRC_C,0,4.06653375269736,26.5619364050644,17644.876663502073,16.6,0.82288,62.954727221537354,9.77820074620124,1,10459.385837623375,6.626383028698309,0.08774647717595932,0
GRC,C,2014,13721.686,1793.343,GRC_C,0.6782786622500536,4.2132029002492475,28.9729450556431,17903.525244001194,16.4,0.84553,66.43353645136774,9.792752913444165,1,11060.171640454844,6.692128292939161,0.1306940706848998,0.6782786622500536
GRC,C,2015,14544.561,1672.75,GRC_C,0.7943959107410269,4.41159757892609,31.7813956931321,17980.72982381374,17.5,0.9716,65.2716454619318,9.79705589807022,1,10972.627644130873,6.625941945290879,0.11500862762375572,0.7943959107410269
GRC,C,2016,14143.818,1771.122,GRC_C,0.6782786622500536,4.77715716880597,33.5485838991847,18049.928997892017,16.4,1.00556,63.65754908828659,9.800897030118499,1,11316.6480844463,6.684752564129526,0.12522234095489634,0.6782786622500536
GRC,C,2017,14221.695,1809.862,GRC_C,0.6782786622500536,5.090278085037709,35.1351318678243,18352.088446125785,16.4,1.1492,70.88249673972527,9.817498658784618,1,10287.8715802646,6.583952348337548,0.12726063946667399,0.6782786622500536
GRC,C,2018,14777.649,2350.496,GRC_C,0.7943959107410269,5.420779445904373,36.9203391643751,18769.03896219764,17.9,1.2066,79.23799086387062,9.839963927534411,1,9786.84863066397,6.495678950377139,0.15905750637330743,0.7943959107410269
GRC,C,2019,14517.448,2369.444,GRC_C,1.634043206980256,5.5706906849472615,38.3565690069278,19216.67595797847,18.5,1.26236,80.59009495104566,9.86353372053176,1,9208.154436974171,6.452493485930591,0.16321353450000303,1.634043206980256
GRC,C,2020,14119.025,2459.348,GRC_C,2.1444623322584437,5.6152921736768535,39.7876360746134,17486.95133332298,20.1,1.48872,70.29374645807445,9.769210243689427,1,8271.128843239829,6.373003098591161,0.17418681530771424,2.1444623322584437
GRC,C,2021,15994.476,2460.355,GRC_C,2.330620326079561,5.610102653219683,41.9213046741732,19232.968332711374,21.5,1.43353,88.01266544903785,9.864381186145998,1,8644.298060106285,6.292411786138738,0.15382529568333467,2.330620326079561
GRC,C,2022,19028.135,2767.619,GRC_C,2.11497689664719,5.422215152943691,42.923040428409,20552.32232796846,21.5,1.47714,108.12184322992242,9.930729222199648,1,8799.743877667195,6.13655922187968,0.14544877887402,2.11497689664719
GRC,D_E,2010,6087.076,1477.41,GRC_D_E,0,0.7068958680224809,20.2491669415812,21547.724178239,11.4,0.60491,50.922518199722745,9.97802548337689,0,45239.3520255833,8.913554772026611,0.24271259304138804,0
GRC,D_E,2011,5920.735,450.526,GRC_D_E,0,0.8039519351768174,22.183064232426,19448.255802524985,11.4,0.6837,56.2929957941907,9.875512669062736,0,45227.3790113507,8.940997316184692,0.07609291751784196,0
GRC,D_E,2012,7328.042,1032.379,GRC_D_E,0.034723251833977925,0.9048329553008982,24.3424643325153,17924.662049688624,14.2,0.71953,62.39421173513185,9.793932811716234,0,45836.24731258881,8.741122124332433,0.14088060630656865,0
GRC,D_E,2013,7669.939,724.423,GRC_D_E,0,1.008002020014543,26.5619364050644,17644.876663502073,16.6,0.82288,62.954727221537354,9.77820074620124,1,41504.776286890694,8.596255128563024,0.09444964295022425,0
GRC,D_E,2014,7324.167,1209.094,GRC_D_E,0.02901912800256022,1.1051912303719191,28.9729450556431,17903.525244001194,16.4,0.84553,66.43353645136774,9.792752913444165,1,38118.5367654758,8.55727654377539,0.16508280054236885,0.02901912800256022
GRC,D_E,2015,6677.814,1257.963,GRC_D_E,0.036144213341209645,1.2440659285487612,31.7813956931321,17980.72982381374,17.5,0.9716,65.2716454619318,9.79705589807022,1,34572.9192103575,8.552035284325862,0.18837946070375725,0.036144213341209645
GRC,D_E,2016,7112.408,1210.32,GRC_D_E,0.02901912800256022,1.5201710563191662,33.5485838991847,18049.928997892017,16.4,1.00556,63.65754908828659,9.800897030118499,1,33056.7111889497,8.444139021963323,0.1701702152070016,0.02901912800256022
GRC,D_E,2017,7050.086,1045.969,GRC_D_E,0.02901912800256022,1.7745982066068333,35.1351318678243,18352.088446125785,16.4,1.1492,70.88249673972527,9.817498658784618,1,34715.0342640677,8.501888320866,0.1483625873499983,0.02901912800256022
GRC,D_E,2018,6724.854,1132.733,GRC_D_E,0.036144213341209645,2.0577246272815466,36.9203391643751,18769.03896219764,17.9,1.2066,79.23799086387062,9.839963927534411,1,33864.5597239752,8.524314095433297,0.16843979066311326,0.036144213341209645
GRC,D_E,2019,7096.694,1236.913,GRC_D_E,0.1179058844424907,2.190241009776649,38.3565690069278,19216.67595797847,18.5,1.26236,80.59009495104566,9.86353372053176,1,28479.5598291982,8.29731286816765,0.1742942558887279,0.1179058844424907
GRC,D_E,2020,6836.259,1949.2,GRC_D_E,0.2059444318108676,2.230098550036799,39.7876360746134,17486.95133332298,20.1,1.48872,70.29374645807445,9.769210243689427,1,22258.379085688102,8.088233152634468,0.2851267045324058,0.2059444318108676
GRC,D_E,2021,7581.155,2034.367,GRC_D_E,0.24817534234998953,2.225451326209487,41.9213046741732,19232.968332711374,21.5,1.43353,88.01266544903785,9.864381186145998,1,22482.5065673043,7.99482723717939,0.26834525873696025,0.24817534234998953
GRC,D_E,2022,11621.41,2588.593,GRC_D_E,0.19980038069844416,2.0589826071586796,42.923040428409,20552.32232796846,21.5,1.47714,108.12184322992242,9.930729222199648,1,22380.9118048919,7.563114636412993,0.22274345367730766,0.19980038069844416
GRC,H,2010,14199.26,2302.634,GRC_H,0,0.0025366513447352746,20.2491669415812,21547.724178239,11.4,0.60491,50.922518199722745,9.97802548337689,0,21986.84193570125,7.345009609005982,0.16216577483615344,0
GRC,H,2011,12152.12,905.321,GRC_H,0,0.0030459916576931027,22.183064232426,19448.255802524985,11.4,0.6837,56.2929957941907,9.875512669062736,0,19639.74986388567,7.387807205610227,0.0744990174553905,0
GRC,H,2012,11083.879,656.561,GRC_H,8.732006485970777e-5,0.003630179560033629,24.3424643325153,17924.662049688624,14.2,0.71953,62.39421173513185,9.793932811716234,0,16415.132777254086,7.300467208374187,0.059235670111519624,0
GRC,H,2013,10594.456,653.252,GRC_H,0,0.004291389708615913,26.5619364050644,17644.876663502073,16.6,0.82288,62.954727221537354,9.77820074620124,1,16305.879172898409,7.338950161789363,0.06165979640672442,0
GRC,H,2014,11016.764,682.413,GRC_H,7.276725020567592e-5,0.004979409067858913,28.9729450556431,17903.525244001194,16.4,0.84553,66.43353645136774,9.792752913444165,1,16347.150966540861,7.302390795641766,0.06194314410293259,7.276725020567592e-5
GRC,H,2015,9260.459,1134.561,GRC_H,9.095823543208627e-5,0.006085153753937594,31.7813956931321,17980.72982381374,17.5,0.9716,65.2716454619318,9.79705589807022,1,16684.64043324234,7.496490225188943,0.12251671326442888,9.095823543208627e-5
GRC,H,2016,8902.047,1262.962,GRC_H,7.276725020567592e-5,0.008791726295257483,33.5485838991847,18049.928997892017,16.4,1.00556,63.65754908828659,9.800897030118499,1,17159.03571802544,7.563998927582624,0.1418732118579019,7.276725020567592e-5
GRC,H,2017,9675.368,1374.264,GRC_H,7.276725020567592e-5,0.012032233212198781,35.1351318678243,18352.088446125785,16.4,1.1492,70.88249673972527,9.817498658784618,1,16883.466606128815,7.464506840358357,0.14203738813862168,7.276725020567592e-5
GRC,H,2018,10163.551,1541.321,GRC_H,9.095823543208627e-5,0.016734551600644375,36.9203391643751,18769.03896219764,17.9,1.2066,79.23799086387062,9.839963927534411,1,17168.949239712103,7.432049865604021,0.15165181932968114,9.095823543208627e-5
GRC,H,2019,10211.844,1244.14,GRC_H,3.0922425092949927e-4,0.019426827617950986,38.3565690069278,19216.67595797847,18.5,1.26236,80.59009495104566,9.86353372053176,1,17550.677331482428,7.449299599418886,0.12183304014436572,3.0922425092949927e-4
GRC,H,2020,8787.786,620.44,GRC_H,5.650222955725513e-4,0.020307321514151475,39.7876360746134,17486.95133332298,20.1,1.48872,70.29374645807445,9.769210243689427,1,14836.10434802963,7.431456169181329,0.07060253856887276,5.650222955725513e-4
GRC,H,2021,9966.761,1298.825,GRC_H,6.959255689605218e-4,0.020202883547202722,41.9213046741732,19232.968332711374,21.5,1.43353,88.01266544903785,9.864381186145998,1,15671.965764697723,7.360373118566904,0.13031565620967533,6.959255689605218e-4
GRC,H,2022,11825.35,1812.244,GRC_H,5.464326433450156e-4,0.016758500367802884,42.923040428409,20552.32232796846,21.5,1.47714,108.12184322992242,9.930729222199648,1,17681.901724634445,7.310051361768986,0.15325077059029965,5.464326433450156e-4
HUN,C,2010,4974091,1219055,HUN_C,0,3.5516999241600375,21.639373536508,11287.368666610791,13.5,1.13102,157.83896008589605,9.331439562362826,0,7947.862190121119,0.468660345252733,0.2450809605212289,0
HUN,C,2011,5259480,1594011,HUN_C,1.363907851092947,3.7272091984899047,23.2549245597223,11536.3578996772,14.7,1.18116,166.75434720989713,9.353258883634082,0,9327.192079036238,0.572901850856703,0.3030738780259645,0
HUN,C,2012,5348234,1725926,HUN_C,0.7943959107410269,3.901956715472029,24.1618038721448,11440.76227188248,16.5,1.25758,166.17569860957047,9.344937894871524,1,8612.92391481718,0.4764974430499633,0.32270951495390815,0.7943959107410269
HUN,C,2013,5676427,1912191,HUN_C,1.2314539239039826,4.064799869017678,26.2621916555453,11729.572079850072,17.2,1.38449,164.4760247914666,9.369868460150883,1,8983.73290076732,0.45909350094458934,0.3368652499186548,1.2314539239039826
HUN,C,2014,6376095,2017335,HUN_C,0.9560101124391185,4.212813851763118,26.164233392363,12287.377944103324,15.7,1.3437,168.3583550864127,9.416327831067598,1,9024.03212592011,0.3473354138020656,0.31639036118502,0.9560101124391185
HUN,C,2015,7069606,1836417,HUN_C,0.39557736664573434,4.411965560045052,27.6322359587573,12782.941257797267,15.6,1.33884,167.29073849452425,9.455866846819692,1,9600.581122993592,0.30601888036126046,0.2597622837821514,0.39557736664573434
HUN,C,2016,7101718,2241110,HUN_C,2.159501406060933,4.774805135850667,28.6887907811727,13145.655988556287,15.3,1.17645,163.9719445001501,9.48384663995505,1,9680.050231664822,0.3097303638888003,0.3155729360135111,2.159501406060933
HUN,C,2017,7514497,2420359,HUN_C,2.6095682541800977,5.087292260902632,30.2136178819417,13734.2442804335,14.6,1.31498,165.03285584026756,9.527647575569224,0,10847.339442794133,0.36708574910745656,0.32209195106472194,0
HUN,C,2018,8015171,2829296,HUN_C,2.498197423438927,5.4189442417709435,31.5062908247816,14533.778314431238,13.6,1.50196,162.70085877792488,9.584230758165749,0,10952.313892589675,0.31221462749971035,0.3529925936701787,0
HUN,C,2019,8306248,3354882,HUN_C,2.4314133863010468,5.569698502688219,32.6466329851573,15290.808546633109,13.6,1.46473,159.92555646483092,9.635007178272721,0,11220.284998828329,0.30071529804019675,0.4038986074097475,0
HUN,C,2020,8431049,3155061,HUN_C,2.8173586770934627,5.614047873289939,33.4922037196533,14664.297119538538,14.8,1.58067,154.527002936377,9.593171051148598,0,11226.687566384831,0.28637256150977336,0.37421926974923286,0
HUN,C,2021,9182502,3656146,HUN_C,2.0529508875219054,5.6104829059295955,34.8391868436369,15787.953542756264,15.3,1.63327,159.1875273328341,9.667002494211665,1,11620.462309122231,0.23546781975381378,0.39816446541476386,2.0529508875219054
HUN,C,2022,11064574,4803889,HUN_C,3.0605451690657253,5.419810367384954,36.5338104764554,16487.797393594446,15.3,1.39056,185.00020409269848,9.710375834381892,1,10849.31986606193,-0.019646080121725733,0.434168455107264,3.0605451690657253
HUN,D_E,2010,929308,343314,HUN_D_E,0,0.7068958680224809,21.639373536508,11287.368666610791,13.5,1.13102,157.83896008589605,9.331439562362826,0,17288.6202550417,2.9233635521656427,0.369429726204875,0
HUN,D_E,2011,865524,367232,HUN_D_E,0.0846470359277555,0.8023033283830704,23.2549245597223,11536.3578996772,14.7,1.18116,166.75434720989713,9.353258883634082,0,16615.2232324587,2.9547395124284597,0.4242886390209861,0
HUN,D_E,2012,897103,274736,HUN_D_E,0.036144213341209645,0.9048081353331525,24.1618038721448,11440.76227188248,16.5,1.25758,166.17569860957047,9.344937894871524,1,15845.9253939381,2.871496990650414,0.30624800050830286,0.036144213341209645
HUN,D_E,2013,832361,296104,HUN_D_E,0.0710274664602035,1.0068820581214453,26.2621916555453,11729.572079850072,17.2,1.38449,164.4760247914666,9.369868460150883,1,13548.9223796305,2.789796053019577,0.3557398772888206,0.0710274664602035
HUN,D_E,2014,839569,302288,HUN_D_E,0.04743979671409315,1.1049271220831114,26.164233392363,12287.377944103324,15.7,1.3437,168.3583550864127,9.416327831067598,1,13411.8932613733,2.771008484191399,0.3600514073292368,0.04743979671409315
HUN,D_E,2015,874203,388635,HUN_D_E,0.014614824031757227,1.2443310851811251,27.6322359587573,12782.941257797267,15.6,1.33884,167.29073849452425,9.455866846819692,1,13859.745456450799,2.7634312931074922,0.44455921565128464,0.014614824031757227
HUN,D_E,2016,995173,284326,HUN_D_E,0.20913375756069283,1.5183182106260555,28.6887907811727,13145.655988556287,15.3,1.17645,163.9719445001501,9.48384663995505,1,14088.5299380385,2.6501996743486624,0.28570509851051024,0.20913375756069283
HUN,D_E,2017,897268,273033,HUN_D_E,0.3235859478274013,1.7721038868206078,30.2136178819417,13734.2442804335,14.6,1.31498,165.03285584026756,9.527647575569224,0,17569.6626690238,2.9745743906131836,0.3042937004328696,0
HUN,D_E,2018,895835,404646,HUN_D_E,0.29163122670214814,2.0561169300899036,31.5062908247816,14533.778314431238,13.6,1.50196,162.70085877792488,9.584230758165749,0,16720.4226956266,2.926629922926855,0.45169702009856727,0
HUN,D_E,2019,1016473,581976,HUN_D_E,0.2736648897629586,2.1893565220145867,32.6466329851573,15290.808546633109,13.6,1.46473,159.92555646483092,9.635007178272721,0,14253.6969196656,2.640677514024674,0.5725444748655399,0
HUN,D_E,2020,1000662,474263,HUN_D_E,0.3902325168036244,2.228984047451953,33.4922037196533,14664.297119538538,14.8,1.58067,154.527002936377,9.593171051148598,0,13316.223502431501,2.588321323099478,0.4739492455994132,0
HUN,D_E,2021,1049260,578259,HUN_D_E,0.18733682384682424,2.225791757501131,34.8391868436369,15787.953542756264,15.3,1.63327,159.1875273328341,9.667002494211665,1,12948.4829631972,2.5128934817811412,0.5511112593637421,0.18733682384682424
HUN,D_E,2022,1039070,744436,HUN_D_E,0.4806266586913657,2.056875638098904,36.5338104764554,16487.797393594446,15.3,1.39056,185.00020409269848,9.710375834381892,1,11226.9665953744,2.379992533767958,0.7164445128817115,0.4806266586913657
HUN,H,2010,1399793,591697,HUN_H,0,0.0025366513447352746,21.639373536508,11287.368666610791,13.5,1.13102,157.83896008589605,9.331439562362826,0,11649.212633051917,2.1189142240355614,0.4227032139752092,0
HUN,H,2011,1519273,517024,HUN_H,2.1828586732520038e-4,0.0030369230442552383,23.2549245597223,11536.3578996772,14.7,1.18116,166.75434720989713,9.353258883634082,0,10830.884860613061,1.9641698312887323,0.3403101351764956,0
HUN,H,2012,1562550,502025,HUN_H,9.095823543208627e-5,0.0036300285054204546,24.1618038721448,11440.76227188248,16.5,1.25758,166.17569860957047,9.344937894871524,1,10506.48202602717,1.9056733003857926,0.3212857188569966,9.095823543208627e-5
HUN,H,2013,1671892,631732,HUN_H,1.819081982160394e-4,0.00428384194232714,26.2621916555453,11729.572079850072,17.2,1.38449,164.4760247914666,9.369868460150883,1,9793.91887460591,1.7678057507982146,0.37785455041354343,1.819081982160394e-4
HUN,H,2014,1813653,822264,HUN_H,1.2006312351511775e-4,0.0049774480038197386,26.164233392363,12287.377944103324,15.7,1.3437,168.3583550864127,9.416327831067598,1,10928.815112585085,1.796059845984424,0.45337448784304385,1.2006312351511775e-4
HUN,H,2015,1911379,773185,HUN_H,3.638428698692563e-5,0.006087414014707224,27.6322359587573,12782.941257797267,15.6,1.33884,167.29073849452425,9.455866846819692,1,11931.382924911786,1.831347178255663,0.40451684359826073,3.638428698692563e-5
HUN,H,2016,2032552,764871,HUN_H,5.747170184781537e-4,0.008770987862854752,28.6887907811727,13145.655988556287,15.3,1.17645,163.9719445001501,9.48384663995505,1,11958.581264456887,1.7721569717446073,0.3763106675745565,5.747170184781537e-4
HUN,H,2017,2057045,857128,HUN_H,9.438311990843006e-4,0.011996354088958262,30.2136178819417,13734.2442804335,14.6,1.31498,165.03285584026756,9.527647575569224,0,12727.160692000693,1.8224678600500799,0.41667926564562274,0
HUN,H,2018,2230075,927685,HUN_H,8.365038578438685e-4,0.016703988085459368,31.5062908247816,14533.778314431238,13.6,1.50196,162.70085877792488,9.584230758165749,0,13524.066276499541,1.8024355682982167,0.4159882515162046,0
HUN,H,2019,2471674,920777,HUN_H,7.776441488940621e-4,0.01940767503716996,32.6466329851573,15290.808546633109,13.6,1.46473,159.92555646483092,9.635007178272721,0,14338.792318879163,1.758072960097334,0.37253173355385866,0
HUN,H,2020,2375878,942482,HUN_H,0.0011789848145177485,0.020282231816884003,33.4922037196533,14664.297119538538,14.8,1.58067,154.527002936377,9.593171051148598,0,12270.454748019743,1.64182726643359,0.39668787707112907,0
HUN,H,2021,2465217,1412772,HUN_H,5.09070469993188e-4,0.02021051803166149,34.8391868436369,15787.953542756264,15.3,1.63327,159.1875273328341,9.667002494211665,1,13414.7400445192,1.694074269644459,0.5730822073675461,5.09070469993188e-4
HUN,H,2022,3115608,1347227,HUN_H,0.001523935184936411,0.016718405680783886,36.5338104764554,16487.797393594446,15.3,1.39056,185.00020409269848,9.710375834381892,1,13393.984269599956,1.458381353266778,0.43241222900955445,0.001523935184936411
IRL,C,2010,32629.404,4636.899,IRL_C,2.1425622011736363,3.5426727161780263,22.3721452573765,46991.6464673949,5.3,1.59425,190.08027278671975,10.757725130159226,0,4836.692614338498,4.998772576941233,0.14210798946864003,0
IRL,C,2011,35658.557,3788.181,IRL_C,1.374200999191214,3.7271686276404146,23.3814204815178,47539.91817399676,7,1.53761,186.3048791790385,10.769325019709438,0,4330.547029763003,4.799460001726538,0.10623483726500767,0
IRL,C,2012,34627.549,5397.262,IRL_C,1.4585317887000024,3.9001987977404573,24.1750019347271,47147.16046694206,6.9,1.5455,190.35568231798467,10.761029062853448,0,4574.062034597563,4.883507357803702,0.15586612844010414,0
IRL,C,2013,34891.885,6570.614,IRL_C,1.709998405287672,4.063294711071354,25.7144376937159,47928.03464870052,7.7,1.53562,199.74258622444628,10.777455886695826,0,4668.351435438564,4.896306995975163,0.18831352906270324,0
IRL,C,2014,39289.203,7532.424,IRL_C,1.9978070947380289,4.209866116329482,27.0221858517779,52044.620118188664,8.8,1.47756,211.1816020020851,10.859856708820013,0,5226.178865925319,4.8904859233525615,0.19171740388828962,0
IRL,C,2015,95003.103,27642.33,IRL_C,2.25503131216644,4.407888037530461,27.8462651784045,64250.138518125656,9.5,1.14062,223.70293829064204,11.070539158679276,0,5425.868817267141,4.045023762009229,0.29096239098632387,0
IRL,C,2016,90028.082,47597.149,IRL_C,3.226465071315714,4.768977562837594,28.6147710435862,64205.979777350985,8.6,1.14954,239.70852779876844,11.069851628289909,0,5688.626140471203,4.146102402495789,0.5286922473812116,0
IRL,C,2017,99168.507,20811.128,IRL_C,2.978870339223691,5.085728730942943,29.0794615926246,69748.62210340142,10.1,1.20821,233.30408334671108,11.15265294469854,0,5944.063076870291,4.093327704068421,0.20985621977751467,0
IRL,C,2018,109857.413,32470.172,IRL_C,3.633892814781711,5.414187320194456,29.3513301848147,74029.05506114359,10.8,1.08244,222.4537160003992,11.212212931086379,0,6220.75657099964,4.036463534060189,0.2955665085614204,0
IRL,C,2019,116147.332,90682.345,IRL_C,3.6894160931580684,5.565138541332573,29.6453160652366,76485.63585465105,12.3,1.13733,257.6527729104208,11.244858235578402,0,6150.411790029283,3.9694148276317667,0.7807527167305057,0
IRL,C,2020,128318.86,66039.567,IRL_C,3.309258210692469,5.612431231419827,30.4353384554187,80927.936475395,13.7,1.12466,258.78043702625206,11.301314364517266,0,5928.588012479379,3.8330230944064017,0.5146520706309267,0
IRL,C,2021,153880.798,39673.734,IRL_C,3.4968434993465407,5.606630142047608,31.3616427884193,92781.2322150786,12.7,1.0732,231.03235086358603,11.437999659259562,0,6284.846243271658,3.709718392917639,0.2578212130145049,0
IRL,C,2022,193176.306,37194.325,IRL_C,3.4751397708612433,5.4177856230247725,31.5362809040128,97793.53666716968,12.7,1.53215,237.75541955937783,11.490613766591297,0,6477.437048682663,3.5124769194241736,0.19254082330366123,0
IRL,D_E,2010,3409.595,1689.018,IRL_D_E,0.20554415661791992,0.7021957287313744,22.3721452573765,46991.6464673949,5.3,1.59425,190.08027278671975,10.757725130159226,0,13503.01161639561,8.284074506329784,0.4953720309890178,0
IRL,D_E,2011,3616.883,1270.773,IRL_D_E,0.0857745693634058,0.8022803936408169,23.3814204815178,47539.91817399676,7,1.53761,186.3048791790385,10.769325019709438,0,12105.75904496283,8.115823967286076,0.3513447905281979,0
IRL,D_E,2012,3950.458,1373.015,IRL_D_E,0.09541069624649089,0.9037402934854519,24.1750019347271,47147.16046694206,6.9,1.5455,190.35568231798467,10.761029062853448,0,13010.143399902421,8.09965307217034,0.34755843499665107,0
IRL,D_E,2013,4147.638,1819.116,IRL_D_E,0.12875167663215956,1.0059103939322898,25.7144376937159,47928.03464870052,7.7,1.53562,199.74258622444628,10.777455886695826,0,11607.18525360156,7.936840588162996,0.4385908316974625,0
IRL,D_E,2014,4012.124,1648.013,IRL_D_E,0.17676597776269576,1.102927103815544,27.0221858517779,52044.620118188664,8.8,1.47756,211.1816020020851,10.859856708820013,0,11431.58447389455,7.95481459441894,0.41075824176919756,0
IRL,D_E,2015,3945.108,1624.793,IRL_D_E,0.23029264645512976,1.241394463134326,27.8462651784045,64250.138518125656,9.5,1.14062,223.70293829064204,11.070539158679276,0,12109.65671298006,8.029282158395887,0.41185006848988664,0
IRL,D_E,2016,4002.559,1718.791,IRL_D_E,0.5503929183920635,1.5137314515111897,28.6147710435862,64205.979777350985,8.6,1.14954,239.70852779876844,11.069851628289909,0,12859.15900875956,8.074877693188718,0.4294230266187206,0
IRL,D_E,2017,4018.021,1767.877,IRL_D_E,0.4487230113812124,1.770798223042913,29.0794615926246,69748.62210340142,10.1,1.20821,233.30408334671108,11.15265294469854,0,12003.21787489544,8.002140556204044,0.43998699857467144,0
IRL,D_E,2018,4374.277,2050.878,IRL_D_E,0.7506249164128284,2.0519514206661995,29.3513301848147,74029.05506114359,10.8,1.08244,222.4537160003992,11.212212931086379,0,10638.04987642808,7.7964512147965355,0.4688495950302187,0
IRL,D_E,2019,4405.138,2024.031,IRL_D_E,0.7811144321817699,2.1852927393104706,29.6453160652366,76485.63585465105,12.3,1.13733,257.6527729104208,11.244858235578402,0,9363.71144292242,7.661825425623685,0.45947050920992716,0
IRL,D_E,2020,4528.345,2054.078,IRL_D_E,0.5877333695295144,2.227536259964797,30.4353384554187,80927.936475395,13.7,1.12466,258.78043702625206,11.301314364517266,0,8870.9858321883,7.580184680848466,0.4536045729731281,0
IRL,D_E,2021,5974.643,2166.404,IRL_D_E,0.6786480211674756,2.222343096555681,31.3616427884193,92781.2322150786,12.7,1.0732,231.03235086358603,11.437999659259562,0,9113.68902392595,7.33000850346158,0.36259974026900016,0
IRL,D_E,2022,6023.838,2335.67,IRL_D_E,0.6676794656140395,2.055102131665629,31.5362809040128,97793.53666716968,12.7,1.53215,237.75541955937783,11.490613766591297,0,9106.742587303928,7.321045764095771,0.38773785085189877,0
IRL,H,2010,5684.422,2496.088,IRL_H,5.638077385409454e-4,0.002513211989452023,22.3721452573765,46991.6464673949,5.3,1.59425,190.08027278671975,10.757725130159226,0,11339.797872918658,7.598344301895833,0.43911025606473275,0
IRL,H,2011,5709.565,432.173,IRL_H,2.2131969786904054e-4,0.003036796990251349,23.3814204815178,47539.91817399676,7,1.53761,186.3048791790385,10.769325019709438,0,10759.866556554029,7.541435593202316,0.07569280671995153,0
IRL,H,2012,5668.228,2101.711,IRL_H,2.4738705711686095e-4,0.0036235331351598746,24.1750019347271,47147.16046694206,6.9,1.5455,190.35568231798467,10.761029062853448,0,10552.146731326287,7.529208052998319,0.37078801346734813,0
IRL,H,2013,5896.646,1824.055,IRL_H,3.3953762539146973e-4,0.004277300398458931,25.7144376937159,47928.03464870052,7.7,1.53562,199.74258622444628,10.777455886695826,0,10705.491180889745,7.504128368593958,0.3093377150332579,0
IRL,H,2014,6280.733,1481.056,IRL_H,4.7774395010790634e-4,0.004962614089158737,27.0221858517779,52044.620118188664,8.8,1.47756,211.1816020020851,10.859856708820013,0,11127.221750863915,7.479663101624177,0.2358094190598454,0
IRL,H,2015,6655.19,2233.462,IRL_H,6.398210978370814e-4,0.006062414642727384,27.8462651784045,64250.138518125656,9.5,1.14062,223.70293829064204,11.070539158679276,0,11277.363292221688,7.435155745636566,0.3355970302876402,0
IRL,H,2016,6796.919,4230.404,IRL_H,0.00181223401100944,0.008719812586366445,28.6147710435862,64205.979777350985,8.6,1.14954,239.70852779876844,11.069851628289909,0,11944.494267163935,7.471556299138081,0.622400237519382,0
IRL,H,2017,6998.073,3529.182,IRL_H,0.0013986266682805475,0.011977608129648305,29.0794615926246,69748.62210340142,10.1,1.20821,233.30408334671108,11.15265294469854,0,11674.7165302841,7.419545976738053,0.5043076858443746,0
IRL,H,2018,6372.713,2442.868,IRL_H,0.002760060940863837,0.016625022549860435,29.3513301848147,74029.05506114359,10.8,1.08244,222.4537160003992,11.212212931086379,0,11842.35907320401,7.527412853056742,0.38333249904710914,0
IRL,H,2019,7118.454,2112.39,IRL_H,0.002921681755636757,0.019319891120428867,29.6453160652366,76485.63585465105,12.3,1.13733,257.6527729104208,11.244858235578402,0,11829.305034329238,7.415644642190088,0.29674842318289896,0
IRL,H,2020,3675.513,746.174,IRL_H,0.0019749664519659264,0.020249679995200724,30.4353384554187,80927.936475395,13.7,1.12466,258.78043702625206,11.301314364517266,0,9939.703468316986,7.902599752284862,0.20301220537105977,0
IRL,H,2021,4859.249,1494.234,IRL_H,0.0023974170731429897,0.020133296018052447,31.3616427884193,92781.2322150786,12.7,1.0732,231.03235086358603,11.437999659259562,0,10655.32086158119,7.692930758566472,0.30750307300572577,0
IRL,H,2022,7801.113,2381.208,IRL_H,0.0023443989941314483,0.016684720816587947,31.5362809040128,97793.53666716968,12.7,1.53215,237.75541955937783,11.490613766591297,0,11746.834360199686,7.3170726512963755,0.30523952159134216,0
ITA,C,2010,229150.8,53772.8,ITA_C,2.1706368530154605,3.542380154802041,21.7704634480966,31928.55436210961,12.8,1.21296,51.66211181383393,10.371256009460247,0,74145.79798297808,5.779408374704365,0.23466119254220366,0
ITA,C,2011,234216.9,54902.1,ITA_C,2.2685167319225616,3.7214245367648617,22.393878996579,32039.503249431586,11.9,1.19531,54.47221494492875,10.374724896986937,0,72867.24986281311,5.740146960524493,0.23440708164099175,0
ITA,C,2012,224658,53484.7,ITA_C,2.4809471017721663,3.893724581592103,22.7375144996784,30953.414744742655,14.4,1.25559,54.88449527022041,10.34023860303618,0,68521.25804861113,5.720320066749506,0.23807164668073247,0
ITA,C,2013,223074.9,49719.1,ITA_C,2.2260051842720454,4.060616412356239,23.1031860985354,30330.022159966793,16.3,1.29425,54.03418463174985,10.319893331311004,1,60049.74631063348,5.595421013357239,0.22288074543572584,2.2260051842720454
ITA,C,2014,226342.7,53054.3,ITA_C,2.8673646704228,4.203524530518676,23.7083714537202,30325.028779392316,17.1,1.33148,54.454529933203155,10.3197286828437,1,56503.40606093733,5.520005977158803,0.23439810517414522,2.8673646704228
ITA,C,2015,237222.4,57325.6,ITA_C,2.915199047985487,4.403352116798823,24.5977602494059,30639.882975143213,16.6,1.33213,55.43568581482214,10.330057804498121,1,56601.76258024438,5.474797306959376,0.24165340203960503,2.915199047985487
ITA,C,2016,249997.8,61979.8,ITA_C,3.1001100374337747,4.770034619597696,25.7337403103573,31077.679267521067,16.1,1.35915,54.43214670183131,10.344245132051489,1,55684.77448167164,5.406009922101815,0.24792138170815906,3.1001100374337747
ITA,C,2017,258477.6,64251.3,ITA_C,3.5409312732963683,5.08189908918635,27.4652917045411,31635.522771080043,16.4,1.36393,57.58299402749108,10.362035906529956,1,53563.02405087831,5.333805222783918,0.24857589206956426,3.5409312732963683
ITA,C,2018,265738.5,69805,ITA_C,3.8317596808800602,5.412649171947224,28.4648521996575,31819.39718300667,17.1,1.41934,59.274983512815446,10.367831357117941,1,53415.60555035947,5.303345478493437,0.26268305119506585,3.8317596808800602
ITA,C,2019,267061.1,67345.2,ITA_C,3.827643696127837,5.564191574693823,29.0544644701951,32180.434101742845,17.3,1.45558,58.69419025947376,10.37911391025473,1,51549.361000951554,5.262817622482517,0.2521715068199749,3.827643696127837
ITA,C,2020,241771.9,60904.6,ITA_C,4.259478537234204,5.605803704975085,30.2586365187027,29469.798923862585,18.7,1.49869,53.93948390427637,10.291121252629488,1,48425.106281321896,5.299778963351871,0.251909340994549,4.259478537234204
ITA,C,2021,283106.8,71370,ITA_C,4.4071357853262985,5.599098403284374,31.2852927413407,32267.70910502011,17.5,1.41065,60.30197762027984,10.381822291048463,1,52694.33553206624,5.226439031982097,0.25209567555424317,4.4071357853262985
ITA,C,2022,307348.6,78693.7,ITA_C,3.9689493809688803,5.413965033981015,31.19136706407,33891.886652621615,17.5,1.36563,72.01650230326966,10.430930932943047,1,50332.12029555883,5.098416118475173,0.2560405350797108,3.9689493809688803
ITA,D_E,2010,31855.5,17310.9,ITA_D_E,0.21151968234727436,0.7020437429152923,21.7704634480966,31928.55436210961,12.8,1.21296,51.66211181383393,10.371256009460247,0,153133.11465495097,8.477852800973674,0.543419503696379,0
ITA,D_E,2011,31042.9,21476.5,ITA_D_E,0.2334076993344594,0.7990373368858104,22.393878996579,32039.503249431586,11.9,1.19531,54.47221494492875,10.374724896986937,0,152009.84405026902,8.496330442434,0.691832915094917,0
ITA,D_E,2012,32798.1,18009.4,ITA_D_E,0.28690630126737393,0.8998139080859726,22.7375144996784,30953.414744742655,14.4,1.25559,54.88449527022041,10.34023860303618,0,144029.297506483,8.387401425887122,0.5490988807278471,0
ITA,D_E,2013,34083.8,18812.8,ITA_D_E,0.22369667360803674,1.0041826836346799,23.1031860985354,30330.022159966793,16.3,1.29425,54.03418463174985,10.319893331311004,1,122617.847004732,8.188005664798286,0.5519572348153667,0.22369667360803674
ITA,D_E,2014,34078.7,15840.1,ITA_D_E,0.4076999087300264,1.098630812530193,23.7083714537202,30325.028779392316,17.1,1.33148,54.454529933203155,10.3197286828437,1,113738.555900284,8.112985168588246,0.4648093970720715,0.4076999087300264
ITA,D_E,2015,32560.5,13997.1,ITA_D_E,0.4249444086190097,1.238131644120132,24.5977602494059,30639.882975143213,16.6,1.33213,55.43568581482214,10.330057804498121,1,120890.90447590701,8.2195439046954,0.42987976228866265,0.4249444086190097
ITA,D_E,2016,34245.7,16450.3,ITA_D_E,0.4966554832191093,1.5145630157738585,25.7337403103573,31077.679267521067,16.1,1.35915,54.43214670183131,10.344245132051489,1,118187.98588484111,8.146470727146744,0.480361038028132,0.4966554832191093
ITA,D_E,2017,34706,15335.1,ITA_D_E,0.7012913629952358,1.7676016111582455,27.4652917045411,31635.522771080043,16.4,1.36393,57.58299402749108,10.362035906529956,1,121189.01613563001,8.158194139898614,0.44185731573791276,0.7012913629952358
ITA,D_E,2018,36226.2,16240.4,ITA_D_E,0.8627426973641158,2.0506050328424346,28.4648521996575,31819.39718300667,17.1,1.41934,59.274983512815446,10.367831357117941,1,113398.018207327,8.048876580045137,0.4483053701464686,0.8627426973641158
ITA,D_E,2019,39058.2,18081.7,ITA_D_E,0.8603130201252671,2.1844490670952124,29.0544644701951,32180.434101742845,17.3,1.45558,58.69419025947376,10.37911391025473,1,108456.850747677,7.9290548424645495,0.4629424807082764,0.8603130201252671
ITA,D_E,2020,39591.6,16675.9,ITA_D_E,1.1368398431593927,2.2216035232409173,30.2586365187027,29469.798923862585,18.7,1.49869,53.93948390427637,10.291121252629488,1,97058.32732892099,7.804450414891359,0.4211979308742259,1.1368398431593927
ITA,D_E,2021,41701.5,20739.4,ITA_D_E,1.240853059099809,2.215605370688058,31.2852927413407,32267.70910502011,17.5,1.41065,60.30197762027984,10.381822291048463,1,103981.769692919,7.821433771963105,0.4973298322602305,1.240853059099809
ITA,D_E,2022,52449.4,25246.1,ITA_D_E,0.9460490059673237,2.0517568308425043,31.19136706407,33891.886652621615,17.5,1.36563,72.01650230326966,10.430930932943047,1,108882.955338937,7.638179884729815,0.48134201725853865,0.9460490059673237
ITA,H,2010,73744.4,26776.2,ITA_H,5.819897935310252e-4,0.0025124558720698944,21.7704634480966,31928.55436210961,12.8,1.21296,51.66211181383393,10.371256009460247,0,109187.3222041507,7.300215178388029,0.36309468922385973,0
ITA,H,2011,74847.8,27342.4,ITA_H,6.49522346067521e-4,0.0030190014076197183,22.393878996579,32039.503249431586,11.9,1.19531,54.47221494492875,10.374724896986937,0,109150.71589511317,7.285028202459646,0.3653066623200682,0
ITA,H,2012,72510.1,22840.8,ITA_H,8.209221868298268e-4,0.0035997092678484266,22.7375144996784,30953.414744742655,14.4,1.25559,54.88449527022041,10.34023860303618,0,102511.04327913711,7.253999948563121,0.3150016342550899,0
ITA,H,2013,73198,19123.1,ITA_H,6.193783398173246e-4,0.004265684500161029,23.1031860985354,30330.022159966793,16.3,1.29425,54.03418463174985,10.319893331311004,1,100723.3432426034,7.226964763411022,0.26125167354299295,6.193783398173246e-4
ITA,H,2014,74652.9,19185.3,ITA_H,0.001243242810265291,0.004930848370386947,23.7083714537202,30325.028779392316,17.1,1.33148,54.454529933203155,10.3197286828437,1,105392.85135068338,7.2526007176041665,0.25699336529458333,0.001243242810265291
ITA,H,2015,75631.3,22564.4,ITA_H,0.0013077873037253842,0.006034723599670399,24.5977602494059,30639.882975143213,16.6,1.33213,55.43568581482214,10.330057804498121,1,103008.50269172972,7.216696595543423,0.2983473773424495,0.0013077873037253842
ITA,H,2016,78518.6,22193.5,ITA_H,0.0015884107789511108,0.00872907327719076,25.7337403103573,31077.679267521067,16.1,1.35915,54.43214670183131,10.344245132051489,1,101711.25346503456,7.166557690058123,0.2826527727188207,0.0015884107789511108
ITA,H,2017,80729.6,19622.9,ITA_H,0.002508714525286543,0.011931814745869764,27.4652917045411,31635.522771080043,16.4,1.36393,57.58299402749108,10.362035906529956,1,97611.05730108854,7.097640759396392,0.2430694565562074,0.002508714525286543
ITA,H,2018,80846.3,22327.4,ITA_H,0.003379299308963988,0.01659956801651174,28.4648521996575,31819.39718300667,17.1,1.41934,59.274983512815446,10.367831357117941,1,100202.58267715837,7.122399421305994,0.2761709564939892,0.003379299308963988
ITA,H,2019,82552.3,23380,ITA_H,0.003365135120500033,0.01930171022339517,29.0544644701951,32180.434101742845,17.3,1.45558,58.69419025947376,10.37911391025473,1,100918.68556618616,7.108638346277673,0.28321439862971715,0.003365135120500033
ITA,H,2020,69700.7,21970.6,ITA_H,0.005218168223182623,0.020116769455028112,30.2586365187027,29469.798923862585,18.7,1.49869,53.93948390427637,10.291121252629488,1,80674.8243889129,7.053971479388065,0.3152134770525977,0.005218168223182623
ITA,H,2021,77680.9,28493.6,ITA_H,0.006057813628621961,0.019983174831850345,31.2852927413407,32267.70910502011,17.5,1.41065,60.30197762027984,10.381822291048463,1,89688.49364386694,7.0514883539209405,0.3668031652568392,0.006057813628621961
ITA,H,2022,85747.3,26591.1,ITA_H,0.00388623240273522,0.016621341595451956,31.19136706407,33891.886652621615,17.5,1.36563,72.01650230326966,10.430930932943047,1,94521.97762796926,7.005183055264085,0.3101100559434524,0.00388623240273522
JPN,C,2010,104979500,28074900,JPN_C,5.586140786625553,3.169749979097106,26.6035065260031,32942.20207838348,4.7,3.10495,28.49847269383891,10.402509852692802,0,281236.59690400114,0.9854312039297849,0.26743221295586284,0
JPN,C,2011,97179400,30094500,JPN_C,5.684989473711321,3.3829875226578934,27.8666731326287,33011.134230129144,4.8,3.20537,30.194960728629617,10.404600184454733,0,285648.73720444855,1.0782041095327968,0.30967982926422677,0
JPN,C,2012,98426900,30574100,JPN_C,5.8324093426917765,3.566022366321549,28.2442659182057,33518.444936859916,4.7,3.1737,30.47091091717523,10.419851161421422,0,280470.69353021606,1.047155099429141,0.3106274809020705,0
JPN,C,2013,98326900,30138200,JPN_C,5.785624811863136,3.802876423311069,28.9051021054089,34239.88624734878,5,3.27895,33.97876865095107,10.44114650803488,0,283434.44198525534,1.05868320942192,0.30651022253320304,0
JPN,C,2014,101653800,31885600,JPN_C,5.878669720147988,3.965863757342719,29.6414897863191,34386.905855267105,5.6,3.36788,37.43143456865795,10.445431127156036,0,276929.2696594008,1.0021892068383793,0.31366854952790746,0
JPN,C,2015,110094700,34389100,JPN_C,6.068068841657177,4.166659540908142,30.5419859940146,34960.63938433849,6.2,3.24071,35.42740835447983,10.46197811862793,0,267431.8692254389,0.8875239348979238,0.31235926888396987,0
JPN,C,2016,110440900,34870600,JPN_C,6.198487470070669,4.5885138493524344,31.3035556297124,35242.19937714804,6.4,3.10665,31.31024684558842,10.469999489485922,0,260812.92866476107,0.8593228656748243,0.31573991157261483,0
JPN,C,2017,113025700,35309200,JPN_C,6.386330252783734,4.925663404284863,31.8990791226107,35861.97285456724,6.9,3.16636,34.42321357216859,10.487432761110615,0,260709.84366956362,0.8357928523548224,0.312399746252401,0
JPN,C,2018,114786500,37381700,JPN_C,6.606890069497941,5.274571316155143,32.6965336498031,36138.52908248143,7.3,3.2192,36.609931802107,10.495114862777848,0,259050.68974092093,0.8139498746838798,0.32566286105073333,0
JPN,C,2019,112832900,36199400,JPN_C,6.580329969865438,5.450164956113215,33.545921250597,36043.78440135178,7.8,3.21824,35.216418108414466,10.492489711796471,0,250499.8000737841,0.7975501592117828,0.3208230932644645,0
JPN,C,2020,108207500,33941700,JPN_C,6.596600041405212,5.49890572208259,34.8370612448992,34642.97187432387,8.5,3.26556,31.335208636772993,10.45285015213503,0,229148.76034374812,0.7503207210464974,0.31367234249012316,0
JPN,C,2021,114925400,34807800,JPN_C,6.5788654256916885,5.495578286749141,35.9391724358064,35741.16010629243,8.8,3.27383,36.73844622806984,10.48405824779189,0,239820.45505441978,0.7356073172156662,0.30287299413358576,0
JPN,C,2022,111108800,37465600,JPN_C,6.328671880670001,5.3150512381833925,36.8414210393741,36238.329489530246,8.8,3.40053,46.812986836893806,10.49787266333096,0,234518.82783921278,0.747025972526745,0.3371974137062051,0
JPN,D_E,2010,14490800,6626700,JPN_D_E,2.204026349524523,0.5257898462967922,26.6035065260031,32942.20207838348,4.7,3.10495,28.49847269383891,10.402509852692802,0,548013.900223286,3.6327866866987386,0.4573039445717283,0
JPN,D_E,2011,11713900,6602000,JPN_D_E,2.2927521970619553,0.622419136775928,27.8666731326287,33011.134230129144,4.8,3.20537,30.194960728629617,10.404600184454733,0,605803.817163088,3.9457800287642515,0.563603923543824,0
JPN,D_E,2012,10755700,6778400,JPN_D_E,2.4266588606512247,0.7143947635331362,28.2442659182057,33518.444936859916,4.7,3.1737,30.47091091717523,10.419851161421422,0,655511.5539201089,4.1099800825578505,0.630214676869009,0
JPN,D_E,2013,11534400,7145700,JPN_D_E,2.383968319284608,0.845779470684642,28.9051021054089,34239.88624734878,5,3.27895,33.97876865095107,10.44114650803488,0,665414.661429813,4.055076522682791,0.6195120682480233,0
JPN,D_E,2014,13236700,7167900,JPN_D_E,2.469039702465058,0.944126212596787,29.6414897863191,34386.905855267105,5.6,3.36788,37.43143456865795,10.445431127156036,0,634233.619987293,3.869424097618141,0.541517145512099,0
JPN,D_E,2015,15390900,7602600,JPN_D_E,2.6441721439116175,1.0738303881541298,30.5419859940146,34960.63938433849,6.2,3.24071,35.42740835447983,10.46197811862793,0,607656.180050233,3.675832803002982,0.4939672143929205,0
JPN,D_E,2016,15764800,7923300,JPN_D_E,2.766129541324472,1.374607955001246,31.3035556297124,35242.19937714804,6.4,3.10665,31.31024684558842,10.469999489485922,0,606005.127219195,3.649108840205197,0.502594387496194,0
JPN,D_E,2017,16206600,7664400,JPN_D_E,2.9434714296165847,1.6389779514038516,31.8990791226107,35861.97285456724,6.9,3.16636,34.42321357216859,10.487432761110615,0,588672.964632342,3.592452224456621,0.47291844063529676,0
JPN,D_E,2018,16282400,8029800,JPN_D_E,3.1538686790717323,1.9308302825496697,32.6965336498031,36138.52908248143,7.3,3.2192,36.609931802107,10.495114862777848,0,560330.435563734,3.538441903360311,0.49315825676804403,0
JPN,D_E,2019,17051500,7585100,JPN_D_E,3.1284220529790545,2.0835167086004542,33.545921250597,36043.78440135178,7.8,3.21824,35.216418108414466,10.492489711796471,0,536092.9912607829,3.4480694607817224,0.4448347652699176,0
JPN,D_E,2020,17319400,7829800,JPN_D_E,3.144006678578127,2.12649828790735,34.8370612448992,34642.97187432387,8.5,3.26556,31.335208636772993,10.45285015213503,0,514364.892093231,3.3911056598847904,0.45208263565712437,0
JPN,D_E,2021,15272600,8504200,JPN_D_E,3.1270197345563124,2.1235561905176144,35.9391724358064,35741.16010629243,8.8,3.27383,36.73844622806984,10.48405824779189,0,510966.254684768,3.510243176987392,0.5568272592747797,0
JPN,D_E,2022,13262900,8681900,JPN_D_E,2.8888404692257463,1.9657156681281867,36.8414210393741,36238.329489530246,8.8,3.40053,46.812986836893806,10.49787266333096,0,523457.12080980296,3.6754844545716265,0.6546004267543297,0
JPN,H,2010,25785500,6570200,JPN_H,0.019727485392231982,0.0017082715174888976,26.6035065260031,32942.20207838348,4.7,3.10495,28.49847269383891,10.402509852692802,0,228650.3466157202,2.182381647591808,0.25480211746912024,0
JPN,H,2011,25033500,6212700,JPN_H,0.021762637432382916,0.002131646378356468,27.8666731326287,33011.134230129144,4.8,3.20537,30.194960728629617,10.404600184454733,0,223027.29362078186,2.1870792290195906,0.24817544490382887,0
JPN,H,2012,26145600,7034900,JPN_H,0.025187862109806607,0.002574275657865841,28.2442659182057,33518.444936859916,4.7,3.1737,30.47091091717523,10.419851161421422,0,220699.2971943298,2.1331202125033153,0.2690663056116517,0
JPN,H,2013,26327000,6934800,JPN_H,0.024046985779427366,0.0032811202193899452,28.9051021054089,34239.88624734878,5,3.27895,33.97876865095107,10.44114650803488,0,218027.3828390717,2.114025635710922,0.26341018726022714,0
JPN,H,2014,27806600,7504700,JPN_H,0.026368304933601185,0.003874052477089883,29.6414897863191,34386.905855267105,5.6,3.36788,37.43143456865795,10.445431127156036,0,211967.42930037825,2.0311592249020927,0.2698891630044666,0
JPN,H,2015,28495700,7539700,JPN_H,0.03179532543447453,0.004750104844516129,30.5419859940146,34960.63938433849,6.2,3.24071,35.42740835447983,10.46197811862793,0,211320.36362656672,2.003622094335127,0.26459079790986006,0
JPN,H,2016,28529300,7691700,JPN_H,0.036155505354846115,0.007272962524123715,31.3035556297124,35242.19937714804,6.4,3.10665,31.31024684558842,10.469999489485922,0,208895.7537628671,1.99090371235836,0.26960703557395377,0
JPN,H,2017,29386500,8193500,JPN_H,0.04348140936500059,0.010204014603600396,31.8990791226107,35861.97285456724,6.9,3.16636,34.42321357216859,10.487432761110615,0,207088.5542191601,1.9526111147319594,0.27881850509587736,0
JPN,H,2018,29549500,9150500,JPN_H,0.0539443655875086,0.014464618075882956,32.6965336498031,36138.52908248143,7.3,3.2192,36.609931802107,10.495114862777848,0,204620.0322594323,1.935087934870924,0.3096668302340141,0
JPN,H,2019,29909500,9215400,JPN_H,0.05256510445474762,0.017231524444339032,33.545921250597,36043.78440135178,7.8,3.21824,35.216418108414466,10.492489711796471,0,200496.31008687534,1.9026196873355339,0.30810946354837093,0
JPN,H,2020,22785900,9020000,JPN_H,0.05340588138445603,0.018088148175810566,34.8370612448992,34642.97187432387,8.5,3.26556,31.335208636772993,10.45285015213503,0,180707.3611013512,2.0707370097493243,0.39585884252981013,0
JPN,H,2021,22998700,8836100,JPN_H,0.052490056837739774,0.018028354816850535,35.9391724358064,35741.16010629243,8.8,3.27383,36.73844622806984,10.48405824779189,0,185236.71919411345,2.086196877753803,0.38419997652041205,0
JPN,H,2022,25326800,8241100,JPN_H,0.0410905757878506,0.015060731829525196,36.8414210393741,36238.329489530246,8.8,3.40053,46.812986836893806,10.49787266333096,0,186652.43331740634,1.9973851184477633,0.32539049544356174,0
KOR,C,2010,387614600,135549900,KOR_C,3.467467347586171,3.5138880824553818,35.2563205089625,26623.048712292744,1.3,3.17913,88.02786771231239,10.189532612524832,0,119793.52316808575,-1.1742419264914665,0.34970277177381864,0
KOR,C,2011,420095000,162272000,KOR_C,4.097663375874986,3.6691260953838944,36.353305205381,27393.455357271963,1.4,3.44409,101.68061646213012,10.21805940827161,0,126513.26048044265,-1.2001337475703215,0.38627453314131327,0
KOR,C,2012,432456400,168364300,KOR_C,4.133293543685721,3.8499801267932403,36.8000321131758,27944.05641900452,1.6,3.6852,101.51727207905022,10.237959805487082,0,122150.63490560107,-1.2642265165979538,0.38932086564102186,0
KOR,C,2013,453458800,166698300,KOR_C,4.364245845581009,4.0095383858333795,37.4217663483917,28732.71115203303,1.9,3.77487,94.16752358558726,10.26579151410769,0,122695.101786943,-1.3072019857923658,0.36761509535155124,0
KOR,C,2014,463299200,174696100,KOR_C,4.381082721307121,4.163941159764901,37.9883114555998,29470.673299165515,2.9,3.88983,86.93425779720386,10.29115092240545,0,118851.01213739514,-1.3605023558174094,0.37706972081972084,0
KOR,C,2015,484311600,179529100,KOR_C,4.4088390344952835,4.370324635148559,39.2759563055891,30171.790654522236,2.7,3.78907,75.38817745649067,10.314662682547032,0,125306.74882565637,-1.3519637794285524,0.3706892422151359,0
KOR,C,2016,504320500,188257200,KOR_C,5.207439652414094,4.711680404857765,40.0712454963259,31005.407287638827,2.6,3.78638,69.89972213169192,10.341916896889888,0,126077.20031373549,-1.386317558433401,0.373288811380858,0
KOR,C,2017,542209100,222840600,KOR_C,5.496718682922471,5.026213538253757,41.1680978249153,31979.902730246704,2.8,4.07341,73.19214082640161,10.372862944802542,0,124323.9883526717,-1.4727607529498306,0.41098646260271177,0
KOR,C,2018,557281100,217342200,KOR_C,5.886008010571619,5.35256359353328,41.2189959375994,32852.88874889417,3.2,4.27155,74.70751621408243,10.399794957607941,0,122314.7558555466,-1.5164720921256452,0.3900046134706524,0
KOR,C,2019,538108300,211091200,KOR_C,6.205682249863584,5.489684300951781,42.0373507524342,33496.31138156434,3.2,4.36379,71.4470632403511,10.419190603737821,0,115177.82675087373,-1.541582587403678,0.39228385810068345,0
KOR,C,2020,529030900,225291200,KOR_C,5.9821385262219815,5.554653374615171,43.0540600860627,33215.929892810826,3.6,4.5214,65.544957860621,10.410784855878187,0,117826.28683053612,-1.5018354479597962,0.42585641027773613,0
KOR,C,2021,583209600,256409500,KOR_C,6.246621726664484,5.529785045429417,44.2526082339633,34792.93972145982,3.6,4.59673,75.30630476109123,10.45716976361207,0,123139.77200943012,-1.5552265734574684,0.43965239941180667,0
KOR,C,2022,615749600,281998600,KOR_C,6.267451570809185,5.321846274341911,45.4542124182774,35809.01381051443,3.6,4.84753,90.58514752785491,10.485954923113523,0,119209.39289091012,-1.6419588364390196,0.4579760993754604,0
KOR,D_E,2010,24773000,17722900,KOR_D_E,0.6638301741190561,0.6873444890992011,35.2563205089625,26623.048712292744,1.3,3.17913,88.02786771231239,10.189532612524832,0,322893.112318038,2.567566996421395,0.7154119404190046,0
KOR,D_E,2011,22657400,19403600,KOR_D_E,1.0282260953460147,0.7698841062739998,36.353305205381,27393.455357271963,1.4,3.44409,101.68061646213012,10.21805940827161,0,346708.092968246,2.727996685887279,0.8563912893800701,0
KOR,D_E,2012,24915600,19624400,KOR_D_E,1.0516433353373527,0.8735474294694284,36.8000321131758,27944.05641900452,1.6,3.6852,101.51727207905022,10.237959805487082,0,350900.74727566197,2.6450092988623237,0.7876350559488834,0
KOR,D_E,2013,29027500,20388500,KOR_D_E,1.21017469400005,0.9715492882317592,37.4217663483917,28732.71115203303,1.9,3.77487,94.16752358558726,10.26579151410769,0,346098.794344385,2.478480610569212,0.7023856687623805,0
KOR,D_E,2014,36039400,21870200,KOR_D_E,1.222173098552162,1.0720135074534196,37.9883114555998,29470.673299165515,2.9,3.88983,86.93425779720386,10.29115092240545,0,343825.654681855,2.255521926679695,0.6068414013551835,0
KOR,D_E,2015,43608000,22706700,KOR_D_E,1.2420790692647625,1.2144999023651133,39.2759563055891,30171.790654522236,2.7,3.78907,75.38817745649067,10.314662682547032,0,351631.200222371,2.087342279945893,0.5207003302146395,0
KOR,D_E,2016,46710100,22719500,KOR_D_E,1.8734159105684856,1.4689406326343146,40.0712454963259,31005.407287638827,2.6,3.78638,69.89972213169192,10.341916896889888,0,356523.007207639,2.0324383587378656,0.4863937349738065,0
KOR,D_E,2017,41815500,22837100,KOR_D_E,2.12456439393155,1.721352319348761,41.1680978249153,31979.902730246704,2.8,4.07341,73.19214082640161,10.372862944802542,0,365078.658883586,2.1668457499619884,0.5461395893867107,0
KOR,D_E,2018,36799100,21155600,KOR_D_E,2.475777563425542,1.998215433306246,41.2189959375994,32852.88874889417,3.2,4.27155,74.70751621408243,10.399794957607941,0,373688.19463372504,2.3179483571479342,0.5748944947023161,0
KOR,D_E,2019,38151400,23285500,KOR_D_E,2.7728869442096253,2.118347553381077,42.0373507524342,33496.31138156434,3.2,4.36379,71.4470632403511,10.419190603737821,0,361095.80384493904,2.2475808534317885,0.6103445745110271,0
KOR,D_E,2020,45605300,23179600,KOR_D_E,2.5644059405447486,2.175956159068465,43.0540600860627,33215.929892810826,3.6,4.5214,65.544957860621,10.410784855878187,0,329719.90627780504,1.9782195873605979,0.5082654866868543,0
KOR,D_E,2021,37579500,21780300,KOR_D_E,2.8113932028978237,2.1538552215087172,44.2526082339633,34792.93972145982,3.6,4.59673,75.30630476109123,10.45716976361207,0,341243.463923177,2.2061375040297,0.5795792919011695,0
KOR,D_E,2022,16493800,23059500,KOR_D_E,2.8310205643853523,1.9715906002054548,45.4542124182774,35809.01381051443,3.6,4.84753,90.58514752785491,10.485954923113523,0,335153.159739453,3.011603067879965,1.3980707902363312,0
KOR,H,2010,51970200,28374100,KOR_H,0.0023259296570024572,0.0024398659413500524,35.2563205089625,26623.048712292744,1.3,3.17913,88.02786771231239,10.189532612524832,0,86612.62607424248,0.5107751251779884,0.545968651265533,0
KOR,H,2011,48356600,31303600,KOR_H,0.004429140625506296,0.0028615803511737813,36.353305205381,27393.455357271963,1.4,3.44409,101.68061646213012,10.21805940827161,0,85124.86976482879,0.5655165173029576,0.6473490692066853,0
KOR,H,2012,50191300,31211400,KOR_H,0.004592136021473001,0.0034427032264673137,36.8000321131758,27944.05641900452,1.6,3.6852,101.51727207905022,10.237959805487082,0,87584.24695414187,0.5567594475750812,0.6218488064664593,0
KOR,H,2013,54224300,30192100,KOR_H,0.005801094180141478,0.004049983926650278,37.4217663483917,28732.71115203303,1.9,3.77487,94.16752358558726,10.26579151410769,0,90879.93640380842,0.5164101077356795,0.5568001799931027,0
KOR,H,2014,59294600,30881100,KOR_H,0.005900569072786806,0.004737037685051534,37.9883114555998,29470.673299165515,2.9,3.88983,86.93425779720386,10.29115092240545,0,92460.86291183975,0.4442672118663413,0.5208079656494858,0
KOR,H,2015,67509900,33143600,KOR_H,0.006068236168511856,0.005836816723844844,39.2759563055891,30171.790654522236,2.7,3.78907,75.38817745649067,10.314662682547032,0,98400.24233479465,0.3767690130165064,0.4909442911335967,0
KOR,H,2016,67938100,32303200,KOR_H,0.013526982099383477,0.008232088727535147,40.0712454963259,31005.407287638827,2.6,3.78638,69.89972213169192,10.341916896889888,0,101313.8169636913,0.3996258019469583,0.4754798853662378,0
KOR,H,2017,67635500,31916000,KOR_H,0.018048825509179363,0.011285164053323273,41.1680978249153,31979.902730246704,2.8,4.07341,73.19214082640161,10.372862944802542,0,103465.80416897689,0.4251081704745014,0.47188236946573914,0
KOR,H,2018,67661700,34353800,KOR_H,0.02656049622003764,0.015634770742476396,41.2189959375994,32852.88874889417,3.2,4.27155,74.70751621408243,10.399794957607941,0,101656.31720364939,0.40707739609558313,0.5077288924162414,0
KOR,H,2019,71042400,37220100,KOR_H,0.03641240033014111,0.017922919450100265,42.0373507524342,33496.31138156434,3.2,4.36379,71.4470632403511,10.419190603737821,0,106220.62298842575,0.4022413981565135,0.5239138880443228,0
KOR,H,2020,66603800,37177500,KOR_H,0.029209101703653716,0.019119524068599687,43.0540600860627,33215.929892810826,3.6,4.5214,65.544957860621,10.410784855878187,0,98939.88372301476,0.395750797595902,0.5581888721063963,0
KOR,H,2021,82702300,42524300,KOR_H,0.03790857153390061,0.01865246179405731,44.2526082339633,34792.93972145982,3.6,4.59673,75.30630476109123,10.45716976361207,0,105129.5243242828,0.2399457419252152,0.5141852161306275,0
KOR,H,2022,95655600,44140100,KOR_H,0.03869275998134712,0.015163147492366158,45.4542124182774,35809.01381051443,3.6,4.84753,90.58514752785491,10.485954923113523,0,107364.60254648331,0.11547630156372159,0.46144815358431707,0
NLD,C,2010,62837,10883,NLD_C,3.149358861462922,3.5246679654314246,37.7372328275169,44659.27283905796,3.9,1.69388,130.0817079353428,10.706817243108839,0,37395.065207703745,6.388749956423851,0.17319413721215207,0
NLD,C,2011,66266,12240,NLD_C,3.91801566582343,3.67958826727208,38.5614208058284,45239.73188879615,4.7,1.8651,141.75709932577556,10.719731003793312,0,36688.656394925965,6.316545951066386,0.18471010774756286,0
NLD,C,2012,66223,12676,NLD_C,3.724558608265824,3.8683681990126817,39.3374146344405,44631.87453887895,4.9,1.90094,149.39322305813147,10.706203558508664,0,36474.80339692869,6.311349148672509,0.19141385923319693,0
NLD,C,2013,64215,12153,NLD_C,3.5046127439761943,4.043223495163094,40.030499091092,44487.03063469,5,2.13953,150.65185022694936,10.702952979264111,0,34985.39399898918,6.300449110792085,0.18925484699836487,0
NLD,C,2014,65571,12797,NLD_C,3.7632130127170345,4.187522905595691,40.2287973950107,45042.066954583155,5.6,2.15067,151.71589105650085,10.715352153292185,0,34406.62034514679,6.262870751702642,0.19516249561543975,0
NLD,C,2015,70958,13613,NLD_C,4.216380257520585,4.377877125953134,41.0879703576802,45793.81354346971,5.8,2.11792,160.32581256480853,10.73190428550867,0,32067.1621704616,6.113499647456375,0.19184588066179994,0
NLD,C,2016,73940,15226,NLD_C,4.327137233807544,4.750940488210657,41.9813942626003,46655.03633820388,5.6,2.11546,150.96552921164994,10.750536160538333,0,34308.67294014723,6.139899503080886,0.20592372193670544,0
NLD,C,2017,79216,15476,NLD_C,4.974148699961707,5.052998890834171,42.0988982620643,47670.1057253297,6.4,2.14167,159.64605965684729,10.772059766055227,0,35477.13957391474,6.104465513751563,0.19536457281357303,0
NLD,C,2018,83919,17136,NLD_C,5.414281886253414,5.378926824848964,42.5152457224727,48463.02997399508,7.4,2.1027,163.5591465730439,10.788556517673737,0,34251.97342687914,6.011647412427078,0.20419690415758052,0
NLD,C,2019,86468,17512,NLD_C,5.385755388571927,5.536287087598674,42.5292659897442,49254.01588542638,8.6,2.14036,160.67667188499902,10.804746184096803,0,33263.18978750307,5.952432249467805,0.20252578988758846,0
NLD,C,2020,85598,16242,NLD_C,5.412589648722741,5.5820184472577346,42.6667277513049,47086.58041927016,10.7,2.26514,152.23323040970627,10.759743322619691,0,33432.6064506249,5.967625025399331,0.18974742400523376,0
NLD,C,2021,95886,15683,NLD_C,5.348393722984652,5.579124097120049,42.9460563127039,49780.84405268357,12.2,2.21542,163.15484268969772,10.815385531436407,0,33454.690025403695,5.854787279923857,0.163558809419519,0
NLD,C,2022,102836,18232,NLD_C,5.4100104786564875,5.3817727591424696,43.5643185557355,51777.543158886394,12.2,2.17529,184.1074842526816,10.854711804495155,0,31047.01000009439,5.710122300161789,0.17729199891088723,0
NLD,D_E,2010,11401,5875,NLD_D_E,0.5171368061875432,0.6928820605865278,37.7372328275169,44659.27283905796,3.9,1.69388,130.0817079353428,10.706817243108839,0,71097.8101563419,8.738110744976574,0.5153056749407947,0
NLD,D_E,2011,11699,6723,NLD_D_E,0.9145971681812699,0.7756621162936894,38.5614208058284,45239.73188879615,4.7,1.8651,141.75709932577556,10.719731003793312,0,67767.297984202,8.664331658887704,0.5746645012394221,0
NLD,D_E,2012,12091,6717,NLD_D_E,0.8008057971568092,0.8845326568773066,39.3374146344405,44631.87453887895,4.9,1.90094,149.39322305813147,10.706203558508664,0,64920.2176992949,8.588453000777914,0.5555371764122075,0
NLD,D_E,2013,11950,6702,NLD_D_E,0.6826030323295401,0.9930029389939876,40.030499091092,44487.03063469,5,2.13953,150.65185022694936,10.702952979264111,0,64897.164431546196,8.599827932012651,0.560836820083682,0
NLD,D_E,2014,11573,7631,NLD_D_E,0.8228155127755109,1.0878291958245534,40.2287973950107,45042.066954583155,5.6,2.15067,151.71589105650085,10.715352153292185,0,68170.2242722491,8.681088355382048,0.6593795904259915,0
NLD,D_E,2015,11928,7301,NLD_D_E,1.1073494363233332,1.2198842352505683,41.0879703576802,45793.81354346971,5.8,2.11792,160.32581256480853,10.73190428550867,0,75707.326333543,8.755741638436556,0.6120892018779343,0
NLD,D_E,2016,11923,7219,NLD_D_E,1.1839364046518552,1.4995710657533077,41.9813942626003,46655.03633820388,5.6,2.11546,150.96552921164994,10.750536160538333,0,74154.76483044,8.73544029702265,0.6054684223769186,0
NLD,D_E,2017,11663,6309,NLD_D_E,1.6785119304348088,1.7435442451610954,42.0988982620643,47670.1057253297,6.4,2.14167,159.64605965684729,10.772059766055227,0,70614.45791275,8.708568751106144,0.540941438737889,0
NLD,D_E,2018,12321,8079,NLD_D_E,2.0520342056292256,2.0211522812587286,42.5152457224727,48463.02997399508,7.4,2.1027,163.5591465730439,10.788556517673737,0,66590.908553252,8.595018215358426,0.6557097638178719,0
NLD,D_E,2019,13354,7936,NLD_D_E,2.0271060996848744,2.1596277907822037,42.5292659897442,49254.01588542638,8.6,2.14036,160.67667188499902,10.804746184096803,0,63846.979808631004,8.472428593553579,0.5942788677549797,0
NLD,D_E,2020,14468,9415,NLD_D_E,2.050552935548275,2.200345953208022,42.6667277513049,47086.58041927016,10.7,2.26514,152.23323040970627,10.759743322619691,0,54033.876522193,8.225427157762772,0.6507464749792646,0
NLD,D_E,2021,14203,9863,NLD_D_E,1.9945947427747464,2.197762870427942,42.9460563127039,49780.84405268357,12.2,2.21542,163.15484268969772,10.815385531436407,0,57196.392104761995,8.300792890388008,0.6944307540660424,0
NLD,D_E,2022,21640,11990,NLD_D_E,2.0482959064348245,2.0236330156914115,43.5643185557355,51777.543158886394,12.2,2.17529,184.1074842526816,10.854711804495155,0,53736.179237918,7.817298328490585,0.5540665434380776,0
NLD,H,2010,25633,6006,NLD_H,0.001672308561787749,0.002467087782869482,37.7372328275169,44659.27283905796,3.9,1.69388,130.0817079353428,10.706817243108839,0,34054.54607952616,7.191838230688331,0.23430733819685562,0
NLD,H,2011,25811,7564,NLD_H,0.0036898946934498795,0.002892418711076334,38.5614208058284,45239.73188879615,4.7,1.8651,141.75709932577556,10.719731003793312,0,34145.890850207135,7.187596773611881,0.2930533493471776,0
NLD,H,2012,26418,6700,NLD_H,0.003028698340519235,0.0035078683050029885,39.3374146344405,44631.87453887895,4.9,1.90094,149.39322305813147,10.706203558508664,0,32679.821859930616,7.120467501914896,0.25361495949731244,0
NLD,H,2013,27247,6470,NLD_H,0.002416676585414352,0.004190999756911822,40.030499091092,44487.03063469,5,2.13953,150.65185022694936,10.702952979264111,0,31811.31845494362,7.06263400839204,0.23745733475244982,0
NLD,H,2014,28688,6070,NLD_H,0.0031508211998117165,0.004851579777429293,40.2287973950107,45042.066954583155,5.6,2.15067,151.71589105650085,10.715352153292185,0,29460.653677050526,6.934331961538044,0.2115867261572783,0
NLD,H,2015,30824,8136,NLD_H,0.004995453516684094,0.005881501374829249,41.0879703576802,45793.81354346971,5.8,2.11792,160.32581256480853,10.73190428550867,0,29998.52049144272,6.880609735152405,0.2639501686997145,0
NLD,H,2016,31135,8687,NLD_H,0.005587642142077381,0.008563279261662596,41.9813942626003,46655.03633820388,5.6,2.11546,150.96552921164994,10.750536160538333,0,30190.447215644603,6.876948247636895,0.27901075959531074,0
NLD,H,2017,32437,9822,NLD_H,0.010711930125120995,0.011591769392269143,42.0988982620643,47670.1057253297,6.4,2.14167,159.64605965684729,10.772059766055227,0,30799.532413386776,6.855955040913764,0.302802355334957,0
NLD,H,2018,33015,7788,NLD_H,0.016626588763003963,0.016051072374697925,42.5152457224727,48463.02997399508,7.4,2.1027,163.5591465730439,10.788556517673737,0,30835.433097092136,6.839457729313374,0.23589277601090414,0
NLD,H,2019,34710,9464,NLD_H,0.016160674864000676,0.018773481054825968,42.5292659897442,49254.01588542638,8.6,2.14036,160.67667188499902,10.804746184096803,0,30273.580928713356,6.771002864739322,0.27265917602996254,0
NLD,H,2020,30329,7001,NLD_H,0.016598583751237923,0.01964681895994934,42.6667277513049,47086.58041927016,10.7,2.26514,152.23323040970627,10.759743322619691,0,25815.19753080131,6.746614298567542,0.23083517425566288,0
NLD,H,2021,34289,7927,NLD_H,0.015569908181528733,0.019590376473478787,42.9460563127039,49780.84405268357,12.2,2.21542,163.15484268969772,10.815385531436407,0,25828.92057045596,6.624425492426705,0.23118201172387645,0
NLD,H,2022,43945,8912,NLD_H,0.016555990352990147,0.016096661819849943,43.5643185557355,51777.543158886394,12.2,2.17529,184.1074842526816,10.854711804495155,0,27188.800856844235,6.427621582277835,0.20279895323700078,0
NOR,C,2010,189608,26269,NOR_C,0,3.5516999241600375,35.2484740738801,72804.39561883984,56,1.6412,68.2395193584281,11.195531611741684,1,13945.246652853633,4.297935204429332,0.13854373233196912,0
NOR,C,2011,191953,28882,NOR_C,1.363907851092947,3.7272091984899047,36.0526456056247,72660.67541249437,56,1.61714,69.59873363348326,11.193555601252143,1,14011.813233423487,4.290405504788945,0.15046391564601752,1.363907851092947
NOR,C,2012,200074,31200,NOR_C,1.363907851092947,3.900526086339939,37.0178249972402,73661.6785830334,56.9,1.61053,68.49855283897661,11.207237977996718,1,13837.44124095062,4.236446032529861,0.15594230134850107,1.363907851092947
NOR,C,2013,207342,30292,NOR_C,1.424088473016615,4.064279117132406,37.6116803448105,73515.91449174721,56.6,1.64216,67.97279259368321,11.205257185460297,1,13687.936816410003,4.189900595736768,0.14609678695102776,1.424088473016615
NOR,C,2014,217755,32864,NOR_C,1.363907851092947,4.212005344029323,38.4850493294753,74180.32387310108,55.8,1.70369,69.1373772209037,11.214254217077473,1,13542.034689436676,4.130183230079231,0.15092190764850405,1.363907851092947
NOR,C,2015,217910,30219,NOR_C,2.1330298778953134,4.408443732235197,39.5096431037131,74809.96580498976,56.5,1.92351,70.431856540017,11.222706387774911,1,13579.09949117838,4.13220495400445,0.1386765178284613,2.1330298778953134
NOR,C,2016,207830,36295,NOR_C,1.9437187607786417,4.775396493899275,40.2402948978253,75017.49447690551,57.7,2.03286,69.11684239746985,11.225476625009708,1,13460.378103013403,4.170785255836004,0.17463792522734928,1.9437187607786417
NOR,C,2017,215260,36840,NOR_C,2.4955363521983056,5.087669090491302,41.0328263217001,76247.41164453409,58.9,2.08168,69.10878176210608,11.241738748248038,1,14014.917064685993,4.176030946134524,0.1711418749419307,2.4955363521983056
NOR,C,2018,218314,38919,NOR_C,1.3387835452890693,5.420484250131192,41.5279365452303,76373.64746060915,58.9,2.03482,70.0031957894984,11.243392987127027,1,14060.576560684141,4.165195778256846,0.17827074763872222,1.3387835452890693
NOR,C,2019,225746,49517,NOR_C,2.906016297079194,5.568600648388029,42.2722351352817,76712.2871160349,59.8,2.13599,70.89582052729865,11.247817171605151,1,13853.042821400999,4.116849712356726,0.21934829410044918,2.906016297079194
NOR,C,2020,228046,42599,NOR_C,2.4129606206134415,5.614893091709494,44.3863056613216,75287.20595275977,60.9,2.24436,65.35397904133234,11.22906549168617,1,14150.673806915123,4.127970157810174,0.18680003157257746,2.4129606206134415
NOR,C,2021,242801,45389,NOR_C,2.0910915754455277,5.610436723236733,44.9392216218255,77812.71156143826,61.4,1.88764,71.22271377595989,11.262060084499325,1,15377.52303420127,4.148420001204263,0.18693909827389507,2.0910915754455277
NOR,C,2022,279965,50887,NOR_C,2.5008514321690867,5.421496435332831,45.6644653158508,79620.16354550788,61.4,1.55081,82.60947983613892,11.285022650627907,1,14305.843218049671,3.933758754077683,0.18176200596503134,2.5008514321690867
NOR,D_E,2010,72350,24098,NOR_D_E,0,0.7068958680224809,35.2484740738801,72804.39561883984,56,1.6412,68.2395193584281,11.195531611741684,1,15114.1384476818,5.341870452688941,0.33307532826537667,0
NOR,D_E,2011,70258,25291,NOR_D_E,0.0846470359277555,0.8023033283830704,36.0526456056247,72660.67541249437,56,1.61714,69.59873363348326,11.193555601252143,1,14387.8797672864,5.3219672675891925,0.35997324148139714,0.0846470359277555
NOR,D_E,2012,69271,28094,NOR_D_E,0.0846470359277555,0.9039390481345237,37.0178249972402,73661.6785830334,56.9,1.61053,68.49855283897661,11.207237977996718,1,14073.8813095718,5.314049620985074,0.40556654299779127,0.0846470359277555
NOR,D_E,2013,71835,28625,NOR_D_E,0.09138788663611966,1.0065458248159778,37.6116803448105,73515.91449174721,56.6,1.64216,67.97279259368321,11.205257185460297,1,14660.7884528241,5.318559934125459,0.3984826338136006,0.09138788663611966
NOR,D_E,2014,72253,33361,NOR_D_E,0.0846470359277555,1.1043783665020932,38.4850493294753,74180.32387310108,55.8,1.70369,69.1373772209037,11.214254217077473,1,14886.5266647223,5.328037983540634,0.461724772673799,0.0846470359277555
NOR,D_E,2015,71030,34880,NOR_D_E,0.2035451517303787,1.2417944759135608,39.5096431037131,74809.96580498976,56.5,1.92351,70.431856540017,11.222706387774911,1,15934.1896314489,5.413120047917194,0.4910601154441785,0.2035451517303787
NOR,D_E,2016,78704,40326,NOR_D_E,0.16684750924444045,1.5187839738580784,40.2402948978253,75017.49447690551,57.7,2.03286,69.11684239746985,11.225476625009708,1,15459.4043273053,5.2802788114176265,0.5123754828217117,0.16684750924444045
NOR,D_E,2017,84975,42565,NOR_D_E,0.29089848564943876,1.7724186178857881,41.0328263217001,76247.41164453409,58.9,2.08168,69.10878176210608,11.241738748248038,1,15894.2926718153,5.231358276729491,0.500912032950868,0.29089848564943876
NOR,D_E,2018,103575,50196,NOR_D_E,0.08193792374906546,2.0574660017140407,41.5279365452303,76373.64746060915,58.9,2.03482,70.0031957894984,11.243392987127027,1,15398.0727249201,5.001701644874164,0.48463432295438086,0.08193792374906546
NOR,D_E,2019,100466,53415,NOR_D_E,0.42159301974749536,2.1883779432363855,42.2722351352817,76712.2871160349,59.8,2.13599,70.89582052729865,11.247817171605151,1,15030.8579795761,5.008041203785029,0.5316724065853125,0.42159301974749536
NOR,D_E,2020,76949,56447,NOR_D_E,0.2688541011945729,2.22974108210116,44.3863056613216,75287.20595275977,60.9,2.24436,65.35397904133234,11.22906549168617,1,14288.092535550099,5.224038914798728,0.7335637890031059,0.2688541011945729
NOR,D_E,2021,146011,50689,NOR_D_E,0.19492760789134692,2.2257504105011487,44.9392216218255,77812.71156143826,61.4,1.88764,71.22271377595989,11.262060084499325,1,13800.5299117966,4.548780308477619,0.3471587757086795,0.19492760789134692
NOR,D_E,2022,227440,49064,NOR_D_E,0.2923634312385106,2.0583528321482425,45.6644653158508,79620.16354550788,61.4,1.55081,82.60947983613892,11.285022650627907,1,12884.7075299253,4.036909956993696,0.21572282799859305,0.2923634312385106
NOR,H,2010,129195,34036,NOR_H,0,0.0025366513447352746,35.2484740738801,72804.39561883984,56,1.6412,68.2395193584281,11.195531611741684,1,14137.61799080965,4.695271575426165,0.2634467278145439,0
NOR,H,2011,131248,37589,NOR_H,2.1828586732520038e-4,0.0030369230442552383,36.0526456056247,72660.67541249437,56,1.61714,69.59873363348326,11.193555601252143,1,14130.36585876021,4.678992704422696,0.2863967450932586,2.1828586732520038e-4
NOR,H,2012,135725,31101,NOR_H,2.1828586732520038e-4,0.0036247415795789646,37.0178249972402,73661.6785830334,56.9,1.61053,68.49855283897661,11.207237977996718,1,14255.557840588519,4.6542713537666796,0.2291471725916375,2.1828586732520038e-4
NOR,H,2013,149017,25057,NOR_H,2.3647420564126183e-4,0.00428157760133153,37.6116803448105,73515.91449174721,56.6,1.64216,67.97279259368321,11.205257185460297,1,14189.410108056552,4.556190804931539,0.16814860049524552,2.3647420564126183e-4
NOR,H,2014,150889,20973,NOR_H,2.1828586732520038e-4,0.004973375012373298,38.4850493294753,74180.32387310108,55.8,1.70369,69.1373772209037,11.214254217077473,1,14559.239794568291,4.569436641316893,0.13899621576125495,2.1828586732520038e-4
NOR,H,2015,154582,17719,NOR_H,5.577493971173882e-4,0.006065815658365873,39.5096431037131,74809.96580498976,56.5,1.92351,70.431856540017,11.222706387774911,1,14358.272677630794,4.531356848414671,0.11462524744148736,5.577493971173882e-4
NOR,H,2016,146536,25368,NOR_H,4.486494633015822e-4,0.008776197458160677,40.2402948978253,75017.49447690551,57.7,2.03286,69.11684239746985,11.225476625009708,1,13856.532979331443,4.549240963602919,0.17311786864661244,4.486494633015822e-4
NOR,H,2017,143759,20508,NOR_H,8.340826435159446e-4,0.012000876423728518,41.0328263217001,76247.41164453409,58.9,2.08168,69.10878176210608,11.241738748248038,1,13000.421242156859,4.504598752748266,0.14265541635654116,8.340826435159446e-4
NOR,H,2018,136944,28441,NOR_H,2.11010446645004e-4,0.01672963168293557,41.5279365452303,76373.64746060915,58.9,2.03482,70.0031957894984,11.243392987127027,1,12926.679100895706,4.547476518894106,0.20768343264400047,2.11010446645004e-4
NOR,H,2019,143651,52585,NOR_H,0.0012951564177012202,0.01938650432502139,42.2722351352817,76712.2871160349,59.8,2.13599,70.89582052729865,11.247817171605151,1,12724.308085751833,4.483882718774245,0.36606080013365727,0.0012951564177012202
NOR,H,2020,111511,41272,NOR_H,7.62061560713262e-4,0.02029927121348075,44.3863056613216,75287.20595275977,60.9,2.24436,65.35397904133234,11.22906549168617,1,11978.719776153343,4.676763761790235,0.37011595268628206,7.62061560713262e-4
NOR,H,2021,116360,46621,NOR_H,5.317701677475525e-4,0.02020959065164473,44.9392216218255,77812.71156143826,61.4,1.88764,71.22271377595989,11.262060084499325,1,11998.916215593295,4.635882775697233,0.4006617394293572,5.317701677475525e-4
NOR,H,2022,149951,48722,NOR_H,8.389250663097495e-4,0.016746507344249647,45.6644653158508,79620.16354550788,61.4,1.55081,82.60947983613892,11.285022650627907,1,12201.728451038642,4.3990243229384385,0.3249194736947403,8.389250663097495e-4
POL,C,2010,233113,44450,POL_C,0,3.5516999241600375,15.378511671936,10808.39756742376,9.5,0.72252,82.22585232199216,9.288078663514181,0,44781.97126733096,5.258037595796678,0.19068005645330804,0
POL,C,2011,252402,51078,POL_C,0.6782786622500536,3.729153117149849,18.2475205937044,11370.313427172998,10.4,0.74726,86.9236892837618,9.33876115251882,0,47707.54379970293,5.241821760743126,0.2023676516033946,0
POL,C,2012,268586,51159,POL_C,1.0787380611383672,3.9013438393003312,18.0079998184474,11542.235336801396,10.9,0.88476,88.82990330665832,9.353768224666355,0,45343.418439749425,5.128849156274925,0.19047530399946386,0
POL,C,2013,254807,53415,POL_C,1.6181421579833228,4.063642251017253,18.3773931656078,11628.22868095249,11.4,0.8807,90.41750724156292,9.361190927889968,0,44999.07170841296,5.17389074398963,0.20962924880399675,0
POL,C,2014,289160,62983,POL_C,1.846509014816907,4.210506379171746,18.904567196757,12093.162278739426,11.6,0.9454,92.03401971131778,9.400395470924497,0,46111.35389008849,5.071834318816916,0.21781366717388298,0
POL,C,2015,319738,71654,POL_C,2.8415511310175265,4.4040198658147975,18.9867934497166,12637.522032440616,11.9,0.99807,92.25542727419422,9.444425606744863,0,44660.658696475926,4.939346363987845,0.22410223370384502,0
POL,C,2016,341008,76857,POL_C,1.9202842595696712,4.775453349246056,19.1513139299534,13026.185898871834,11.3,0.9616,96.8659028060623,9.474716910374989,0,45958.82490616679,4.903595226466009,0.22538180922441703,0
POL,C,2017,337183,76871,POL_C,2.325359783675438,5.088157072891309,19.9531726069815,13695.645284872391,11.1,1.03055,100.5658952462796,9.524833198869176,0,49428.17563491041,4.987650087893338,0.22798005830661688,0
POL,C,2018,354032,84496,POL_C,2.2888625363027733,5.419368285112483,20.5313862679212,14551.085027708908,15.1,1.19426,102.4424621680053,9.585420842170386,0,51009.43212129165,4.970378533632675,0.23866769105617572,0
POL,C,2019,385535,94845,POL_C,2.7353014289985245,5.569056761278324,20.5043205670712,15221.309062445382,15.6,1.3088,101.58103381737295,9.630451637076176,1,50226.82784907059,4.869672602170477,0.2460087929759944,2.7353014289985245
POL,C,2020,382989,87258,POL_C,3.1476970856707434,5.613052279328313,21.9255858346119,15090.22284401132,16.1,1.37128,99.2590912303436,9.621802319314307,1,47756.24468959017,4.825858848056085,0.22783421978176918,3.1476970856707434
POL,C,2021,460459,88505,POL_C,3.792498156688722,5.604890484752478,22.8165643900514,16368.6239689025,15.2,1.41558,110.87428302194462,9.70312160873207,1,49961.053317754566,4.686775229166371,0.19221038138031835,3.792498156688722
POL,C,2022,547341,109414,POL_C,3.2399958092825036,5.419036198360572,23.8373449056172,17303.644943229963,15.2,1.44162,123.02133286034471,9.758672448653886,1,47817.36891358066,4.470072210316546,0.19990097580849964,3.2399958092825036
POL,D_E,2010,55997,29962,POL_D_E,0,0.7068958680224809,15.378511671936,10808.39756742376,9.5,0.72252,82.22585232199216,9.288078663514181,0,168769.00252282002,8.010988092066082,0.5350643784488455,0
POL,D_E,2011,57596,31157,POL_D_E,0.02901912800256022,0.8034027015129342,18.2475205937044,11370.313427172998,10.4,0.74726,86.9236892837618,9.33876115251882,0,169425.07320283732,7.986712941224522,0.540957705396208,0
POL,D_E,2012,65033,30747,POL_D_E,0.05721984011948028,0.9044357618743049,18.0079998184474,11542.235336801396,10.9,0.88476,88.82990330665832,9.353768224666355,0,164467.7589907102,7.835575002629596,0.47279073701044083,0
POL,D_E,2013,68307,30860,POL_D_E,0.11572358439485751,1.0061347045028437,18.3773931656078,11628.22868095249,11.4,0.8807,90.41750724156292,9.361190927889968,0,164929.15055289931,7.789259019735554,0.4517838581697337,0
POL,D_E,2014,68499,34599,POL_D_E,0.15009409464168563,1.1033613566063072,18.904567196757,12093.162278739426,11.6,0.9454,92.03401971131778,9.400395470924497,0,155306.5409886348,7.726336980035528,0.5051022642666316,0
POL,D_E,2015,71646,43767,POL_D_E,0.3986121222467272,1.2386117145015951,18.9867934497166,12637.522032440616,11.9,0.99807,92.25542727419422,9.444425606744863,0,158015.11192339243,7.6987086267408635,0.610878485888954,0
POL,D_E,2016,72325,29947,POL_D_E,0.16268477179382446,1.5188287571375851,19.1513139299534,13026.185898871834,11.3,0.9616,96.8659028060623,9.474716910374989,0,157737.2096991885,7.687515846692731,0.41406152782578637,0
POL,D_E,2017,72064,27797,POL_D_E,0.24689721624787656,1.7728262136993813,19.9531726069815,13695.645284872391,11.1,1.03055,100.5658952462796,9.524833198869176,0,159275.254981073,7.700834534791957,0.38572657637655416,0
POL,D_E,2018,74987,31982,POL_D_E,0.23816889287655918,2.0564883730474732,20.5313862679212,14551.085027708908,15.1,1.19426,102.4424621680053,9.585420842170386,0,157344.426064859,7.648877712884755,0.4265005934361956,0
POL,D_E,2019,78871,37079,POL_D_E,0.3627872840388475,2.1887844879250777,20.5043205670712,15221.309062445382,15.6,1.3088,101.58103381737295,9.630451637076176,1,145216.1103352651,7.5181647215185485,0.47012209810957134,0.3627872840388475
POL,D_E,2020,93236,34475,POL_D_E,0.5164360992745125,2.2280924119829058,21.9255858346119,15090.22284401132,16.1,1.37128,99.2590912303436,9.621802319314307,1,133735.2160161198,7.268483210985529,0.36976060749066886,0.5164360992745125
POL,D_E,2021,98693,35279,POL_D_E,0.8397337327705445,2.220786362974826,22.8165643900514,16368.6239689025,15.2,1.41558,110.87428302194462,9.70312160873207,1,155692.83035508858,7.363626287007574,0.3574620287153091,0.8397337327705445
POL,D_E,2022,122126,39361,POL_D_E,0.5563794988400779,2.0561974782809362,23.8373449056172,17303.644943229963,15.2,1.44162,123.02133286034471,9.758672448653886,1,150616.3935018995,7.117438144356935,0.32229828210209127,0.5563794988400779
POL,H,2010,76460,43995,POL_H,0,0.0025366513447352746,15.378511671936,10808.39756742376,9.5,0.72252,82.22585232199216,9.288078663514181,0,47118.29890168534,6.423648987998173,0.5753989013863458,0
POL,H,2011,79036,54395,POL_H,7.276725020567592e-5,0.003042968795684815,18.2475205937044,11370.313427172998,10.4,0.74726,86.9236892837618,9.33876115251882,0,47724.29431228104,6.403292417071014,0.6882306796902677,0
POL,H,2012,89849,50735,POL_H,1.4552920572392686e-4,0.0036277626834825215,18.0079998184474,11542.235336801396,10.9,0.88476,88.82990330665832,9.353768224666355,0,45874.68329987866,6.235538198281075,0.5646696123496088,0
POL,H,2013,92483,42902,POL_H,3.0316436695145606e-4,0.0042788099661491465,18.3773931656078,11628.22868095249,11.4,0.8807,90.41750724156292,9.361190927889968,0,43178.486116626744,6.146072799781897,0.46389066098634346,0
POL,H,2014,98825,44436,POL_H,4.001543654963748e-4,0.004965832391814546,18.904567196757,12093.162278739426,11.6,0.9454,92.03401971131778,9.400395470924497,0,43791.38804104081,6.093841847781968,0.4496433088793321,0
POL,H,2015,106649,50907,POL_H,0.0012096716660718967,0.006038792264527383,18.9867934497166,12637.522032440616,11.9,0.99807,92.25542727419422,9.444425606744863,0,46654.31033176669,6.080977530849961,0.47733218314283304,0
POL,H,2016,109823,43741,POL_H,4.365240963293319e-4,0.008776698488817108,19.1513139299534,13026.185898871834,11.3,0.9616,96.8659028060623,9.474716910374989,0,53259.98367370657,6.18407057392225,0.3982863334638464,0
POL,H,2017,122007,44574,POL_H,6.918823546644605e-4,0.01200673520668745,19.9531726069815,13695.645284872391,11.1,1.03055,100.5658952462796,9.524833198869176,0,61543.70628257753,6.223424452512353,0.3653396936241363,0
POL,H,2018,139465,60462,POL_H,6.644085248454191e-4,0.01671104521011034,20.5313862679212,14551.085027708908,15.1,1.19426,102.4424621680053,9.585420842170386,0,63322.882470524884,6.118188361510585,0.43352812533610585,0
POL,H,2019,146511,62306,POL_H,0.0010802530546495616,0.019395297109403166,20.5043205670712,15221.309062445382,15.6,1.3088,101.58103381737295,9.630451637076176,1,64293.32958993417,6.084110655000596,0.4252649971674482,0.0010802530546495616
POL,H,2020,140302,61441,POL_H,0.001669409890186003,0.020262178978921144,21.9255858346119,15090.22284401132,16.1,1.37128,99.2590912303436,9.621802319314307,1,61383.70523139169,6.0811024496286485,0.43791963051132554,0.001669409890186003
POL,H,2021,144422,66456,POL_H,0.0032465272530931375,0.020098523018304355,22.8165643900514,16368.6239689025,15.2,1.41558,110.87428302194462,9.70312160873207,1,64263.113167997326,6.098001508508085,0.46015150046391823,0.0032465272530931375
POL,H,2022,180265,75354,POL_H,0.0018379184552322584,0.016705518219517847,23.8373449056172,17303.644943229963,15.2,1.44162,123.02133286034471,9.758672448653886,1,69284.55373582711,5.9515492800636896,0.4180179180650709,0.0018379184552322584
PRT,C,2010,20837.124,4496.126,PRT_C,0,3.5516999241600375,20.1035764454099,19698.68367913974,27.8,1.53317,67.68924019279825,9.888307094175858,1,12139.375063442449,6.36747338228958,0.21577478734589287,0
PRT,C,2011,19974.695,4362.958,PRT_C,0,3.7301236612563913,21.2468026111835,19389.639589616218,27.2,1.45558,73.00757567005311,9.872494160627962,1,10587.16272144706,6.2729312597056825,0.21842426129660553,0
PRT,C,2012,19171.822,3800.714,PRT_C,0,3.902977341791512,22.7408340982484,18679.76267895936,25.5,1.37661,75.9411067187813,9.835196007149634,1,9586.91461448173,6.214712789770544,0.1982447990597868,0
PRT,C,2013,19738.979,3612.504,PRT_C,0.7315519839049965,4.0657635165647825,24.5102597000009,18597.72146239644,30.2,1.32325,78.0305056874282,9.83079435017561,1,9703.384270999679,6.197634687283035,0.18301372122641196,0.7315519839049965
PRT,C,2014,20507.877,4134.703,PRT_C,1.5370520825651826,4.211548757550447,27.4622463014594,18836.89679789059,30.5,1.28892,80.220669072079,9.843572821075837,1,10335.47702575526,6.222528571144876,0.20161535979565318,1.5370520825651826
PRT,C,2015,21978.036,4256.518,PRT_C,1.8206508619885824,4.409591763510921,30.2999720257926,19215.781301434683,27.2,1.24552,80.63467562664434,9.863487163188944,1,10227.956713257801,6.142836513196588,0.1936714454376178,1.8206508619885824
PRT,C,2016,22819.558,5160.705,PRT_C,1.5855409977661734,4.776135225469685,32.6259001706105,19662.82312461998,29,1.2815,79.52234648440006,9.88648498077861,1,9379.67044446018,6.0186819322584375,0.22615271514023189,1.5855409977661734
PRT,C,2017,24303.603,6115.122,PRT_C,1.0787380611383672,5.090029112730115,34.6016066063915,20364.196273594596,24.4,1.32224,84.80779230695387,9.921533553239115,1,9992.261667211289,6.018941628173495,0.251613803928578,1.0787380611383672
PRT,C,2018,25260.083,6588.428,PRT_C,2.172484429015532,5.419568284708091,36.6542819407724,20997.77459870127,27.5,1.35078,86.73569549183993,9.95217173959977,1,9342.015539878248,5.913051901758658,0.26082368771314013,2.172484429015532
PRT,C,2019,25605.289,6396.991,PRT_C,2.5480495247257546,5.569474989127693,38.3605751907072,21569.1874752919,28.2,1.39487,86.77098890835859,9.979021069470727,1,9453.326069722041,5.9113229919037185,0.24983084549446014,2.5480495247257546
PRT,C,2020,24304.947,6291.875,PRT_C,3.1576472453295628,5.613016871541549,40.1215406866329,19778.7139525722,31.3,1.60979,76.5086407209215,9.892361585498369,1,9532.37890558933,5.971769678455922,0.25887219585379057,3.1576472453295628
PRT,C,2021,26938.165,7607.47,PRT_C,2.8523454186363373,5.609027653311386,41.5145728650954,20747.69907341633,32.3,1.66711,85.87354521489755,9.940190631482183,1,9249.31284448567,5.838760486330224,0.28240490768394955,2.8523454186363373
PRT,C,2022,30402.575,8899.371,PRT_C,2.8022404889388968,5.420706200633811,42.937003513367,22042.868028364705,32.3,1.69051,101.36414647943452,10.000744383129602,1,9339.53604998512,5.727484547767624,0.2927176727629156,2.8022404889388968
PRT,D_E,2010,5056.493,3295.408,PRT_D_E,0,0.7068958680224809,20.1035764454099,19698.68367913974,27.8,1.53317,67.68924019279825,9.888307094175858,1,17465.737591161,8.147323228878209,0.6517180978990774,0
PRT,D_E,2011,4976.631,2955.737,PRT_D_E,0,0.8039519351768174,21.2468026111835,19389.639589616218,27.2,1.45558,73.00757567005311,9.872494160627962,1,19152.2545890455,8.25542256470921,0.5939232786196124,0
PRT,D_E,2012,5187.108,2558.71,PRT_D_E,0,0.9054284497924437,22.7408340982484,18679.76267895936,25.5,1.37661,75.9411067187813,9.835196007149634,1,20224.522380363498,8.268474809901772,0.4932825767267618,0
PRT,D_E,2013,5146.988,2503.29,PRT_D_E,0.03219178495536323,1.0075044189976927,24.5102597000009,18597.72146239644,30.2,1.32325,78.0305056874282,9.83079435017561,1,18785.9716815301,8.202453993916501,0.4863601780303354,0.03219178495536323
PRT,D_E,2014,5537.54,2227.193,PRT_D_E,0.10505027674803055,1.1040685321678216,27.4622463014594,18836.89679789059,30.5,1.28892,80.220669072079,9.843572821075837,1,17605.386710973,8.064409838500483,0.4021989908876505,0.10505027674803055
PRT,D_E,2015,6273.267,2040.809,PRT_D_E,0.14586088059216898,1.2426210750363906,30.2999720257926,19215.781301434683,27.2,1.24552,80.63467562664434,9.863487163188944,1,21603.900430643,8.144331881287574,0.32531837079467524,0.14586088059216898
PRT,D_E,2016,6370.881,1742.145,PRT_D_E,0.11134201854698374,1.5193658930416027,32.6259001706105,19662.82312461998,29,1.2815,79.52234648440006,9.88648498077861,1,20811.069627591,8.091502553185315,0.27345433072757125,0.11134201854698374
PRT,D_E,2017,5806.458,1829.671,PRT_D_E,0.05721984011948028,1.7743901714459094,34.6016066063915,20364.196273594596,24.4,1.32224,84.80779230695387,9.921533553239115,1,24439.924674735597,8.345002584827862,0.31510965893493076,0.05721984011948028
PRT,D_E,2018,6338.452,1908.151,PRT_D_E,0.2119175732919561,2.0566635705073515,36.6542819407724,20997.77459870127,27.5,1.35078,86.73569549183993,9.95217173959977,1,20814.4958811516,8.096770365719944,0.30104369331817926,0.2119175732919561
PRT,D_E,2019,6190.16,2170.778,PRT_D_E,0.30562145624437853,2.189157282448234,38.3605751907072,21569.1874752919,28.2,1.39487,86.77098890835859,9.979021069470727,1,15632.0248613404,7.834116030189968,0.35068205022164206,0.30562145624437853
PRT,D_E,2020,5807.385,2193.086,PRT_D_E,0.5206417593013781,2.2280607031335693,40.1215406866329,19778.7139525722,31.3,1.60979,76.5086407209215,9.892361585498369,1,12833.0704171068,7.7006503609330466,0.3776374392260888,0.5206417593013781
PRT,D_E,2021,5424.52,2330.125,PRT_D_E,0.40239381850791495,2.22448897748146,41.5145728650954,20747.69907341633,32.3,1.66711,85.87354521489755,9.940190631482183,1,11441.1175464927,7.654039531543814,0.42955413566545975,0.40239381850791495
PRT,D_E,2022,3766.427,2426.656,PRT_D_E,0.3850630748081442,2.0576604550886675,42.937003513367,22042.868028364705,32.3,1.69051,101.36414647943452,10.000744383129602,1,11341.9468873497,8.010136439026441,0.6442859505839353,0.3850630748081442
PRT,H,2010,7446.799,1341.05,PRT_H,0,0.0025366513447352746,20.1035764454099,19698.68367913974,27.8,1.53317,67.68924019279825,9.888307094175858,1,18526.43566756,7.81916967045529,0.18008408713596272,0
PRT,H,2011,7173.037,2243.274,PRT_H,0,0.0030459916576931027,21.2468026111835,19389.639589616218,27.2,1.45558,73.00757567005311,9.872494160627962,1,17198.532642248163,7.782250212301858,0.31273698992490906,0
PRT,H,2012,6951.11,1446.945,PRT_H,0,0.0036338048639083455,22.7408340982484,18679.76267895936,25.5,1.37661,75.9411067187813,9.835196007149634,1,15831.955180817351,7.730884297300505,0.20816027943738483,0
PRT,H,2013,7211.15,1430.715,PRT_H,8.085136489284065e-5,0.004288035186399622,24.5102597000009,18597.72146239644,30.2,1.32325,78.0305056874282,9.83079435017561,1,15604.746194594001,7.679701950936788,0.1984031673172795,8.085136489284065e-5
PRT,H,2014,7152.158,1343.108,PRT_H,2.737156077454119e-4,0.00497107632966059,27.4622463014594,18836.89679789059,30.5,1.28892,80.220669072079,9.843572821075837,1,15689.107156739161,7.6933078095152405,0.1877905941115954,2.737156077454119e-4
PRT,H,2015,7666.561,1868.029,PRT_H,3.880284104852219e-4,0.006072847900279409,30.2999720257926,19215.781301434683,27.2,1.24552,80.63467562664434,9.863487163188944,1,15770.096663532919,7.629002664964506,0.24365931478272984,3.880284104852219e-4
PRT,H,2016,7768.903,1633.855,PRT_H,2.9103723577977587e-4,0.008782709638493525,32.6259001706105,19662.82312461998,29,1.2815,79.52234648440006,9.88648498077861,1,16349.337367611572,7.651813677158325,0.2103070407752549,2.9103723577977587e-4
PRT,H,2017,8454.13,1997.791,PRT_H,1.4552920572392686e-4,0.0120292373927123,34.6016066063915,20364.196273594596,24.4,1.32224,84.80779230695387,9.921533553239115,1,16699.954160684607,7.588506174169354,0.23630947241170885,1.4552920572392686e-4
PRT,H,2018,8786.009,1931.019,PRT_H,5.832043284797027e-4,0.016714374716932587,36.6542819407724,20997.77459870127,27.5,1.35078,86.73569549183993,9.95217173959977,1,16819.918914752987,7.55715854284153,0.21978340791592632,5.832043284797027e-4
PRT,H,2019,9451.987,2184.545,PRT_H,8.830729206274939e-4,0.019403363016681486,38.3605751907072,21569.1874752919,28.2,1.39487,86.77098890835859,9.979021069470727,1,17196.71387828797,7.506248607007151,0.23112018668667236,8.830729206274939e-4
PRT,H,2020,6989.403,2113.249,PRT_H,0.0016868381900368805,0.02026146617023422,40.1215406866329,19778.7139525722,31.3,1.60979,76.5086407209215,9.892361585498369,1,14351.599697132508,7.627221547253793,0.30235042964327563,0.0016868381900368805
PRT,H,2021,7775.369,2416.848,PRT_H,0.0012236046937119424,0.020181315730687474,41.5145728650954,20747.69907341633,32.3,1.66711,85.87354521489755,9.940190631482183,1,14745.144608030123,7.547708211713835,0.31083386524806733,0.0012236046937119424
PRT,H,2022,9767.728,3240.39,PRT_H,0.0011601812471548915,0.016733330715855366,42.937003513367,22042.868028364705,32.3,1.69051,101.36414647943452,10.000744383129602,1,16274.473283642694,7.418269212635952,0.3317444957517245,0.0011601812471548915
SVK,C,2010,11777.196,2893.59,SVK_C,0,3.5516999241600375,16.2644145767381,14596.147777688731,10.3,0.60583,155.10849768158593,9.588512922038433,0,11169.89368710137,6.854812254971577,0.2456943061828979,0
SVK,C,2011,12469.872,4714.818,SVK_C,0,3.7301236612563913,17.6561458836789,14950.873517859864,10.4,0.65398,169.17807631106572,9.612525006400194,0,11171.561120127019,6.797811147376569,0.37809674389600795,0
SVK,C,2012,12736.145,3821.592,SVK_C,0.21722264621996362,3.902773299844852,19.3434773928924,15159.657042000448,10.5,0.79377,176.96895818143128,9.626393036381131,0,11216.469867883081,6.780694486952358,0.30005876974547635,0
SVK,C,2013,12441.412,3553.328,SVK_C,0,4.06653375269736,20.4985858774048,15249.882451378477,10.7,0.8184,180.90313649145807,9.632327073899521,0,11068.779283095057,6.790853161399416,0.2856048815038036,0
SVK,C,2014,14190.191,3503.351,SVK_C,0,4.213801140985385,21.9975144176702,15647.649176351691,12.2,0.87462,176.75631609813186,9.658075972311597,0,11264.91282846868,6.676897163308935,0.2468854013311026,0
SVK,C,2015,15133.865,4082.421,SVK_C,0.772226131749183,4.411622115213894,23.5008610259474,16442.07608600175,13.4,1.15366,179.42602289503048,9.707598943240708,0,11329.721511065587,6.618249826016917,0.2697540251614508,0
SVK,C,2016,14502.074,4042.102,SVK_C,1.0787380611383672,4.776816637054938,24.626445872585,16740.741399642804,13.1,0.78513,182.75737959620065,9.725600632169233,0,11731.736014162594,6.695761254813419,0.2787257877735281,0
SVK,C,2017,14545.101,4703.747,SVK_C,0.6782786622500536,5.090278085037709,25.8590797873319,17195.28887219626,12.4,0.88153,186.64468739954876,9.75239072250404,0,12461.016177037613,6.753106108265405,0.32339046665953025,0
SVK,C,2018,16346.291,4493.508,SVK_C,0.7943959107410269,5.420779445904373,27.6953839189658,17869.0149173679,12.4,0.83184,188.7329646994964,9.790823481696595,0,12954.169678784261,6.675171976764043,0.27489465347215464,0
SVK,C,2019,17682.291,4537.21,SVK_C,1.0969190706086485,5.571028515477023,29.181106904051,18250.980247563653,17.6,0.82138,183.72260863123552,9.811974069763458,1,12037.249148101177,6.523197586424336,0.256596274770051,1.0969190706086485
SVK,C,2020,16544.431,3344.268,SVK_C,1.4119603169352144,5.615964677592148,31.192548373756,17763.856384735176,17.6,0.88944,167.53417332036636,9.784921131755082,1,11527.719704114237,6.546460273301154,0.20213859273854748,1.4119603169352144
SVK,C,2021,16941.869,3533.174,SVK_C,0.17738990694185972,5.611488214523155,32.6060735005904,18808.454049659547,17.9,0.90093,181.97948448511968,9.84206173123325,1,13144.574389382187,6.65397634478582,0.20854688464419127,0.17738990694185972
SVK,C,2022,19078.725,4013.446,SVK_C,0,5.4235559125053765,33.9988127597088,18964.829840062357,17.9,0.97686,204.05631853115133,9.85034148176861,1,12687.242004848205,6.499778361096195,0.21036238008567135,0
SVK,D_E,2010,2981.024,1775.981,SVK_D_E,0,0.7068958680224809,16.2644145767381,14596.147777688731,10.3,0.60583,155.10849768158593,9.588512922038433,0,13794.094605731501,8.439728986784324,0.5957620602853247,0
SVK,D_E,2011,3272.195,2220.266,SVK_D_E,0,0.8039519351768174,17.6561458836789,14950.873517859864,10.4,0.65398,169.17807631106572,9.612525006400194,0,13580.0784378393,8.330898163536569,0.678524965657609,0
SVK,D_E,2012,3357.775,2122.788,SVK_D_E,0.007334110913452294,0.9053044176799688,19.3434773928924,15159.657042000448,10.5,0.79377,176.96895818143128,9.626393036381131,0,12917.870771174501,8.25508841052141,0.6322007877240137,0
SVK,D_E,2013,3113.701,1563.811,SVK_D_E,0,1.008002020014543,20.4985858774048,15249.882451378477,10.7,0.8184,180.90313649145807,9.632327073899521,0,12646.0246135871,8.309286134151739,0.5022354426452637,0
SVK,D_E,2014,3110.156,1871.767,SVK_D_E,0,1.1055974146606549,21.9975144176702,15647.649176351691,12.2,0.87462,176.75631609813186,9.658075972311597,0,11333.1712678363,8.20081632922631,0.6018241528720746,0
SVK,D_E,2015,2888.952,2050.145,SVK_D_E,0.034723251833977925,1.244083607845114,23.5008610259474,16442.07608600175,13.4,1.15366,179.42602289503048,9.707598943240708,0,11782.7550076032,8.313498494874565,0.7096500737983877,0
SVK,D_E,2016,2864.262,1601.874,SVK_D_E,0.05721984011948028,1.519902740585522,24.626445872585,16740.741399642804,13.1,0.78513,182.75737959620065,9.725600632169233,0,11674.3253353822,8.312836568386816,0.5592623859130205,0
SVK,D_E,2017,2714.251,1279.252,SVK_D_E,0.02901912800256022,1.7745982066068333,25.8590797873319,17195.28887219626,12.4,0.88153,186.64468739954876,9.75239072250404,0,11861.9279680854,8.382573179331356,0.47130939622017265,0
SVK,D_E,2018,2618.948,1181.547,SVK_D_E,0.036144213341209645,2.0577246272815466,27.6953839189658,17869.0149173679,12.4,0.83184,188.7329646994964,9.790823481696595,0,11040.8694954948,8.346586364957668,0.45115328750322653,0
SVK,D_E,2019,3470.172,1521.568,SVK_D_E,0.05876470060312178,2.1905421928811055,29.181106904051,18250.980247563653,17.6,0.82138,183.72260863123552,9.811974069763458,1,9841.431420950401,7.95015228862173,0.43847048503647656,0.05876470060312178
SVK,D_E,2020,3615.28,1344.387,SVK_D_E,0.09000029157794787,2.230700962658336,31.192548373756,17763.856384735176,17.6,0.88944,167.53417332036636,9.784921131755082,1,9179.0925425573,7.839514319495469,0.3718624836803788,0.09000029157794787
SVK,D_E,2021,2893.62,1404.333,SVK_D_E,0.005871585554246814,2.2266918518747505,32.6060735005904,18808.454049659547,17.9,0.90093,181.97948448511968,9.84206173123325,1,10588.984683399,8.205061245528775,0.48532046364069925,0.005871585554246814
SVK,D_E,2022,1558.417,1551.95,SVK_D_E,0,2.0601575949549367,33.9988127597088,18964.829840062357,17.9,0.97686,204.05631853115133,9.85034148176861,1,10074.6141098432,8.774103521857953,0.9958502762739371,0
SVK,H,2010,2766.031,1247.247,SVK_H,0,0.0025366513447352746,16.2644145767381,14596.147777688731,10.3,0.60583,155.10849768158593,9.588512922038433,0,7153.95748259887,7.858007535936834,0.4509157706475452,0
SVK,H,2011,3175.474,795.775,SVK_H,0,0.0030459916576931027,17.6561458836789,14950.873517859864,10.4,0.65398,169.17807631106572,9.612525006400194,0,7119.2223962799,7.715096871895711,0.25060038280899166,0
SVK,H,2012,3430.013,1213.938,SVK_H,1.819230897050525e-5,0.0036330495933515044,19.3434773928924,15159.657042000448,10.5,0.79377,176.96895818143128,9.626393036381131,0,6468.133593096891,7.542078823693237,0.35391644288228646,0
SVK,H,2013,3728.963,1411.099,SVK_H,0,0.004291389708615913,20.4985858774048,15249.882451378477,10.7,0.8184,180.90313649145807,9.632327073899521,0,6475.64314980466,7.459673030873887,0.37841592957613146,0
SVK,H,2014,4767.123,1749.505,SVK_H,0,0.0049824260819482016,21.9975144176702,15647.649176351691,12.2,0.87462,176.75631609813186,9.658075972311597,0,6058.31475,7.147443968047377,0.3669938870887116,0
SVK,H,2015,5079.386,2266.967,SVK_H,8.732006485970777e-5,0.006085304438147901,23.5008610259474,16442.07608600175,13.4,1.15366,179.42602289503048,9.707598943240708,0,5966.68630695796,7.068756606680493,0.4463072898968497,0
SVK,H,2016,4689.887,1575.759,SVK_H,1.4552920572392686e-4,0.008788720752036239,24.626445872585,16740.741399642804,13.1,0.78513,182.75737959620065,9.725600632169233,0,6736.27096634778,7.269853293357372,0.335990824512403,0
SVK,H,2017,4979.862,1343.047,SVK_H,7.276725020567592e-5,0.012032233212198781,25.8590797873319,17195.28887219626,12.4,0.88153,186.64468739954876,9.75239072250404,0,7796.323940182039,7.35600543205629,0.26969562610369524,0
SVK,H,2018,5188.157,1517.563,SVK_H,9.095823543208627e-5,0.016734551600644375,27.6953839189658,17869.0149173679,12.4,0.83184,188.7329646994964,9.790823481696595,0,7727.38057969082,7.306146691808717,0.29250521909803423,0
SVK,H,2019,5561.219,1501.632,SVK_H,1.4957460781422818e-4,0.019433353180497232,29.181106904051,18250.980247563653,17.6,0.82138,183.72260863123552,9.811974069763458,1,7828.66602834947,7.249730078884816,0.2700184977430308,1.4957460781422818e-4
SVK,H,2020,5507.247,1303.423,SVK_H,2.3272015970651324e-4,0.02032089441934515,31.192548373756,17763.856384735176,17.6,0.88944,167.53417332036636,9.784921131755082,1,6988.240797090711,7.145919268035571,0.23667414953424096,2.3272015970651324e-4
SVK,H,2021,5632.79,1486.002,SVK_H,1.4553873653160727e-5,0.02023071571855198,32.6060735005904,18808.454049659547,17.9,0.90093,181.97948448511968,9.84206173123325,1,7410.760198900641,7.182083425067593,0.2638127819428738,1.4553873653160727e-5
SVK,H,2022,6599.194,1709.892,SVK_H,0,0.016780895883557974,33.9988127597088,18964.829840062357,17.9,0.97686,204.05631853115133,9.85034148176861,1,7410.760234175041,7.023740788369831,0.25910618781626965,0
SWE,C,2010,529889,123804,SWE_C,2.537324775354699,3.537687494655311,31.9840349438999,48205.54925127422,44.7,3.18756,85.09148492727327,10.783229423106263,1,13023.067956561865,3.2018099715001833,0.23364138527125491,2.537324775354699
SWE,C,2011,547046,127223,SWE_C,3.0414400493339926,3.709995487574302,32.0391154481002,49356.590525704654,45.4,3.20686,86.39074480601876,10.806826582565227,1,12840.058854885394,3.155792266997088,0.23256362353440113,3.0414400493339926
SWE,C,2012,524252,121567,SWE_C,3.000032859095804,3.886797461077543,32.2829791143157,48789.790688363704,48.3,3.24636,85.29806054243595,10.795276362748696,1,12186.139794354356,3.146082017712018,0.23188657363252788,3.000032859095804
SWE,C,2013,508423,127130,SWE_C,3.090547824452907,4.051433483386599,32.7855388506159,48928.49941412906,47.3,3.27557,81.64025213299637,10.7981153158,1,11592.90949425853,3.1268351614492254,0.2500476965046821,3.090547824452907
SWE,C,2014,517018,144471,SWE_C,3.5166950288460574,4.193460906991643,33.841393015349,49557.61836479587,48.6,3.12457,83.8229810483527,10.810891278995069,1,11161.487568775323,3.072146831595543,0.2794312770541838,3.5166950288460574
SWE,C,2015,582071,149231,SWE_C,3.3805396772989034,4.397761814906799,35.6778078349251,51188.165212049265,51.9,3.24088,84.1730765958171,10.843263636106574,1,11535.08879387538,2.98655643493873,0.2563793763990991,3.3805396772989034
SWE,C,2016,593561,152863,SWE_C,4.0687272592336985,4.7571319347846845,37.0821744423215,51626.323531236936,50.9,3.25643,83.4519478574149,10.85178696734365,1,11258.913056819774,2.9427753767821594,0.2575354512847037,4.0687272592336985
SWE,C,2017,610777,160512,SWE_C,4.201473587764291,5.073512657075493,38.3266046004608,51894.37481778076,51.8,3.39374,86.0693088740521,10.856965678266041,1,11325.76819865587,2.9201038630598712,0.2627996797521845,4.201473587764291
SWE,C,2018,641564,160532,SWE_C,4.553614374815577,5.4035336368219475,38.7413375683818,52203.08725897606,51.6,3.34602,90.40871423617006,10.86289691501412,1,11355.945765053715,2.8735877964443803,0.2502197754238081,4.553614374815577
SWE,C,2019,662052,160744,SWE_C,4.9607263066634895,5.548621581392446,39.2905524546107,53024.40994943172,52.9,3.39847,92.75113902905612,10.878507651590333,1,11257.847646077857,2.8334766302839,0.2427966383305239,4.9607263066634895
SWE,C,2020,634384,154900,SWE_C,5.138402200679441,5.590417874109528,40.3679810262741,51624.58117895726,57.8,3.50181,84.47459581416179,10.85175321747415,1,11174.72070812499,2.868754977286295,0.24417387575979219,5.138402200679441
SWE,C,2021,698849,183030,SWE_C,5.073107312877729,5.587053462083217,40.8351431063991,53997.133706879926,57.9,3.41565,91.11023744130416,10.896686244635422,1,11030.41385245233,2.7589769361572496,0.2619020704043363,5.073107312877729
SWE,C,2022,796047,196928.931955596,SWE_C,5.120625998815706,5.392484858438624,40.6093424279832,54304.18775010333,57.9,3.47239,107.11175182651168,10.902356625417916,1,10606.692691307848,2.5895822375049216,0.24738354890552441,5.120625998815706
SWE,D_E,2010,118462,48259,SWE_D_E,0.3025692755825738,0.6996088230382846,31.9840349438999,48205.54925127422,44.7,3.18756,85.09148492727327,10.783229423106263,1,14249.9081571961,4.789913506524536,0.4073795816379936,0.3025692755825738
SWE,D_E,2011,117110,45645,SWE_D_E,0.47302137093569213,0.7926087483551887,32.0391154481002,49356.590525704654,45.4,3.20686,86.39074480601876,10.806826582565227,1,11617.4869919395,4.59715307720913,0.389761762445564,0.47302137093569213
SWE,D_E,2012,120383,53733,SWE_D_E,0.45683728815465113,0.8956239379570765,32.2829791143157,48789.790688363704,48.3,3.24636,85.29806054243595,10.795276362748696,1,11190.2072765739,4.532115997617763,0.44635039831205403,0.45683728815465113
SWE,D_E,2013,116014,56412,SWE_D_E,0.4927469737895185,0.9982714640645464,32.7855388506159,48928.49941412906,47.3,3.27557,81.64025213299637,10.7981153158,1,10798.8088911575,4.5334802456952445,0.4862516592825004,0.4927469737895185
SWE,D_E,2014,115693,62898,SWE_D_E,0.6887836078818834,1.0918309837863527,33.841393015349,49557.61836479587,48.6,3.12457,83.8229810483527,10.810891278995069,1,10559.0332959015,4.513796878048231,0.5436629701019077,0.6887836078818834
SWE,D_E,2015,114304,59905,SWE_D_E,0.6212458071578749,1.2341160992863789,35.6778078349251,51188.165212049265,51.9,3.24088,84.1730765958171,10.843263636106574,1,10574.2435207909,4.5273149008647895,0.5240848964165733,0.6212458071578749
SWE,D_E,2016,111711,53911,SWE_D_E,1.0094198494439615,1.5044256005138166,37.0821744423215,51626.323531236936,50.9,3.25643,83.4519478574149,10.85178696734365,1,11448.1432915626,4.629667658598477,0.48259347781328604,1.0094198494439615
SWE,D_E,2017,115946,59519,SWE_D_E,1.0972432235066767,1.7606085185045721,38.3266046004608,51894.37481778076,51.8,3.39374,86.0693088740521,10.856965678266041,1,11477.499316397001,4.59501925108491,0.5133337933175789,1.0972432235066767
SWE,D_E,2018,116661,70924,SWE_D_E,1.348381483147363,2.0426312404167186,38.7413375683818,52203.08725897606,51.6,3.34602,90.40871423617006,10.86289691501412,1,10032.1854304023,4.454281453386505,0.6079495289771217,1.348381483147363
SWE,D_E,2019,134803,84394,SWE_D_E,1.6675322274663082,2.1705899855197273,39.2905524546107,53024.40994943172,52.9,3.39847,92.75113902905612,10.878507651590333,1,9278.7367953781,4.2316662419037705,0.6260543162985986,1.6675322274663082
SWE,D_E,2020,132142,91534,SWE_D_E,1.8149677330005125,2.207846620304879,40.3679810262741,51624.58117895726,57.8,3.50181,84.47459581416179,10.85175321747415,1,9719.030904148101,4.297964089315069,0.6926942228814457,1.8149677330005125
SWE,D_E,2021,153866,79767,SWE_D_E,1.7602707661514674,2.2048413996606087,40.8351431063991,53997.133706879926,57.9,3.41565,91.11023744130416,10.896686244635422,1,9732.976118077899,4.147192904956557,0.5184186239975043,1.7602707661514674
SWE,D_E,2022,197130,93242.0235762848,SWE_D_E,1.8000195323650359,2.03297860072139,40.6093424279832,54304.18775010333,57.9,3.47239,107.11175182651168,10.902356625417916,1,9923.2660265683,3.9187739730637965,0.472997633928295,1.8000195323650359
SWE,H,2010,171345,70943,SWE_H,8.728577225135505e-4,0.0025003579162008265,31.9840349438999,48205.54925127422,44.7,3.18756,85.09148492727327,10.783229423106263,1,20665.266484781758,4.792530554473547,0.41403600922116196,8.728577225135505e-4
SWE,H,2011,182047,74237,SWE_H,0.0014937012823555004,0.002983895099080096,32.0391154481002,49356.590525704654,45.4,3.20686,86.39074480601876,10.806826582565227,1,20374.505094782373,4.717774752491055,0.407790295912594,0.0014937012823555004
SWE,H,2012,184488,81346,SWE_H,0.0014301206389999337,0.0035743884033923646,32.2829791143157,48789.790688363704,48.3,3.24636,85.29806054243595,10.795276362748696,1,19348.323229698417,4.652776619192296,0.44092840726768134,0.0014301206389999337
SWE,H,2013,185899,72027,SWE_H,0.0015725938634062419,0.004226092094006234,32.7855388506159,48928.49941412906,47.3,3.27557,81.64025213299637,10.7981153158,1,18849.04304143832,4.619013909078236,0.38745232626318593,0.0015725938634062419
SWE,H,2014,191345,77239,SWE_H,0.0024469260061936696,0.004880848174108377,33.841393015349,49557.61836479587,48.6,3.12457,83.8229810483527,10.810891278995069,1,18362.73009787699,4.564000269859181,0.40366353967963625,0.0024469260061936696
SWE,H,2015,196855,83816,SWE_H,0.0021262574225433574,0.0060007670293885035,35.6778078349251,51188.165212049265,51.9,3.24088,84.1730765958171,10.843263636106574,1,18411.48331471091,4.538262425004749,0.4257753168575855,0.0021262574225433574
SWE,H,2016,203948,84461,SWE_H,0.004300956946141748,0.008616696052146147,37.0821744423215,51626.323531236936,50.9,3.25643,83.4519478574149,10.85178696734365,1,17591.38264025694,4.457299379018823,0.41413007237138877,0.004300956946141748
SWE,H,2017,214221,94791,SWE_H,0.00492061778686764,0.011832136191500855,38.3266046004608,51894.37481778076,51.8,3.39374,86.0693088740521,10.856965678266041,1,17331.104165655513,4.393249902373645,0.4424916324730068,0.00492061778686764
SWE,H,2018,220760,105342,SWE_H,0.0070218382884156905,0.016449504448147113,38.7413375683818,52203.08725897606,51.6,3.34602,90.40871423617006,10.86289691501412,1,16431.94044360416,4.309906169174949,0.47717883674578726,0.0070218382884156905
SWE,H,2019,231142,113289,SWE_H,0.010568873917928778,0.019005189434419714,39.2905524546107,53024.40994943172,52.9,3.39847,92.75113902905612,10.878507651590333,1,16358.623490112452,4.259478227596274,0.49012728106531916,0.010568873917928778
SWE,H,2020,211038,110719,SWE_H,0.012625355024465067,0.019811525269864592,40.3679810262741,51624.58117895726,57.8,3.50181,84.47459581416179,10.85175321747415,1,15106.726543558296,4.270857178025426,0.5246401122072802,0.012625355024465067
SWE,H,2021,231299,111248,SWE_H,0.011827339290417987,0.01974538885852349,40.8351431063991,53997.133706879926,57.9,3.41565,91.11023744130416,10.896686244635422,1,14327.02246701616,4.126191470212784,0.48097051867928525,0.011827339290417987
SWE,H,2022,267363,126022.764620278,SWE_H,0.012402976223904703,0.016269409663549235,40.6093424279832,54304.18775010333,57.9,3.47239,107.11175182651168,10.902356625417916,1,14462.298383394389,3.9906931451478895,0.47135454277621813,0.012402976223904703
USA,C,2010,1791742.513,365002,USA_C,5.549276574760851,3.1865069196958555,27.1720060120338,52555.76951340227,7.4,2.71443,28.219895234673064,10.8696301612091,0,597931.8521705561,5.810288170588919,0.20371342274446552,0
USA,C,2011,1863738.024,405517,USA_C,5.679897242679014,3.3851004249574213,28.117023946999,52956.66303409616,8.4,2.73803,30.842486241194344,10.877229179450806,0,572817.9686103921,5.727983823613489,0.21758261878977472,0
USA,C,2012,1927324.612,435313,USA_C,6.011496857290456,3.4839293277542187,29.1736109719443,53738.147671459286,8.5,2.67272,30.681835365729548,10.891878413236382,0,577269.149707459,5.702175791874026,0.22586387227643623,0
USA,C,2013,1987179.289,458315,USA_C,6.334751104067192,3.552576527217289,29.9996164764959,54462.62524124069,8.9,2.69591,30.007953968464506,10.905269970009755,0,574767.332642475,5.667249129525677,0.2306359584849719,0
USA,C,2014,2045615.226,468015,USA_C,6.531765161168915,3.664740749320606,30.270920842,55394.45104353294,9,2.70882,30.004478161485533,10.92223470604978,0,582840.4034180241,5.6522148100444785,0.22878936080034828,0
USA,C,2015,2123243.202,501375,USA_C,6.708268440313159,3.8787127564910815,31.3412129772455,56572.91889960634,8.9,2.77328,27.823564918787213,10.943285685019262,0,580914.0970898399,5.611658160397269,0.2361363971530568,0
USA,C,2016,2098271.549,506269,USA_C,7.163543145620229,4.174952139314799,32.1144006365866,57151.47084483721,9.3,2.83677,26.607962060458373,10.953460405459357,0,584191.761714391,5.629115354115203,0.2412790662110817,0
USA,C,2017,2192925.367,521160,USA_C,7.495493124651948,4.471876380371459,32.5702836317829,58151.70213918542,9.7,2.88315,27.31302088772056,10.970810429043523,0,578423.2698159895,5.575069464909845,0.23765514679278182,0
USA,C,2018,2330106.524,555874,USA_C,7.796117139339202,4.827111451464121,33.0559177307939,59526.66569871201,9.9,2.98956,27.6103792720958,10.99417965414224,0,604109.242130921,5.5578410610484905,0.23856162551991547,0
USA,C,2019,2364316.202,576116,USA_C,7.94357051963942,4.9797442921678785,33.835216356436,60750.989862163726,10.2,3.14297,26.453759494047542,11.014538655097436,0,596762.846705811,5.53103094498205,0.24367129892044787,0
USA,C,2020,2238531.37,572792,USA_C,7.972047403494438,5.038033589297953,35.7156999293054,59194.666517203106,11,3.41788,23.401562996939425,10.9885867241987,0,594935.9964375417,5.582633818297884,0.25587847803982305,0
USA,C,2021,2497131.582,609399,USA_C,7.963924618058298,5.035621515110382,37.0074278936277,62680.2503585805,10.9,3.4689,25.60955766219321,11.045801690695875,0,611861.4160030507,5.501363106485962,0.24403960303602457,0
USA,C,2022,2745868.59642552,672352,USA_C,7.685926809477381,4.912631311126311,37.4887954801437,63886.13170698412,10.9,3.48736,27.313939735536323,11.064857585621343,0,629864.9515575449,5.43540798032071,0.24485949578040458,0
USA,D_E,2010,295806.249,105600,USA_D_E,2.171172526164166,0.5329768417895719,27.1720060120338,52555.76951340227,7.4,2.71443,28.219895234673064,10.8696301612091,0,2609556.8900646,9.084986315149841,0.3569904299080578,0
USA,D_E,2011,298942.292,114716,USA_D_E,2.288159765426781,0.6234331201515323,28.117023946999,52956.66303409616,8.4,2.73803,30.842486241194344,10.877229179450806,0,2482787.5049818098,9.024641929458525,0.3837396148685446,0
USA,D_E,2012,291151.92,132420,USA_D_E,2.5916027809428557,0.672107314482199,29.1736109719443,53738.147671459286,8.5,2.67272,30.681835365729548,10.891878413236382,0,2354887.3539238498,8.998158258759625,0.45481410529595684,0
USA,D_E,2013,297853.477,126582,USA_D_E,2.894592644407519,0.7073533666703007,29.9996164764959,54462.62524124069,8.9,2.69591,30.007953968464506,10.905269970009755,0,2372935.21589681,8.983036556870402,0.42498076999114565,0
USA,D_E,2014,312120.042,139611,USA_D_E,3.0819678873569227,0.7674702360195447,30.270920842,55394.45104353294,9,2.70882,30.004478161485533,10.92223470604978,0,2371086.8140848996,8.935471115531266,0.4472990555345369,0
USA,D_E,2015,316184.978,160884,USA_D_E,3.2512485507680093,0.890748301272508,31.3412129772455,56572.91889960634,8.9,2.77328,27.823564918787213,10.943285685019262,0,2229052.8766740803,8.860759918496969,0.5088287274672486,0
USA,D_E,2016,319155.703,173242,USA_D_E,3.6926947328407413,1.0793830093433388,32.1144006365866,57151.47084483721,9.3,2.83677,26.607962060458373,10.953460405459357,0,2140479.55706889,8.810861373098572,0.5428134242050502,0
USA,D_E,2017,334499,157493,USA_D_E,4.017799752217772,1.2878614378218813,32.5702836317829,58151.70213918542,9.7,2.88315,27.31302088772056,10.970810429043523,0,2062093.56402711,8.72659842787929,0.4708324987518647,0
USA,D_E,2018,344486.988,175174,USA_D_E,4.313883567092969,1.5597395042438746,33.0559177307939,59526.66569871201,9.9,2.98956,27.6103792720958,10.99417965414224,0,2094067.9658243002,8.71256280824136,0.5085068699314703,0
USA,D_E,2019,357984.739,194599,USA_D_E,4.459556458328946,1.6830971024040027,33.835216356436,60750.989862163726,10.2,3.14297,26.453759494047542,11.014538655097436,0,1955548.9039630902,8.605691124283405,0.5435957983672595,0
USA,D_E,2020,364899.352286171,201629,USA_D_E,4.487718385631705,1.7311327762800706,35.7156999293054,59194.666517203106,11,3.41788,23.401562996939425,10.9885867241987,0,1763455.86190537,8.483164431259048,0.5525605861911018,0
USA,D_E,2021,413142.570016796,218527,USA_D_E,4.479684536469426,1.7291352957522472,37.0074278936277,62680.2503585805,10.9,3.4689,25.60955766219321,11.045801690695875,0,1881885.34667202,8.423991937025518,0.5289384727192745,0
USA,D_E,2022,473873.446669955,240209,USA_D_E,4.2052036178874515,1.6284126463374688,37.4887954801437,63886.13170698412,10.9,3.48736,27.313939735536323,11.064857585621343,0,1874284.7414041199,8.282797377457758,0.5069053809366567,0
USA,H,2010,465421.133,67050,USA_H,0.019017572329563914,0.001738377921601884,27.1720060120338,52555.76951340227,7.4,2.71443,28.219895234673064,10.8696301612091,0,1679773.24744486,8.191226712422687,0.14406307588100004,0
USA,H,2011,480544.698,74211,USA_H,0.021652914184958048,0.002136308549412538,28.117023946999,52956.66303409616,8.4,2.73803,30.842486241194344,10.877229179450806,0,1633590.7639701732,8.131370824570192,0.1544310036274711,0
USA,H,2012,494160.02,88281,USA_H,0.030068557721561646,0.002365732002295361,29.1736109719443,53738.147671459286,8.5,2.67272,30.681835365729548,10.891878413236382,0,1597531.44989411,8.081110760124346,0.17864860860253323,0
USA,H,2013,509223.704,96518,USA_H,0.041336465968302205,0.002538938726910406,29.9996164764959,54462.62524124069,8.9,2.69591,30.007953968464506,10.905269970009755,0,1646937.2177190073,8.081540472205338,0.1895394877375936,0
USA,H,2014,541311.234,124095,USA_H,0.05013131419919724,0.00284874945340145,30.270920842,55394.45104353294,9,2.70882,30.004478161485533,10.92223470604978,0,1639845.9576015011,8.016118459768505,0.22924889085157982,0
USA,H,2015,588705.226,131192,USA_H,0.05953938774908763,0.003545056358137518,31.3412129772455,56572.91889960634,8.9,2.77328,27.823564918787213,10.943285685019262,0,1700046.811796951,7.968240751816638,0.22284836995824459,0
USA,H,2016,603871.003,120617,USA_H,0.09236420812246972,0.004790186167625629,32.1144006365866,57151.47084483721,9.3,2.83677,26.607962060458373,10.953460405459357,0,1711218.320047141,7.949355538724739,0.19973967850878907,0
USA,H,2017,628913.514,129081,USA_H,0.12653410225388245,0.006466650188218535,32.5702836317829,58151.70213918542,9.7,2.88315,27.31302088772056,10.970810429043523,0,1724017.484994354,7.916174122630924,0.20524443683682714,0
USA,H,2018,667470.735,144513,USA_H,0.1673939539415766,0.009243796416855014,33.0559177307939,59526.66569871201,9.9,2.98956,27.6103792720958,10.99417965414224,0,1762235.383074216,7.8785981185173215,0.21650836871522167,0
USA,H,2019,699265.941,136645,USA_H,0.19159739583294996,0.01077213139828068,33.835216356436,60750.989862163726,10.2,3.14297,26.453759494047542,11.014538655097436,0,1757344.859293662,7.829283496148483,0.19541206283347354,0
USA,H,2020,635944.851815775,114519,USA_H,0.19662315919889137,0.011419464972770238,35.7156999293054,59194.666517203106,11,3.41788,23.401562996939425,10.9885867241987,0,1507915.238397531,7.771126769412093,0.1800769354025287,0
USA,H,2021,768364.821713213,117614,USA_H,0.1951775732990947,0.011391931080774718,37.0074278936277,62680.2503585805,10.9,3.4689,25.60955766219321,11.045801690695875,0,1669406.942208419,7.683714348265357,0.1530705163437306,0
USA,H,2022,886494.040461222,141123,USA_H,0.15117476689073311,0.010071599700890351,37.4887954801437,63886.13170698412,10.9,3.48736,27.313939735536323,11.064857585621343,0,1720455.057437341,7.5708249791314515,0.1591922715313202,0
