country_name,industry,year,VA_em,country,AIPI_EM,AIPI_bartik_EM,broadband,gdppc_raw,renew,rd,trade,ln_gdppc,HighRenewable_EM,wgi,co2_kt,ln_co2int_em,AIPI_EM_x_HR,pair_id_em,capform
United Arab Emirates,C,2012,28778488767.86,ARE,0,0.492877822944836,12.7380681483205,43958.568112085646,0.1,0.54009,156.6376945014814,10.691002835468536,0,0.6161811500000002,87873.62375138652,-5.791483780686294,0,ARE_C,NA
United Arab Emirates,C,2013,29431177671.910004,ARE,0.39560114265991536,0.704900421168763,13.303809433458,44312.63371626142,0.1,0.60766,157.39808398964087,10.699025100844237,0,0.6460001833333335,92709.50574028025,-5.760338846102171,0,ARE_C,NA
United Arab Emirates,C,2014,31352756977.529995,ARE,0.8303140530563654,0.5891360802505069,13.2545793464851,44257.65147610817,0.1,0.67523,159.51561505776388,10.697783550202358,0,0.6811018333333334,92269.43045618656,-5.828344595068427,0,ARE_C,NA
United Arab Emirates,C,2015,31689584751.520004,ARE,0,1.055150754424223,14.230538629127,44910.33499552302,0.1,0.86569,164.28618273790346,10.712423225317446,0,0.6699689833333333,101081.61460862518,-5.747815093180303,0,ARE_C,NA
United Arab Emirates,C,2016,32078420694.359993,ARE,0,1.3281793440383425,14.3683229738697,45168.49824732428,0.1,0.9318,165.39501917458,10.718155181412865,0,0.67628515,102927.01175932083,-5.741918717201641,0,ARE_C,NA
United Arab Emirates,C,2017,34261674608.560005,ARE,1.585598864237056,1.6755175245000875,29.9082975943997,43293.02038248013,0.2,1.097845,165.47654246981486,10.675746708907212,0,0.6640241833333334,90008.58864980211,-5.941877554873364,0,ARE_C,NA
United Arab Emirates,C,2018,36141320626.270004,ARE,1.9203463665170188,1.9473394179198296,32.3591212887309,43377.78586972253,0.3,1.26389,154.74700501929283,10.677702742730695,0,0.6629364000000002,73361.5654424651,-6.1997919385304945,0,ARE_C,NA
United Arab Emirates,C,2019,37064624581.579994,ARE,1.4044907722797586,1.984217081771922,32.480344369022,43468.4586811918,0.7,1.31065,163.82215294485297,10.679790866284788,0,0.6797116166666666,87583.99856690512,-6.047819961893566,0,ARE_C,NA
United Arab Emirates,C,2020,35966994023.689995,ARE,1.929789093651685,2.2198037762560667,34.345290333178,39878.47442769504,0.9,1.48831,181.29188817063957,10.593591969274236,0,0.5901551333333334,92756.26347182588,-5.960381734313834,0,ARE_C,NA
United Arab Emirates,C,2021,41525151135.520004,ARE,2.2245916979723486,2.323106542790026,36.5005361093336,40935.8936567784,1,1.49469,182.9093550665972,10.619762552689352,0,0.5854870666666668,101401.26352067968,-6.014969022266427,0,ARE_C,NA
United Arab Emirates,C,2022,43696160850.51,ARE,2.577503992570742,2.016222462332302,36.8485872897377,41828.5553298104,1,1.49469,185.74166098281856,10.641334527139154,0,0.6132792,101482.28123417082,-6.065131310711949,0,ARE_C,NA
Armenia,C,2015,854787822.7900001,ARM,0,1.055150754424223,9.80149439763493,3512.3935027670905,10.7,0.25002,71.68207434275752,8.164052993685441,0,-0.240307083333333,619.7871645953986,-7.229232420449035,0,ARM_C,NA
Armenia,C,2016,783124292.3599999,ARM,0,1.3281793440383425,10.2497847569184,3533.8850360700676,13.2,0.23305,76.07796745935478,8.170153121527093,0,-0.2551469666666665,543.8908532414531,-7.272298111719764,0,ARM_C,NA
Armenia,C,2017,1067399986.0100001,ARM,0,1.6926741298714645,10.8172556564183,3815.374742603702,12.6,0.22788,87.20237653983696,8.246794167624104,0,-0.21188006666666664,631.9592410134512,-7.431911429775536,0,ARM_C,NA
Armenia,C,2018,898893459.6400002,ARM,0,1.96692528263989,11.9399374219278,4027.833930109786,11.1,0.18876,92.47310702121204,8.30098402411806,0,-0.007100249999999669,735.526894565309,-7.108332690832319,0,ARM_C,NA
Armenia,C,2019,978626611.9100001,ARM,0.21723685541919807,1.9934411587046592,13.2819462446608,4343.458395830194,10.3,0.17854,97.84700486532697,8.376426175164449,0,-0.004348716666666483,718.8036474750514,-7.216317222034562,0,ARM_C,NA
Armenia,C,2020,936597541.9300001,ARM,0,2.234918076594951,14.8883804721864,4032.090434549551,8.4,0.2092,70.12135713687886,8.302040238703432,0,-0.030291850000000002,782.3732598822415,-7.087677010172885,0,ARM_C,NA
Armenia,C,2021,947413339.35,ARM,0.280268783605427,2.34142632510455,16.2565945813558,4264.799615051871,9.1,0.20557,79.24890576471122,8.35815047524684,0,-0.10038971666666667,824.5666304947358,-7.046632797380145,0,ARM_C,NA
Armenia,C,2022,1735367677.4599998,ARM,0.37012145754055314,2.052694835091215,17.7300708049016,4791.004817121827,9.1,0.20955,103.878629213508,8.474495442334886,0,-0.12206183333333333,766.8575555513212,-7.724428798996954,0,ARM_C,NA
Armenia,D_E,2015,370565426.17,ARM,0,0.05525355611700873,9.80149439763493,3512.3935027670905,10.7,0.25002,71.68207434275752,8.164052993685441,0,-0.240307083333333,1286.2669462097092,-5.6632858350239434,0,ARM_D_E,NA
Armenia,D_E,2016,312644540.5,ARM,0,0.08081260412878558,10.2497847569184,3533.8850360700676,13.2,0.23305,76.07796745935478,8.170153121527093,0,-0.2551469666666665,1185.734588017257,-5.574704403817768,0,ARM_D_E,NA
Armenia,D_E,2017,383840296.58,ARM,0,0.12621544419445668,10.8172556564183,3815.374742603702,12.6,0.22788,87.20237653983696,8.246794167624104,0,-0.21188006666666664,1255.021226179525,-5.723074086025602,0,ARM_D_E,NA
Armenia,D_E,2018,368245222.59000003,ARM,0,0.17104940017811293,11.9399374219278,4027.833930109786,11.1,0.18876,92.47310702121204,8.30098402411806,0,-0.007100249999999669,1495.538028735305,-5.506263054438471,0,ARM_D_E,NA
Armenia,D_E,2019,368229361.97,ARM,0.007334642702169903,0.17594904132565198,13.2819462446608,4343.458395830194,10.3,0.17854,97.84700486532697,8.376426175164449,0,-0.004348716666666483,1361.7741649383222,-5.5999176276151195,0,ARM_D_E,NA
Armenia,D_E,2020,344525452.1999999,ARM,0,0.22570633870956203,14.8883804721864,4032.090434549551,8.4,0.2092,70.12135713687886,8.302040238703432,0,-0.030291850000000002,1436.244364004433,-5.480136343223798,0,ARM_D_E,NA
Armenia,D_E,2021,339627836.34000003,ARM,0.00976664493677772,0.2508168221359202,16.2565945813558,4264.799615051871,9.1,0.20557,79.24890576471122,8.35815047524684,0,-0.10038971666666667,1436.244364004433,-5.465818793030904,0,ARM_D_E,NA
Armenia,D_E,2022,502669273.08,ARM,0.013498016873664434,0.18728664470783057,17.7300708049016,4791.004817121827,9.1,0.20955,103.878629213508,8.474495442334886,0,-0.12206183333333333,1231.0665977181282,-6.012051498817691,0,ARM_D_E,NA
Bulgaria,C,2012,6012941584.03,BGR,0,0.492877822944836,18.2006758494654,6693.427732512701,15.6,0.60039,123.9713227141743,8.808881388501156,0,0.049715916666666686,8024.068874552404,-6.6192237218552865,0,BGR_C,NA
Bulgaria,C,2013,6341753078.940001,BGR,0,0.7105937855234101,19.5682074718498,6792.735499647352,18.2,0.63424,129.6886829864819,8.823609011240142,0,-0.010758433333333326,7880.342808240171,-6.69053911357569,0,BGR_C,NA
Bulgaria,C,2014,7000485861.129998,BGR,0,0.6060854612548804,20.5011345688189,6941.018539467182,17.1,0.79007,130.2483771152453,8.845203806344111,0,0.0017120000000000006,8069.033318227893,-6.765701146339345,0,BGR_C,NA
Bulgaria,C,2015,6556906070.47,BGR,0,1.055150754424223,22.4944225140811,7268.654454738727,17.9,0.94947,126.73664221294958,8.89132647151867,0,0.014306666666666818,8883.488214133175,-6.604079838305393,0,BGR_C,NA
Bulgaria,C,2016,7339196392.630001,BGR,0,1.3281793440383425,23.8176881048635,7586.504110508195,17.7,0.77009,122.8055143565134,8.934126172783932,0,0.06424650000000003,9219.217522859362,-6.679694465723681,0,BGR_C,NA
Bulgaria,C,2017,8229524038.52,BGR,0,1.6926741298714645,25.3925159519229,7898.706930136523,17.1,0.74037,129.63442904800365,8.97445434532857,0,0.07990125000000017,9815.82761415927,-6.731487313963458,0,BGR_C,NA
Bulgaria,C,2018,9192888400.07,BGR,0,1.96692528263989,27.103417988838,8194.37434587757,19.6,0.75505,129.16650293063154,9.011203142427876,0,0.1321784666666667,9987.114843253292,-6.8248897176569265,0,BGR_C,NA
Bulgaria,C,2019,9311743572.9,BGR,1.0787860898410706,1.9879169919412,28.8836779290396,8626.134186803722,19.3,0.83576,125.26041834641084,9.062551733173477,0,0.15764503333333335,9354.270614663657,-6.90319864306421,0,BGR_C,NA
Bulgaria,C,2020,9085650789.119999,BGR,0.6278073758708083,2.232690237541917,30.5042854761098,8440.08304721192,21.1,0.84549,110.4238998462493,9.040747427258646,0,0.07586201666666684,8720.209349346107,-6.948808366044375,0,BGR_C,NA
Bulgaria,C,2021,9746183651.81,BGR,1.1580583452830777,2.337156769968061,32.7688420838347,9161.477379907265,20.4,0.76933,121.2140882638226,9.122762730679062,0,0.10683360000000001,9501.674319745256,-6.933163039778757,0,BGR_C,NA
Bulgaria,C,2022,10343301837.41,BGR,0,2.0540631017001467,34.9667968772891,9597.867964065475,20.4,0.75174,138.84487724123846,9.169296265714427,0,0.07705133333333335,9460.652240502224,-6.996953095837913,0,BGR_C,NA
Bulgaria,D_E,2012,2382312737.41,BGR,0,0.019142696267821193,18.2006758494654,6693.427732512701,15.6,0.60039,123.9713227141743,8.808881388501156,0,0.049715916666666686,30632.120339528563,-4.353777890517642,0,BGR_D_E,NA
Bulgaria,D_E,2013,2713143798.3599997,BGR,0,0.030924636796372206,19.5682074718498,6792.735499647352,18.2,0.63424,129.6886829864819,8.823609011240142,0,-0.010758433333333326,26559.09654409296,-4.626491006333817,0,BGR_D_E,NA
Bulgaria,D_E,2014,2183581783.06,BGR,0,0.024966126186013397,20.5011345688189,6941.018539467182,17.1,0.79007,130.2483771152453,8.845203806344111,0,0.0017120000000000006,28253.02171629662,-4.347521411974105,0,BGR_D_E,NA
Bulgaria,D_E,2015,2197348502.37,BGR,0,0.05525355611700873,22.4944225140811,7268.654454738727,17.9,0.94947,126.73664221294958,8.89132647151867,0,0.014306666666666818,29302.8612880958,-4.317321520142865,0,BGR_D_E,NA
Bulgaria,D_E,2016,2354583428.92,BGR,0,0.08081260412878558,23.8176881048635,7586.504110508195,17.7,0.77009,122.8055143565134,8.934126172783932,0,0.06424650000000003,26038.6499652353,-4.504537131528577,0,BGR_D_E,NA
Bulgaria,D_E,2017,2499050956.4699993,BGR,0,0.12621544419445668,25.3925159519229,7898.706930136523,17.1,0.74037,129.63442904800365,8.97445434532857,0,0.07990125000000017,27446.7395313034,-4.511418938929435,0,BGR_D_E,NA
Bulgaria,D_E,2018,2704820180.31,BGR,0,0.17104940017811293,27.103417988838,8194.37434587757,19.6,0.75505,129.16650293063154,9.011203142427876,0,0.1321784666666667,23984.3051444224,-4.725391048178737,0,BGR_D_E,NA
Bulgaria,D_E,2019,2863698861.9,BGR,0.057223887399433127,0.1749195297792192,28.8836779290396,8626.134186803722,19.3,0.83576,125.26041834641084,9.062551733173477,0,0.15764503333333335,22508.4465247109,-4.8459787367043985,0,BGR_D_E,NA
Bulgaria,D_E,2020,2826957652.4100003,BGR,0.026156696289809347,0.22520270803446907,30.5042854761098,8440.08304721192,21.1,0.84549,110.4238998462493,9.040747427258646,0,0.07586201666666684,18279.817264663092,-5.041158808375733,0,BGR_D_E,NA
Bulgaria,D_E,2021,2912729039.37,BGR,0.06415200617368022,0.24977057016613902,32.7688420838347,9161.477379907265,20.4,0.76933,121.2140882638226,9.122762730679062,0,0.10683360000000001,22949.104363615297,-4.843566824714516,0,BGR_D_E,NA
Bulgaria,D_E,2022,4812000765.45,BGR,0,0.18755490674630604,34.9667968772891,9597.867964065475,20.4,0.75174,138.84487724123846,9.169296265714427,0,0.07705133333333335,26218.6032015505,-5.212399031501171,0,BGR_D_E,NA
Bosnia and Herzegovina,C,2012,1814850755.79,BIH,0,0.492877822944836,12.789715194055301,4139.917327736571,15.3,0.26533,88.14510886285292,8.328431097474217,0,-0.3445521166666662,2865.4787342858067,-6.4510230814137195,0,BIH_C,NA
Bosnia and Herzegovina,C,2013,1907437975.61,BIH,0,0.7105937855234101,14.2931086481084,4306.731750722136,19.5,0.32132,87.93123802805619,8.367934600951072,0,-0.3064904833333332,3312.2631782953135,-6.3558845511552855,0,BIH_C,NA
Bosnia and Herzegovina,C,2014,2067126728.8,BIH,0,0.6060854612548804,15.2154563374569,4412.676178177339,23.6,0.25725,90.55227803956625,8.392236627510174,0,-0.1813286166666665,3165.262471012581,-6.481678886913079,0,BIH_C,NA
Bosnia and Herzegovina,C,2015,1894438644.5499997,BIH,0,1.055150754424223,18.0468836372803,4662.258692194478,25.2,0.21603,88.29199258758803,8.44725530758742,0,-0.31733828333333314,3209.858206381099,-6.380451080143552,0,BIH_C,NA
Bosnia and Herzegovina,C,2016,2089421636.31,BIH,0.280268783605427,1.3261365335572137,19.0747891666088,4876.5347149563295,23,0.21337,88.24403400227379,8.492190147213005,0,-0.32727256666666615,3137.8059010304096,-6.5011187795823995,0,BIH_C,NA
Bosnia and Herzegovina,C,2017,2210027224.44,BIH,0,1.6926741298714645,20.4261287573476,5099.81602856447,18.5,0.1978,96.64588035668616,8.53695974523128,0,-0.3732770333333332,3356.3978859812514,-6.489891772020559,0,BIH_C,NA
Bosnia and Herzegovina,C,2018,2453466204.5699997,BIH,0,1.96692528263989,21.1504576321228,5360.252010176329,35.4,0.19199,98.43206941826314,8.586766269783533,1,-0.44522053333333333,3709.4223183599415,-6.494380925901265,0,BIH_C,NA
Bosnia and Herzegovina,C,2019,2394200395.41,BIH,0,1.9942278401342057,22.2950124838105,5583.297212764579,36.8,0.19001,94.516125154246,8.62753477920858,1,-0.4934115166666665,3554.7266151761823,-6.512526431169968,0,BIH_C,NA
Bosnia and Herzegovina,C,2020,2467903807.2899995,BIH,0,2.234918076594951,23.3507882918721,5490.753666351392,37.7,0.20325,82.52164679940071,8.610820804926988,1,-0.45446329999999985,2971.727248785136,-6.721981059270599,0,BIH_C,NA
Bosnia and Herzegovina,C,2021,3391836165.31,BIH,0.17740173624731945,2.3417225813216405,24.5890868366952,5995.541975904936,36.6,0.19035,96.73911444087436,8.698771468030062,1,-0.4972106499999998,3066.7277612602484,-7.0085155780854285,0.17740173624731945,BIH_C,NA
Bosnia and Herzegovina,C,2022,3556314804.950001,BIH,0.09262964234322088,2.0537667780631277,27.3190356221695,6327.162068491737,36.6,0.18743,110.20528437738682,8.752607084196047,1,-0.4695432499999995,3177.598213672767,-7.020354487835487,0.09262964234322088,BIH_C,NA
Bosnia and Herzegovina,D_E,2012,853662406.63,BIH,0,0.019142696267821193,12.789715194055301,4139.917327736571,15.3,0.26533,88.14510886285292,8.328431097474217,0,-0.3445521166666662,15055.581429641748,-4.037787025681774,0,BIH_D_E,NA
Bosnia and Herzegovina,D_E,2013,1000319963.1200001,BIH,0,0.030924636796372206,14.2931086481084,4306.731750722136,19.5,0.32132,87.93123802805619,8.367934600951072,0,-0.3064904833333332,15121.594561916709,-4.191951365289802,0,BIH_D_E,NA
Bosnia and Herzegovina,D_E,2014,884268150.4,BIH,0,0.024966126186013397,15.2154563374569,4412.676178177339,23.6,0.25725,90.55227803956625,8.392236627510174,0,-0.1813286166666665,12869.44420965576,-4.229904518474064,0,BIH_D_E,NA
Bosnia and Herzegovina,D_E,2015,793537121.22,BIH,0,0.05525355611700873,18.0468836372803,4662.258692194478,25.2,0.21603,88.29199258758803,8.44725530758742,0,-0.31733828333333314,12710.255951575102,-4.13409109768856,0,BIH_D_E,NA
Bosnia and Herzegovina,D_E,2016,828950100.6400001,BIH,0.00976664493677772,0.08059704373190588,19.0747891666088,4876.5347149563295,23,0.21337,88.24403400227379,8.492190147213005,0,-0.32727256666666615,14846.10297296291,-4.022422556346205,0,BIH_D_E,NA
Bosnia and Herzegovina,D_E,2017,807418785.6899999,BIH,0,0.12621544419445668,20.4261287573476,5099.81602856447,18.5,0.1978,96.64588035668616,8.53695974523128,0,-0.3732770333333332,15205.73043170322,-3.9721701161513647,0,BIH_D_E,NA
Bosnia and Herzegovina,D_E,2018,985714193.55,BIH,0,0.17104940017811293,21.1504576321228,5360.252010176329,35.4,0.19199,98.43206941826314,8.586766269783533,1,-0.44522053333333333,15054.81954195963,-4.181668272753388,0,BIH_D_E,NA
Bosnia and Herzegovina,D_E,2019,948536453.85,BIH,0,0.1760960279199128,22.2950124838105,5583.297212764579,36.8,0.19001,94.516125154246,8.62753477920858,1,-0.4934115166666665,13580.2601677316,-4.246302941693096,0,BIH_D_E,NA
Bosnia and Herzegovina,D_E,2020,924621403.3899999,BIH,0,0.22570633870956203,23.3507882918721,5490.753666351392,37.7,0.20325,82.52164679940071,8.610820804926988,1,-0.45446329999999985,14569.82855575761,-4.150431506893571,0,BIH_D_E,NA
Bosnia and Herzegovina,D_E,2021,1228598840.36,BIH,0.005872011607902405,0.2508895447192295,24.5890868366952,5995.541975904936,36.6,0.19035,96.73911444087436,8.698771468030062,1,-0.4972106499999998,13846.395614464449,-4.485604690537423,0.005872011607902405,BIH_D_E,NA
Bosnia and Herzegovina,D_E,2022,1086994152.18,BIH,0.002940315862799414,0.18749678456640104,27.3190356221695,6327.162068491737,36.6,0.18743,110.20528437738682,8.752607084196047,1,-0.4695432499999995,13604.23293142846,-4.380790518054212,0.002940315862799414,BIH_D_E,NA
Belarus,C,2014,16619738363.299997,BLR,0,0.6060854612548804,28.3376939308168,6212.916674186595,6.7,0.50548,110.65142436758238,8.734385738447378,0,-0.554364116666665,11432.376258397468,-7.2818969731832315,0,BLR_C,NA
Belarus,C,2015,11654690038.109999,BLR,0,1.055150754424223,30.6040616643757,5967.0559505877745,6.8,0.49999,115.91482620194616,8.694008944147766,0,-0.564728149999998,10155.970270709311,-7.0454022197850605,0,BLR_C,NA
Belarus,C,2016,9617348633.829998,BLR,0.757222243733178,1.321010249977828,32.2929606538076,5811.201591825471,6.7,0.50063,125.20932289966194,8.667542642890593,0,-0.5019674499999999,9886.135548794724,-6.880190569905638,0,BLR_C,NA
Belarus,C,2017,11836605528.449999,BLR,0,1.6926741298714645,33.3125100702522,5964.896688345611,7.3,0.58411,133.36775472301184,8.69364701474173,0,-0.5178462999999982,10029.787491596428,-7.07339275762993,0,BLR_C,NA
Belarus,C,2018,12761362833.28,BLR,0.4690909491009189,1.9649297785937108,33.771187035147904,6165.913200192767,7.2,0.60443,139.39373625017066,8.726791531180739,0,-0.45199128333333155,10181.036696853125,-7.133650513748084,0,BLR_C,NA
Belarus,C,2019,13938314347.140001,BLR,2.0533381690418,1.9719633985438787,34.0723501521236,6267.735087435055,7.8,0.57733,130.8504061021835,8.743170338293513,0,-0.39363574999999984,9847.884588228228,-7.255140085487166,0,BLR_C,NA
Belarus,C,2020,13186791961.71,BLR,1.0787860898410706,2.229960565505251,34.8152229336418,6251.9889896864515,8.4,0.53901,118.93417614653409,8.740654930453196,0,-0.7425874166666665,9514.757319787346,-7.234127003261371,0,BLR_C,NA
Belarus,C,2021,11588740583.190002,BLR,1.1831350216780794,2.3369708004189396,35.0097634241001,6457.730537063426,8.2,0.45981,136.01416787747556,8.773033225000713,0,-0.8203647333333315,9671.775189731195,-7.088577396707226,0,BLR_C,NA
Belarus,D_E,2016,2146199944.4100003,BLR,0.03377818704928296,0.08005784226471255,32.2929606538076,5811.201591825471,6.7,0.50063,125.20932289966194,8.667542642890593,0,-0.5019674499999999,30786.5296532395,-4.244376844197633,0,BLR_D_E,NA
Belarus,D_E,2017,2179738369.2999997,BLR,0,0.12621544419445668,33.3125100702522,5964.896688345611,7.3,0.58411,133.36775472301184,8.69364701474173,0,-0.5178462999999982,30921.7582235648,-4.2555000487617045,0,BLR_D_E,NA
Belarus,D_E,2018,2354231039.53,BLR,0.017996695667516518,0.17068493956250502,33.771187035147904,6165.913200192767,7.2,0.60443,139.39373625017066,8.726791531180739,0,-0.45199128333333155,33162.3496239661,-4.26255424570473,0,BLR_D_E,NA
Belarus,D_E,2019,2359709396.24,BLR,0.18741273986038337,0.1719722144941431,34.0723501521236,6267.735087435055,7.8,0.57733,130.8504061021835,8.743170338293513,0,-0.39363574999999984,31952.9042375509,-4.302030677104908,0,BLR_D_E,NA
Belarus,D_E,2020,2143406126.06,BLR,0.057223887399433127,0.2245868147527609,34.8152229336418,6251.9889896864515,8.4,0.53901,118.93417614653409,8.740654930453196,0,-0.7425874166666665,30522.6310294459,-4.251683080946573,0,BLR_D_E,NA
Belarus,D_E,2021,456884398.34999996,BLR,0.06644983790250185,0.24972507505231384,35.0097634241001,6457.730537063426,8.2,0.45981,136.01416787747556,8.773033225000713,0,-0.8203647333333315,31993.3318355288,-2.6589029002905327,0,BLR_D_E,NA
Brazil,C,2012,311848707342.13,BRA,0.8303140530563654,0.47387739689069747,9.71151141846763,9167.498184504328,43.5,1.12684,25.114273610332155,9.123419701909391,1,0.09691435000000001,158907.9280412774,-7.581948471246343,0.8303140530563654,BRA_C,NA
Brazil,C,2013,310721310205.6401,BRA,1.022204804961146,0.6895581017407585,10.7622017659472,9366.738246702393,42.3,1.19567,25.785957328145216,9.144920208621224,1,0.022233350000000186,151323.406394484,-7.627232370042971,1.022204804961146,BRA_C,NA
Brazil,C,2014,295898326867.7101,BRA,0.6783145041327373,0.5934001149901232,11.9790772854396,9338.341708409847,41.7,1.26971,24.68540581329201,9.141883968180045,1,-0.0417266,149546.11607206165,-7.590166370014605,0.6783145041327373,BRA_C,NA
Brazil,C,2015,200938228154.49002,BRA,1.5689006851075458,1.0231339352510793,12.6353840484725,8936.195588944402,43.7,1.28464,26.953625937236943,9.097865228260668,1,-0.13487949999999982,141626.80739681024,-7.257557336078109,1.5689006851075458,BRA_C,NA
Brazil,C,2016,202494512522.94,BRA,1.5689006851075458,1.3039059900960461,13.217709027651,8577.842779696673,45.4,1.19584,24.53368207707561,9.056937736591848,1,-0.12976436666666633,131950.22692801105,-7.336043283758514,1.5689006851075458,BRA_C,NA
Brazil,C,2017,225282840481.06998,BRA,1.8928756658169035,1.6676585427451076,14.1218273097456,8628.252096457234,45.3,1.1175,24.319734374168437,9.062797225494023,1,-0.18906936666666632,137703.30024804897,-7.400010588151457,1.8928756658169035,BRA_C,NA
Brazil,C,2018,221632019869.56995,BRA,2.3446299998041575,1.935015692116466,15.1537620986579,8722.335299709883,46.9,1.15016,28.876203376152983,9.073642290648193,1,-0.26861871666666615,132999.43428630996,-7.418428842686952,2.3446299998041575,BRA_C,NA
Brazil,C,2019,220392789552.77002,BRA,2.4910155338485778,1.9576795660361006,15.8621991239093,8771.439503726033,47.5,1.15115,28.89025786973537,9.079256211432275,1,-0.22216118333333318,128448.05259410951,-7.447642077815762,2.4910155338485778,BRA_C,NA
Brazil,C,2020,194355772903.31003,BRA,2.9846035143111,2.1858945527590747,17.418059685583,8435.010462091848,50,1.21907,32.30207854434918,9.040146235298428,1,-0.20489081666666614,122375.35730306101,-7.370352618898313,2.9846035143111,BRA_C,NA
Brazil,C,2021,268769137852.36002,BRA,2.5682454488836504,2.3142191534795726,19.8363162401481,8799.228445799441,46.5,1.13371,37.65633075925755,9.082419320008778,1,-0.22488999999999998,135786.36168703198,-7.59052528582416,2.5682454488836504,BRA_C,NA
Brazil,C,2022,320688070031.38007,BRA,1.7384895221566827,2.039646404906678,20.9534469027015,9032.08377657776,46.5,1.18873,38.816065976432135,9.108538381315462,1,-0.2859370499999998,126324.6754095259,-7.83936880352445,1.7384895221566827,BRA_C,NA
Chile,C,2013,24519181006.46,CHL,0,0.7105937855234101,12.9765829219485,13182.732961985574,30.2,0.39031,65.14328795238785,9.486663143312619,1,1.1581075833333334,15674.834001034409,-7.355154492033464,0,CHL_C,NA
Chile,C,2014,16219463260.54,CHL,0,0.6060854612548804,13.9369112350151,13285.954036119225,27,0.37668,65.63462812188874,9.494462668646662,1,1.1236611333333333,16432.56213388014,-6.894702373603269,0,CHL_C,NA
Chile,C,2015,15959023546.279997,CHL,1.0787860898410706,1.0389299793355342,15.0681266925704,13433.920298703231,25.1,0.38296,59.34911047753091,9.505538153004627,0,1.0376254333333332,17578.48638150773,-6.811103898161407,0,CHL_C,NA
Chile,C,2016,16183031551.44,CHL,0,1.3281793440383425,15.9005028734256,13505.097711132956,24.6,0.37103,56.05786108777225,9.510822501382545,0,1.0083828666666665,17911.187272836356,-6.806293032247912,0,CHL_C,NA
Chile,C,2017,25433744990.379997,CHL,0,1.6926741298714645,16.5009633130641,13473.345853293376,24.1,0.35679,56.02615896757065,9.508468631529054,0,0.9968675833333334,17274.901858972615,-7.294577425666522,0,CHL_C,NA
Chile,C,2018,28371102327.420002,CHL,0.7185228204234315,1.9634173140881146,17.2066645597348,13763.006884479451,25.5,0.36916,58.177050633437034,9.52973961119589,0,1.0121072,17600.806298281663,-7.385181669041129,0,CHL_C,NA
Chile,C,2019,24950194208.29,CHL,0.757222243733178,1.990551248538483,17.8649532986793,13630.593543557825,25.3,0.34243,57.61175456808293,9.520072070591878,0,0.9070391,17804.514040795562,-7.245184862103712,0,CHL_C,NA
Chile,C,2020,22839777726.57,CHL,1.7669146875429325,2.222477910316718,19.4305872645094,12679.024004021963,26.7,0.33525,58.18286356297483,9.447704253737133,1,0.81827375,16898.511086872553,-7.209033415281823,1.7669146875429325,CHL_C,NA
Chile,C,2021,26910255646.25,CHL,1.7669146875429325,2.330998976924569,22.0140443723879,14051.471363067683,24.2,0.36063,64.87740632378343,9.550482392628798,0,0.79798085,18688.786800285943,-7.272339036063858,0,CHL_C,NA
Chile,C,2022,28542632511.7,CHL,0.6364215095342876,2.051343410306683,22.7901897178525,14283.148950152385,24.2,0.39205,75.20161774253033,9.566835726300333,0,0.7662795,19403.21372028225,-7.293715418115301,0,CHL_C,NA
Colombia,C,2012,40972765928.97,COL,0,0.492877822944836,8.61552491359116,5675.756179783048,29.6,0.22116,38.835151018668974,8.643959081011802,1,-0.3541133499999996,18328.402813873683,-7.712210956373558,0,COL_C,NA
Colombia,C,2013,41807036993.039986,COL,0.7944358013684811,0.6962991323809782,9.83199406546913,5910.8059230116605,32,0.25761,37.98664879784566,8.684537467094968,1,-0.3581469666666647,21091.732806298685,-7.591938799883162,0.7944358013684811,COL_C,NA
Colombia,C,2014,40176557511.21,COL,0.39560114265991536,0.5997629027388675,10.7989878070274,6121.839820198248,32.1,0.30317,37.48746564111034,8.719617954543367,1,-0.29765713333333316,20880.660183667955,-7.562215577517396,0.39560114265991536,COL_C,NA
Colombia,C,2015,31273408377.710003,COL,0,1.055150754424223,11.7644668057911,6248.514905345122,31.1,0.36542,38.36076411844532,8.740099099350715,1,-0.24668411666666668,18767.362030706965,-7.418404143902688,0,COL_C,NA
Colombia,C,2016,28919183824.34999,COL,0.6783145041327373,1.322037734349801,12.4647515240681,6316.070677825417,30.5,0.27051,36.20265298420203,8.750852565595604,1,-0.23330571666666633,19769.357698127107,-7.288127306092269,0.6783145041327373,COL_C,NA
Colombia,C,2017,29690723110.01,COL,0.6783145041327373,1.6884124947675792,13.1537299039926,6309.677452925182,32.2,0.26109,35.2829149424588,8.749839837418161,1,-0.25266554999999985,20602.45553232691,-7.273179653509952,0.6783145041327373,COL_C,NA
Colombia,C,2018,31932858165.800007,COL,0.39560114265991536,1.965307699409464,13.622877883522,6353.546428539201,30.4,0.31233,36.534752796897315,8.75676842867108,1,-0.2215884666666662,21030.447049004342,-7.325419548026369,0.39560114265991536,COL_C,NA
Colombia,C,2019,29362919020.530006,COL,0,1.9942278401342057,13.9253307862459,6439.9635981264655,31.5,0.32201,37.558533980838966,8.77027816661759,1,-0.23188079999999986,20282.591753550096,-7.277724930410646,0,COL_C,NA
Colombia,C,2020,24999575529.12,COL,0.21723685541919807,2.234299730094004,15.3363074463544,5891.955232154031,32,0.2894,34.05557096801009,8.681343179480681,1,-0.21337126666666634,21093.754515052136,-7.077637122751299,0.21723685541919807,COL_C,NA
Colombia,C,2021,31239556303.020004,COL,0.4989967836437041,2.34068496658195,16.4767904492313,6457.169218070858,29.7,0.2894,40.05914639361279,8.772946299201278,1,-0.26609799999999983,18802.65428369839,-7.415442355831187,0.4989967836437041,COL_C,NA
Colombia,C,2022,35054626619.76,COL,0,2.0540631017001467,17.007465545983,6856.725905053739,29.7,0.2894,48.28265511233591,8.832985333472989,1,-0.2297286499999998,18664.99158986089,-7.538013222532146,0,COL_C,NA
Colombia,D_E,2012,11383129803.419998,COL,0,0.019142696267821193,8.61552491359116,5675.756179783048,29.6,0.22116,38.835151018668974,8.643959081011802,1,-0.3541133499999996,15324.943194899,-6.6104059214095905,0,COL_D_E,NA
Colombia,D_E,2013,11646989388.34,COL,0.03614679677067993,0.030074580824860888,9.83199406546913,5910.8059230116605,32,0.25761,37.98664879784566,8.684537467094968,1,-0.3581469666666647,18990.2255536215,-6.4188786017473065,0.03614679677067993,COL_D_E,NA
Colombia,D_E,2014,11467164277.060001,COL,0.014615879893434769,0.024624158599623826,10.7989878070274,6121.839820198248,32.1,0.30317,37.48746564111034,8.719617954543367,1,-0.29765713333333316,19793.8738674659,-6.36187046081382,0.014615879893434769,COL_D_E,NA
Colombia,D_E,2015,8971903000.77,COL,0,0.05525355611700873,11.7644668057911,6248.514905345122,31.1,0.36542,38.36076411844532,8.740099099350715,1,-0.24668411666666668,21852.035786615903,-6.017558996040574,0,COL_D_E,NA
Colombia,D_E,2016,9041471051.79,COL,0.029021209524969224,0.080165718760316,12.4647515240681,6316.070677825417,30.5,0.27051,36.20265298420203,8.750852565595604,1,-0.23330571666666633,22794.6464849497,-5.983051462017439,0.029021209524969224,COL_D_E,NA
Colombia,D_E,2017,10092878675.01,COL,0.029021209524969224,0.12559728136239237,13.1537299039926,6309.677452925182,32.2,0.26109,35.2829149424588,8.749839837418161,1,-0.25266554999999985,16002.6860796277,-6.446828784333934,0.029021209524969224,COL_D_E,NA
Colombia,D_E,2018,11034934261.990002,COL,0.014615879893434769,0.1707539177291806,13.622877883522,6353.546428539201,30.4,0.31233,36.534752796897315,8.75676842867108,1,-0.2215884666666662,18155.4911038612,-6.409848306332725,0.014615879893434769,COL_D_E,NA
Colombia,D_E,2019,11007970152.509998,COL,0,0.1760960279199128,13.9253307862459,6439.9635981264655,31.5,0.32201,37.558533980838966,8.77027816661759,1,-0.23188079999999986,19183.0469970255,-6.352347928651066,0,COL_D_E,NA
Colombia,D_E,2020,10519116646.55,COL,0.007334642702169903,0.22556646673747785,15.3363074463544,5891.955232154031,32,0.2894,34.05557096801009,8.681343179480681,1,-0.21337126666666634,21939.144903463002,-6.172677034037423,0.007334642702169903,COL_D_E,NA
Colombia,D_E,2021,11970373022.300001,COL,0.019441713204866966,0.25063491066098265,16.4767904492313,6457.169218070858,29.7,0.2894,40.05914639361279,8.772946299201278,1,-0.26609799999999983,19052.9481949142,-6.442968110679511,0.019441713204866966,COL_D_E,NA
Colombia,D_E,2022,12921168385.17,COL,0,0.18755490674630604,17.007465545983,6856.725905053739,29.7,0.2894,48.28265511233591,8.832985333472989,1,-0.2297286499999998,18933.3996208025,-6.525694667384949,0,COL_D_E,NA
Costa Rica,C,2012,6554758865.37,CRI,0,0.492877822944836,9.61836080870784,11001.51928565757,38.1,0.54713,67.04853929509761,9.30578865912121,1,0.6649787666666667,1691.553821447048,-8.262299081654035,0,CRI_C,NA
Costa Rica,C,2013,6543279527.84,CRI,0,0.7105937855234101,10.2813377106354,11151.14378697677,37.8,0.54253,64.06641058794423,9.31929735341875,1,0.6572077833333334,1684.8518879729172,-8.264516115991983,0,CRI_C,NA
Costa Rica,C,2014,6391733429.570001,CRI,0,0.6060854612548804,10.8312169257784,11422.673579317625,37.6,0.55627,65.19124205323678,9.343355569585272,1,0.6735219,1687.3810539950605,-8.239583128058287,0,CRI_C,NA
Costa Rica,C,2015,6551260426.630001,CRI,0,1.055150754424223,11.5950932724067,11714.710598073205,38.3,0.43665,60.75356193952099,9.368600647100541,1,0.6953436666666667,1711.4026679495223,-8.250099433734603,0,CRI_C,NA
Costa Rica,C,2016,6829293326.8,CRI,0,1.3281793440383425,13.131030668186,12084.435132563423,34.1,0.44335,62.17847817682954,9.399673550842317,1,0.69331505,1730.7490540683339,-8.28042218711888,0,CRI_C,NA
Costa Rica,C,2017,7100953654.069999,CRI,0.3396313008245983,1.6909005131384636,15.1437857826005,12468.565453170932,33.3,0.42587,65.07195374388154,9.430965992214546,1,0.6538709,1843.41656547741,-8.256363692575619,0.3396313008245983,CRI_C,NA
Costa Rica,C,2018,7443187130.749999,CRI,0.8303140530563654,1.9626060073435783,16.8377298238862,12679.525364301557,33.1,0.37144,66.94534201663602,9.447743795453212,1,0.6689861500000001,1771.2632533350602,-8.3433614194181,0.8303140530563654,CRI_C,NA
Costa Rica,C,2019,7760039294.119999,CRI,0,1.9942278401342057,18.0962978090241,12877.650101079042,33.4,0.35073,65.76053001766219,9.46324853744473,1,0.6837541500000001,1484.5318295214972,-8.561643220607401,0,CRI_C,NA
Costa Rica,C,2020,7980926718.64,CRI,1.2076271350106782,2.228924567320957,19.7191477697087,12242.209890853288,36.4,0.33002,60.13988625095327,9.412645086408075,1,0.7133595500000001,1537.6349770343813,-8.554564307070374,1.2076271350106782,CRI_C,NA
Costa Rica,C,2021,8921314085.62,CRI,0,2.3421669122391053,20.9242986347003,13146.692791846468,34.2,0.27385,70.78164230270846,9.483925507255904,1,0.6962303666666667,1735.8606231302595,-8.54469520693961,0,CRI_C,NA
Costa Rica,C,2022,9749545015.930002,CRI,0.17740173624731945,2.0534703665923835,21.7575979999075,13686.161409082211,34.2,0.33789,82.22753253531432,9.524140485179725,1,0.7008714,1815.156186278021,-8.588804380810021,0.17740173624731945,CRI_C,NA
Cyprus,C,2012,1252541954.7699997,CYP,0,0.492877822944836,25.5626376173369,24285.49609375,8.6,0.43765,112.3442732972728,10.097634582561726,0,1.0641090666666666,986.3417107643833,-7.146682750997469,0,CYP_C,NA
Cyprus,C,2013,1121305008.99,CYP,0,0.7105937855234101,26.6505813953488,22711.71875,9.7,0.48485,120.92620063938908,10.030636314754542,0,0.9840634666666667,1299.499121568769,-6.760269573461442,0,CYP_C,NA
Cyprus,C,2014,1124273309.8899999,CYP,0,0.6060854612548804,28.3005343866171,22373.578125,9.5,0.51205,130.8443630793902,10.015635993637796,0,0.9033991,1661.2845309157535,-6.517301042227,0,CYP_C,NA
Cyprus,C,2015,1009117981.2199999,CYP,0,1.055150754424223,30.1736513081732,23088.44140625,10.4,0.47529,137.27642647719287,10.047087399258219,0,0.8804279666666667,1487.6995197330716,-6.51960096202233,0,CYP_C,NA
Cyprus,C,2016,1090521473.3700001,CYP,1.132336618805731,1.3148243159743909,32.0132199103345,24477.986328125,10.3,0.5197,139.02209845724812,10.10552947540487,0,0.89589495,1483.434295025547,-6.6000514074986,0,CYP_C,NA
Cyprus,C,2017,1244397349.29,CYP,0,1.6926741298714645,33.6542226269064,25666.00390625,10.9,0.54259,148.01335555813526,10.152922589999907,0,0.9238227333333333,1541.1230100125965,-6.693895256960895,0,CYP_C,NA
Cyprus,C,2018,1448429508.25,CYP,0.7944358013684811,1.9628764078782241,35.2355650415637,26962.40625,12,0.61032,147.62356741005382,10.202198813639907,0,0.8378151333333334,1408.8475329687078,-6.9354631330108205,0,CYP_C,NA
Cyprus,C,2019,1504482377.2199998,CYP,0.1499630296517449,1.9937033496808423,36.1884973404255,28167.16015625,12,0.70269,150.50616956116215,10.245912044863912,0,0.9016352833333333,1370.6052565032871,-7.000951747275335,0,CYP_C,NA
Cyprus,C,2020,1506194132.2800002,CYP,0.1499630296517449,2.2345058056014024,36.3127392017496,26895.68359375,15,0.82581,160.66871645996954,10.19972109151577,0,0.7710480333333333,1494.164397564065,-6.915774186761608,0,CYP_C,NA
Cyprus,C,2021,1679331846.22,CYP,0,2.3421669122391053,36.6502473650247,29517.072265625,15.6,0.77686,176.82773681986995,10.292724095802214,0,0.7261719833333333,1539.9553614439671,-6.994397852776054,0,CYP_C,NA
Cyprus,C,2022,1550652679.3799996,CYP,0.7722652852386217,2.0505014095482763,36.7656727425982,31370.55078125,15.6,0.70468,205.75354374552353,10.35362485860949,0,0.71438715,1560.8502595004652,-6.901200493830064,0,CYP_C,NA
Cyprus,D_E,2012,182848582.5,CYP,0,0.019142696267821193,25.5626376173369,24285.49609375,8.6,0.43765,112.3442732972728,10.097634582561726,0,1.0641090666666666,3520.3045473702,-3.9501108873026918,0,CYP_D_E,NA
Cyprus,D_E,2013,193672844.61999997,CYP,0,0.030924636796372206,26.6505813953488,22711.71875,9.7,0.48485,120.92620063938908,10.030636314754542,0,0.9840634666666667,2805.5238083496,-4.234580105120824,0,CYP_D_E,NA
Cyprus,D_E,2014,185978201.96,CYP,0,0.024966126186013397,28.3005343866171,22373.578125,9.5,0.51205,130.8443630793902,10.015635993637796,0,0.9033991,2912.4244934921226,-4.156643579507519,0,CYP_D_E,NA
Cyprus,D_E,2016,491063413.4,CYP,0.061848882251300405,0.07941046837416221,32.0132199103345,24477.986328125,10.3,0.5197,139.02209845724812,10.10552947540487,0,0.89589495,3260.8790956352,-5.014576450718324,0,CYP_D_E,NA
Cyprus,D_E,2017,490622521.7700001,CYP,0,0.12621544419445668,33.6542226269064,25666.00390625,10.9,0.54259,148.01335555813526,10.152922589999907,0,0.9238227333333333,3264.7075891021,-5.012504837870423,0,CYP_D_E,NA
Cyprus,D_E,2018,500699715.27,CYP,0.03614679677067993,0.17031053028523732,35.2355650415637,26962.40625,12,0.61032,147.62356741005382,10.202198813639907,0,0.8378151333333334,3303.9804113959,-5.020878623784978,0,CYP_D_E,NA
Cyprus,D_E,2019,513685579.82,CYP,0.004896711410283143,0.17599801965310105,36.1884973404255,28167.16015625,12,0.70269,150.50616956116215,10.245912044863912,0,0.9016352833333333,3251.1094079445,-5.062615071486883,0,CYP_D_E,NA
Cyprus,D_E,2020,464165865.23,CYP,0.004896711410283143,0.2256130742463766,36.3127392017496,26895.68359375,15,0.82581,160.66871645996954,10.19972109151577,0,0.7710480333333333,3008.5891340984,-5.038770713856677,0,CYP_D_E,NA
Cyprus,D_E,2021,510618644.26,CYP,0,0.2509986459610834,36.6502473650247,29517.072265625,15.6,0.77686,176.82773681986995,10.292724095802214,0,0.7261719833333333,3342.8768156648784,-5.028791260236182,0,CYP_D_E,NA
Cyprus,D_E,2022,528541822.86,CYP,0.0347257354530142,0.18685721752765003,36.7656727425982,31370.55078125,15.6,0.70468,205.75354374552353,10.35362485860949,0,0.71438715,3342.8768156648784,-5.063290178883952,0,CYP_D_E,NA
Djibouti,C,2014,37536364.87,DJI,0,0.6060854612548804,2.0047530858657,2253.1408224976817,29.4,NA,298.564535821251,7.720080442916421,1,-0.8170900833333333,195.0693295933969,-5.259710440188851,0,DJI_C,NA
Djibouti,C,2015,38318489.69,DJI,0,1.055150754424223,2.36839087613311,2376.1255471987265,24.8,NA,268.36345625462917,7.77322651881667,0,-0.8406358499999996,185.31604069745453,-5.33162512256791,0,DJI_C,NA
Djibouti,C,2016,48773079.1,DJI,0,1.3281793440383425,2.33941404303751,2502.8518144943146,23.6,NA,213.07199860792073,7.825186086520714,0,-0.8514418666666663,155.63303817048717,-5.747432865055405,0,DJI_C,NA
Djibouti,C,2017,83597327.66,DJI,0,1.6926741298714645,2.31210201347881,2596.45134698268,23.3,NA,305.96796640346764,7.86190092518572,0,-0.8793612833333315,164.45263435032615,-6.2311442411089,0,DJI_C,NA
Djibouti,C,2018,62693775.65,DJI,0,1.96692528263989,2.3797395608845,2677.1650334451,24.7,NA,300.39890052384357,7.892513690273533,0,-0.8086927166666662,210.30792173399536,-5.697444699033835,0,DJI_C,NA
Djibouti,C,2019,77058989.18,DJI,0,1.9942278401342057,2.24265621024535,2781.9435011348387,23.4,NA,320.9392303641797,7.930905063554963,0,-0.8347832999999981,215.77888804806489,-5.878072283847242,0,DJI_C,NA
Djibouti,C,2020,99206063.4,DJI,0,2.234918076594951,2.26685414608193,2773.4066178009693,27.5,NA,225.7448713237232,7.927831669485868,1,-0.8362542999999996,213.4461548631347,-6.141569815574714,0,DJI_C,NA
Djibouti,C,2021,129815840.78,DJI,0,2.3421669122391053,1.39112845686235,2854.15987035097,26.6,NA,263.4777287338912,7.956532812708635,1,-0.8471875499999998,235.11305800273053,-6.313805619375778,0,DJI_C,NA
Djibouti,C,2022,131335076.05,DJI,0,2.0540631017001467,1.41245769926198,2959.786730112679,26.9,NA,302.28540923154515,7.992872494084725,1,-0.8236889333333332,237.95826853045082,-6.313411852951982,0,DJI_C,NA
Algeria,C,2012,72784078738.77,DZA,0,0.492877822944836,3.06737211964693,4518.439789564638,0.2,NA,60.7576393340605,8.415922033938331,0,-0.8577305833333329,19380.23932279092,-8.23099855627988,0,DZA_C,NA
Algeria,C,2013,68373496252.92,DZA,0,0.7105937855234101,3.33210366559778,4543.234440067668,0.1,NA,59.15100815724396,8.421394469109343,0,-0.7725710333333331,19067.887706287427,-8.184734898631076,0,DZA_C,NA
Algeria,C,2014,64004554237.79999,DZA,0,0.6060854612548804,4.08032326259352,4634.1014917995235,0.1,NA,56.92354196698671,8.441197606306117,0,-0.7839330333333332,21255.32022150435,-8.010102292376024,0,DZA_C,NA
Algeria,C,2015,36379133032.87999,DZA,0,1.055150754424223,5.67060147059702,4685.059027290017,0.1,NA,53.204622590414495,8.452133793801268,0,-0.7581712166666663,23002.091284503887,-7.3661654837073485,0,DZA_C,NA
Ecuador,C,2012,11376861701.800001,ECU,0,0.492877822944836,5.41801624099982,5579.8562428215755,13.2,0.33308,67.0029290916898,8.626918292108286,0,-0.6636433333333328,5333.778350211402,-7.665277025764294,0,ECU_C,NA
Ecuador,C,2013,9598001603.800001,ECU,0,0.7105937855234101,6.69604876989672,5893.321726830364,11.8,0.37423,63.43330033424136,8.681575078092349,0,-0.5358339499999997,5796.735307089385,-7.412015308526494,0,ECU_C,NA
Ecuador,C,2014,9008347808,ECU,0.39560114265991536,0.5997629027388675,8.22960271464069,6055.041727614853,12.2,0.43839,61.426376621756496,8.708646547394471,0,-0.4952739166666663,5929.323390912842,-7.325996853486871,0,ECU_C,NA
Ecuador,C,2015,8159977964,ECU,0,1.055150754424223,9.14528109625927,5976.159680565097,13.1,0.43839,47.82803970778264,8.695533446764424,0,-0.5895230166666665,5196.685676119847,-7.358975695060475,0,ECU_C,NA
Ecuador,C,2016,6263674646,ECU,0,1.3281793440383425,9.75202935279733,5849.135879336722,14.8,0.43839,40.53449179966469,8.674049216381379,0,-0.548500533333333,4310.030260549642,-7.281577370927746,0,ECU_C,NA
Ecuador,C,2017,6174634123,ECU,0,1.6926741298714645,10.6125181754918,6104.272535217513,17,0.43839,43.6177233172817,8.716744220594295,0,-0.5319221833333329,4343.902526793642,-7.259431764608246,0,ECU_C,NA
Ecuador,C,2018,6065557763,ECU,0,1.96692528263989,11.4584100093686,6063.095617877599,16.3,0.43839,48.00934761548355,8.709975776667743,0,-0.44188039999999984,5309.298008542692,-7.040922156637256,0,ECU_C,NA
Ecuador,C,2019,5614648179,ECU,0,1.9942278401342057,12.0672172196331,5971.389383867231,17.7,0.43839,48.082849493330734,8.69473490692573,0,-0.40907424999999964,5033.759334480203,-7.016967120302307,0,ECU_C,NA
Ecuador,C,2020,4045967141,ECU,0,2.234918076594951,13.5146940353863,5355.689341964435,20.2,0.43839,43.9893109378389,8.585914703255185,0,-0.4126600166666665,4672.693307563423,-6.763740265513341,0,ECU_C,NA
Ecuador,C,2021,7283996185,ECU,0,2.3421669122391053,14.0284374555704,5815.094773909489,18.9,0.43839,53.26127561057301,8.66821236299871,0,-0.33395176666666665,5497.408130177671,-7.189158184989589,0,ECU_C,NA
Ecuador,C,2022,7608574009,ECU,0,2.0540631017001467,15.1128846850944,6107.494950065426,18.9,0.43839,61.88079281878595,8.717271976290036,0,-0.33917311666666666,5755.899106710102,-7.186805788957273,0,ECU_C,NA
Ecuador,D_E,2016,1532240383,ECU,0,0.08081260412878558,9.75202935279733,5849.135879336722,14.8,0.43839,40.53449179966469,8.674049216381379,0,-0.548500533333333,9340.3122514282,-5.100146562642861,0,ECU_D_E,NA
Ecuador,D_E,2017,1899992221,ECU,0,0.12621544419445668,10.6125181754918,6104.272535217513,17,0.43839,43.6177233172817,8.716744220594295,0,-0.5319221833333329,6899.6195964577,-5.6181387918003365,0,ECU_D_E,NA
Ecuador,D_E,2018,2154230664,ECU,0,0.17104940017811293,11.4584100093686,6063.095617877599,16.3,0.43839,48.00934761548355,8.709975776667743,0,-0.44188039999999984,7575.8945125939,-5.650217506439176,0,ECU_D_E,NA
Ecuador,D_E,2019,3062475282,ECU,0,0.1760960279199128,12.0672172196331,5971.389383867231,17.7,0.43839,48.082849493330734,8.69473490692573,0,-0.40907424999999964,6911.8258586975,-6.093744946506539,0,ECU_D_E,NA
Ecuador,D_E,2020,2494934705,ECU,0,0.22570633870956203,13.5146940353863,5355.689341964435,20.2,0.43839,43.9893109378389,8.585914703255185,0,-0.4126600166666665,6106.9190093323,-6.012595445289451,0,ECU_D_E,NA
Ecuador,D_E,2021,2890978216,ECU,0,0.2509986459610834,14.0284374555704,5815.094773909489,18.9,0.43839,53.26127561057301,8.66821236299871,0,-0.33395176666666665,7306.5889782058,-5.980573666068645,0,ECU_D_E,NA
Ecuador,D_E,2022,2215901641,ECU,0,0.18755490674630604,15.1128846850944,6107.494950065426,18.9,0.43839,61.88079281878595,8.717271976290036,0,-0.33917311666666666,7839.7756310383,-5.644204445588983,0,ECU_D_E,NA
Egypt,C,2012,27987343747.379997,EGY,0,0.492877822944836,2.45679305227732,3220.991942030666,5.3,0.50899,40.71176927210844,8.077444647630045,0,-0.7451171499999983,64329.778977072056,-6.075485028298892,0,EGY_C,NA
Egypt,C,2013,28672375178.76,EGY,0,0.7105937855234101,2.80726241263661,3216.378390262898,5.3,0.63895,40.37303805633197,8.076011282041456,0,-0.959503883333333,63880.05704392013,-6.106682184553741,0,EGY_C,NA
Egypt,C,2014,32235194682.270012,EGY,0,0.6060854612548804,3.14561708192958,3235.662462352572,5.4,0.63649,36.92018779342723,8.081988965677631,0,-0.9196378833333329,60660.77435713087,-6.275516869484781,0,EGY_C,NA
Egypt,C,2015,26006095621.789993,EGY,0,1.055150754424223,3.84187963570353,3306.9815941414076,5.3,0.71858,34.84594296002291,8.103791147239484,0,-0.9091207333333317,60256.09419898332,-6.0674825207307,0,EGY_C,NA
Egypt,C,2016,15043193583.979996,EGY,0.280268783605427,1.3261365335572137,4.39685382563749,3381.2224630620676,5.1,0.70848,30.246549051450504,8.125992598550411,0,-0.8968763833333331,65464.35120462848,-5.4371751762613565,0,EGY_C,NA
Egypt,C,2017,30206503794.230003,EGY,0.8303140530563654,1.6869880468193823,5.04732016956055,3452.909612455395,4.9,0.64486,42.832134358160786,8.146972520521286,0,-0.8498316666666647,79638.13880484288,-5.93831942878374,0,EGY_C,NA
Egypt,C,2018,73178212265.36,EGY,0.06700191601200556,1.9666944518315366,6.26825297386708,3568.639662861614,5,0.68839,45.911019673395906,8.179939755339424,0,-0.8586157499999978,88847.46356033796,-6.713732002238286,0,EGY_C,NA
Egypt,C,2019,99162532463.07,EGY,0,1.9942278401342057,7.04130696004296,3701.244634518797,6.2,0.79617,41.12401715511079,8.216424429774438,0,-0.8318691666666644,64916.1759826408,-7.331418687604091,0,EGY_C,NA
Egypt,C,2020,46895852022.18,EGY,1.7245737968996508,2.223103607877957,8.5396308016812,3770.869478674215,6.7,0.91564,32.12625556675226,8.235060884798896,0,-0.859276783333333,62045.28100544273,-6.627820050224218,0,EGY_C,NA
Egypt,C,2021,58891534353.04999,EGY,0.5926427890336514,2.3403143037088285,9.76582299335252,3837.3199232444736,6.1,0.91175,29.856973480812233,8.252529465255515,0,-0.8543066333333315,71320.305278678,-6.716271556765909,0,EGY_C,NA
Egypt,D_E,2016,26432.86,EGY,0.00976664493677772,0.08059704373190588,4.39685382563749,3381.2224630620676,5.1,0.70848,30.246549051450504,8.125992598550411,0,-0.8968763833333331,99181.600364062,8.230099862739511,0,EGY_D_E,NA
Egypt,D_E,2017,19121766,EGY,0.03850980943469853,0.1253911627551816,5.04732016956055,3452.909612455395,4.9,0.64486,42.832134358160786,8.146972520521286,0,-0.8498316666666647,106144.03274384701,1.7139697038750388,0,EGY_D_E,NA
Egypt,D_E,2019,280766344.3,EGY,0,0.1760960279199128,7.04130696004296,3701.244634518797,6.2,0.79617,41.12401715511079,8.216424429774438,0,-0.8318691666666644,91183.078318652,-1.1246534733737066,0,EGY_D_E,NA
Egypt,D_E,2020,40432007.44,EGY,0.13091468971888212,0.22304541998468327,8.5396308016812,3770.869478674215,6.7,0.91564,32.12625556675226,8.235060884798896,0,-0.859276783333333,88405.307882886,0.7823102771065987,0,EGY_D_E,NA
Georgia,C,2012,985625868.2700002,GEO,0,0.492877822944836,12.0611334421058,3609.780798625996,28.7,0.0771,89.73488009463382,8.19140232888114,1,0.24675556666666668,2510.7462403733944,-5.972696822771915,0,GEO_C,NA
Georgia,C,2013,1007906213.3400002,GEO,0,0.7105937855234101,13.5708594493486,3806.5060064905138,32.4,0.0771,93.81391378955315,8.244466988701285,1,0.2972041166666668,3386.162981052244,-5.695932985627023,0,GEO_C,NA
Georgia,C,2014,1039403239.69,GEO,0,0.6060854612548804,15.8407410024372,3960.3508009190073,30.7,0.16991,94.95069793833932,8.28408788641567,1,0.4536033666666667,3349.8883636803707,-5.737474998447032,0,GEO_C,NA
Georgia,C,2015,901194002.49,GEO,0,1.055150754424223,16.7646515047976,4086.622346596499,27.5,0.29397,97.01631150862568,8.315474075721646,1,0.427185,3443.2893112120087,-5.567293343867579,0,GEO_C,NA
Georgia,C,2016,872251275.5,GEO,0,1.3281793440383425,17.9595929069632,4225.091549048057,27.2,0.28025,94.92625283834433,8.348796207970258,1,0.4885016833333333,3282.8249703870074,-5.582373219201866,0,GEO_C,NA
Georgia,C,2017,1032056446.9699999,GEO,0,1.6926741298714645,20.4644306577176,4442.50744127374,27.5,0.26645,102.58427769714562,8.398974235046817,1,0.45531221666666666,3671.7697971783464,-5.638634861829233,0,GEO_C,NA
Georgia,C,2018,1111271329.5000002,GEO,0,1.96692528263989,22.5911406351247,4713.653548453031,27.4,0.27573,109.84774055626568,8.45821858661897,1,0.4177751,3857.2130008834824,-5.663315078596741,0,GEO_C,NA
Georgia,C,2019,1054684446.6899998,GEO,0,1.9942278401342057,24.6806060596483,4975.811481948139,24.7,0.28197,117.81008023971364,8.51234374824076,0,0.41112051666666666,3921.989930904038,-5.5943977380727405,0,GEO_C,NA
Georgia,C,2020,996182748.4100003,GEO,0,2.234918076594951,25.5120429077493,4659.609253182341,23.4,0.29765,92.89108417521943,8.446686872355555,0,0.35956051666666666,3615.7603747374446,-5.618628550807298,0,GEO_C,NA
Georgia,C,2021,1324320189.1799998,GEO,0.1499630296517449,2.341796576097975,26.6463786914494,5175.198651858251,25.2,0.24875,101.60090754890984,8.551633004229327,0,0.3451324333333333,3832.6234851891077,-5.8451049902109276,0,GEO_C,NA
Georgia,C,2022,1802932720.6799996,GEO,0,2.0540631017001467,28.3337075311796,5736.304495785975,25.2,0.2347,114.69543768871809,8.654570465909892,0,0.3212691333333335,3778.9244666567793,-6.167730470785175,0,GEO_C,NA
Georgia,D_E,2015,340419381.48,GEO,0,0.05525355611700873,16.7646515047976,4086.622346596499,27.5,0.29397,97.01631150862568,8.315474075721646,1,0.427185,1262.7800823184841,-5.596862627502287,0,GEO_D_E,NA
Georgia,D_E,2016,438031456.97,GEO,0,0.08081260412878558,17.9595929069632,4225.091549048057,27.2,0.28025,94.92625283834433,8.348796207970258,1,0.4885016833333333,1063.8402200957667,-6.020405516803733,0,GEO_D_E,NA
Georgia,D_E,2017,427611890.93,GEO,0,0.12621544419445668,20.4644306577176,4442.50744127374,27.5,0.26645,102.58427769714562,8.398974235046817,1,0.45531221666666666,1095.9852172257808,-5.966562286798076,0,GEO_D_E,NA
Georgia,D_E,2018,487203993.83000004,GEO,0,0.17104940017811293,22.5911406351247,4713.653548453031,27.4,0.27573,109.84774055626568,8.45821858661897,1,0.4177751,1012.1040219793484,-6.1766515597784695,0,GEO_D_E,NA
Georgia,D_E,2019,436734447.65999997,GEO,0,0.1760960279199128,24.6806060596483,4975.811481948139,24.7,0.28197,117.81008023971364,8.51234374824076,0,0.41112051666666666,1346.3402100010373,-5.78193538352918,0,GEO_D_E,NA
Georgia,D_E,2020,365965190.93,GEO,0,0.22570633870956203,25.5120429077493,4659.609253182341,23.4,0.29765,92.89108417521943,8.446686872355555,0,0.35956051666666666,1222.4716355125177,-5.701663482066831,0,GEO_D_E,NA
Georgia,D_E,2021,646906807.21,GEO,0.004896711410283143,0.2509077108965045,26.6463786914494,5175.198651858251,25.2,0.24875,101.60090754890984,8.551633004229327,0,0.3451324333333333,1344.5910943219017,-6.1761122980719785,0,GEO_D_E,NA
Georgia,D_E,2022,812346341.12,GEO,0,0.18755490674630604,28.3337075311796,5736.304495785975,25.2,0.2347,114.69543768871809,8.654570465909892,0,0.3212691333333335,1344.5767454744962,-6.40384750154739,0,GEO_D_E,NA
Indonesia,C,2012,117900731725.18,IDN,0,0.492877822944836,1.18045801810675,2930.5184453229954,30.1,0.0847,49.5828982992627,7.98293463015465,1,-0.3602454333333328,155481.15005347016,-6.63107379007637,0,IDN_C,NA
Indonesia,C,2013,136362979074.03998,IDN,0,0.7105937855234101,1.27096683417948,3055.2424600646877,30.6,0.0847,48.637372675289285,8.024614233453086,1,-0.3310805833333332,116335.34802943893,-7.066598621449755,0,IDN_C,NA
Indonesia,C,2014,137773400237.56,IDN,0,0.6060854612548804,1.31336301010966,3170.7210301142886,29.3,0.13825,48.08017558552271,8.061714295302249,1,-0.18619833333333316,126453.79286433339,-6.993488619631807,0,IDN_C,NA
Indonesia,C,2015,141439862543.93,IDN,0.21723685541919807,1.0531374883185174,1.52139473860752,3288.222697255384,26.6,0.1918,41.93764024152938,8.098102484191292,1,-0.25985423333333335,139433.29940436644,-6.9220435595926,0.21723685541919807,IDN_C,NA
Indonesia,C,2016,165732177799.16,IDN,0,1.3281793440383425,1.9753784545485,3416.810051709715,27.8,0.24535,37.421341802331824,8.136462661371946,1,-0.16800221666666634,127235.56974143835,-7.172088129529507,0,IDN_C,NA
Indonesia,C,2017,215784078575.74002,IDN,0,1.6926741298714645,2.32504234259027,3553.519992623214,25.2,0.23805,39.355497070460586,8.175693938429037,0,-0.15934898333333333,143727.1175732441,-7.314117065565894,0,IDN_C,NA
Indonesia,C,2018,216249499637.88,IDN,0,1.96692528263989,3.28729591276809,3701.3215546191177,22,0.22632,43.07430895520015,8.21644521178391,0,-0.10865413333333318,160932.6152636888,-7.20320237234035,0,IDN_C,NA
Indonesia,C,2019,222363779451.76,IDN,0,1.9942278401342057,3.77422560918071,3850.903217389789,19.8,0.27129,37.62777753571081,8.25606300168653,0,-0.1105058166666665,197544.8274672979,-7.02610443281342,0,IDN_C,NA
Indonesia,C,2020,194824365363.03,IDN,0.12988032781137912,2.2345646765503635,3.92993769121646,3739.4490656316098,21.9,0.28068,32.97217540024274,8.226693570902942,0,-0.08164486666666651,178382.3100392466,-6.99592468497802,0,IDN_C,NA
Indonesia,C,2021,215270198459.91,IDN,0.5926427890336514,2.3403143037088285,4.4874632789818,3850.688772539029,20.2,0.28068,40.20475827496714,8.256007313238973,0,-0.11605978333333317,178957.3661704993,-7.092501655446193,0,IDN_C,NA
Indonesia,C,2022,224554635886.82,IDN,0,2.0540631017001467,4.82151507878823,4024.912252883909,20.2,0.28068,45.46467019594532,8.300258389089292,0,-0.12032726666666667,228009.078596723,-6.892488876966271,0,IDN_C,NA
India,C,2012,176580710617.63,IND,2.875023456141523,0.2141320450469747,1.17169600055105,1333.0962655766764,34.8,0.74399,55.793721728751144,7.195259534807986,1,-0.32992161666666503,593522.7068984128,-5.69545786216126,2.875023456141523,IND_C,NA
India,C,2013,169430431604.29,IND,3.313959912878411,0.33960661251687846,1.15197793176359,1399.4537980287023,34.9,0.70642,53.844131946677734,7.243837295212063,1,-0.314404866666665,636029.8969101856,-5.584952118583209,3.313959912878411,IND_C,NA
India,C,2014,179085975650.6,IND,3.148254308061256,0.26420800697479907,1.20020374567342,1484.3164068291328,33.9,0.70158,48.922185747066905,7.302709613149857,1,-0.2544588499999995,658051.6441284633,-5.606337865644909,3.148254308061256,IND_C,NA
India,C,2015,186622902651.22998,IND,3.949530153295931,0.5069634806182101,1.27578595315943,1583.998159079848,33.4,0.6931,41.92291386586472,7.36770741017663,1,-0.14673686666666663,668175.2716309467,-5.632294774671421,3.949530153295931,IND_C,NA
India,C,2016,192724624896.45004,IND,4.3776063882839615,0.6427031183462293,1.38795276378032,1694.4653497382467,33,0.66984,40.08248571327602,7.435122542173672,1,-0.11276856666666665,701884.0774336942,-5.615249376481403,4.3776063882839615,IND_C,NA
India,C,2017,212431810609.98,IND,4.9031204407608,0.8111228677040114,1.31327377028949,1788.6977031844576,32.5,0.66603,40.74249695452253,7.4892430939286365,1,-0.07402014999999969,743042.9053090586,-5.6556225355105205,4.9031204407608,IND_C,NA
India,C,2018,210657782023.30002,IND,5.134823235247457,1.1406490148825776,1.3217822859385,1883.357727050616,32.9,0.66001,43.61696933238889,7.540811487804751,1,-0.05283725,759285.9163934919,-5.6256118017293515,5.134823235247457,IND_C,NA
India,C,2019,196854258479.60995,IND,5.175046862520372,1.1507926361871363,1.37913181839908,1936.0306774106673,33.5,0.65942,39.90540353064419,7.568395113480952,1,-0.051818333333333175,746965.8330190199,-5.574199484101177,5.175046862520372,IND_C,NA
India,C,2020,204266853485.58002,IND,5.456589579341361,1.3326365628976118,1.63622632751685,1806.5011058387809,36.1,0.64558,37.75810532927675,7.499147162731864,1,-0.136782133333333,682618.4200253272,-5.70124650212069,5.456589579341361,IND_C,NA
India,C,2021,262984114725.14996,IND,5.678564703917821,1.242014919806643,1.9487996093033,1965.3094343750604,34.9,0.64558,45.423088784044594,7.583404984870203,1,-0.18534068333333314,762193.5104439943,-5.843648434890605,5.678564703917821,IND_C,NA
India,C,2022,265189862950.34995,IND,5.429796958251723,0.8722613298276526,2.35231555917724,2098.2112447615036,34.9,0.64558,50.0752701498882,7.648840472524996,1,-0.16719159999999997,797297.98055582,-5.806972825742529,5.429796958251723,IND_C,NA
India,D_E,2012,5894953541.01,IND,0.41042552063124255,0.007218615790108868,1.17169600055105,1333.0962655766764,34.8,0.74399,55.793721728751144,7.195259534807986,1,-0.32992161666666503,989113.8389884561,-1.7850425017127711,0.41042552063124255,IND_D_E,NA
India,D_E,2013,6559115041.85,IND,0.5899048763105422,0.01219461750037775,1.15197793176359,1399.4537980287023,34.9,0.70642,53.844131946677734,7.243837295212063,1,-0.314404866666665,1006036.145923623,-1.8748376903252295,0.5899048763105422,IND_D_E,NA
India,D_E,2014,7622541697.53,IND,0.5166709834713074,0.009132903705631221,1.20020374567342,1484.3164068291328,33.9,0.70158,48.922185747066905,7.302709613149857,1,-0.2544588499999995,1123432.96670152,-1.9147207240312933,0.5166709834713074,IND_D_E,NA
India,D_E,2015,8149246420.34,IND,0.9339852934576961,0.019833640506997752,1.27578595315943,1583.998159079848,33.4,0.6931,41.92291386586472,7.36770741017663,1,-0.14673686666666663,1103116.471449917,-1.9997861293696644,0.9339852934576961,IND_D_E,NA
India,D_E,2016,9354724627.22,IND,1.2196910189103227,0.02698736343448494,1.38795276378032,1694.4653497382467,33,0.66984,40.08248571327602,7.435122542173672,1,-0.11276856666666665,1096320.041481871,-2.1439223688487656,1.2196910189103227,IND_D_E,NA
India,D_E,2017,10719755243,IND,1.6207185525477612,0.03723599239365761,1.31327377028949,1788.6977031844576,32.5,0.66603,40.74249695452253,7.4892430939286365,1,-0.07402014999999969,1154897.631515564,-2.2280766142489377,1.6207185525477612,IND_D_E,NA
India,D_E,2018,11940671299.89,IND,1.8119547475591635,0.06258728307240692,1.3217822859385,1883.357727050616,32.9,0.66001,43.61696933238889,7.540811487804751,1,-0.05283725,1255823.600830566,-2.2521587161713095,1.8119547475591635,IND_D_E,NA
India,D_E,2019,12903846933.78,IND,1.8459146436559082,0.06349596018790941,1.37913181839908,1936.0306774106673,33.5,0.65942,39.90540353064419,7.568395113480952,1,-0.051818333333333175,1228075.840386193,-2.35207689174215,1.8459146436559082,IND_D_E,NA
India,D_E,2020,13071619796.75,IND,2.0891679731003743,0.0812843057443577,1.63622632751685,1806.5011058387809,36.1,0.64558,37.75810532927675,7.499147162731864,1,-0.136782133333333,1115353.8089541008,-2.461271780353546,2.0891679731003743,IND_D_E,NA
India,D_E,2021,15470801461.989998,IND,2.286958393837542,0.07205490766358029,1.9487996093033,1965.3094343750604,34.9,0.64558,45.423088784044594,7.583404984870203,1,-0.18534068333333314,1226118.013040579,-2.5351013792617563,2.286958393837542,IND_D_E,NA
India,D_E,2022,16163274163.18,IND,2.0656295557363653,0.04137472229579133,2.35231555917724,2098.2112447615036,34.9,0.64558,50.0752701498882,7.648840472524996,1,-0.16719159999999997,1317530.448694461,-2.5069825295483055,2.0656295557363653,IND_D_E,NA
Iran (Islamic Republic of),C,2015,48770689922.62999,IRN,0.39560114265991536,1.0511201607943086,7.99892645019457,4952.733555321775,0.9,0.39383,39.42258866117996,8.507694936536325,0,-0.8523371499999998,135701.42712372626,-5.884427711518382,0,IRN_C,NA
Iran (Islamic Republic of),C,2016,56749269183.810005,IRN,0,1.3281793440383425,9.07810254131414,5312.6172495419205,1,0.57683,39.8772417738866,8.57783988349113,0,-0.8052939166666631,142558.70918905924,-5.986644148270862,0,IRN_C,NA
Iran (Islamic Republic of),C,2017,65194223853.50001,IRN,0,1.6926741298714645,10.1144035205672,5395.239839859798,1,0.75983,43.15569313839062,8.593272332655868,0,-0.8121985166666646,149351.06270448203,-6.078826492619008,0,IRN_C,NA
Iran (Islamic Republic of),C,2018,76319402055.54001,IRN,0,1.96692528263989,11.3875742908004,5127.224953670179,1,0.77406,56.61534961428295,8.542319847097774,0,-0.9639888166666667,153437.3341124511,-6.209390234542026,0,IRN_C,NA
Iran (Islamic Republic of),C,2019,110735721065.15,IRN,0.39560114265991536,1.992653857920174,9.90926903532027,4952.456690810781,1,0.78829,48.59177121370379,8.507639033619936,0,-1.07725843333333,154758.36327813068,-6.573036796256043,0,IRN_C,NA
Iran (Islamic Republic of),C,2020,215642680872.43,IRN,0,2.234918076594951,10.9026671467968,5132.824307621181,0.9,0.7574700000000001,43.88446749050129,8.543411333963832,0,-1.1485109999999983,159380.7092913138,-7.210082323379655,0,IRN_C,NA
Iran (Islamic Republic of),C,2021,381437433272.32996,IRN,0,2.3421669122391053,12.068102546673,5300.622719618949,0.9,0.72665,42.672379536261005,8.575579586906029,0,-1.1485728999999967,157062.87333107882,-7.795055922089769,0,IRN_C,NA
Jordan,C,2012,5833107042.25,JOR,0,0.492877822944836,3.95794086483593,4677.4761397719185,2.9,NA,117.85558768518946,8.450513957070973,0,-0.0992739333333332,3971.394934445346,-7.292187675872462,0,JOR_C,NA
Jordan,C,2013,6031150704.22,JOR,0,0.7105937855234101,4.10898208403129,4556.52023716712,3.1,NA,111.45152799762823,8.424314505310521,0,-0.13795606666666665,3631.1368944448136,-7.415147308099086,0,JOR_C,NA
Jordan,C,2014,6764297183.100001,JOR,0,0.6060854612548804,4.00130350068417,4282.118728492385,3.1,NA,109.93880553502171,8.362203196110489,0,-0.09830650000000002,4151.537227733654,-7.395934963075941,0,JOR_C,NA
Jordan,C,2015,7457107042.240002,JOR,0,1.055150754424223,3.24499522197016,4042.756780975546,3.2,NA,95.35791222667908,8.304682109774202,0,-0.049653866666666636,3709.239781838752,-7.606095876972417,0,JOR_C,NA
Jordan,C,2016,7919574647.89,JOR,0,1.3281793440383425,2.97134814263758,3933.14704611068,4.7,0.69547,88.72071789546874,8.27719515950577,0,-0.045940666666666345,4220.18241214356,-7.537214424551598,0,JOR_C,NA
Jordan,C,2017,8593138028.18,JOR,0,1.6926741298714645,3.24328385947311,3940.701991811448,5.3,NA,89.7316005071358,8.27911415693202,0,-0.04021869999999968,3786.0701958462273,-7.727390666532071,0,JOR_C,NA
Jordan,C,2018,8473664788.71,JOR,0,1.96692528263989,3.81938742759006,3928.770268212053,7.2,NA,87.63591519068568,8.276081747045222,0,-0.09454669999999982,3873.0133534728106,-7.690685524418243,0,JOR_C,NA
Jordan,C,2019,5869467605.629999,JOR,0,1.9942278401342057,4.28692534434619,3919.064269160728,8.5,NA,85.68783349642038,8.27360819744274,0,-0.08810173333333335,3067.612383592863,-7.5566196774013035,0,JOR_C,NA
Jordan,C,2020,5279047887.32,JOR,0.6783145041327373,2.23244239316148,5.80332966781737,3806.879493549135,10.7,NA,66.05994880890592,8.244565101967432,0,-0.07367816666666652,2883.0150069331994,-7.512664412107496,0,JOR_C,NA
Jordan,C,2021,5123666197.18,JOR,0,2.3421669122391053,6.45876564968631,3874.327140846328,11.5,NA,80.3328699444404,8.262127285638176,0,-0.12182744999999984,3920.8179842069726,-7.175325214451339,0,JOR_C,NA
Jordan,D_E,2013,2264788.73,JOR,0,0.030924636796372206,4.10898208403129,4556.52023716712,3.1,NA,111.45152799762823,8.424314505310521,0,-0.13795606666666665,11556.50101972993,1.6297666588269137,0,JOR_D_E,NA
Jordan,D_E,2014,1574647.89,JOR,0,0.024966126186013397,4.00130350068417,4282.118728492385,3.1,NA,109.93880553502171,8.362203196110489,0,-0.09830650000000002,12554.977836914091,2.076085541949201,0,JOR_D_E,NA
Jordan,D_E,2015,693507042.25,JOR,0,0.05525355611700873,3.24499522197016,4042.756780975546,3.2,NA,95.35791222667908,8.304682109774202,0,-0.049653866666666636,11738.214270410059,-4.078911697961726,0,JOR_D_E,NA
Jordan,D_E,2016,1287649295.7800002,JOR,0,0.08081260412878558,2.97134814263758,3933.14704611068,4.7,0.69547,88.72071789546874,8.27719515950577,0,-0.045940666666666345,10233.34119929804,-4.834922449116881,0,JOR_D_E,NA
Jordan,D_E,2017,1001843661.97,JOR,0,0.12621544419445668,3.24328385947311,3940.701991811448,5.3,NA,89.7316005071358,8.27911415693202,0,-0.04021869999999968,10504.718587289712,-4.557772698009397,0,JOR_D_E,NA
Jordan,D_E,2018,1352669014.0799997,JOR,0,0.17104940017811293,3.81938742759006,3928.770268212053,7.2,NA,87.63591519068568,8.276081747045222,0,-0.09454669999999982,9526.22170292822,-4.9557867915504765,0,JOR_D_E,NA
Jordan,D_E,2019,1226559154.92,JOR,0,0.1760960279199128,4.28692534434619,3919.064269160728,8.5,NA,85.68783349642038,8.27360819744274,0,-0.08810173333333335,9111.67547786604,-4.902411482505849,0,JOR_D_E,NA
Jordan,D_E,2020,935701408.45,JOR,0.029021209524969224,0.22514673339788951,5.80332966781737,3806.879493549135,10.7,NA,66.05994880890592,8.244565101967432,0,-0.07367816666666652,8665.3808464599,-4.681960543041102,0,JOR_D_E,NA
Jordan,D_E,2021,753805633.81,JOR,0,0.2509986459610834,6.45876564968631,3874.327140846328,11.5,NA,80.3328699444404,8.262127285638176,0,-0.12182744999999984,8968.666604937911,-4.43139754017159,0,JOR_D_E,NA
Kazakhstan,C,2012,23047904046.88,KAZ,0,0.492877822944836,9.46082267148947,9531.914776170575,1.3,0.16525,73.72373248916709,9.162400897365673,0,-0.6320341333333331,73206.74933150895,-5.752042492870202,0,KAZ_C,NA
Kazakhstan,C,2013,25166027990.120003,KAZ,0,0.7105937855234101,11.1572510287072,9959.72586930534,1.2,0.17132,65.40760932995377,9.20630482703776,0,-0.6635597499999999,81861.75221540005,-5.728218392510129,0,KAZ_C,NA
Kazakhstan,C,2014,22846202823.34,KAZ,0,0.6060854612548804,12.0563854922617,10226.710053968292,1.3,0.16722,64.9720346513507,9.23275820936943,0,-0.4122532666666665,60208.37362829935,-5.938728764646247,0,KAZ_C,NA
Kazakhstan,C,2015,18946663181.549995,KAZ,0,1.055150754424223,12.7238359694604,10196.122625598213,1.7,0.16951,53.04972880726522,9.229762792257562,0,-0.36088818333333317,51919.21373321462,-5.899694181131497,0,KAZ_C,NA
Kazakhstan,C,2016,15553825695.589998,KAZ,0,1.3281793440383425,12.7965104881396,10151.423313301964,2.1,0.14179,60.31159658641528,9.225369202550443,0,-0.4086589166666663,50685.68771634439,-5.726418335606374,0,KAZ_C,NA
Kazakhstan,C,2017,18815954700.809998,KAZ,0,1.6926741298714645,13.8114386119057,10404.271864631695,2,0.12667,56.82538793597095,9.24997175700681,0,-0.3452656333333334,50465.815854409186,-5.921164249915327,0,KAZ_C,NA
Kazakhstan,C,2018,20496090022.56,KAZ,0,1.96692528263989,13.0002402717791,10670.21201482792,1.9,0.11683,63.52795651181881,9.275211214279075,0,-0.30587444999999996,45218.685936219954,-6.116479009250086,0,KAZ_C,NA
Kazakhstan,C,2019,20830621622.449997,KAZ,0,1.9942278401342057,13.0799490149564,10989.684071838816,1.9,0.11841,64.85861655175647,9.304712300109019,0,-0.27169154999999967,40945.41508100091,-6.23193953626542,0,KAZ_C,NA
Kazakhstan,C,2020,22364796735.990005,KAZ,0,2.234918076594951,13.4502836627046,10565.035981623536,1.8,0.12602,57.026442366093136,9.265305335782505,0,-0.2943902666666666,43020.737917421284,-6.253561150754079,0,KAZ_C,NA
Kazakhstan,C,2021,26824524155.790005,KAZ,0,2.3421669122391053,13.946795830528,10873.391527527603,2,0.13023,58.66860857792066,9.294073939503082,0,-0.2991750333333333,44484.527347934905,-6.401930399843902,0,KAZ_C,NA
Kazakhstan,C,2022,30278771619.379997,KAZ,0,2.0540631017001467,14.4739535470844,11058.348241340698,2,0.11715,68.33431474156123,9.310940918655643,0,-0.33223228333333316,46755.18747708226,-6.473276927681343,0,KAZ_C,NA
Kazakhstan,D_E,2016,2609571545.49,KAZ,0,0.08081260412878558,12.7965104881396,10151.423313301964,2.1,0.14179,60.31159658641528,9.225369202550443,0,-0.4086589166666663,105891.020536967,-3.2045308709205615,0,KAZ_D_E,NA
Kazakhstan,D_E,2017,3140226332.54,KAZ,0,0.12621544419445668,13.8114386119057,10404.271864631695,2,0.12667,56.82538793597095,9.24997175700681,0,-0.3452656333333334,115739.85580656999,-3.3007051064256734,0,KAZ_D_E,NA
Kazakhstan,D_E,2018,3340555684.9599996,KAZ,0,0.17104940017811293,13.0002402717791,10670.21201482792,1.9,0.11683,63.52795651181881,9.275211214279075,0,-0.30587444999999996,119941.76366038201,-3.3268861227204867,0,KAZ_D_E,NA
Kazakhstan,D_E,2019,3003336697.6300006,KAZ,0,0.1760960279199128,13.0799490149564,10989.684071838816,1.9,0.11841,64.85861655175647,9.304712300109019,0,-0.27169154999999967,116018.947690175,-3.253725662197048,0,KAZ_D_E,NA
Kazakhstan,D_E,2020,2656777129.77,KAZ,0,0.22570633870956203,13.4502836627046,10565.035981623536,1.8,0.12602,57.026442366093136,9.265305335782505,0,-0.2943902666666666,115877.100397323,-3.132338911710969,0,KAZ_D_E,NA
Kazakhstan,D_E,2021,3592213668.7200003,KAZ,0,0.2509986459610834,13.946795830528,10873.391527527603,2,0.13023,58.66860857792066,9.294073939503082,0,-0.2991750333333333,122018.44801035301,-3.382351665761888,0,KAZ_D_E,NA
Kazakhstan,D_E,2022,4280890189.9299994,KAZ,0,0.18755490674630604,14.4739535470844,11058.348241340698,2,0.11715,68.33431474156123,9.310940918655643,0,-0.33223228333333316,122939.12215283401,-3.5502269642492825,0,KAZ_D_E,NA
Kenya,C,2012,5554267380.900001,KEN,0,0.492877822944836,0.123832539161972,1396.301787097564,76.2,0.6446016666666666,51.62369202324807,7.241582439828132,1,-0.764957633333333,4314.810030166749,-7.160268510637308,0,KEN_C,NA
Kenya,C,2013,5882443782.659999,KEN,0,0.7105937855234101,0.164812822501609,1413.9414252258257,74.3,0.6207925,47.46464251273036,7.254136420722831,1,-0.6725902166666665,4739.115790906363,-7.1238769875439845,0,KEN_C,NA
Kenya,C,2014,6119026193.190001,KEN,0,0.6060854612548804,0.221085377569084,1450.5933820227672,71.8,0.5969833333333333,46.17048936221598,7.279727980684497,1,-0.5975918999999982,5665.050932695332,-6.984842358879233,0,KEN_C,NA
Kenya,C,2015,6002640742.249998,KEN,0,1.055150754424223,0.286921276745847,1489.1195977728398,69.2,0.5731741666666667,40.3273846919019,7.305940350326721,1,-0.6279224166666666,6304.942900363618,-6.858620861963469,0,KEN_C,NA
Kenya,C,2016,6944518360.680001,KEN,0,1.3281793440383425,0.275660288360412,1517.97796057742,68.3,0.549365,34.86501957318242,7.325134439126475,1,-0.587364183333331,6821.545128986238,-6.925621897572298,0,KEN_C,NA
Kenya,C,2017,6856903201.450001,KEN,0,1.6926741298714645,0.586008315906052,1542.3377397337213,68.1,0.5255558333333333,35.99505787540744,7.34105455720502,1,-0.58089015,6372.311344303045,-6.9810489382656815,0,KEN_C,NA
Kenya,C,2018,7265469476.009999,KEN,0.24473841138591607,1.966001316041357,0.739931101786048,1596.69045914945,68.7,0.5017466666666667,34.41475317674248,7.375688302972038,1,-0.6066362166666667,5705.991173452477,-7.149371489627028,0.24473841138591607,KEN_C,NA
Kenya,C,2019,7429987152.250001,KEN,0,1.9942278401342057,0.959288829892146,1645.7096177786214,68.1,0.47793749999999996,31.759461841481023,7.405926948771306,1,-0.5964960333333312,5336.037757093345,-7.238796024032704,0,KEN_C,NA
Kenya,C,2020,7098194089.45,KEN,0,2.234918076594951,1.29112489733773,1609.334140782809,69,0.4541283333333333,30.39913878304108,7.383575795278356,1,-0.6085281499999997,5933.513453407977,-7.086979151592345,0,KEN_C,NA
Kenya,C,2021,7395506908.989999,KEN,0.21723685541919807,2.3416114677369873,1.48254108303764,1698.8957827144363,67.7,0.43031916666666664,35.0020477795269,7.43773377942234,1,-0.5793338999999977,6437.538048634387,-7.046481743886524,0.21723685541919807,KEN_C,NA
Kenya,C,2022,7058016861.4800005,KEN,0,2.0540631017001467,1.47646942688922,1747.5319880442844,67.7,0.40651,40.2753238373561,7.465959778972925,1,-0.5187411666666665,6674.057447199108,-6.963691405317113,0,KEN_C,NA
Kenya,D_E,2019,573316089.64,KEN,0,0.1760960279199128,0.959288829892146,1645.7096177786214,68.1,0.47793749999999996,31.759461841481023,7.405926948771306,1,-0.5964960333333312,1246.1533597229,-6.131375710046884,0,KEN_D_E,NA
Kenya,D_E,2020,569195967.6,KEN,0,0.22570633870956203,1.29112489733773,1609.334140782809,69,0.4541283333333333,30.39913878304108,7.383575795278356,1,-0.6085281499999997,708.96433000488,-6.688174845866644,0,KEN_D_E,NA
Kenya,D_E,2021,587573646.17,KEN,0.007334642702169903,0.2508622675488081,1.48254108303764,1698.8957827144363,67.7,0.43031916666666664,35.0020477795269,7.43773377942234,1,-0.5793338999999977,772.36764407036,-6.634296212771414,0.007334642702169903,KEN_D_E,NA
Kenya,D_E,2022,573755235.52,KEN,0,0.18755490674630604,1.47646942688922,1747.5319880442844,67.7,0.40651,40.2753238373561,7.465959778972925,1,-0.5187411666666665,789.65945699731,-6.588356379971656,0,KEN_D_E,NA
Lebanon,C,2012,3251975594.79,LBN,0,0.492877822944836,9.09489046633696,8920.805698467304,5.6,NA,88.54550192305915,9.096141546435284,0,-0.6634549499999999,3423.4715601997177,-6.85636285364747,0,LBN_C,NA
Lebanon,C,2013,3527453018.45,LBN,0,0.7105937855234101,8.35736656593718,8443.538565287841,5.9,NA,86.17432859205654,9.041156761014575,0,-0.6984987999999995,3331.6516317370224,-6.964863198446027,0,LBN_C,NA
Lebanon,C,2014,3622804038,LBN,0,0.6060854612548804,17.8374158459364,7830.415111333605,4.2,NA,79.81715659256272,8.965770803075568,0,-0.7439154833333315,3588.509572953137,-6.917266645547837,0,LBN_C,NA
Lebanon,C,2015,4018582380.04,LBN,0,1.055150754424223,15.7195596911698,7714.109999880404,4.2,NA,71.83904263478107,8.950806398438399,0,-0.73429025,3429.60512458894,-7.066239347115217,0,LBN_C,NA
Lebanon,C,2016,4274078912.05,LBN,0,1.3281793440383425,13.601703536403202,8019.141691342605,4,NA,67.7236177908116,8.989586674103801,0,-0.755313683333333,3435.795123988771,-7.126075522955249,0,LBN_C,NA
Lebanon,C,2017,4394876672,LBN,0.6783145041327373,1.6884124947675792,11.483847381636606,8305.57405425721,4,NA,68.45542925932757,9.02468214118266,0,-0.737768183333333,3465.7093925112335,-7.145277406176344,0,LBN_C,NA
Lebanon,C,2018,4087445703.7799997,LBN,0,1.96692528263989,9.365991226870007,8388.723512383496,4.7,NA,68.25730730437184,9.034643643950968,0,-0.7905312999999996,3255.828610229,-7.135228723019582,0,LBN_C,NA
Lebanon,C,2019,3751226742.8799996,LBN,0,1.9942278401342057,7.24813507210341,8064.048734162358,5.1,NA,62.98091601016004,8.995171033715799,0,-0.8714850166666667,2359.274400285499,-7.371484082646677,0,LBN_C,NA
Lebanon,C,2020,3023112609,LBN,0.4989967836437041,2.2332682195792146,7.57698778654173,6440.828430929219,6.3,NA,50.1298042879627,8.770412449168244,0,-0.9753124333333314,1644.139453078372,-7.516825126319986,0,LBN_C,NA
Sri Lanka,C,2013,9909500683.77,LKA,0,0.7105937855234101,1.98679918143445,3728.9358664784822,56.9,0.0973,NA,8.223878181446446,1,-0.40025543333333335,1780.815168339565,-8.6241780217521,0,LKA_C,NA
Sri Lanka,C,2014,10044725218.140001,LKA,0,0.6060854612548804,2.63419031926553,3929.9206203218473,54.2,0.09605,NA,8.27637450626793,1,-0.32094004999999987,1742.953807546795,-8.65922165729439,0,LKA_C,NA
Sri Lanka,C,2015,9402547532.49,LKA,0.6783145041327373,1.0470732557123783,2.88043182386208,4057.715834623104,51.3,0.10291,46.91797080888159,8.308375491966135,1,-0.13448688333333317,2204.13691679345,-8.358399934316811,0.6783145041327373,LKA_C,NA
Sri Lanka,C,2016,9720707304.190002,LKA,0,1.3281793440383425,4.07189669081491,4214.741179920849,45.1,0.12034,46.47153702521869,8.346343464024132,1,-0.1392050166666665,1893.1651051949223,-8.543763575500517,0,LKA_C,NA
Sri Lanka,C,2017,10733937342.55,LKA,0,1.6926741298714645,5.5257624644358,4436.00789945768,45.8,0.11818,47.14040980046442,8.397510129230097,1,-0.17075589999999935,1787.527532296605,-8.700332317280859,0,LKA_C,NA
Sri Lanka,C,2018,10061702444.480001,LKA,0,1.96692528263989,6.93976008216017,4493.035754445438,47.9,0.11949,49.809396752136095,8.410283866849634,1,-0.16598106666666645,1932.3532216300566,-8.557753112399475,0,LKA_C,NA
Sri Lanka,C,2019,8933857233.569998,LKA,0,1.9942278401342057,7.43541256815093,4455.781896082671,46.1,0.117825,49.42552388545998,8.401957834287737,1,-0.14251783333333315,1812.7696591426763,-8.502747647521684,0,LKA_C,NA
Sri Lanka,C,2020,7591050471.4800005,LKA,0,2.234918076594951,7.8962203692284,4227.23315306594,49.3,0.11616,37.08911885729198,8.349302957092942,1,-0.16095898333333333,1750.16766286147,-8.37501367215692,0,LKA_C,NA
Sri Lanka,C,2021,8159236107.400001,LKA,0,2.3421669122391053,10.5401488574725,4357.9722577949115,48.8,0.11061,41.22884632919991,8.37976214967313,1,-0.28927664999999997,1819.39706322331,-8.408400667028026,0,LKA_C,NA
Sri Lanka,D_E,2013,1871520365.8700001,LKA,0,0.030924636796372206,1.98679918143445,3728.9358664784822,56.9,0.0973,NA,8.223878181446446,1,-0.40025543333333335,4055.544723901375,-6.13442139696606,0,LKA_D_E,NA
Sri Lanka,D_E,2014,1803414440.5900002,LKA,0,0.024966126186013397,2.63419031926553,3929.9206203218473,54.2,0.09605,NA,8.27637450626793,1,-0.32094004999999987,6810.3447230469,-5.578994319453985,0,LKA_D_E,NA
Sri Lanka,D_E,2015,1680665316.46,LKA,0.029021209524969224,0.054589918310721526,2.88043182386208,4057.715834623104,51.3,0.10291,46.91797080888159,8.308375491966135,1,-0.13448688333333317,6780.106733349649,-5.51295217149344,0.029021209524969224,LKA_D_E,NA
Sri Lanka,D_E,2016,791659908.41,LKA,0,0.08081260412878558,4.07189669081491,4214.741179920849,45.1,0.12034,46.47153702521869,8.346343464024132,1,-0.1392050166666665,8669.43638212895,-4.5143281101678445,0,LKA_D_E,NA
Sri Lanka,D_E,2017,671283292.0899999,LKA,0,0.12621544419445668,5.5257624644358,4436.00789945768,45.8,0.11818,47.14040980046442,8.397510129230097,1,-0.17075589999999935,9477.723899023451,-4.2602470493479565,0,LKA_D_E,NA
Sri Lanka,D_E,2018,448066594.75,LKA,0,0.17104940017811293,6.93976008216017,4493.035754445438,47.9,0.11949,49.809396752136095,8.410283866849634,1,-0.16598106666666645,8140.679587744125,-4.008068206395934,0,LKA_D_E,NA
Sri Lanka,D_E,2019,342097471.31,LKA,0,0.1760960279199128,7.43541256815093,4455.781896082671,46.1,0.117825,49.42552388545998,8.401957834287737,1,-0.14251783333333315,9695.81040952155,-3.5634018246247883,0,LKA_D_E,NA
Sri Lanka,D_E,2020,364333630.04,LKA,0,0.22570633870956203,7.8962203692284,4227.23315306594,49.3,0.11616,37.08911885729198,8.349302957092942,1,-0.16095898333333333,9475.655176611375,-3.649344117385327,0,LKA_D_E,NA
Sri Lanka,D_E,2021,408564157.53000003,LKA,0,0.2509986459610834,10.5401488574725,4357.9722577949115,48.8,0.11061,41.22884632919991,8.37976214967313,1,-0.28927664999999997,9238.694150607425,-3.789248408370646,0,LKA_D_E,NA
Morocco,C,2019,16640517808.119997,MAR,0,1.9942278401342057,4.83650253578356,3364.73950195313,10.7,NA,75.99811587984217,8.121105825100972,0,-0.3181141999999997,12950.730363593857,-7.158443646879164,0,MAR_C,NA
Morocco,C,2020,18418323470.940002,MAR,1.5689006851075458,2.225186360469965,5.74683480916137,3090.89428710938,11.1,NA,68.84380339043642,8.036215741323845,0,-0.3035338499999995,11486.434737191415,-7.379934537851222,0,MAR_C,NA
Morocco,C,2021,20579919822.959995,MAR,0.8581424166317826,2.3390524417873984,6.14617858388986,3309.130859375,10.9,NA,75.52341717565055,8.104440853641634,0,-0.3813346166666667,12920.391763218915,-7.373264293383419,0,MAR_C,NA
Morocco,C,2022,20901774179.71,MAR,1.363962019132244,2.0451349721747016,6.47150166958379,3334.91162109375,10.9,NA,100.9063102016514,8.112201457576917,0,-0.3876530833333333,12913.072786453056,-7.3893491308024215,0,MAR_C,NA
Republic of Moldova,C,2013,642016288.8399999,MDA,0,0.7105937855234101,13.7695240878002,2605.850299861424,23.8,0.29783,95.68729683323836,7.86551431162245,0,-0.3141934,1330.4508679224443,-6.179095792168416,0,MDA_C,NA
Republic of Moldova,C,2014,670459442.7599998,MDA,0,0.6060854612548804,15.2330041292856,2737.801850566472,24.3,0.31463,94.22829196909277,7.914910633093125,0,-0.3412354833333328,1477.8305757539194,-6.117388027631525,0,MDA_C,NA
Republic of Moldova,C,2015,481522477.49999994,MDA,0,1.055150754424223,16.2569619282762,2749.5513705433796,24.7,0.30735,88.96641545653229,7.919193039367943,0,-0.4202859333333313,1274.1495267743,-5.934673994173987,0,MDA_C,NA
Republic of Moldova,C,2016,485022291.53,MDA,0,1.3281793440383425,17.2155177259579,2910.954868723758,25.3,0.28005,89.00468371886707,7.976236439923536,0,-0.44086748333333287,1241.159409198112,-5.968148901611168,0,MDA_C,NA
Republic of Moldova,C,2017,706566661.9400003,MDA,0,1.6926741298714645,18.2974964435539,3085.333058442626,26.1,0.25789,88.62339027543784,8.034414891109448,1,-0.36461093333333267,1497.2139758717426,-6.156811521183837,0,MDA_C,NA
Republic of Moldova,C,2018,790375415.7099999,MDA,0,1.96692528263989,19.7583973228257,3267.9961042871973,25.3,0.25626,87.44678742756476,8.091932263900603,0,-0.3470729999999997,1668.76620455601,-6.160423488629525,0,MDA_C,NA
Republic of Moldova,C,2019,784818627.9999999,MDA,0,1.9942278401342057,21.54270340639,3438.677326707123,22,0.24145,87.63223711489063,8.14284217837886,0,-0.3054610666666665,1760.5178157459,-6.099844664683403,0,MDA_C,NA
Republic of Moldova,C,2020,932933382.1100001,MDA,0,2.234918076594951,23.4268592640718,3188.916916026994,22.3,0.23511,79.26572211915801,8.067436613370882,0,-0.29502794999999965,1410.3646072277768,-6.4944855388380835,0,MDA_C,NA
Republic of Moldova,C,2021,1063652970.2800002,MDA,0,2.3421669122391053,25.2112754309344,3688.1672944214374,21.4,0.23154,88.47088653992667,8.212884945475606,0,-0.1864283166666665,1503.066514696244,-6.561957096536138,0,MDA_C,NA
Republic of Moldova,C,2022,1235351136.9700003,MDA,0,2.0540631017001467,26.317794331222,3611.9548473328614,21.4,0.22959,112.11767157976556,8.19200441372033,0,-0.15883686666666652,1419.4749624631777,-6.768823471587111,0,MDA_C,NA
Republic of Moldova,D_E,2013,116420466.08,MDA,0,0.030924636796372206,13.7695240878002,2605.850299861424,23.8,0.29783,95.68729683323836,7.86551431162245,0,-0.3141934,2810.7153631527,-3.7237693166907317,0,MDA_D_E,NA
Republic of Moldova,D_E,2014,90916688.46,MDA,0,0.024966126186013397,15.2330041292856,2737.801850566472,24.3,0.31463,94.22829196909277,7.914910633093125,0,-0.3412354833333328,3280.6146064269,-3.32191279090092,0,MDA_D_E,NA
Republic of Moldova,D_E,2015,73915124.69,MDA,0,0.05525355611700873,16.2569619282762,2749.5513705433796,24.7,0.30735,88.96641545653229,7.919193039367943,0,-0.4202859333333313,3625.0911963929,-3.015038025673511,0,MDA_D_E,NA
Republic of Moldova,D_E,2016,157482136.46,MDA,0,0.08081260412878558,17.2155177259579,2910.954868723758,25.3,0.28005,89.00468371886707,7.976236439923536,0,-0.44086748333333287,3573.5107626159,-3.7857635130726677,0,MDA_D_E,NA
Republic of Moldova,D_E,2017,171866577.27,MDA,0,0.12621544419445668,18.2974964435539,3085.333058442626,26.1,0.25789,88.62339027543784,8.034414891109448,1,-0.36461093333333267,3011.03010656415,-4.044436213936998,0,MDA_D_E,NA
Republic of Moldova,D_E,2018,238789821.62,MDA,0,0.17104940017811293,19.7583973228257,3267.9961042871973,25.3,0.25626,87.44678742756476,8.091932263900603,0,-0.3470729999999997,3261.201269443525,-4.2934881425151215,0,MDA_D_E,NA
Republic of Moldova,D_E,2019,230320219.09000003,MDA,0,0.1760960279199128,21.54270340639,3438.677326707123,22,0.24145,87.63223711489063,8.14284217837886,0,-0.3054610666666665,3345.558498194525,-4.23183695282157,0,MDA_D_E,NA
Republic of Moldova,D_E,2020,256831319.72000003,MDA,0,0.22570633870956203,23.4268592640718,3188.916916026994,22.3,0.23511,79.26572211915801,8.067436613370882,0,-0.29502794999999965,3601.87773237435,-4.266964224099306,0,MDA_D_E,NA
Republic of Moldova,D_E,2021,346045724.13,MDA,0,0.2509986459610834,25.2112754309344,3688.1672944214374,21.4,0.23154,88.47088653992667,8.212884945475606,0,-0.1864283166666665,3602.22760412785,-4.565018483969609,0,MDA_D_E,NA
Republic of Moldova,D_E,2022,282867044.24,MDA,0,0.18755490674630604,26.317794331222,3611.9548473328614,21.4,0.22959,112.11767157976556,8.19200441372033,0,-0.15883686666666652,3088.248431669429,-4.5173728993128,0,MDA_D_E,NA
Mexico,C,2012,137798527471.66,MEX,0,0.492877822944836,11.1945528217656,9782.51776305354,9,0.40284,64.25793189001133,9.1883521698819,0,-0.20130829999999997,94790.63021758365,-7.281877384513471,0,MEX_C,NA
Mexico,C,2013,157225456765.08,MEX,0.9308551420866382,0.6924528460878945,10.7719183026526,9738.710598036583,9.2,0.40806,62.69167477358071,9.183864005741526,0,-0.22229768333333316,96052.12287732626,-7.4005450938112904,0,MEX_C,NA
Mexico,C,2014,160995500378.03003,MEX,0.1499630296517449,0.6039819590775967,10.8799928230972,9862.481254441987,9.8,0.41962,64.09840903512153,9.19649306446203,0,-0.3161214666666665,90453.53075085116,-7.4842954491459865,0,MEX_C,NA
Mexico,C,2015,155359443780.2,MEX,0,1.055150754424223,12.1891508368561,10021.238611882723,9.2,0.41477,70.41297467626399,9.212461980959631,0,-0.3664148999999997,98850.58881688105,-7.3598871970498,0,MEX_C,NA
Mexico,C,2016,142779440194.62994,MEX,0,1.3281793440383425,13.0255992017626,10100.502121401492,9.2,0.37601,75.69030340885506,9.220340416583849,0,-0.355570483333333,98797.66920028297,-7.275982328908673,0,MEX_C,NA
Mexico,C,2017,156171135934.36,MEX,0.36238299028891546,1.6907586412862106,13.7767213511093,10193.77271934566,10.1,0.31955,76.95212604072537,9.229532295119327,0,-0.44857016666666666,109893.41967493226,-7.259196726111831,0,MEX_C,NA
Mexico,C,2018,168212726888.75998,MEX,0.6783145041327373,1.9636874953635715,14.7373951154108,10296.86909285339,10.3,0.29816,80.21266165689752,9.239595156441373,0,-0.4589651333333331,97664.51100793565,-7.451446440356847,0,MEX_C,NA
Mexico,C,2019,169243051985.21997,MEX,1.4604818583310433,1.9834488725685226,15.3885155172291,10159.444836431863,10.3,0.27629,77.4619722571128,9.226159077556062,0,-0.4629111333333333,102204.37733249483,-7.412116630251472,0,MEX_C,NA
Mexico,C,2020,145750155266.73,MEX,1.584325754447548,2.224994337978418,17.7520559419946,9234.643623179232,12.3,0.29185,76.85455570560157,9.130717302086811,0,-0.4792135499999998,105249.56414144416,-7.233314838127071,0,MEX_C,NA
Mexico,C,2021,186556056537.54,MEX,0.6278073758708083,2.340165866549401,19.2796725887476,9728.056800325565,13,0.27305,83.06929763578948,9.182769443038158,0,-0.5075275499999996,111298.39214932053,-7.424272232070979,0,MEX_C,NA
Mexico,C,2022,223623018231.42004,MEX,1.1580583452830777,2.0473744886225447,20.6070256426489,10013.247923614295,13,0.25727,88.79848558671856,9.211664287574479,0,-0.5052221333333332,115188.97174822338,-7.571142946427601,0,MEX_C,NA
Mexico,D_E,2013,20668892272.88,MEX,0.045568341523879084,0.029847799824060953,10.7719183026526,9738.710598036583,9.2,0.40806,62.69167477358071,9.183864005741526,0,-0.22229768333333316,201551.66484555698,-4.630339310443918,0,MEX_D_E,NA
North Macedonia,C,2012,997781427.2400001,MKD,0,0.492877822944836,15.4034279276413,4708.051685359227,18.3,0.32676,112.21483470215534,8.457029446518554,0,-0.10356963333333313,2150.0234423018487,-6.140055496067199,0,MKD_C,NA
North Macedonia,C,2013,1070969535.2200003,MKD,0,0.7105937855234101,16.8126639116268,4863.680886669677,21.2,0.43894,104.85722995630526,8.48955081431236,0,-0.12415834999999979,2147.8724629894623,-6.211841824758706,0,MKD_C,NA
North Macedonia,C,2014,1244327492.0499997,MKD,0,0.6060854612548804,17.7239038498213,5053.750012363666,21.2,0.51646,112.53792896929862,8.527885823401414,0,0.021462050000000166,1994.7055197698508,-6.4358540656193215,0,MKD_C,NA
North Macedonia,C,2015,1183623711.1200001,MKD,0,1.055150754424223,18.4016994838328,5262.686719286744,23.9,0.44412,113.69844387910275,8.568396958460816,0,-0.14339051666666666,1813.3500202750326,-6.481159978862148,0,MKD_C,NA
North Macedonia,C,2016,1311524500.1999996,MKD,0,1.3281793440383425,19.4533715332855,5429.946783583586,21.4,0.43585,116.18540841802638,8.599684612434945,0,-0.18560929999999967,1649.7429387078232,-6.67832599913197,0,MKD_C,NA
North Macedonia,C,2017,1424978056.4800003,MKD,0,1.6926741298714645,20.4183259234605,5510.81862920922,19,0.35439,124.13728389628965,8.614468462655624,0,-0.14261398333333314,1375.632108893017,-6.942998352582514,0,MKD_C,NA
North Macedonia,C,2018,1692840063.21,MKD,0,1.96692528263989,22.2929498345599,5698.393344844888,20.9,0.36367,133.21520764800766,8.647939544764558,0,-0.06189004999999983,1496.3630906424132,-7.031125350461808,0,MKD_C,NA
North Macedonia,C,2019,1688519851.8,MKD,0,1.9942278401342057,23.9402500262168,5961.5847539919105,17,0.36783,138.5762318405389,8.693091623035492,0,-0.12492634999999985,1747.803835564552,-6.873247548100106,0,MKD_C,NA
North Macedonia,C,2020,1643686972.6100001,MKD,0,2.234918076594951,25.4041233643961,5743.726494245812,20,0.37264,128.24124432225676,8.655863493690106,0,-0.07036374999999985,1810.9666714697294,-6.81083637618471,0,MKD_C,NA
North Macedonia,C,2021,1887695251.01,MKD,0,2.3421669122391053,26.9448892231031,6064.923151200224,19.5,0.37252,146.7214114840735,8.710277150432288,0,-0.04709246666666666,1996.7283689656183,-6.851601894381232,0,MKD_C,NA
North Macedonia,C,2022,1837009934.2999995,MKD,0,2.0540631017001467,28.0035734605346,6250.627209520625,19.5,0.37372,166.14735737987755,8.74043709121867,0,0.006330599999999992,1994.4942286682924,-6.825503994357987,0,MKD_C,NA
North Macedonia,D_E,2012,363664853.02,MKD,0,0.019142696267821193,15.4034279276413,4708.051685359227,18.3,0.32676,112.21483470215534,8.457029446518554,0,-0.10356963333333313,5682.920644494699,-4.158767411486784,0,MKD_D_E,NA
North Macedonia,D_E,2013,402949916.69,MKD,0,0.030924636796372206,16.8126639116268,4863.680886669677,21.2,0.43894,104.85722995630526,8.48955081431236,0,-0.12415834999999979,4770.7668828492,-4.436305213956692,0,MKD_D_E,NA
North Macedonia,D_E,2014,417338435.11,MKD,0,0.024966126186013397,17.7239038498213,5053.750012363666,21.2,0.51646,112.53792896929862,8.527885823401414,0,0.021462050000000166,4434.8308501328,-4.544408012354608,0,MKD_D_E,NA
North Macedonia,D_E,2015,379656285.82,MKD,0,0.05525355611700873,18.4016994838328,5262.686719286744,23.9,0.44412,113.69844387910275,8.568396958460816,0,-0.14339051666666666,3990.059409375,-4.555460212044924,0,MKD_D_E,NA
North Macedonia,D_E,2016,396363119.87,MKD,0,0.08081260412878558,19.4533715332855,5429.946783583586,21.4,0.43585,116.18540841802638,8.599684612434945,0,-0.18560929999999967,3573.9353024658867,-4.70866344616611,0,MKD_D_E,NA
North Macedonia,D_E,2017,406124847.83,MKD,0,0.12621544419445668,20.4183259234605,5510.81862920922,19,0.35439,124.13728389628965,8.614468462655624,0,-0.14261398333333314,4139.709490810754,-4.586035005228246,0,MKD_D_E,NA
North Macedonia,D_E,2018,458210039.21999997,MKD,0,0.17104940017811293,22.2929498345599,5698.393344844888,20.9,0.36367,133.21520764800766,8.647939544764558,0,-0.06189004999999983,3607.38717602066,-4.844343943567481,0,MKD_D_E,NA
North Macedonia,D_E,2019,400981305.68999994,MKD,0,0.1760960279199128,23.9402500262168,5961.5847539919105,17,0.36783,138.5762318405389,8.693091623035492,0,-0.12492634999999985,4315.18433401266,-4.531774764015946,0,MKD_D_E,NA
North Macedonia,D_E,2020,357117765.47,MKD,0,0.22570633870956203,25.4041233643961,5743.726494245812,20,0.37264,128.24124432225676,8.655863493690106,0,-0.07036374999999985,3541.5977113472,-4.613487646433291,0,MKD_D_E,NA
North Macedonia,D_E,2021,301078112.68999994,MKD,0,0.2509986459610834,26.9448892231031,6064.923151200224,19.5,0.37252,146.7214114840735,8.710277150432288,0,-0.04709246666666666,3563.006552041,-4.436765016146513,0,MKD_D_E,NA
North Macedonia,D_E,2022,357456890.03999996,MKD,0,0.18755490674630604,28.0035734605346,6250.627209520625,19.5,0.37372,166.14735737987755,8.74043709121867,0,0.006330599999999992,3563.006552041,-4.608410042028811,0,MKD_D_E,NA
Malta,C,2012,192655375.93000004,MLT,0,0.492877822944836,31.8224330830663,21529.398216756606,2.7,0.79196,199.21386514283932,9.977174639050757,0,1.1067672,36.5999764945429,-8.568610656648259,0,MLT_C,NA
Malta,C,2013,193542689.02,MLT,0,0.7105937855234101,33.3783014199957,22626.498139134284,3.2,0.72644,187.43225285004465,10.026876982470272,0,1.1173346,64.05058683017926,-8.013580191846023,0,MLT_C,NA
Malta,C,2014,243636479.59000003,MLT,0,0.6060854612548804,34.8819867199098,23866.06678513013,4.5,0.67653,181.30112711295897,10.080212929263494,0,0.9997863833333334,75.07170946855958,-8.084988772631442,0,MLT_C,NA
Malta,C,2015,277489304.29999995,MLT,0,1.055150754424223,36.6768468766082,25529.681333771685,6,0.69942,207.19601985524423,10.147597028127533,0,1.01361115,74.28862534574453,-8.225579819263844,0,MLT_C,NA
Malta,C,2016,331757840.4599999,MLT,0.280268783605427,1.3261365335572137,37.6179796999137,25969.51203520273,9.2,0.54032,213.35947324267676,10.164678514923192,0,1.0172447333333334,72.1707401094522,-8.433125883438821,0,MLT_C,NA
Malta,C,2017,786681292.2699999,MLT,0,1.6926741298714645,38.7512769768028,28546.65973659115,7.3,0.52592,213.04759102575628,10.259295211272443,0,1.06408345,66.36005820811462,-9.380483137551002,0,MLT_C,NA
Malta,C,2018,919347924.41,MLT,0,1.96692528263989,39.5892751744889,29536.805237471617,7.6,0.54557,228.09855073711145,10.293392399846432,0,1.0560086,56.99615037368709,-9.68843619165819,0,MLT_C,NA
Malta,C,2019,869578943.1300001,MLT,1.3988039934855587,1.9842926944125703,40.1799549616579,29522.661886008013,7.4,0.54851,233.07044191053717,10.292913446939377,0,0.88132025,60.61622790880557,-9.571201755563365,0,MLT_C,NA
Malta,C,2020,922404872.16,MLT,2.6113334375305657,2.2022460319356645,41.1094408219109,27861.820284453763,9.2,0.60002,242.36119073585692,10.235012582042717,0,0.9792769666666666,71.20236009392092,-9.469213564714773,0,MLT_C,NA
Malta,C,2021,1149358836.37,MLT,0.6783145041327373,2.339943280716474,42.1830899964911,31436.349303093823,8.6,0.59682,220.165634087757,10.355720123487313,0,0.836533,70.25361445413184,-9.702603053073833,0,MLT_C,NA
Malta,C,2022,1139029763.39,MLT,0,2.0540631017001467,43.4449972737186,31430.618707023565,8.6,0.5745,245.16037509200447,10.355537814835646,0,0.7883474833333334,73.40699044846363,-9.649668204443683,0,MLT_C,NA
Malta,D_E,2012,15786200.85,MLT,0,0.019142696267821193,31.8224330830663,21529.398216756606,2.7,0.79196,199.21386514283932,9.977174639050757,0,1.1067672,2018.9919,-2.056537867068816,0,MLT_D_E,NA
Malta,D_E,2013,13796492.440000001,MLT,0,0.030924636796372206,33.3783014199957,22626.498139134284,3.2,0.72644,187.43225285004465,10.026876982470272,0,1.1173346,1639.9254,-2.129763635845112,0,MLT_D_E,NA
Malta,D_E,2014,17467132.89,MLT,0,0.024966126186013397,34.8819867199098,23866.06678513013,4.5,0.67653,181.30112711295897,10.080212929263494,0,0.9997863833333334,1602.4122,-2.388810875558111,0,MLT_D_E,NA
Malta,D_E,2015,287363.97,MLT,0,0.05525355611700873,36.6768468766082,25529.681333771685,6,0.69942,207.19601985524423,10.147597028127533,0,1.01361115,850.11,1.0846161524345228,0,MLT_D_E,NA
Malta,D_E,2016,17792369.23,MLT,0.00976664493677772,0.08059704373190588,37.6179796999137,25969.51203520273,9.2,0.54032,213.35947324267676,10.164678514923192,0,1.0172447333333334,557.5509,-3.4629711498053366,0,MLT_D_E,NA
Malta,D_E,2017,23191211.990000002,MLT,0,0.12621544419445668,38.7512769768028,28546.65973659115,7.3,0.52592,213.04759102575628,10.259295211272443,0,1.06408345,709.34816645508,-3.4871822194288935,0,MLT_D_E,NA
Malta,D_E,2018,18636635.79,MLT,0,0.17104940017811293,39.5892751744889,29536.805237471617,7.6,0.54557,228.09855073711145,10.293392399846432,0,1.0560086,703.3420343353,-3.2770412797630755,0,MLT_D_E,NA
Malta,D_E,2019,13498627.52,MLT,0.08851183199421528,0.1742465979080546,40.1799549616579,29522.661886008013,7.4,0.54851,233.07044191053717,10.292913446939377,0,0.88132025,748.1698168945,-2.892713313931721,0,MLT_D_E,NA
Malta,D_E,2020,85793815.22999999,MLT,0.32411300938675774,0.21840692881578763,41.1094408219109,27861.820284453763,9.2,0.60002,242.36119073585692,10.235012582042717,0,0.9792769666666666,821.0764616272,-4.649085961884751,0,MLT_D_E,NA
Malta,D_E,2021,244264299.92,MLT,0.029021209524969224,0.25045302068203024,42.1830899964911,31436.349303093823,8.6,0.59682,220.165634087757,10.355720123487313,0,0.836533,893.68640406003,-5.61065117925485,0,MLT_D_E,NA
Malta,D_E,2022,216400385.84,MLT,0,0.18755490674630604,43.4449972737186,31430.618707023565,8.6,0.5745,245.16037509200447,10.355537814835646,0,0.7883474833333334,896.85230530332,-5.48599441451092,0,MLT_D_E,NA
Mongolia,C,2012,723095528.4700001,MNG,0,0.492877822944836,3.94085550888065,3318.1649659708924,3,0.23913,109.58856433841548,8.107167188010818,0,-0.18622263333333333,2582.009240517746,-5.634973470088499,0,MNG_C,NA
Mongolia,C,2013,771777928.0699999,MNG,0,0.7105937855234101,4.89953823458973,3628.907080695749,3,0.23246,100.31198966294296,8.196686802227164,0,-0.1762553666666667,2382.6765608420055,-5.780472389518634,0,MNG_C,NA
Mongolia,C,2014,828584373.5699999,MNG,0,0.6060854612548804,6.77117608106174,3830.358920495929,3.3,0.2234,109.32231187718692,8.25071379070713,0,-0.058791566666666344,2123.6525222100527,-5.9665811765811805,0,MNG_C,NA
Mongolia,C,2015,815194262.3899999,MNG,0,1.055150754424223,6.98959122144406,3838.921269899843,3.5,0.1564,89.65366347781398,8.252946686819639,0,-0.08405619999999986,1721.453955659522,-6.160257186799755,0,MNG_C,NA
Mongolia,C,2016,745517196.0200001,MNG,0,1.3281793440383425,7.43705957487671,3817.9196271670194,3.4,0.18346,101.05523722499714,8.247460953034002,0,-0.03591509999999982,1671.2742693901237,-6.100491829336008,0,MNG_C,NA
Mongolia,C,2017,791976200.5799998,MNG,0,1.6926741298714645,9.18362021979381,3956.204943713404,1.8,0.1342,115.93290186796328,8.283040497192793,0,-0.045172566666666664,2087.423252620285,-5.938600929735018,0,MNG_C,NA
Mongolia,C,2018,929479612.3300002,MNG,0,1.96692528263989,9.66655365112798,4183.85566447661,2.1,0.10161,126.35587324151278,8.338988508131704,0,-0.018448783333333028,2369.358792269241,-5.972005506146483,0,MNG_C,NA
Mongolia,C,2019,1004326403.4699998,MNG,0,1.9942278401342057,9.83638257697054,4337.8167085432015,2.3,0.0927,124.39651462116488,8.375126437968385,0,-0.054610933333333306,2964.3863951892245,-5.825402288788139,0,MNG_C,NA
Mongolia,C,2020,1032850793.8799996,MNG,0,2.234918076594951,9.3475568899214,4066.034108827912,2.9,0.13301,112.83864762931744,8.310423382945018,0,-0.05155703333333314,2706.351029075311,-5.944476775242674,0,MNG_C,NA
Mongolia,C,2021,1086740947.8100002,MNG,0,2.3421669122391053,11.3929982387502,4063.5366984924535,3,0.10008,119.09807843777104,8.309808981404466,0,-0.07269479999999999,2849.139184882148,-5.943921631971842,0,MNG_C,NA
Mongolia,C,2022,1220342611.7999997,MNG,0,2.0540631017001467,12.9008288504333,4205.885545135513,3,0.08365,136.32792994451626,8.344240143608864,0,-0.08954171666666648,2876.069701235045,-6.050462252603149,0,MNG_C,NA
Mongolia,D_E,2012,225687615.63,MNG,0,0.019142696267821193,3.94085550888065,3318.1649659708924,3,0.23913,109.58856433841548,8.107167188010818,0,-0.18622263333333333,10088.112506052015,-3.107794060319203,0,MNG_D_E,NA
Mongolia,D_E,2013,228389466.42,MNG,0,0.030924636796372206,4.89953823458973,3628.907080695749,3,0.23246,100.31198966294296,8.196686802227164,0,-0.1762553666666667,11133.734814003015,-3.0210726859142367,0,MNG_D_E,NA
Mongolia,D_E,2014,209180321.70000002,MNG,0,0.024966126186013397,6.77117608106174,3830.358920495929,3.3,0.2234,109.32231187718692,8.25071379070713,0,-0.058791566666666344,11666.541070447984,-2.8864716558616896,0,MNG_D_E,NA
Mongolia,D_E,2015,245556900.24,MNG,0,0.05525355611700873,6.98959122144406,3838.921269899843,3.5,0.1564,89.65366347781398,8.252946686819639,0,-0.08405619999999986,11707.944637868004,-3.0432610530055646,0,MNG_D_E,NA
Mongolia,D_E,2016,276636704.91999996,MNG,0,0.08081260412878558,7.43705957487671,3817.9196271670194,3.4,0.18346,101.05523722499714,8.247460953034002,0,-0.03591509999999982,11723.751248524999,-3.161088305451909,0,MNG_D_E,NA
Mongolia,D_E,2017,247098569.05000004,MNG,0,0.12621544419445668,9.18362021979381,3956.204943713404,1.8,0.1342,115.93290186796328,8.283040497192793,0,-0.045172566666666664,12770.759915368804,-2.9626291458688234,0,MNG_D_E,NA
Mongolia,D_E,2021,326206270.36,MNG,0,0.2509986459610834,11.3929982387502,4063.5366984924535,3,0.10008,119.09807843777104,8.309808981404466,0,-0.07269479999999999,13354.376214616308,-3.195685774974586,0,MNG_D_E,NA
Mongolia,D_E,2022,317503384.6,MNG,0,0.18755490674630604,12.9008288504333,4205.885545135513,3,0.08365,136.32792994451626,8.344240143608864,0,-0.08954171666666648,13239.674941376537,-3.1772704794814812,0,MNG_D_E,NA
Malaysia,C,2012,66120316588.84,MYS,0,0.492877822944836,9.84700347717991,8710.526713599022,2.5,1.09269,147.84175476601337,9.072287540302792,0,0.26991055,49413.24351331525,-7.199012864439508,0,MYS_C,NA
Malaysia,C,2014,69249799869.23001,MYS,0,0.6060854612548804,9.97193881432051,9341.730559712778,3,1.26275,138.31223117684328,9.142246798825608,0,0.33624088333333346,46373.88930400258,-7.308738963747609,0,MYS_C,NA
Malaysia,C,2015,65834899500.710014,MYS,0,1.055150754424223,9.80955980953099,9648.679793752302,3.4,1.27945,131.37007244525975,9.17457637603625,0,0.2596369666666667,47059.96565168528,-7.243482710840922,0,MYS_C,NA
Malaysia,C,2017,68375336389.920006,MYS,0.4989967836437041,1.6898349165069984,8.30705146836206,10293.762920536155,5.2,1.227715,133.15517337195615,9.23929344910779,0,0.21643888333333333,49517.47375062605,-7.230441847145463,0,MYS_C,NA
Malaysia,C,2018,76157670260.90999,MYS,1.3195704778209303,1.9577513733092888,8.19179819298533,10610.195024047913,5.3,1.04026,130.40262550212626,9.269570612593473,0,0.3977911833333335,53756.600443717514,-7.256094620514299,0,MYS_C,NA
Malaysia,C,2019,77044854881.25,MYS,0.8303140530563654,1.9900251415953443,8.86497357882019,10902.983485585608,5.7,0.995405,123.02856202794288,9.296791745038226,0,0.41385856666666665,52514.67052420304,-7.291050493037725,0,MYS_C,NA
Malaysia,C,2020,73715315064.95999,MYS,1.1147925609246454,2.2296844538956297,9.91101742902637,10171.4657842762,7,0.95055,116.78818243763848,9.227341606904542,0,0.3762919,49584.97084617664,-7.304278078689015,0,MYS_C,NA
Malaysia,C,2021,85709500016.65,MYS,1.443417877107806,2.334735571631236,10.8921782282506,10388.266712085682,7.5,0.981325,134.03599469072654,9.248432247470916,0,0.34679668333333336,53385.46946086047,-7.381180348981489,0,MYS_C,NA
Malaysia,C,2022,94272627875.56999,MYS,0.4486037059715848,2.052333406961079,12.1753566089982,11191.65117569426,7.5,1.0121,146.42460475390752,9.32292334856996,0,0.36719745000000004,55344.16910396006,-7.44037485235844,0,MYS_C,NA
Malaysia,D_E,2012,6841489626.56,MYS,0,0.019142696267821193,9.84700347717991,8710.526713599022,2.5,1.09269,147.84175476601337,9.072287540302792,0,0.26991055,108861.04583009,-4.140688508495649,0,MYS_D_E,NA
Malaysia,D_E,2014,7821293914.19,MYS,0,0.024966126186013397,9.97193881432051,9341.730559712778,3,1.26275,138.31223117684328,9.142246798825608,0,0.33624088333333346,119175.985733898,-4.184004009653517,0,MYS_D_E,NA
Malaysia,D_E,2015,6839073102.04,MYS,0,0.05525355611700873,9.80955980953099,9648.679793752302,3.4,1.27945,131.37007244525975,9.17457637603625,0,0.2596369666666667,123540.966033026,-4.013834680202154,0,MYS_D_E,NA
Pakistan,C,2016,34118875837.239998,PAK,0,1.3281793440383425,1.13034740811719,1452.1865826917658,43.7,0.21703499999999998,24.70157804805731,7.280825687605685,1,-1.0391381,67194.41776811398,-6.230015878585117,0,PAK_C,NA
Peru,C,2012,29165304941.7,PER,0,0.492877822944836,4.88245729342236,5740.0434627247205,30.8,0.0553,52.61989526322937,8.655222061188207,1,-0.1829750166666665,11770.00986125074,-7.815180335773424,0,PER_C,NA
Peru,C,2013,29777945067.52,PER,0,0.7105937855234101,5.40886840560537,6021.461427652321,28.4,0.08174,49.78714244714436,8.703085270909416,1,-0.22129774999999968,12733.516111833573,-7.757285718906221,0,PER_C,NA
Peru,C,2014,28029153475.609985,PER,0,0.6060854612548804,5.86753622497354,6103.918647499693,28.6,0.10805,46.85312109128992,8.716686245139517,1,-0.20971336666666665,12554.440669766474,-7.710926001826487,0,PER_C,NA
Peru,C,2015,26170072656.429996,PER,0,1.055150754424223,6.56472932864047,6231.711503388939,27.4,0.11702,45.16276868911478,8.737406293698061,1,-0.17062484999999966,12795.26241666827,-7.623296793130421,0,PER_C,NA
Peru,C,2016,25606936998.5,PER,0,1.3281793440383425,6.87075765715407,6392.254749410137,27.2,0.12008,45.38884119641545,8.762842341065296,1,-0.10218744999999983,11975.847981555033,-7.667726616818224,0,PER_C,NA
Peru,C,2017,27369522599.079994,PER,0,1.6926741298714645,7.37507987722252,6457.419402547214,27.6,0.12085,47.51355036199706,8.772985043676032,1,-0.113524433333333,12053.572758113301,-7.727824248953638,0,PER_C,NA
Peru,C,2018,29313853848.460007,PER,0,1.96692528263989,8.09510839441633,6593.144374595259,27.9,0.12683,48.631470171736005,8.793785657037539,1,-0.12028254999999985,12462.641104696118,-7.763080053283331,0,PER_C,NA
Peru,C,2019,29338386571.539997,PER,0,1.9942278401342057,7.38778580236377,6626.260834949689,27.1,0.15696,46.94350537544095,8.798795947456263,1,-0.04995553333333318,12889.813815477255,-7.73021468669881,0,PER_C,NA
Peru,C,2020,24677955936.870003,PER,0,2.234918076594951,8.41186520281526,5831.830247585214,31.6,0.17229,44.24596719774405,8.671086166197869,1,-0.12392779999999982,10544.34039931784,-7.758076390996527,0,PER_C,NA
Peru,C,2021,27308471934.670006,PER,0.6783145041327373,2.339943280716474,9.05771410333768,6547.847181817761,30.6,0.13754,55.427249365521966,8.786891600072346,1,-0.18678671666666652,11942.85974841718,-7.734818671104569,0.6783145041327373,PER_C,NA
Peru,C,2022,30498690935.319996,PER,0,2.0540631017001467,9.45023631953673,6667.516956320359,30.6,0.16206,57.29697596497214,8.805002799183098,1,-0.27669286666666637,13294.557349396908,-7.738084311897223,0,PER_C,NA
Peru,D_E,2012,2501529807.94,PER,0,0.019142696267821193,4.88245729342236,5740.0434627247205,30.8,0.0553,52.61989526322937,8.655222061188207,1,-0.1829750166666665,15203.3240518406,-5.103143655318978,0,PER_D_E,NA
Peru,D_E,2013,2690330023.44,PER,0,0.030924636796372206,5.40886840560537,6021.461427652321,28.4,0.08174,49.78714244714436,8.703085270909416,1,-0.22129774999999968,13189.7921060853,-5.317975945238837,0,PER_D_E,NA
Peru,D_E,2014,2991499955.62,PER,0,0.024966126186013397,5.86753622497354,6103.918647499693,28.6,0.10805,46.85312109128992,8.716686245139517,1,-0.20971336666666665,16449.6772027099,-5.203224343911439,0,PER_D_E,NA
Peru,D_E,2015,3204332066.02,PER,0,0.05525355611700873,6.56472932864047,6231.711503388939,27.4,0.11702,45.16276868911478,8.737406293698061,1,-0.17062484999999966,15664.6303893311,-5.320853614452416,0,PER_D_E,NA
Peru,D_E,2016,3900669084,PER,0,0.08081260412878558,6.87075765715407,6392.254749410137,27.2,0.12008,45.38884119641545,8.762842341065296,1,-0.10218744999999983,17635.6644623896,-5.398980135809012,0,PER_D_E,NA
Peru,D_E,2017,4980849486.33,PER,0,0.12621544419445668,7.37507987722252,6457.419402547214,27.6,0.12085,47.51355036199706,8.772985043676032,1,-0.113524433333333,14787.3448610721,-5.819583997027342,0,PER_D_E,NA
Peru,D_E,2018,5373937865.329999,PER,0,0.17104940017811293,8.09510839441633,6593.144374595259,27.9,0.12683,48.631470171736005,8.793785657037539,1,-0.12028254999999985,13440.753826153701,-5.991024805241304,0,PER_D_E,NA
Peru,D_E,2019,5970156487.37,PER,0,0.1760960279199128,7.38778580236377,6626.260834949689,27.1,0.15696,46.94350537544095,8.798795947456263,1,-0.04995553333333318,14088.593625744901,-6.049162911048809,0,PER_D_E,NA
Peru,D_E,2020,4700222407.19,PER,0,0.22570633870956203,8.41186520281526,5831.830247585214,31.6,0.17229,44.24596719774405,8.671086166197869,1,-0.12392779999999982,11717.9170495681,-5.994246065049649,0,PER_D_E,NA
Peru,D_E,2021,5324497426.139999,PER,0.029021209524969224,0.25045302068203024,9.05771410333768,6547.847181817761,30.6,0.13754,55.427249365521966,8.786891600072346,1,-0.18678671666666652,13079.629857802902,-6.009017558760406,0.029021209524969224,PER_D_E,NA
Peru,D_E,2022,4753882541.66,PER,0,0.18755490674630604,9.45023631953673,6667.516956320359,30.6,0.16206,57.29697596497214,8.805002799183098,1,-0.27669286666666637,15813.6596311332,-5.70584284019444,0,PER_D_E,NA
Philippines,C,2012,26838928867.42,PHL,0,0.492877822944836,2.14283906030847,2533.741419649587,34.1,0.122145,57.84200551330817,7.837452311337027,1,-0.3425087833333333,21418.93692669395,-7.1333332483715655,0,PHL_C,NA
Philippines,C,2013,23664600803.679993,PHL,0,0.7105937855234101,2.52046664370868,2654.415069339782,33.1,0.13207,55.82478123202985,7.883979596537222,1,-0.30800874999999983,22046.552219861303,-6.978579345803993,0,PHL_C,NA
Philippines,C,2014,25501005154.779995,PHL,0,0.6060854612548804,2.79471929116667,2776.9200590947853,32.4,0.14445,57.46817208759447,7.929097700106275,1,-0.19322595000000004,23328.70756217822,-6.996788461811735,0,PHL_C,NA
Philippines,C,2015,25067116689.829998,PHL,0,1.055150754424223,2.75369633406674,2909.8581801030064,30.8,0.15683,59.141592105309414,7.97585962361814,1,-0.23699346666666632,24660.714588407984,-6.924100699211925,0,PHL_C,NA
Philippines,C,2016,26736178607.19,PHL,0,1.3281793440383425,2.79705053563184,3076.3374186758983,28.6,0.21196,61.77606576538708,8.031495018587451,1,-0.3538303,24930.74580138374,-6.9776711183058024,0,PHL_C,NA
Philippines,C,2017,27544494731.730003,PHL,0,1.6926741298714645,3.14400726239576,3247.450387836204,27.8,0.26709,68.1683697426727,8.085625471395328,1,-0.3814649666666667,28930.966133714555,-6.858645452367286,0,PHL_C,NA
Philippines,C,2018,35878651419.87,PHL,0.24473841138591607,1.966001316041357,3.46090446005956,3410.936479761091,27.6,0.32222,72.1633982990273,8.134742160070255,1,-0.382943966666665,27381.13388318007,-7.178043497792081,0.24473841138591607,PHL_C,NA
Philippines,C,2019,31189294229.01001,PHL,0.8984649352323437,1.9894984416780552,5.69730703529922,3575.8817092292174,26.9,0.25926,68.84184225956784,8.181967056671677,1,-0.3690284666666665,26107.69777765361,-7.085599976374284,0.8984649352323437,PHL_C,NA
Philippines,C,2020,25963310606.18,PHL,0.08454638085017581,2.234693290051835,7.08108894988907,3198.6669000841307,29.1,0.27625,58.16956030222815,8.070489408264836,1,-0.3640741,21821.523602619018,-7.081542885954663,0.08454638085017581,PHL_C,NA
Philippines,C,2021,29288010642.659996,PHL,0,2.3421669122391053,8.50897715713263,3350.975875877763,28,0.27625,63.48460981367115,8.117006888629858,1,-0.4241909666666665,23966.510310233294,-7.108276066054317,0,PHL_C,NA
Philippines,C,2022,31451727056.29,PHL,0.5184291379335485,2.051986989937856,7.63946525096298,3577.7013657324396,28,0.27625,72.42968361075991,8.182475796564232,1,-0.40206148333333314,24990.25705571356,-7.137723143833256,0.5184291379335485,PHL_C,NA
Philippines,D_E,2012,5862607875.43,PHL,0,0.019142696267821193,2.14283906030847,2533.741419649587,34.1,0.122145,57.84200551330817,7.837452311337027,1,-0.3425087833333333,36862.7923651372,-5.0691471081668755,0,PHL_D_E,NA
Philippines,D_E,2013,5709064447.35,PHL,0,0.030924636796372206,2.52046664370868,2654.415069339782,33.1,0.13207,55.82478123202985,7.883979596537222,1,-0.30800874999999983,42479.323802539104,-4.9007929858412,0,PHL_D_E,NA
Philippines,D_E,2014,5161239227.2,PHL,0,0.024966126186013397,2.79471929116667,2776.9200590947853,32.4,0.14445,57.46817208759447,7.929097700106275,1,-0.19322595000000004,45635.8201089842,-4.728239053091878,0,PHL_D_E,NA
Philippines,D_E,2015,5517721531.23,PHL,0,0.05525355611700873,2.75369633406674,2909.8581801030064,30.8,0.15683,59.141592105309414,7.97585962361814,1,-0.23699346666666632,49470.0083135741,-4.714353694685806,0,PHL_D_E,NA
Philippines,D_E,2016,5499483033.7699995,PHL,0,0.08081260412878558,2.79705053563184,3076.3374186758983,28.6,0.21196,61.77606576538708,8.031495018587451,1,-0.3538303,53348.732387694756,-4.6355591557830085,0,PHL_D_E,NA
Philippines,D_E,2017,5458148723.940001,PHL,0,0.12621544419445668,3.14400726239576,3247.450387836204,27.8,0.26709,68.1683697426727,8.085625471395328,1,-0.3814649666666667,60927.7393652024,-4.495176388286135,0,PHL_D_E,NA
Philippines,D_E,2018,7145299732.830001,PHL,0.008377653531993922,0.17088057220403666,3.46090446005956,3410.936479761091,27.6,0.32222,72.1633982990273,8.134742160070255,1,-0.382943966666665,66700.889725614,-4.673991747448073,0.008377653531993922,PHL_D_E,NA
Philippines,D_E,2019,6899296243.88,PHL,0.04322196904725116,0.1752137841036985,5.69730703529922,3575.8817092292174,26.9,0.25926,68.84184225956784,8.181967056671677,1,-0.3690284666666665,72710.16792754381,-4.5526934555315215,0.04322196904725116,PHL_D_E,NA
Philippines,D_E,2020,7003408968.89,PHL,0.0026731042870626444,0.2256554835262471,7.08108894988907,3198.6669000841307,29.1,0.27625,58.16956030222815,8.070489408264836,1,-0.3640741,73012.02122836103,-4.563528203097148,0.0026731042870626444,PHL_D_E,NA
Philippines,D_E,2021,7467351090.05,PHL,0,0.2509986459610834,8.50897715713263,3350.975875877763,28,0.27625,63.48460981367115,8.117006888629858,1,-0.4241909666666665,77273.89546932536,-4.570939414410083,0,PHL_D_E,NA
Philippines,D_E,2022,6800174360.9800005,PHL,0.020402936804615492,0.1871479805329692,7.63946525096298,3577.7013657324396,28,0.27625,72.42968361075991,8.182475796564232,1,-0.40206148333333314,81276.68867856704,-4.426844288838749,0.020402936804615492,PHL_D_E,NA
Romania,C,2012,17031313073.06,ROU,0,0.492877822944836,17.567519569459,8234.285534251936,21.5,0.46244,76.59432399136725,9.016061879194224,0,0.04680945,20174.702054372447,-6.738379428225009,0,ROU_C,NA
Romania,C,2013,18251597020.010002,ROU,0,0.7105937855234101,18.8919150905294,8287.95844089676,23.1,0.39022,81.39761317471827,9.022558950116128,0,0.11565866666666666,20997.26556676012,-6.767615644989234,0,ROU_C,NA
Romania,C,2014,20626900654.639996,ROU,1.4150141394157874,0.5647668395244531,20.1139523323465,8661.47397274241,24.3,0.38207,83.37514295752013,9.066640191777969,0,0.18475428333333335,21628.28669604283,-6.860349332695875,0,ROU_C,NA
Romania,C,2015,16568401716.880001,ROU,1.9858859531563,1.0016436506919029,21.4489855804576,8977.017481581965,23.7,0.48796,83.5205767017155,9.102422977129413,0,0.26803135,21243.97264418408,-6.6591794344706425,0,ROU_C,NA
Romania,C,2016,18170651581.869995,ROU,1.7331866446760298,1.2983494371782134,22.4982986593906,9286.87678236598,24.4,0.48863,85.8925282906884,9.136357583933709,0,0.2484391500000002,20369.70155725948,-6.793514442019745,0,ROU_C,NA
Romania,C,2017,20548393432.980007,ROU,1.458587636461748,1.67810985485672,24.148941859633,10106.226955725268,23.4,0.50693,87.15606456678009,9.220907043122473,0,0.21373540000000005,21025.72430756149,-6.884791383334296,0,ROU_C,NA
Romania,C,2018,22942462446.260002,ROU,2.746669644377538,1.917108883008913,25.9702175828069,10714.170115712675,23,0.49698,87.0911701095809,9.27932245420478,0,0.16724666666666682,22087.607007942497,-6.9457280454657075,0,ROU_C,NA
Romania,C,2019,22679094132.160004,ROU,2.7075287102785346,1.9478198968774614,27.060557570268,11197.3162915853,23.5,0.47491,84.90636305847933,9.323429411747748,0,0.26594113333333336,22317.428744837547,-6.923830884508155,0,ROU_C,NA
Romania,C,2020,21738330326.749996,ROU,1.8770935193782203,2.2207178518630624,29.314080636148,10854.04943188705,24.1,0.46414,78.36164635627091,9.292293508868282,0,0.27110755000000014,22822.11861643588,-6.859102175369213,0,ROU_C,NA
Romania,C,2021,26436292323.590004,ROU,2.4554628586606935,2.3174876255736314,31.6949603653045,11546.322499807226,23.6,0.47108,87.07119654601449,9.354122266965355,0,0.3196921833333333,24213.971904652088,-6.9955632363223375,0,ROU_C,NA
Romania,C,2022,26051519950.530003,ROU,1.9679685014018493,2.0350915475517133,33.2115600895132,12076.303381189637,23.6,0.46274,93.9496509383447,9.399000413166812,0,0.36086395,23336.138373472928,-7.017828230746676,0,ROU_C,NA
Romania,D_E,2012,5596563058.650002,ROU,0,0.019142696267821193,17.567519569459,8234.285534251936,21.5,0.46244,76.59432399136725,9.016061879194224,0,0.04680945,39753.0825623889,-4.94722056194832,0,ROU_D_E,NA
Romania,D_E,2013,7408478035.960001,ROU,0,0.030924636796372206,18.8919150905294,8287.95844089676,23.1,0.39022,81.39761317471827,9.022558950116128,0,0.11565866666666666,32176.0139251711,-5.439159038124787,0,ROU_D_E,NA
Romania,D_E,2014,6555047138.47,ROU,0.09034827982456625,0.022767903030307245,20.1139523323465,8661.47397274241,24.3,0.38207,83.37514295752013,9.066640191777969,0,0.18475428333333335,31316.1191732057,-5.343857632851655,0,ROU_D_E,NA
Romania,D_E,2015,4761004846.38,ROU,0.17454217739212732,0.05094787452489529,21.4489855804576,8977.017481581965,23.7,0.48796,83.5205767017155,9.102422977129413,0,0.26803135,32202.392937066197,-4.996173262522334,0,ROU_D_E,NA
Romania,D_E,2016,4597944955.92,ROU,0.1322055181102889,0.07770373077718393,22.4982986593906,9286.87678236598,24.4,0.48863,85.8925282906884,9.136357583933709,0,0.2484391500000002,30289.376123520102,-5.022567705895628,0,ROU_D_E,NA
Romania,D_E,2017,4269817189.04,ROU,0.09541731880101709,0.12411212956658657,24.148941859633,10106.226955725268,23.4,0.50693,87.15606456678009,9.220907043122473,0,0.21373540000000005,30739.203968374997,-4.933787450288486,0,ROU_D_E,NA
Romania,D_E,2018,4981432747.0199995,ROU,0.36650040910915,0.16212687237989826,25.9702175828069,10714.170115712675,23,0.49698,87.0911701095809,9.27932245420478,0,0.16724666666666682,29759.0844609251,-5.120338383435901,0,ROU_D_E,NA
Romania,D_E,2019,4911389418.16,ROU,0.3538351416596307,0.16758428195382943,27.060557570268,11197.3162915853,23.5,0.47491,84.90636305847933,9.323429411747748,0,0.26594113333333336,27370.1921000622,-5.1898576163162895,0,ROU_D_E,NA
Romania,D_E,2020,5570839907.330001,ROU,0.15522038066736235,0.2225110384393069,29.314080636148,10854.04943188705,24.1,0.46414,78.36164635627091,9.292293508868282,0,0.27110755000000014,21889.743119782903,-5.539282936398422,0,ROU_D_E,NA
Romania,D_E,2021,5758485267.23,ROU,0.28003381198459465,0.24499405033763572,31.6949603653045,11546.322499807226,23.6,0.47108,87.07119654601449,9.354122266965355,0,0.3196921833333333,23827.7962026377,-5.487576937789198,0,ROU_D_E,NA
Romania,D_E,2022,7898453121.75,ROU,0.1712401712910817,0.18386157027054423,33.2115600895132,12076.303381189637,23.6,0.46274,93.9496509383447,9.399000413166812,0,0.36086395,22746.9119448976,-5.8499928144111175,0,ROU_D_E,NA
Russian Federation,C,2014,217930031993.97,RUS,1.1954560594222432,0.5756907746773704,17.2161049931,9493.8125,3.3,1.07241,47.80134126281159,9.158395549600886,0,-0.6474429333333328,348251.55720091873,-6.439004251945402,0,RUS_C,NA
Russian Federation,C,2015,155702247820.61,RUS,2.4515904236323856,0.9631229761736303,18.4996930924804,9277.7138671875,3.2,1.10085,49.35934931168865,9.135370444912384,0,-0.7099961166666662,350254.7162665401,-6.097040144032012,0,RUS_C,NA
Russian Federation,C,2016,149387568821.48,RUS,2.6017871776267754,1.2461228529494657,18.8797858276626,9269.3193359375,3.4,1.10238,46.5181198396096,9.134465229320082,0,-0.6663048999999999,358451.1644038414,-6.0325069121309864,0,RUS_C,NA
Russian Federation,C,2017,193827583399.69,RUS,2.552623986148493,1.639398535056095,21.2763636749444,9418.9140625,3.2,1.10967,46.87652433713111,9.150475080935776,0,-0.6110491999999998,366024.40261483815,-6.27202429252493,0,RUS_C,NA
Russian Federation,C,2018,212467606342.57,RUS,3.2577793519899334,1.8800176865970446,21.8962972283043,9674.787109375,3.2,0.99001,51.5809003703964,9.17727851345692,0,-0.5655408166666662,360800.02101918444,-6.378220968539861,0,RUS_C,NA
Russian Federation,C,2019,219583606796.03998,RUS,3.363959760662247,1.899441455405435,22.4233442134941,9882.0244140625,3.2,1.03531,49.22875366190334,9.198472669961488,0,-0.5448208499999997,392950.4116903413,-6.325804910536735,0,RUS_C,NA
Russian Federation,C,2020,200114147563.21,RUS,3.1696835793913327,2.1750766890339017,23.1557041794102,9632.3251953125,3.7,1.09099,45.966908202912734,9.172879928950492,0,-0.5832692333333334,384994.0104008837,-6.253415443770876,0,RUS_C,NA
Russian Federation,C,2021,232508338407.49,RUS,3.077051320364921,2.2936486658221313,23.7409106485411,10231.318359375,3.5,0.96602,50.586195462175176,9.233208722526568,0,-0.6117651166666664,410867.9393895614,-6.338409519975152,0,RUS_C,NA
Russian Federation,C,2022,285746513861.49,RUS,2.482279625487871,2.020006232472155,24.6345568628262,10119.0625,3.5,0.91494,42.782786429481114,9.22217630021034,0,-0.8056978333333312,388879.72271849983,-6.59959028191177,0,RUS_C,NA
Russian Federation,D_E,2017,48609871552.259995,RUS,0.3069304472243009,0.11864762427892497,21.2763636749444,9418.9140625,3.2,1.10967,46.87652433713111,9.150475080935776,0,-0.6110491999999998,829946.809254242,-4.070220294120859,0,RUS_D_E,NA
Russian Federation,D_E,2018,46768475562.68,RUS,0.5643164533719953,0.15571736480319878,21.8962972283043,9674.787109375,3.2,0.99001,51.5809003703964,9.17727851345692,0,-0.5655408166666662,853171.0584237439,-4.004004591035914,0,RUS_D_E,NA
Russian Federation,D_E,2019,46968305432.62,RUS,0.6133378865641823,0.15904933910207267,22.4233442134941,9882.0244140625,3.2,1.03531,49.22875366190334,9.198472669961488,0,-0.5448208499999997,863811.614866114,-3.995873594035997,0,RUS_D_E,NA
Russian Federation,D_E,2020,43116124987.44001,RUS,0.5257615044399798,0.21247681122537865,23.1557041794102,9632.3251953125,3.7,1.09099,45.966908202912734,9.172879928950492,0,-0.5832692333333334,814862.580890773,-3.968632849141543,0,RUS_D_E,NA
Russian Federation,D_E,2021,48725717252.94,RUS,0.4872679048256908,0.23929972105822173,23.7409106485411,10231.318359375,3.5,0.96602,50.586195462175176,9.233208722526568,0,-0.6117651166666664,884988.8437959971,-4.008387205648931,0,RUS_D_E,NA
Russian Federation,D_E,2022,56240317579.89001,RUS,0.2872691774453025,0.1809648690369382,24.6345568628262,10119.0625,3.5,0.91494,42.782786429481114,9.22217630021034,0,-0.8056978333333312,906745.691494617,-4.127527146776748,0,RUS_D_E,NA
Saudi Arabia,C,2012,71788781866.66,SAU,1.0787860898410706,0.4642393388994824,9.38625903064258,23643.035832464662,0,0.85824,81.74067854615997,10.070823882583976,0,-0.4093368166666648,169648.09111665757,-6.0477572621422,0,SAU_C,NA
Saudi Arabia,C,2013,74742814400.03,SAU,1.0787860898410706,0.6876232190934466,13.302899519935654,23057.349446853543,0,0.79069,80.25150142867832,10.045739845623244,0,-0.434158066666665,170169.1574894956,-6.085015371826668,0,SAU_C,NA
Saudi Arabia,C,2014,80008476800,SAU,1.363962019132244,0.5675362162471571,17.219540009228727,23404.730603982465,0,0.74576,78.00011111773601,10.06069344347705,0,-0.4135062833333315,188979.2415829096,-6.048250691909744,0,SAU_C,NA
Saudi Arabia,C,2015,79607457066.66,SAU,1.2315054570257218,1.0348333380293275,21.1361804985218,23256.154955353068,0,0.70083,67.10526923005925,10.054325105243391,0,-0.3566863833333332,192321.01186814584,-6.025697136475942,0,SAU_C,NA
Saudi Arabia,C,2016,79388092799.98001,SAU,1.585598864237056,1.303383293026357,20.82681485606,22783.032853868543,0,0.6559,57.92166351103645,10.033771364832358,0,-0.28499541666666484,180457.87567858672,-6.086606296458946,0,SAU_C,NA
Saudi Arabia,C,2017,93445570666.67,SAU,2.6577574234462973,1.6327982571779658,21.6139435772426,23035.1199977707,0,0.61097,59.53197915782293,10.04477528672353,0,-0.37262149999999816,172597.64567305156,-6.294171275673351,0,SAU_C,NA
Saudi Arabia,C,2018,96747167999.98999,SAU,2.6152884467391644,1.9238059672402672,22.4661479201746,24393.5188306638,0,0.56604,59.10291046971411,10.102072754303496,0,-0.32341428333333333,170168.44388961946,-6.343067546250175,0,SAU_C,NA
Saudi Arabia,C,2019,104122305694.66,SAU,1.7669146875429325,1.978375410157785,22.3213703520821,24905.669742855847,0,0.52111,56.79382048865131,10.122850757049271,0,-0.2661170166666648,169790.588300493,-6.418755659259638,0,SAU_C,NA
Saudi Arabia,C,2020,95672110909.87001,SAU,2.5296877967564697,2.205052306050049,25.4596763527151,22827.671935547995,0.1,0.47618,47.53315922504798,10.03572876041035,0,-0.2789860333333317,165662.01980128503,-6.358732425374064,0,SAU_C,NA
Saudi Arabia,C,2021,128254506784.82002,SAU,1.9084269525974107,2.3289378492049617,33.7973610185654,24922.671694894445,0.1,0.39379,50.88392633987874,10.123533178025278,0,-0.19031499999999998,169283.05803048372,-6.630199689606331,0,SAU_C,NA
Saudi Arabia,C,2022,159397470709.07007,SAU,1.0787860898410706,2.048119880949267,41.8230078726101,26706.91792606596,0.1,0.41439,56.824164774933216,10.19267790918269,0,-0.08134633333333166,175790.17645634964,-6.809865073038758,0,SAU_C,NA
Saudi Arabia,D_E,2015,9616896000,SAU,0.07103245618367973,0.0535936350915038,21.1361804985218,23256.154955353068,0,0.70083,67.10526923005925,10.054325105243391,0,-0.3566863833333332,261043.45218131097,-3.606589953551631,0,SAU_D_E,NA
Saudi Arabia,D_E,2016,10853705866.67,SAU,0.11134968664210926,0.07822254809467959,20.82681485606,22783.032853868543,0,0.6559,57.92166351103645,10.033771364832358,0,-0.28499541666666484,271315.329113486,-3.6889801346696687,0,SAU_D_E,NA
Saudi Arabia,D_E,2018,10778809066.66,SAU,0.325296296002397,0.16330522979684042,22.4661479201746,24393.5188306638,0,0.56604,59.10291046971411,10.102072754303496,0,-0.32341428333333333,261867.609394823,-3.7174982937721364,0,SAU_D_E,NA
Thailand,C,2016,75111252748.64998,THA,0,1.3281793440383425,10.187716904417,5857.780529359259,22.4,0.77829,120.5752272891298,8.675526061571343,0,-0.40896729999999804,79926.13007693696,-6.845622829330806,0,THA_C,NA
Thailand,C,2021,162560966265.51004,THA,1.480908276066132,2.3343624728757137,17.3168855632327,6121.526965297128,19,1.20822,117.252944620852,8.719566848518909,0,-0.3100672666666667,85873.91218285172,-7.54592830439547,0,THA_C,NA
Thailand,D_E,2016,249005207.27,THA,0,0.08081260412878558,10.187716904417,5857.780529359259,22.4,0.77829,120.5752272891298,8.675526061571343,0,-0.40896729999999804,110647.668633853,-0.8111228124365966,0,THA_D_E,NA
Thailand,D_E,2021,618857417.62,THA,0.098090401491651,0.24908765359346216,17.3168855632327,6121.526965297128,19,1.20822,117.252944620852,8.719566848518909,0,-0.3100672666666667,100257.412252033,-1.8201339019202092,0,THA_D_E,NA
Tunisia,C,2012,6032081257.5599985,TUN,0,0.492877822944836,4.78950869178639,3900.046201327017,13,0.64937,101.55072392966808,8.268743678541675,0,-0.17122581666666634,7723.977574273239,-6.660517919498449,0,TUN_C,NA
Tunisia,C,2013,6069090835.969999,TUN,0,0.7105937855234101,4.66714973152741,3947.587635331742,13.2,0.637,98.9549566862038,8.280859946094077,0,-0.2563033666666665,7898.3271796538875,-6.6443131052893145,0,TUN_C,NA
Tunisia,C,2014,6018229601.0199995,TUN,0,0.6060854612548804,5.03392320650315,4021.5995470359144,12.9,0.61988,96.10710385587004,8.299434999745555,0,-0.1611678666666665,9010.03679206218,-6.504209253760106,0,TUN_C,NA
Tunisia,C,2015,5481082305.74,TUN,0,1.055150754424223,5.03388625276524,4014.9477368643215,12.5,0.59413,87.24853065960522,8.29777960932586,0,-0.16676874999999983,9183.46271055735,-6.391653526393209,0,TUN_C,NA
Tunisia,C,2016,6282777312.990001,TUN,0,1.3281793440383425,5.55369160408213,4015.288938027026,12.4,0.56539,87.09266436414659,8.29786458843089,0,-0.20930704999999997,8764.461228763266,-6.5748623609882895,0,TUN_C,NA
Tunisia,C,2017,6140845448.820001,TUN,0.6783145041327373,1.6884124947675792,6.8819804955977,4062.8060653451903,11.8,0.69953,95.8091979825804,8.309629162962034,0,-0.14116188333333315,8349.736341097028,-6.600487744461914,0,TUN_C,NA
Tunisia,C,2018,6359840520.900002,TUN,0,1.96692528263989,8.6185014951323,4127.970056979944,11.9,0.71645,103.8718242606352,8.325541053496512,0,-0.0907774,8012.527132432233,-6.67675237218554,0,TUN_C,NA
Tunisia,C,2019,6165623656.099999,TUN,0.21723685541919807,1.9934411587046592,10.0541966829532,4153.279786155147,12.2,0.74658,102.33261472578928,8.331653611011207,0,-0.09961998333333329,8125.379552898515,-6.631752129916787,0,TUN_C,NA
Tunisia,C,2020,5935251289.379999,TUN,0.39560114265991536,2.2336810010040775,11.1467984493476,3749.268414529278,12.9,0.74658,84.3333297071767,8.229316010473173,0,-0.08330338333333331,7277.065542281527,-6.703936950300194,0,TUN_C,NA
Tunisia,C,2021,6927987160.97,TUN,0,2.3421669122391053,12.4220429522978,3902.5332299019938,11.6,0.74658,93.6334140664079,8.269381167382672,0,-0.18332759999999979,8624.66793736957,-6.688698134870679,0,TUN_C,NA
Tunisia,C,2022,7061181316.949998,TUN,0,2.0540631017001467,13.9309222767522,3986.545583256664,11.6,0.74658,116.09579438414566,8.290680366282462,0,-0.34616174999999966,8719.0193018033,-6.696860875630336,0,TUN_C,NA
Türkiye,C,2012,74836558520.84998,TUR,1.363962019132244,0.4496065457079128,10.4644431033188,9588.320665314382,13,0.82595,53.32776129686072,9.16830103943749,0,-0.03445583333333332,95059.71689559035,-6.668556501825839,0,TUR_C,NA
Türkiye,C,2013,87319450225.53,TUR,1.0787860898410706,0.6876232190934466,11.640102340966,10269.448914077338,13.8,0.81206,53.06835300430433,9.236928641704614,0,-0.08874084999999997,89787.77748964036,-6.879879656643885,0,TUR_C,NA
Türkiye,C,2014,88555513194.16,TUR,0.6783145041327373,0.5934001149901232,11.3618631179594,10597.980188171632,11.5,0.8564,54.30677404127998,9.268418713657832,0,-0.15099209999999996,91611.13378625679,-6.873832089897832,0,TUR_C,NA
Türkiye,C,2015,86073229366.89,TUR,0.39560114265991536,1.0511201607943086,11.8786301825878,11064.649450466248,13.3,0.96732,51.87492525968317,9.311510571049386,0,-0.28809488333333166,94250.41064588462,-6.816998533873574,0,TUR_C,NA
Türkiye,C,2016,90313597511.68999,TUR,2.0533381690418,1.2843742379210883,12.859061240418,11279.616953156876,13.2,1.11979,48.87018380798705,9.330752566421994,0,-0.46109859999999997,97618.96773673502,-6.829971493491544,0,TUR_C,NA
Türkiye,C,2017,93751163574.88998,TUR,2.1753085034584716,1.6578778281599265,14.3528880563786,12005.645982483236,11.4,1.17632,56.135658515868904,9.393132316660674,0,-0.45689401666666485,117831.08851090795,-6.679147209560887,0,TUR_C,NA
Türkiye,C,2018,92784683536.9,TUR,2.2673863645772605,1.937678029688257,15.8823338271459,12255.008214616912,11.8,1.27093,62.825132385116525,9.413689966269366,0,-0.48606238333333335,121994.92006506148,-6.6340574520032405,0,TUR_C,NA
Türkiye,C,2019,84725544263.92,TUR,1.9203463665170188,1.975174543578645,16.6733436685105,12238.295022012751,14.1,1.3196,62.57845893262392,9.412325250776592,0,-0.44690135,108977.23320430434,-6.656033429615176,0,TUR_C,NA
Türkiye,C,2020,91976599994.56001,TUR,2.4150931294028193,2.208612575572511,19.4384064376386,12338.643833135042,13.7,1.36748,60.38985311729702,9.42049139134983,0,-0.5202743666666665,124410.2185092959,-6.605705156504786,0,TUR_C,NA
Türkiye,C,2021,126560426578.76,TUR,3.021346362186319,2.2964684737465926,20.9211211378579,13670.938029516012,12,1.40209,69.60889760864374,9.52302754693335,0,-0.541313983333333,136323.20486325608,-6.833446580902873,0,TUR_C,NA
Türkiye,C,2022,129493716724.73997,TUR,2.4410829817529316,2.0215307387529204,21.8230372591075,14273.574765487305,12,1.32342,79.89827223143409,9.566165188242875,0,-0.5828082666666663,135280.24709112974,-6.8640391083395516,0,TUR_C,NA
Türkiye,D_E,2012,13052020888.809998,TUR,0.0846529425965782,0.017077128362359528,10.4644431033188,9588.320665314382,13,0.82595,53.32776129686072,9.16830103943749,0,-0.03445583333333332,127048.34591054,-4.632130567661114,0,TUR_D_E,NA
Türkiye,D_E,2013,15135535264.199999,TUR,0.057223887399433127,0.029564200179924022,11.640102340966,10269.448914077338,13.8,0.81206,53.06835300430433,9.236928641704614,0,-0.08874084999999997,121343.778438514,-4.8261729255214325,0,TUR_D_E,NA
Türkiye,D_E,2014,11892020130.54,TUR,0.029021209524969224,0.024282074031398978,11.3618631179594,10597.980188171632,11.5,0.8564,54.30677404127998,9.268418713657832,0,-0.15099209999999996,139017.85236942,-4.4490205177004905,0,TUR_D_E,NA
Türkiye,D_E,2015,13565145012.489998,TUR,0.014615879893434769,0.05492179226575636,11.8786301825878,11064.649450466248,13.3,0.96732,51.87492525968317,9.311510571049386,0,-0.28809488333333166,134444.40982682,-4.614108111462439,0,TUR_D_E,NA
Türkiye,D_E,2016,16068489915.060001,TUR,0.18741273986038337,0.07627559416408493,12.859061240418,11279.616953156876,13.2,1.11979,48.87018380798705,9.330752566421994,0,-0.46109859999999997,147748.044425794,-4.68910706462086,0,TUR_D_E,NA
Türkiye,D_E,2017,13902010349.18,TUR,0.21252687681477583,0.121233510805094,14.3528880563786,12005.645982483236,11.4,1.17632,56.135658515868904,9.393132316660674,0,-0.45689401666666485,159774.585615614,-4.466024756114974,0,TUR_D_E,NA
Türkiye,D_E,2018,13340111712.440002,TUR,0.2331453494527285,0.16576679324521626,15.8823338271459,12255.008214616912,11.8,1.27093,62.825132385116525,9.413689966269366,0,-0.48606238333333335,160456.116823923,-4.420510203922441,0,TUR_D_E,NA
Türkiye,D_E,2019,15047481226.85,TUR,0.16269569827115157,0.17256237289420703,16.6733436685105,12238.295022012751,14.1,1.3196,62.57845893262392,9.412325250776592,0,-0.44690135,150889.21456925,-4.6024200066366125,0,TUR_D_E,NA
Türkiye,D_E,2020,15649476149.68,TUR,0.26940671371369956,0.21981480566212777,19.4384064376386,12338.643833135042,13.7,1.36748,60.38985311729702,9.42049139134983,0,-0.5202743666666665,144915.629014519,-4.682041018340369,0,TUR_D_E,NA
Türkiye,D_E,2021,15695810133.16,TUR,0.465116729657922,0.2399678994181995,20.9211211378579,13670.938029516012,12,1.40209,69.60889760864374,9.52302754693335,0,-0.541313983333333,158543.589672512,-4.595119516006069,0,TUR_D_E,NA
Türkiye,D_E,2022,21925556673.559998,TUR,0.27621211799653617,0.18125600490248905,21.8230372591075,14273.574765487305,12,1.32342,79.89827223143409,9.566165188242875,0,-0.5828082666666663,174054.924924369,-4.83603729692906,0,TUR_D_E,NA
Ukraine,C,2012,27682279716.410007,UKR,0.6783145041327373,0.478661097764929,8.03755151150735,2426.92944335938,2.9,0.72363,102.6227883566263,7.794382133758643,0,-0.631781783333333,87428.74601161569,-5.7577236357172215,0,UKR_C,NA
Ukraine,C,2013,23993106468.160007,UKR,0.6783145041327373,0.6991744567236847,8.85842948316205,2432.41625976563,3.5,0.733,94.0016694501782,7.7966403878830555,0,-0.7741823499999997,83760.36819460866,-5.65756187519689,0,UKR_C,NA
Ukraine,C,2014,23207143403.39,UKR,0,0.6060854612548804,9.3062102695115,2308.6435546875,3.5,0.65034,100.6917824836239,7.744415425280027,0,-0.8535136166666647,78427.42497007476,-5.690041741100345,0,UKR_C,NA
Ukraine,C,2015,13941410405.380001,UKR,0,1.055150754424223,11.6437042355302,2094.47387695313,4.2,0.61477,107.80661629815584,7.647057668097867,0,-0.8163728999999998,63079.68552943278,-5.398220079236408,0,UKR_C,NA
Ukraine,C,2016,13113577553.319998,UKR,0.7263928327940306,1.3214214937083055,12.0342584918375,2156.0830078125,5.5,0.48339,105.52120491312238,7.676048432128427,0,-0.7432636166666666,58006.24096355391,-5.4208528193155345,0,UKR_C,NA
Ukraine,C,2017,16769165960.49,UKR,0.43128849883429,1.6903086079227136,12.3535432124088,2217.7529296875,6.5,0.44878,104.03498291139856,7.704249768417747,0,-0.6836793166666664,49459.75564674341,-5.826137797901419,0,UKR_C,NA
Ukraine,C,2018,17528065301.2,UKR,1.259437555038032,1.9584851315152663,12.8032560497243,2308.6669921875,6.9,0.47113,99.1998150718675,7.744425577293742,0,-0.6165367166666664,53605.333084934806,-5.789910045824213,0,UKR_C,NA
Ukraine,C,2019,18365208019.269993,UKR,0.6147717022009092,1.9914717433172926,16.1591311845578,2398.07836914063,7.4,0.43384,90.51123429107628,7.782423016096244,0,-0.4969051999999998,55083.16476209585,-5.809369155366316,0,UKR_C,NA
Ukraine,C,2020,19809371216.72,UKR,1.1495474680899693,2.2294082662759602,18.617022844321,2324.107421875,8.7,0.40318,79.15645237618149,7.751091339741339,0,-0.493786983333333,55790.787605462385,-5.872301639407186,0,UKR_C,NA
Ukraine,C,2021,26805719435.78,UKR,0.8303140530563654,2.3392010443224693,18.2677942438439,2426.6123046875,8.9,0.38478,82.69796136344999,7.794251450357203,0,-0.5045089666666663,55999.7297151351,-6.171023691304672,0,UKR_C,NA
Ukraine,C,2022,14158723148.4,UKR,1.3708360449831907,2.0450518639905715,17.5398140646824,1874.66296386719,8.9,0.32673,87.39651399072439,7.53618416964291,0,-0.5909324666666645,39054.69905009964,-5.893122986810667,0,UKR_C,NA
Ukraine,D_E,2012,9608399619.130001,UKR,0.029021209524969224,0.01845464758722915,8.03755151150735,2426.92944335938,2.9,0.72363,102.6227883566263,7.794382133758643,0,-0.631781783333333,140162.33008874347,-4.227591703685812,0,UKR_D_E,NA
Ukraine,D_E,2013,8528712623.539999,UKR,0.029021209524969224,0.030244649836603694,8.85842948316205,2432.41625976563,3.5,0.733,94.0016694501782,7.7966403878830555,0,-0.7741823499999997,136603.47765684887,-4.1341113002111705,0,UKR_D_E,NA
Ukraine,D_E,2014,8297537600.76,UKR,0,0.024966126186013397,9.3062102695115,2308.6435546875,3.5,0.65034,100.6917824836239,7.744415425280027,0,-0.8535136166666647,115848.7030505543,-4.271429019420183,0,UKR_D_E,NA
Ukraine,D_E,2016,6068019775.4,UKR,0.03187754018548429,0.08010100720217496,12.0342584918375,2156.0830078125,5.5,0.48339,105.52120491312238,7.676048432128427,0,-0.7432636166666666,105284.68189978099,-4.0541196619074,0,UKR_D_E,NA
Ukraine,D_E,2017,5820629895.41,UKR,0.016228045374475704,0.12587204010724123,12.3535432124088,2217.7529296875,6.5,0.44878,104.03498291139856,7.704249768417747,0,-0.6836793166666664,86256.4867424955,-4.211838502628902,0,UKR_D_E,NA
Ukraine,D_E,2018,5489386000.81,UKR,0.07377143258131974,0.16951193719534033,12.8032560497243,2308.6669921875,6.9,0.47113,99.1998150718675,7.744425577293742,0,-0.6165367166666664,90932.71515384229,-4.100451849571515,0,UKR_D_E,NA
Ukraine,D_E,2019,10423752015.23,UKR,0.0254392847604827,0.17558148029007153,16.1591311845578,2398.07836914063,7.4,0.43384,90.51123429107628,7.782423016096244,0,-0.4969051999999998,83059.997955473,-4.832279115144246,0,UKR_D_E,NA
Ukraine,D_E,2020,7568833102.02,UKR,0.06338396431815325,0.22446235830409902,18.617022844321,2324.107421875,8.7,0.40318,79.15645237618149,7.751091339741339,0,-0.493786983333333,80680.17146606781,-4.541301348519037,0,UKR_D_E,NA
Ukraine,D_E,2021,12984419076.79,UKR,0.03850980943469853,0.25027109760763566,18.2677942438439,2426.6123046875,8.9,0.38478,82.69796136344999,7.794251450357203,0,-0.5045089666666663,70914.4313523312,-5.210031427082064,0,UKR_D_E,NA
Ukraine,D_E,2022,9584524935.78,UKR,0.08540482755561259,0.18579358424822442,17.5398140646824,1874.66296386719,8.9,0.32673,87.39651399072439,7.53618416964291,0,-0.5909324666666645,49464.788601858905,-5.266644015877805,0,UKR_D_E,NA
Uruguay,C,2012,5125928087.920001,URY,0,0.492877822944836,17.4092710291806,15949.317698543451,47.9,0.30808,55.06115416337678,9.67717132977722,1,0.8675452833333333,1000.0079436359949,-8.542058934333145,0,URY_C,NA
Uruguay,C,2013,4628243402.449999,URY,0,0.7105937855234101,22.0329969745948,16639.40547506506,51.9,0.29118,49.71784647462325,9.71952898507496,1,0.8939975,1047.1633194559035,-8.393847772630128,0,URY_C,NA
Uruguay,C,2014,4782822068.919998,URY,0,0.6060854612548804,25.0350829208297,17122.03645632247,56.7,0.31707,49.0876240632174,9.748121594509513,1,0.95504395,1137.3178737183566,-8.344113294253754,0,URY_C,NA
Uruguay,C,2018,5460868829.51,URY,0,1.96692528263989,28.7930537740968,17608.944119503696,60.8,0.50484,47.79131048064754,9.776162240550308,1,0.9528076,1245.193319476482,-8.386072387813158,0,URY_C,NA
Uruguay,C,2019,4500942932.710001,URY,0.8984649352323437,1.9894984416780552,29.8012543248776,17758.43843729862,59.3,0.56805,49.744834115963606,9.784616086852678,1,0.99744665,1158.241263676055,-8.2651394918167,0.8984649352323437,URY_C,NA
Uruguay,C,2020,3603637887.72,URY,0,2.234918076594951,31.2948224284548,16443.36350008429,61.2,0.67606,47.731873318208784,9.707677240146536,1,1.0457745833333334,1175.4668800749753,-8.028033725154565,0,URY_C,NA
Uruguay,C,2021,4916933387.619999,URY,0.6783145041327373,2.339943280716474,32.5451063460216,17416.005220886917,57.8,0.61467,58.31504102303376,9.765144902689656,1,1.0867007499999999,1423.6168058758149,-8.14723964017859,0.6783145041327373,URY_C,NA
Uruguay,C,2022,5472511655.78,URY,0,2.0540631017001467,33.4865565704576,18228.355844376107,57.8,0.62206,61.03079510438214,9.810733674048398,1,1.1200018166666665,1423.319044301956,-8.254501459886972,0,URY_C,NA
Uruguay,D_E,2012,584929792.25,URY,0,0.019142696267821193,17.4092710291806,15949.317698543451,47.9,0.30808,55.06115416337678,9.67717132977722,1,0.8675452833333333,3265.52484707342,-5.188071327485748,0,URY_D_E,NA
Uruguay,D_E,2018,1392154238.38,URY,0,0.17104940017811293,28.7930537740968,17608.944119503696,60.8,0.50484,47.79131048064754,9.776162240550308,1,0.9528076,760.0688743813,-7.512953863811989,0,URY_D_E,NA
Uruguay,D_E,2019,1200903006.6,URY,0.04322196904725116,0.1752137841036985,29.8012543248776,17758.43843729862,59.3,0.56805,49.744834115963606,9.784616086852678,1,0.99744665,613.27549819192,-7.579770076205407,0.04322196904725116,URY_D_E,NA
Uruguay,D_E,2020,904519100.02,URY,0,0.22570633870956203,31.2948224284548,16443.36350008429,61.2,0.67606,47.731873318208784,9.707677240146536,1,1.0457745833333334,929.45970794925,-6.880555242124907,0,URY_D_E,NA
Uruguay,D_E,2021,1438401686.35,URY,0.029021209524969224,0.25045302068203024,32.5451063460216,17416.005220886917,57.8,0.61467,58.31504102303376,9.765144902689656,1,1.0867007499999999,1169.11258305736,-7.115042851093852,0.029021209524969224,URY_D_E,NA
Uruguay,D_E,2022,1085046646.42,URY,0,0.18755490674630604,33.4865565704576,18228.355844376107,57.8,0.62206,61.03079510438214,9.810733674048398,1,1.1200018166666665,1169.11258305736,-6.833133272140744,0,URY_D_E,NA
Uzbekistan,C,2013,8499512708.5199995,UZB,0,0.7105937855234101,1.03047816642845,2530.6844789870347,1.2,0.155,42.37791497273587,7.836245090185016,0,-1.1828545499999967,19408.712343227366,-6.082042057309966,0,UZB_C,NA
Uzbekistan,C,2014,10257951833.710001,UZB,0,0.6060854612548804,2.71465494120139,2659.990750952732,1.4,0.15335,36.35705466490434,7.886077924684261,0,-1.0430995166666635,17328.47874587476,-6.383457154120363,0,UZB_C,NA
Uzbekistan,C,2015,11041283811.690002,UZB,0,1.055150754424223,5.81406186655157,2803.190180217509,1.7,0.16497,30.756191430708927,7.93851339767426,0,-1.0459225833333299,16691.43273394219,-6.494501022516499,0,UZB_C,NA
Uzbekistan,C,2016,11761340172.55,UZB,0,1.3281793440383425,8.77864127770599,2918.677258529029,1.6,0.17238,29.192297038804217,7.978885798975264,0,-1.0089535333333333,17797.19462889475,-6.493532335451717,0,UZB_C,NA
Uzbekistan,C,2017,8577022588.940001,UZB,0,1.6926741298714645,10.4346190212708,2995.767614377434,1.7,0.13212,42.55950818952166,8.004955776334185,0,-0.9559192499999964,19139.48200976994,-6.105088792223223,0,UZB_C,NA
Uzbekistan,C,2018,8547104912.070001,UZB,0,1.96692528263989,12.7372983265011,3108.161878611196,1.5,0.11164,64.13813949857727,8.041786794626425,0,-0.8840191166666664,18818.373038018355,-6.1185142159591885,0,UZB_C,NA
Uzbekistan,C,2019,11808611437.42,UZB,0,1.9942278401342057,10.5554301857614,3259.3696463249375,1.6,0.10128,64.96392276324072,8.089289095641268,0,-0.8550813166666649,21168.121921034548,-6.32408796008188,0,UZB_C,NA
Uzbekistan,C,2020,12709172482.449999,UZB,0,2.234918076594951,15.8070422134311,3249.051910940178,1,0.12554,56.05153083499712,8.086118513054597,0,-0.8380489333333329,19259.315108905565,-6.492084409015106,0,UZB_C,NA
Uzbekistan,C,2021,15058664573.64,UZB,0,2.3421669122391053,21.8944210928633,3442.724844503404,1,0.11843,57.45897169732216,8.144018542777376,0,-0.6166745333333331,21228.2643652706,-6.564375305193183,0,UZB_C,NA
Uzbekistan,C,2022,17182717724.84,UZB,0,2.0540631017001467,25.7992232452287,3576.7155271605357,1,0.14297,62.84125253785171,8.182200207765618,0,-0.6129223333333313,21533.23297969632,-6.682061912504768,0,UZB_C,NA
Uzbekistan,D_E,2013,939457221.44,UZB,0,0.030924636796372206,1.03047816642845,2530.6844789870347,1.2,0.155,42.37791497273587,7.836245090185016,0,-1.1828545499999967,46229.6600705453,-3.0116806995232346,0,UZB_D_E,NA
Uzbekistan,D_E,2014,1212065299.09,UZB,0,0.024966126186013397,2.71465494120139,2659.990750952732,1.4,0.15335,36.35705466490434,7.886077924684261,0,-1.0430995166666635,46450.6384223514,-3.261690832857765,0,UZB_D_E,NA
Uzbekistan,D_E,2015,1320732050.38,UZB,0,0.05525355611700873,5.81406186655157,2803.190180217509,1.7,0.16497,30.756191430708927,7.93851339767426,0,-1.0459225833333299,46230.8938048403,-3.3522931737930746,0,UZB_D_E,NA
Uzbekistan,D_E,2016,1416324496.36,UZB,0,0.08081260412878558,8.77864127770599,2918.677258529029,1.6,0.17238,29.192297038804217,7.978885798975264,0,-1.0089535333333333,47657.1628426033,-3.391787471307257,0,UZB_D_E,NA
Uzbekistan,D_E,2017,933300142.61,UZB,0,0.12621544419445668,10.4346190212708,2995.767614377434,1.7,0.13212,42.55950818952166,8.004955776334185,0,-0.9559192499999964,48528.750187467,-2.9565704356887137,0,UZB_D_E,NA
Uzbekistan,D_E,2018,727420856.61,UZB,0,0.17104940017811293,12.7372983265011,3108.161878611196,1.5,0.11164,64.13813949857727,8.041786794626425,0,-0.8840191166666664,52874.154245731,-2.621590563076928,0,UZB_D_E,NA
Uzbekistan,D_E,2019,1024693680.53,UZB,0,0.1760960279199128,10.5554301857614,3259.3696463249375,1.6,0.10128,64.96392276324072,8.089289095641268,0,-0.8550813166666649,55910.810132717,-2.908391253768408,0,UZB_D_E,NA
Uzbekistan,D_E,2020,1225052643.85,UZB,0,0.22570633870956203,15.8070422134311,3249.051910940178,1,0.12554,56.05153083499712,8.086118513054597,0,-0.8380489333333329,44451.9116061534,-3.316331129828952,0,UZB_D_E,NA
Uzbekistan,D_E,2021,1301241571.63,UZB,0,0.2509986459610834,21.8944210928633,3442.724844503404,1,0.11843,57.45897169732216,8.144018542777376,0,-0.6166745333333331,46411.08983862901,-3.3335357069567793,0,UZB_D_E,NA
Uzbekistan,D_E,2022,1533255633.61,UZB,0,0.18755490674630604,25.7992232452287,3576.7155271605357,1,0.14297,62.84125253785171,8.182200207765618,0,-0.6129223333333313,48676.5584282197,-3.449951051031482,0,UZB_D_E,NA
Zimbabwe,C,2014,1476055558.8000004,ZWE,0,0.6060854612548804,1.0715151211425,1381.2540412587148,80.8,NA,54.67175924739176,7.230747091059947,1,-1.406132883333333,1839.5811872848844,-6.687590715808921,0,ZWE_C,NA
Zimbabwe,C,2015,1602105138.97,ZWE,0,1.055150754424223,1.13887667161631,1387.1263259502578,80.8,NA,56.74965266043333,7.234989494718447,1,-1.2073352999999964,1841.975519474654,-6.768235107736423,0,ZWE_C,NA
Zimbabwe,C,2016,1680378503.2700002,ZWE,0,1.3281793440383425,1.17009972538909,1378.3425619237385,81.7,NA,51.2190376594477,7.228637014237936,1,-1.2373722833333334,1687.2685692474793,-6.903663356376858,0,ZWE_C,NA
Zimbabwe,C,2017,1908612221.3999999,ZWE,0,1.6926741298714645,1.26454162104636,1422.9194894692664,82,NA,55.02831783106102,7.2604660184634415,1,-1.2065510499999998,1826.8779666985693,-6.951523190493036,0,ZWE_C,NA
Zimbabwe,C,2018,1933875332,ZWE,0,1.96692528263989,1.35060459802592,1472.1460384484235,79.7,NA,54.55031658745998,7.294476505270207,1,-1.1746400333333333,2263.7670782935324,-6.750250938279291,0,ZWE_C,NA
Zimbabwe,D_E,2015,344800499,ZWE,0,0.05525355611700873,1.13887667161631,1387.1263259502578,80.8,NA,56.74965266043333,7.234989494718447,1,-1.2073352999999964,6836.204818621847,-3.9207332594353086,0,ZWE_D_E,NA
Zimbabwe,D_E,2016,345680258,ZWE,0,0.08081260412878558,1.17009972538909,1378.3425619237385,81.7,NA,51.2190376594477,7.228637014237936,1,-1.2373722833333334,5898.571226818847,-4.070804081339359,0,ZWE_D_E,NA
Zimbabwe,D_E,2017,353758130,ZWE,0,0.12621544419445668,1.26454162104636,1422.9194894692664,82,NA,55.02831783106102,7.2604660184634415,1,-1.2065510499999998,5131.098870327795,-4.233293590039135,0,ZWE_D_E,NA
